# Made in Blockbench 5.0.1
mtllib F-117.mtl

o cube
v 0.055938238973755716 4.582277371778883 1.22289526005849
v -0.3424215232605571 4.552940713792948 -0.4528115806493055
v 0.055938238973755716 4.582277371778883 1.22289526005849
v -0.3424215232605571 4.552940713792948 -0.4528115806493055
v -1.105645313553369 3.4033413938967803 -0.2512470578485233
v -0.7072855513190562 3.432678051882715 1.424459782859272
v -1.105645313553369 3.4033413938967803 -0.2512470578485233
v -0.7072855513190562 3.432678051882715 1.424459782859272
vt 0.9892578125 0.4697265625
vt 0.978515625 0.4697265625
vt 0.978515625 0.4697265625
vt 0.9892578125 0.4697265625
vt 0.99560546875 0.4697265625
vt 0.9892578125 0.4697265625
vt 0.9892578125 0.4697265625
vt 0.99560546875 0.4697265625
vt 1.00634765625 0.4697265625
vt 0.99560546875 0.4697265625
vt 0.99560546875 0.4697265625
vt 1.00634765625 0.4697265625
vt 0.978515625 0.4697265625
vt 0.97216796875 0.4697265625
vt 0.97216796875 0.4697265625
vt 0.978515625 0.4697265625
vt 0.978515625 0.4697265625
vt 0.9892578125 0.4697265625
vt 0.9892578125 0.47607421875
vt 0.978515625 0.47607421875
vt 0.9892578125 0.47607421875
vt 1 0.47607421875
vt 1 0.4697265625
vt 0.9892578125 0.4697265625
vn -0.23124739032195935 -0.017029896699318408 -0.9727459211364979
vn 0.5472977319746776 0.824362537516579 -0.1445392656498606
vn 0.23124739032195935 0.017029896699318408 0.9727459211364979
vn -0.5472977319746776 -0.824362537516579 0.1445392656498606
vn -0.804356784669998 0.5658059644062065 0.18131126164059724
vn 0.804356784669998 -0.5658059644062065 -0.18131126164059724
usemtl m_9cf4343c-91f0-92da-4b25-54ec74dbc354
f 4/4/1 7/3/1 5/2/1 2/1/1
f 3/8/2 4/7/2 2/6/2 1/5/2
f 8/12/3 3/11/3 1/10/3 6/9/3
f 7/16/4 8/15/4 6/14/4 5/13/4
f 6/20/5 1/19/5 2/18/5 5/17/5
f 7/24/6 4/23/6 3/22/6 8/21/6
o cube
v 0.2953125 3.6836311890114692 1.8997868499690829
v 0.2953125 4.547676121684205 0.5435079811712362
v 0.2953125 3.6836311890114692 1.8997868499690829
v 0.2953125 4.547676121684205 0.5435079811712362
v -0.2953125 4.547676121684205 0.5435079811712362
v -0.2953125 3.6836311890114692 1.8997868499690829
v -0.2953125 4.547676121684205 0.5435079811712362
v -0.2953125 3.6836311890114692 1.8997868499690829
vt 0.77001953125 0.681640625
vt 0.7744140625 0.681640625
vt 0.7744140625 0.681640625
vt 0.77001953125 0.681640625
vt 0.7578125 0.681640625
vt 0.77001953125 0.681640625
vt 0.77001953125 0.681640625
vt 0.7578125 0.681640625
vt 0.78662109375 0.681640625
vt 0.791015625 0.681640625
vt 0.791015625 0.681640625
vt 0.78662109375 0.681640625
vt 0.7744140625 0.681640625
vt 0.78662109375 0.681640625
vt 0.78662109375 0.681640625
vt 0.7744140625 0.681640625
vt 0.7744140625 0.681640625
vt 0.77001953125 0.681640625
vt 0.77001953125 0.69384765625
vt 0.7744140625 0.69384765625
vt 0.77880859375 0.69384765625
vt 0.7744140625 0.69384765625
vt 0.7744140625 0.681640625
vt 0.77880859375 0.681640625
vn 0 0.5372996083468239 -0.8433914458128857
vn 1 0 0
vn 0 -0.5372996083468239 0.8433914458128857
vn -1 0 0
vn 0 0.8433914458128857 0.5372996083468239
vn 0 -0.8433914458128857 -0.5372996083468239
usemtl m_9cf4343c-91f0-92da-4b25-54ec74dbc354
f 12/28/7 15/27/7 13/26/7 10/25/7
f 11/32/8 12/31/8 10/30/8 9/29/8
f 16/36/9 11/35/9 9/34/9 14/33/9
f 15/40/10 16/39/10 14/38/10 13/37/10
f 14/44/11 9/43/11 10/42/11 13/41/11
f 15/48/12 12/47/12 11/46/12 16/45/12
o cube
v -0.34688854345933046 3.6905389705919127 1.9509864444014136
v 0.14258530375872913 4.868023814995521 0.5210349424281431
v -0.34688854345933046 3.6905389705919127 1.9509864444014136
v 0.14258530375872913 4.868023814995521 0.5210349424281431
v -0.17605646982526668 4.677118765625071 0.25476394188795237
v -0.6655303170433262 3.499633921221463 1.6847154438612228
v -0.17605646982526668 4.677118765625071 0.25476394188795237
v -0.6655303170433262 3.499633921221463 1.6847154438612228
vt 0.78369140625 0.50048828125
vt 0.7802734375 0.50048828125
vt 0.7802734375 0.50048828125
vt 0.78369140625 0.50048828125
vt 0.79833984375 0.50048828125
vt 0.78369140625 0.50048828125
vt 0.78369140625 0.50048828125
vt 0.79833984375 0.50048828125
vt 0.8017578125 0.50048828125
vt 0.79833984375 0.50048828125
vt 0.79833984375 0.50048828125
vt 0.8017578125 0.50048828125
vt 0.7802734375 0.50048828125
vt 0.765625 0.50048828125
vt 0.765625 0.50048828125
vt 0.7802734375 0.50048828125
vt 0.7802734375 0.50048828125
vt 0.78369140625 0.50048828125
vt 0.78369140625 0.51513671875
vt 0.7802734375 0.51513671875
vt 0.78369140625 0.51513671875
vt 0.787109375 0.51513671875
vt 0.787109375 0.50048828125
vt 0.78369140625 0.50048828125
vn 0.25547485093749617 0.6145737240403762 -0.7463455890253573
vn 0.6971990943376318 0.4177067746908982 0.5826100524640072
vn -0.25547485093749617 -0.6145737240403762 0.7463455890253573
vn -0.6971990943376318 -0.4177067746908982 -0.5826100524640072
vn -0.6698104384027246 0.6691936850392946 0.32176666780491625
vn 0.6698104384027246 -0.6691936850392946 -0.32176666780491625
usemtl m_9cf4343c-91f0-92da-4b25-54ec74dbc354
f 20/52/13 23/51/13 21/50/13 18/49/13
f 19/56/14 20/55/14 18/54/14 17/53/14
f 24/60/15 19/59/15 17/58/15 22/57/15
f 23/64/16 24/63/16 22/62/16 21/61/16
f 22/68/17 17/67/17 18/66/17 21/65/17
f 23/72/18 20/71/18 19/70/18 24/69/18
o cube
v 0.6655303170433262 3.499633921221463 1.6847154438612228
v 0.17605646982526668 4.677118765625071 0.25476394188795237
v 0.6655303170433262 3.499633921221463 1.6847154438612228
v 0.17605646982526668 4.677118765625071 0.25476394188795237
v -0.14258530375872913 4.868023814995521 0.5210349424281431
v 0.34688854345933046 3.6905389705919127 1.9509864444014136
v -0.14258530375872913 4.868023814995521 0.5210349424281431
v 0.34688854345933046 3.6905389705919127 1.9509864444014136
vt 0.7802734375 0.50048828125
vt 0.78369140625 0.50048828125
vt 0.78369140625 0.50048828125
vt 0.7802734375 0.50048828125
vt 0.765625 0.50048828125
vt 0.7802734375 0.50048828125
vt 0.7802734375 0.50048828125
vt 0.765625 0.50048828125
vt 0.79833984375 0.50048828125
vt 0.8017578125 0.50048828125
vt 0.8017578125 0.50048828125
vt 0.79833984375 0.50048828125
vt 0.78369140625 0.50048828125
vt 0.79833984375 0.50048828125
vt 0.79833984375 0.50048828125
vt 0.78369140625 0.50048828125
vt 0.78369140625 0.50048828125
vt 0.7802734375 0.50048828125
vt 0.7802734375 0.51513671875
vt 0.78369140625 0.51513671875
vt 0.787109375 0.51513671875
vt 0.78369140625 0.51513671875
vt 0.78369140625 0.50048828125
vt 0.787109375 0.50048828125
vn -0.25547485093749617 0.6145737240403762 -0.7463455890253573
vn 0.6971990943376318 -0.4177067746908982 -0.5826100524640072
vn 0.25547485093749617 -0.6145737240403762 0.7463455890253573
vn -0.6971990943376318 0.4177067746908982 0.5826100524640072
vn 0.6698104384027246 0.6691936850392946 0.32176666780491625
vn -0.6698104384027246 -0.6691936850392946 -0.32176666780491625
usemtl m_9cf4343c-91f0-92da-4b25-54ec74dbc354
f 28/76/19 31/75/19 29/74/19 26/73/19
f 27/80/20 28/79/20 26/78/20 25/77/20
f 32/84/21 27/83/21 25/82/21 30/81/21
f 31/88/22 32/87/22 30/86/22 29/85/22
f 30/92/23 25/91/23 26/90/23 29/89/23
f 31/96/24 28/95/24 27/94/24 32/93/24
o cube
v 0.7072855513190562 3.432678051882715 1.424459782859272
v 1.105645313553369 3.4033413938967803 -0.2512470578485233
v 0.7072855513190562 3.432678051882715 1.424459782859272
v 1.105645313553369 3.4033413938967803 -0.2512470578485233
v 0.3424215232605572 4.552940713792947 -0.4528115806493055
v -0.055938238973755605 4.582277371778883 1.22289526005849
v 0.3424215232605572 4.552940713792947 -0.4528115806493055
v -0.055938238973755605 4.582277371778883 1.22289526005849
vt 0.978515625 0.4697265625
vt 0.9892578125 0.4697265625
vt 0.9892578125 0.4697265625
vt 0.978515625 0.4697265625
vt 0.97216796875 0.4697265625
vt 0.978515625 0.4697265625
vt 0.978515625 0.4697265625
vt 0.97216796875 0.4697265625
vt 0.99560546875 0.4697265625
vt 1.00634765625 0.4697265625
vt 1.00634765625 0.4697265625
vt 0.99560546875 0.4697265625
vt 0.9892578125 0.4697265625
vt 0.99560546875 0.4697265625
vt 0.99560546875 0.4697265625
vt 0.9892578125 0.4697265625
vt 0.9892578125 0.4697265625
vt 0.978515625 0.4697265625
vt 0.978515625 0.47607421875
vt 0.9892578125 0.47607421875
vt 1 0.47607421875
vt 0.9892578125 0.47607421875
vt 0.9892578125 0.4697265625
vt 1 0.4697265625
vn 0.23124739032195935 -0.017029896699318408 -0.9727459211364979
vn 0.5472977319746776 -0.824362537516579 0.1445392656498606
vn -0.23124739032195935 0.017029896699318408 0.9727459211364979
vn -0.5472977319746776 0.824362537516579 -0.1445392656498606
vn 0.804356784669998 0.5658059644062065 0.18131126164059724
vn -0.804356784669998 -0.5658059644062065 -0.18131126164059724
usemtl m_9cf4343c-91f0-92da-4b25-54ec74dbc354
f 36/100/25 39/99/25 37/98/25 34/97/25
f 35/104/26 36/103/26 34/102/26 33/101/26
f 40/108/27 35/107/27 33/106/27 38/105/27
f 39/112/28 40/111/28 38/110/28 37/109/28
f 38/116/29 33/115/29 34/114/29 37/113/29
f 39/120/30 36/119/30 35/118/30 40/117/30
o cube
v 0.06890625 4.602716866136102 0.6017456419387166
v 0.06890625 4.779018300124903 0.3250078237813634
v 0.06890625 4.547369302504632 0.5664853551409563
v 0.06890625 4.723670736493434 0.2897475369836031
v -0.06890625 4.779018300124903 0.3250078237813634
v -0.06890625 4.602716866136102 0.6017456419387166
v -0.06890625 4.723670736493434 0.2897475369836031
v -0.06890625 4.547369302504632 0.5664853551409563
vt 0.57958984375 0.32763671875
vt 0.58056640625 0.32763671875
vt 0.58056640625 0.3271484375
vt 0.57958984375 0.3271484375
vt 0.5771484375 0.32763671875
vt 0.57958984375 0.32763671875
vt 0.57958984375 0.3271484375
vt 0.5771484375 0.3271484375
vt 0.5830078125 0.32763671875
vt 0.583984375 0.32763671875
vt 0.583984375 0.3271484375
vt 0.5830078125 0.3271484375
vt 0.58056640625 0.32763671875
vt 0.5830078125 0.32763671875
vt 0.5830078125 0.3271484375
vt 0.58056640625 0.3271484375
vt 0.58056640625 0.32763671875
vt 0.57958984375 0.32763671875
vt 0.57958984375 0.330078125
vt 0.58056640625 0.330078125
vt 0.58154296875 0.330078125
vt 0.58056640625 0.330078125
vt 0.58056640625 0.32763671875
vt 0.58154296875 0.32763671875
vn 0 0.5372996083468239 -0.8433914458128857
vn 1 0 0
vn 0 -0.5372996083468239 0.8433914458128857
vn -1 0 0
vn 0 0.8433914458128857 0.5372996083468239
vn 0 -0.8433914458128857 -0.5372996083468239
usemtl m_9cf4343c-91f0-92da-4b25-54ec74dbc354
f 44/124/31 47/123/31 45/122/31 42/121/31
f 43/128/32 44/127/32 42/126/32 41/125/32
f 48/132/33 43/131/33 41/130/33 46/129/33
f 47/136/34 48/135/34 46/134/34 45/133/34
f 46/140/35 41/139/35 42/138/35 45/137/35
f 47/144/36 44/143/36 43/142/36 48/141/36
o cube
v -0.2643875469691639 3.697690314313633 2.022353021841522
v -0.0005614296432545629 4.774416044300854 0.3322320070321627
v -0.2643875429525742 3.642342748829278 1.9870927379522063
v -0.0005614256266649464 4.719068478816499 0.29697172314284703
v -0.06562499845162761 4.779018432429885 0.32500769651642036
v -0.32945111577753694 3.7022927024426644 2.0151287113257794
v -0.065624994435038 4.723670866945531 0.2897474126271047
v -0.32945111176094727 3.6469451369583097 1.979868427436464
vt 0.375 0.314453125
vt 0.37548828125 0.314453125
vt 0.37548828125 0.31396484375
vt 0.375 0.31396484375
vt 0.359375 0.314453125
vt 0.375 0.314453125
vt 0.375 0.31396484375
vt 0.359375 0.31396484375
vt 0.39111328125 0.314453125
vt 0.3916015625 0.314453125
vt 0.3916015625 0.31396484375
vt 0.39111328125 0.31396484375
vt 0.37548828125 0.314453125
vt 0.39111328125 0.314453125
vt 0.39111328125 0.31396484375
vt 0.37548828125 0.31396484375
vt 0.37548828125 0.314453125
vt 0.375 0.314453125
vt 0.375 0.330078125
vt 0.37548828125 0.330078125
vt 0.3759765625 0.330078125
vt 0.37548828125 0.330078125
vt 0.37548828125 0.314453125
vt 0.3759765625 0.314453125
vn 0.13052621760094463 0.5327028967160032 -0.8361761359601039
vn 0.9914448580323503 -0.07013162863286011 0.11008473166845388
vn -0.13052621760094463 -0.5327028967160032 0.8361761359601039
vn -0.9914448580323503 0.07013162863286011 -0.11008473166845388
vn -6.120517535845861e-8 0.8433914740473027 0.5372995640276609
vn 6.120517535845861e-8 -0.8433914740473027 -0.5372995640276609
usemtl m_9cf4343c-91f0-92da-4b25-54ec74dbc354
f 52/148/37 55/147/37 53/146/37 50/145/37
f 51/152/38 52/151/38 50/150/38 49/149/38
f 56/156/39 51/155/39 49/154/39 54/153/39
f 55/160/40 56/159/40 54/158/40 53/157/40
f 54/164/41 49/163/41 50/162/41 53/161/41
f 55/168/42 52/167/42 51/166/42 56/165/42
o cube
v 0.32945111577753694 3.7022927024426644 2.0151287113257794
v 0.06562499845162761 4.779018432429885 0.32500769651642036
v 0.32945111176094727 3.6469451369583097 1.979868427436464
v 0.065624994435038 4.723670866945531 0.2897474126271047
v 0.0005614296432545629 4.774416044300854 0.3322320070321627
v 0.2643875469691639 3.697690314313633 2.022353021841522
v 0.0005614256266649464 4.719068478816499 0.29697172314284703
v 0.2643875429525742 3.642342748829278 1.9870927379522063
vt 0.4072265625 0.314453125
vt 0.40771484375 0.314453125
vt 0.40771484375 0.31396484375
vt 0.4072265625 0.31396484375
vt 0.3916015625 0.314453125
vt 0.4072265625 0.314453125
vt 0.4072265625 0.31396484375
vt 0.3916015625 0.31396484375
vt 0.42333984375 0.314453125
vt 0.423828125 0.314453125
vt 0.423828125 0.31396484375
vt 0.42333984375 0.31396484375
vt 0.40771484375 0.314453125
vt 0.42333984375 0.314453125
vt 0.42333984375 0.31396484375
vt 0.40771484375 0.31396484375
vt 0.40771484375 0.314453125
vt 0.4072265625 0.314453125
vt 0.4072265625 0.330078125
vt 0.40771484375 0.330078125
vt 0.408203125 0.330078125
vt 0.40771484375 0.330078125
vt 0.40771484375 0.314453125
vt 0.408203125 0.314453125
vn -0.13052621760094463 0.5327028967160032 -0.8361761359601039
vn 0.9914448580323503 0.07013162863286011 -0.11008473166845388
vn 0.13052621760094463 -0.5327028967160032 0.8361761359601039
vn -0.9914448580323503 -0.07013162863286011 0.11008473166845388
vn 6.120517535845861e-8 0.8433914740473027 0.5372995640276609
vn -6.120517535845861e-8 -0.8433914740473027 -0.5372995640276609
usemtl m_9cf4343c-91f0-92da-4b25-54ec74dbc354
f 60/172/43 63/171/43 61/170/43 58/169/43
f 59/176/44 60/175/44 58/174/44 57/173/44
f 64/180/45 59/179/45 57/178/45 62/177/45
f 63/184/46 64/183/46 62/182/46 61/181/46
f 62/188/47 57/187/47 58/186/47 61/185/47
f 63/192/48 60/191/48 59/190/48 64/189/48
o cube
v 0.38941359337456205 3.6597938244455785 1.9786943558357
v 0.1255875932676246 4.736519522016814 0.288573302077328
v 0.3454572863470685 3.61587798687078 1.9575784161784475
v 0.08163128624013105 4.692603684442016 0.2674573624200751
v 0.06562522064181986 4.779018313639796 0.3250080733299794
v 0.3294512207487573 3.7022926160685596 2.0151291270883513
v 0.021668913614326324 4.735102476064997 0.30389213367272694
v 0.2854949137212638 3.6583767784937615 1.9940131874310991
vt 0.2109375 0.31396484375
vt 0.21142578125 0.31396484375
vt 0.21142578125 0.3134765625
vt 0.2109375 0.3134765625
vt 0.1953125 0.31396484375
vt 0.2109375 0.31396484375
vt 0.2109375 0.3134765625
vt 0.1953125 0.3134765625
vt 0.22705078125 0.31396484375
vt 0.2275390625 0.31396484375
vt 0.2275390625 0.3134765625
vt 0.22705078125 0.3134765625
vt 0.21142578125 0.31396484375
vt 0.22705078125 0.31396484375
vt 0.22705078125 0.3134765625
vt 0.21142578125 0.3134765625
vt 0.21142578125 0.31396484375
vt 0.2109375 0.31396484375
vt 0.2109375 0.32958984375
vt 0.21142578125 0.32958984375
vt 0.2119140625 0.32958984375
vt 0.21142578125 0.32958984375
vt 0.21142578125 0.31396484375
vt 0.2119140625 0.31396484375
vn -0.13052615960763758 0.5327028806784097 -0.8361761552298688
vn 0.7309698758193341 -0.5180805074039627 -0.4441572114608969
vn 0.13052615960763758 -0.5327028806784097 0.8361761552298688
vn -0.7309698758193341 0.5180805074039627 0.4441572114608969
vn 0.6698103927998944 0.6691937154254937 0.32176669953908316
vn -0.6698103927998944 -0.6691937154254937 -0.32176669953908316
usemtl m_9cf4343c-91f0-92da-4b25-54ec74dbc354
f 68/196/49 71/195/49 69/194/49 66/193/49
f 67/200/50 68/199/50 66/198/50 65/197/50
f 72/204/51 67/203/51 65/202/51 70/201/51
f 71/208/52 72/207/52 70/206/52 69/205/52
f 70/212/53 65/211/53 66/210/53 69/209/53
f 71/216/54 68/215/54 67/214/54 72/213/54
o cube
v 0.2953125 3.7000535241134385 2.0186432709043647
v 0.2953125 3.7917302697876156 1.8747396054625405
v 0.2953125 3.644705960481968 1.9833829841066042
v 0.2953125 3.736382706156145 1.8394793186647802
v -0.2953125 3.7917302697876156 1.8747396054625405
v -0.2953125 3.7000535241134385 2.0186432709043647
v -0.2953125 3.736382706156145 1.8394793186647802
v -0.2953125 3.644705960481968 1.9833829841066042
vt 0.451171875 0.84814453125
vt 0.45556640625 0.84814453125
vt 0.45556640625 0.84765625
vt 0.451171875 0.84765625
vt 0.4501953125 0.84814453125
vt 0.451171875 0.84814453125
vt 0.451171875 0.84765625
vt 0.4501953125 0.84765625
vt 0.45654296875 0.84814453125
vt 0.4609375 0.84814453125
vt 0.4609375 0.84765625
vt 0.45654296875 0.84765625
vt 0.45556640625 0.84814453125
vt 0.45654296875 0.84814453125
vt 0.45654296875 0.84765625
vt 0.45556640625 0.84765625
vt 0.45556640625 0.84814453125
vt 0.451171875 0.84814453125
vt 0.451171875 0.84912109375
vt 0.45556640625 0.84912109375
vt 0.4599609375 0.84912109375
vt 0.45556640625 0.84912109375
vt 0.45556640625 0.84814453125
vt 0.4599609375 0.84814453125
vn 0 0.5372996083468239 -0.8433914458128857
vn 1 0 0
vn 0 -0.5372996083468239 0.8433914458128857
vn -1 0 0
vn 0 0.8433914458128857 0.5372996083468239
vn 0 -0.8433914458128857 -0.5372996083468239
usemtl m_9cf4343c-91f0-92da-4b25-54ec74dbc354
f 76/220/55 79/219/55 77/218/55 74/217/55
f 75/224/56 76/223/56 74/222/56 73/221/56
f 80/228/57 75/227/57 73/226/57 78/225/57
f 79/232/58 80/231/58 78/230/58 77/229/58
f 78/236/59 73/235/59 74/234/59 77/233/59
f 79/240/60 76/239/60 75/238/60 80/237/60
o cube
v 0.7242943558465476 3.4424756901722526 1.7335513475152693
v 0.2028861522613009 4.696782250080909 0.21030664691382905
v 0.6803380458263683 3.3985598545915487 1.7124354099405714
v 0.1589298422411216 4.652866414500204 0.18919070933913118
v 0.14569403905391703 4.731047258942271 0.2580988777800173
v 0.6671022426391637 3.4767406990336154 1.7813435783814573
v 0.10173772903373779 4.687131423361567 0.2369829402053194
v 0.6231459326189844 3.4328248634529115 1.7602276408067594
vt 0.6865234375 0.52978515625
vt 0.68701171875 0.52978515625
vt 0.68701171875 0.529296875
vt 0.6865234375 0.529296875
vt 0.6708984375 0.52978515625
vt 0.6865234375 0.52978515625
vt 0.6865234375 0.529296875
vt 0.6708984375 0.529296875
vt 0.70263671875 0.52978515625
vt 0.703125 0.52978515625
vt 0.703125 0.529296875
vt 0.70263671875 0.529296875
vt 0.68701171875 0.52978515625
vt 0.70263671875 0.52978515625
vt 0.70263671875 0.529296875
vt 0.68701171875 0.529296875
vt 0.68701171875 0.52978515625
vt 0.6865234375 0.52978515625
vt 0.6865234375 0.54541015625
vt 0.68701171875 0.54541015625
vt 0.6875 0.54541015625
vt 0.68701171875 0.54541015625
vt 0.68701171875 0.52978515625
vt 0.6875 0.52978515625
vn -0.25547485093749617 0.6145737240403762 -0.7463455890253573
vn 0.6971990943376318 -0.4177067746908982 -0.5826100524640072
vn 0.25547485093749617 -0.6145737240403762 0.7463455890253573
vn -0.6971990943376318 0.4177067746908982 0.5826100524640072
vn 0.6698104384027246 0.6691936850392946 0.32176666780491625
vn -0.6698104384027246 -0.6691936850392946 -0.32176666780491625
usemtl m_9cf4343c-91f0-92da-4b25-54ec74dbc354
f 84/244/61 87/243/61 85/242/61 82/241/61
f 83/248/62 84/247/62 82/246/62 81/245/62
f 88/252/63 83/251/63 81/250/63 86/249/63
f 87/256/64 88/255/64 86/254/64 85/253/64
f 86/260/65 81/259/65 82/258/65 85/257/65
f 87/264/66 84/263/66 83/262/66 88/261/66
o cube
v 0.23376586438643954 4.511568448483801 0.41368999745269974
v 0.5988415884682898 4.360435762098292 -0.7342761957334338
v 0.18097995385451893 4.474437429649755 0.40179143810032913
v 0.546055677936369 4.323304743264246 -0.7461747550858044
v 0.4306999437794853 4.627886226709009 -0.8229590685209964
v 0.0656242196976351 4.779018913094518 0.32500712466513715
v 0.37791403324756456 4.590755207874964 -0.8348576278733675
v 0.012838309165714268 4.741887894260473 0.3131085653127661
vt 0.40673828125 0.3798828125
vt 0.4091796875 0.3798828125
vt 0.4091796875 0.37939453125
vt 0.40673828125 0.37939453125
vt 0.3974609375 0.3798828125
vt 0.40673828125 0.3798828125
vt 0.40673828125 0.37939453125
vt 0.3974609375 0.37939453125
vt 0.41845703125 0.3798828125
vt 0.4208984375 0.3798828125
vt 0.4208984375 0.37939453125
vt 0.41845703125 0.37939453125
vt 0.4091796875 0.3798828125
vt 0.41845703125 0.3798828125
vt 0.41845703125 0.37939453125
vt 0.4091796875 0.37939453125
vt 0.4091796875 0.3798828125
vt 0.40673828125 0.3798828125
vt 0.40673828125 0.38916015625
vt 0.4091796875 0.38916015625
vt 0.41162109375 0.38916015625
vt 0.4091796875 0.38916015625
vt 0.4091796875 0.3798828125
vt 0.41162109375 0.3798828125
vn 0.3007058731176114 -0.12448509560711143 -0.9455577395612937
vn 0.5124316790515947 -0.8150871302421874 0.2702716123049536
vn -0.3007058731176114 0.12448509560711143 0.9455577395612937
vn -0.5124316790515947 0.8150871302421874 -0.2702716123049536
vn 0.8043567319149747 0.5658060012806898 0.1813113806075547
vn -0.8043567319149747 -0.5658060012806898 -0.1813113806075547
usemtl m_9cf4343c-91f0-92da-4b25-54ec74dbc354
f 92/268/67 95/267/67 93/266/67 90/265/67
f 91/272/68 92/271/68 90/270/68 89/269/68
f 96/276/69 91/275/69 89/274/69 94/273/69
f 95/280/70 96/279/70 94/278/70 93/277/70
f 94/284/71 89/283/71 90/282/71 93/281/71
f 95/288/72 92/287/72 91/286/72 96/285/72
o cube
v 0.17198485075369674 4.666901156881181 0.20303707116110026
v 0.64259308426535 3.532108477904219 1.6565356889507163
v 0.11919894198127623 4.62977013348612 0.19113851823626682
v 0.5898071754929295 3.494977454509157 1.644637136025883
v 0.7134999158516693 3.457363320895424 1.5752218202804835
v 0.242891682340016 4.592155999872386 0.12172320249086743
v 0.6607140070792488 3.4202322975003625 1.56332326735565
v 0.1901057735675955 4.555024976477325 0.109824649566034
vt 0.1572265625 0.31005859375
vt 0.158203125 0.31005859375
vt 0.158203125 0.3095703125
vt 0.1572265625 0.3095703125
vt 0.142578125 0.31005859375
vt 0.1572265625 0.31005859375
vt 0.1572265625 0.3095703125
vt 0.142578125 0.3095703125
vt 0.1728515625 0.31005859375
vt 0.173828125 0.31005859375
vt 0.173828125 0.3095703125
vt 0.1728515625 0.3095703125
vt 0.158203125 0.31005859375
vt 0.1728515625 0.31005859375
vt 0.1728515625 0.3095703125
vt 0.158203125 0.3095703125
vt 0.158203125 0.31005859375
vt 0.1572265625 0.31005859375
vt 0.1572265625 0.32470703125
vt 0.158203125 0.32470703125
vt 0.1591796875 0.32470703125
vt 0.158203125 0.32470703125
vt 0.158203125 0.31005859375
vt 0.1591796875 0.31005859375
vn 0.24728183041663243 -0.5962785833704898 0.7637431160799303
vn -0.5402425263719582 0.5694869105431993 0.6195342374874904
vn -0.24728183041663243 0.5962785833704898 -0.7637431160799303
vn 0.5402425263719582 -0.5694869105431993 -0.6195342374874904
vn 0.8043567051035531 0.5658060707818924 0.1813112826641302
vn -0.8043567051035531 -0.5658060707818924 -0.1813112826641302
usemtl m_9cf4343c-91f0-92da-4b25-54ec74dbc354
f 100/292/73 103/291/73 101/290/73 98/289/73
f 99/296/74 100/295/74 98/294/74 97/293/74
f 104/300/75 99/299/75 97/298/75 102/297/75
f 103/304/76 104/303/76 102/302/76 101/301/76
f 102/308/77 97/307/77 98/306/77 101/305/77
f 103/312/78 100/311/78 99/310/78 104/309/78
o cube
v 0.6645677282209372 3.461277100619883 1.7800863326401528
v 1.0780541473492404 3.638086337709394 -0.6060315375626748
v 0.6117818193039959 3.4241460793425764 1.7681877737477203
v 1.025268238432299 3.600955316432088 -0.6179300964551073
v 1.0126827826437292 3.732409431814497 -0.6103703748540978
v 0.599196363515426 3.5556001947249856 1.7757474953487298
v 0.959896873726788 3.6952784105371905 -0.6222689337465301
v 0.5464104545984847 3.5184691734476794 1.7638489364562975
vt 0.0185546875 0.322265625
vt 0.01904296875 0.322265625
vt 0.01904296875 0.32177734375
vt 0.0185546875 0.32177734375
vt 0 0.322265625
vt 0.0185546875 0.322265625
vt 0.0185546875 0.32177734375
vt 0 0.32177734375
vt 0.03759765625 0.322265625
vt 0.0380859375 0.322265625
vt 0.0380859375 0.32177734375
vt 0.03759765625 0.32177734375
vt 0.01904296875 0.322265625
vt 0.03759765625 0.322265625
vt 0.03759765625 0.32177734375
vt 0.01904296875 0.32177734375
vt 0.01904296875 0.322265625
vt 0.0185546875 0.322265625
vt 0.0185546875 0.3408203125
vt 0.01904296875 0.3408203125
vt 0.01953125 0.3408203125
vt 0.01904296875 0.3408203125
vt 0.01904296875 0.322265625
vt 0.01953125 0.322265625
vn 0.17029041714421755 0.07281718902013336 -0.9826997663640991
vn 0.5692200464153359 -0.8213167377859303 0.037780351925315536
vn -0.17029041714421755 -0.07281718902013336 0.9826997663640991
vn -0.5692200464153359 0.8213167377859303 -0.037780351925315536
vn 0.8043567073057648 0.5658060385113293 0.1813113735989686
vn -0.8043567073057648 -0.5658060385113293 -0.1813113735989686
usemtl m_9cf4343c-91f0-92da-4b25-54ec74dbc354
f 108/316/79 111/315/79 109/314/79 106/313/79
f 107/320/80 108/319/80 106/318/80 105/317/80
f 112/324/81 107/323/81 105/322/81 110/321/81
f 111/328/82 112/327/82 110/326/82 109/325/82
f 110/332/83 105/331/83 106/330/83 109/329/83
f 111/336/84 108/335/84 107/334/84 112/333/84
o cube
v 1.106313174819691 3.4726286039383085 -0.21506586713437442
v 1.2011607372564321 3.465643685370229 -0.6140436863505162
v 1.0535272608257218 3.435497587524151 -0.22696441867953876
v 1.1483748232624629 3.428512668956071 -0.6259422378956805
v 0.4379369469636203 4.615243005266396 -0.8156082091512984
v 0.3430893845268791 4.622227923834475 -0.4166303899351566
v 0.38515103296965103 4.578111988852238 -0.8275067606964627
v 0.29030347053290995 4.585096907420318 -0.42852894148032095
vt 0.1162109375 0.46142578125
vt 0.126953125 0.46142578125
vt 0.126953125 0.4609375
vt 0.1162109375 0.4609375
vt 0.11328125 0.46142578125
vt 0.1162109375 0.46142578125
vt 0.1162109375 0.4609375
vt 0.11328125 0.4609375
vt 0.1298828125 0.46142578125
vt 0.140625 0.46142578125
vt 0.140625 0.4609375
vt 0.1298828125 0.4609375
vt 0.126953125 0.46142578125
vt 0.1298828125 0.46142578125
vt 0.1298828125 0.4609375
vt 0.126953125 0.4609375
vt 0.126953125 0.46142578125
vt 0.1162109375 0.46142578125
vt 0.1162109375 0.46435546875
vt 0.126953125 0.46435546875
vt 0.1376953125 0.46435546875
vt 0.126953125 0.46435546875
vt 0.126953125 0.46142578125
vt 0.1376953125 0.46142578125
vn 0.23124739032195935 -0.017029896699318408 -0.9727459211364979
vn 0.5472977319746776 -0.824362537516579 0.1445392656498606
vn -0.23124739032195935 0.017029896699318408 0.9727459211364979
vn -0.5472977319746776 0.824362537516579 -0.1445392656498606
vn 0.804356784669998 0.5658059644062065 0.18131126164059724
vn -0.804356784669998 -0.5658059644062065 -0.18131126164059724
usemtl m_9cf4343c-91f0-92da-4b25-54ec74dbc354
f 116/340/85 119/339/85 117/338/85 114/337/85
f 115/344/86 116/343/86 114/342/86 113/341/86
f 120/348/87 115/347/87 113/346/87 118/345/87
f 119/352/88 120/351/88 118/350/88 117/349/88
f 118/356/89 113/355/89 114/354/89 117/353/89
f 119/360/90 116/359/90 115/358/90 120/357/90
o cube
v 0.6891328150094113 3.460468966405411 1.7693255131736918
v 0.6522621117589795 3.5700565399403983 1.6181634722216647
v 0.645176502253324 3.4165531363391413 1.7482095698256033
v 0.6083057990028924 3.526140709874129 1.5970475288735761
v 0.31121634043178464 3.793521921574509 1.8633548320256403
v 0.3480870436822163 3.6839343480395215 2.0145168729776675
v 0.2672600276756974 3.7496060915082396 1.8422388886775516
v 0.3041307309261291 3.640018517973252 1.9934009296295787
vt 0.46240234375 0.84765625
vt 0.4658203125 0.84765625
vt 0.4658203125 0.84716796875
vt 0.46240234375 0.84716796875
vt 0.4609375 0.84765625
vt 0.46240234375 0.84765625
vt 0.46240234375 0.84716796875
vt 0.4609375 0.84716796875
vt 0.46728515625 0.84765625
vt 0.470703125 0.84765625
vt 0.470703125 0.84716796875
vt 0.46728515625 0.84716796875
vt 0.4658203125 0.84765625
vt 0.46728515625 0.84765625
vt 0.46728515625 0.84716796875
vt 0.4658203125 0.84716796875
vt 0.4658203125 0.84765625
vt 0.46240234375 0.84765625
vt 0.46240234375 0.84912109375
vt 0.4658203125 0.84912109375
vt 0.46923828125 0.84912109375
vt 0.4658203125 0.84912109375
vt 0.4658203125 0.84765625
vt 0.46923828125 0.84765625
vn -0.19373768538814637 0.5758296146337613 -0.7942833022109792
vn 0.7168121302115098 -0.4696809334838447 -0.5153447299656628
vn 0.19373768538814637 -0.5758296146337613 0.7942833022109792
vn -0.7168121302115098 0.4696809334838447 0.5153447299656628
vn 0.6698104800927508 0.6691936010098113 0.32176675578039504
vn -0.6698104800927508 -0.6691936010098113 -0.32176675578039504
usemtl m_9cf4343c-91f0-92da-4b25-54ec74dbc354
f 124/364/91 127/363/91 125/362/91 122/361/91
f 123/368/92 124/367/92 122/366/92 121/365/92
f 128/372/93 123/371/93 121/370/93 126/369/93
f 127/376/94 128/375/94 126/374/94 125/373/94
f 126/380/95 121/379/95 122/378/95 125/377/95
f 127/384/96 124/383/96 123/382/96 128/381/96
o cube
v -0.6671022426391637 3.4767406990336154 1.7813435783814573
v -0.14569403905391703 4.731047258942271 0.2580988777800173
v -0.6231459326189844 3.4328248634529115 1.7602276408067594
v -0.10173772903373779 4.687131423361567 0.2369829402053194
v -0.2028861522613009 4.696782250080909 0.21030664691382905
v -0.7242943558465476 3.4424756901722526 1.7335513475152693
v -0.1589298422411216 4.652866414500204 0.18919070933913118
v -0.6803380458263683 3.3985598545915487 1.7124354099405714
vt 0.6865234375 0.48046875
vt 0.68701171875 0.48046875
vt 0.68701171875 0.47998046875
vt 0.6865234375 0.47998046875
vt 0.6708984375 0.48046875
vt 0.6865234375 0.48046875
vt 0.6865234375 0.47998046875
vt 0.6708984375 0.47998046875
vt 0.70263671875 0.48046875
vt 0.703125 0.48046875
vt 0.703125 0.47998046875
vt 0.70263671875 0.47998046875
vt 0.68701171875 0.48046875
vt 0.70263671875 0.48046875
vt 0.70263671875 0.47998046875
vt 0.68701171875 0.47998046875
vt 0.68701171875 0.48046875
vt 0.6865234375 0.48046875
vt 0.6865234375 0.49609375
vt 0.68701171875 0.49609375
vt 0.6875 0.49609375
vt 0.68701171875 0.49609375
vt 0.68701171875 0.48046875
vt 0.6875 0.48046875
vn 0.25547485093749617 0.6145737240403762 -0.7463455890253573
vn 0.6971990943376318 0.4177067746908982 0.5826100524640072
vn -0.25547485093749617 -0.6145737240403762 0.7463455890253573
vn -0.6971990943376318 -0.4177067746908982 -0.5826100524640072
vn -0.6698104384027246 0.6691936850392946 0.32176666780491625
vn 0.6698104384027246 -0.6691936850392946 -0.32176666780491625
usemtl m_9cf4343c-91f0-92da-4b25-54ec74dbc354
f 132/388/97 135/387/97 133/386/97 130/385/97
f 131/392/98 132/391/98 130/390/98 129/389/98
f 136/396/99 131/395/99 129/394/99 134/393/99
f 135/400/100 136/399/100 134/398/100 133/397/100
f 134/404/101 129/403/101 130/402/101 133/401/101
f 135/408/102 132/407/102 131/406/102 136/405/102
o cube
v -0.3294512207487573 3.7022926160685596 2.0151291270883513
v -0.06562522064181986 4.779018313639796 0.3250080733299794
v -0.2854949137212638 3.6583767784937615 1.9940131874310991
v -0.021668913614326324 4.735102476064997 0.30389213367272694
v -0.1255875932676246 4.736519522016814 0.288573302077328
v -0.38941359337456205 3.6597938244455785 1.9786943558357
v -0.08163128624013105 4.692603684442016 0.2674573624200751
v -0.3454572863470685 3.61587798687078 1.9575784161784475
vt 0.66015625 0.3134765625
vt 0.66064453125 0.3134765625
vt 0.66064453125 0.31298828125
vt 0.66015625 0.31298828125
vt 0.64453125 0.3134765625
vt 0.66015625 0.3134765625
vt 0.66015625 0.31298828125
vt 0.64453125 0.31298828125
vt 0.67626953125 0.3134765625
vt 0.6767578125 0.3134765625
vt 0.6767578125 0.31298828125
vt 0.67626953125 0.31298828125
vt 0.66064453125 0.3134765625
vt 0.67626953125 0.3134765625
vt 0.67626953125 0.31298828125
vt 0.66064453125 0.31298828125
vt 0.66064453125 0.3134765625
vt 0.66015625 0.3134765625
vt 0.66015625 0.3291015625
vt 0.66064453125 0.3291015625
vt 0.6611328125 0.3291015625
vt 0.66064453125 0.3291015625
vt 0.66064453125 0.3134765625
vt 0.6611328125 0.3134765625
vn 0.13052615960763758 0.5327028806784097 -0.8361761552298688
vn 0.7309698758193341 0.5180805074039627 0.4441572114608969
vn -0.13052615960763758 -0.5327028806784097 0.8361761552298688
vn -0.7309698758193341 -0.5180805074039627 -0.4441572114608969
vn -0.6698103927998944 0.6691937154254937 0.32176669953908316
vn 0.6698103927998944 -0.6691937154254937 -0.32176669953908316
usemtl m_9cf4343c-91f0-92da-4b25-54ec74dbc354
f 140/412/103 143/411/103 141/410/103 138/409/103
f 139/416/104 140/415/104 138/414/104 137/413/104
f 144/420/105 139/419/105 137/418/105 142/417/105
f 143/424/106 144/423/106 142/422/106 141/421/106
f 142/428/107 137/427/107 138/426/107 141/425/107
f 143/432/108 140/431/108 139/430/108 144/429/108
o cube
v -0.3468156401218566 3.687713229885555 2.0093043888069078
v -0.31121634043178475 3.793521921574509 1.8633548320256406
v -0.30285932736576937 3.643797399819286 1.9881884454588192
v -0.2672600276756975 3.749606091508239 1.842238888677552
v -0.6522621117589797 3.5700565399403983 1.6181634722216651
v -0.6878614114490516 3.4642478482514445 1.7641130290029325
v -0.6083057990028924 3.526140709874129 1.5970475288735764
v -0.6439050986929643 3.4203320181851753 1.7429970856548438
vt 0.4716796875 0.84814453125
vt 0.47509765625 0.84814453125
vt 0.47509765625 0.84765625
vt 0.4716796875 0.84765625
vt 0.470703125 0.84814453125
vt 0.4716796875 0.84814453125
vt 0.4716796875 0.84765625
vt 0.470703125 0.84765625
vt 0.47607421875 0.84814453125
vt 0.4794921875 0.84814453125
vt 0.4794921875 0.84765625
vt 0.47607421875 0.84765625
vt 0.47509765625 0.84814453125
vt 0.47607421875 0.84814453125
vt 0.47607421875 0.84765625
vt 0.47509765625 0.84765625
vt 0.47509765625 0.84814453125
vt 0.4716796875 0.84814453125
vt 0.4716796875 0.84912109375
vt 0.47509765625 0.84912109375
vt 0.478515625 0.84912109375
vt 0.47509765625 0.84912109375
vt 0.47509765625 0.84814453125
vt 0.478515625 0.84814453125
vn 0.19373768538814637 0.5758296146337613 -0.7942833022109792
vn 0.7168121302115098 0.4696809334838447 0.5153447299656628
vn -0.19373768538814637 -0.5758296146337613 0.7942833022109792
vn -0.7168121302115098 -0.4696809334838447 -0.5153447299656628
vn -0.6698104800927508 0.6691936010098113 0.32176675578039504
vn 0.6698104800927508 -0.6691936010098113 -0.32176675578039504
usemtl m_9cf4343c-91f0-92da-4b25-54ec74dbc354
f 148/436/109 151/435/109 149/434/109 146/433/109
f 147/440/110 148/439/110 146/438/110 145/437/110
f 152/444/111 147/443/111 145/442/111 150/441/111
f 151/448/112 152/447/112 150/446/112 149/445/112
f 150/452/113 145/451/113 146/450/113 149/449/113
f 151/456/114 148/455/114 147/454/114 152/453/114
o cube
v -0.242891682340016 4.592155999872386 0.12172320249086743
v -0.7134999158516693 3.457363320895424 1.5752218202804835
v -0.1901057735675955 4.555024976477325 0.109824649566034
v -0.6607140070792488 3.4202322975003625 1.56332326735565
v -0.64259308426535 3.532108477904219 1.6565356889507163
v -0.17198485075369674 4.666901156881181 0.20303707116110026
v -0.5898071754929295 3.494977454509157 1.644637136025883
v -0.11919894198127623 4.62977013348612 0.19113851823626682
vt 0.69140625 0.5634765625
vt 0.6923828125 0.5634765625
vt 0.6923828125 0.56298828125
vt 0.69140625 0.56298828125
vt 0.6767578125 0.5634765625
vt 0.69140625 0.5634765625
vt 0.69140625 0.56298828125
vt 0.6767578125 0.56298828125
vt 0.70703125 0.5634765625
vt 0.7080078125 0.5634765625
vt 0.7080078125 0.56298828125
vt 0.70703125 0.56298828125
vt 0.6923828125 0.5634765625
vt 0.70703125 0.5634765625
vt 0.70703125 0.56298828125
vt 0.6923828125 0.56298828125
vt 0.6923828125 0.5634765625
vt 0.69140625 0.5634765625
vt 0.69140625 0.578125
vt 0.6923828125 0.578125
vt 0.693359375 0.578125
vt 0.6923828125 0.578125
vt 0.6923828125 0.5634765625
vt 0.693359375 0.5634765625
vn -0.24728183041663243 -0.5962785833704898 0.7637431160799303
vn -0.5402425263719582 -0.5694869105431993 -0.6195342374874904
vn 0.24728183041663243 0.5962785833704898 -0.7637431160799303
vn 0.5402425263719582 0.5694869105431993 0.6195342374874904
vn -0.8043567051035531 0.5658060707818924 0.1813112826641302
vn 0.8043567051035531 -0.5658060707818924 -0.1813112826641302
usemtl m_9cf4343c-91f0-92da-4b25-54ec74dbc354
f 156/460/115 159/459/115 157/458/115 154/457/115
f 155/464/116 156/463/116 154/462/116 153/461/116
f 160/468/117 155/467/117 153/466/117 158/465/117
f 159/472/118 160/471/118 158/470/118 157/469/118
f 158/476/119 153/475/119 154/474/119 157/473/119
f 159/480/120 156/479/120 155/478/120 160/477/120
o cube
v -0.0656242196976351 4.779018913094518 0.32500712466513715
v -0.4306999437794853 4.627886226709009 -0.8229590685209964
v -0.012838309165714268 4.741887894260473 0.3131085653127661
v -0.37791403324756456 4.590755207874964 -0.8348576278733675
v -0.5988415884682898 4.360435762098292 -0.7342761957334338
v -0.23376586438643954 4.511568448483801 0.41368999745269974
v -0.546055677936369 4.323304743264246 -0.7461747550858044
v -0.18097995385451893 4.474437429649755 0.40179143810032913
vt 0.68603515625 0.30615234375
vt 0.6884765625 0.30615234375
vt 0.6884765625 0.3056640625
vt 0.68603515625 0.3056640625
vt 0.6767578125 0.30615234375
vt 0.68603515625 0.30615234375
vt 0.68603515625 0.3056640625
vt 0.6767578125 0.3056640625
vt 0.69775390625 0.30615234375
vt 0.7001953125 0.30615234375
vt 0.7001953125 0.3056640625
vt 0.69775390625 0.3056640625
vt 0.6884765625 0.30615234375
vt 0.69775390625 0.30615234375
vt 0.69775390625 0.3056640625
vt 0.6884765625 0.3056640625
vt 0.6884765625 0.30615234375
vt 0.68603515625 0.30615234375
vt 0.68603515625 0.3154296875
vt 0.6884765625 0.3154296875
vt 0.69091796875 0.3154296875
vt 0.6884765625 0.3154296875
vt 0.6884765625 0.30615234375
vt 0.69091796875 0.30615234375
vn -0.3007058731176114 -0.12448509560711143 -0.9455577395612937
vn 0.5124316790515947 0.8150871302421874 -0.2702716123049536
vn 0.3007058731176114 0.12448509560711143 0.9455577395612937
vn -0.5124316790515947 -0.8150871302421874 0.2702716123049536
vn -0.8043567319149747 0.5658060012806898 0.1813113806075547
vn 0.8043567319149747 -0.5658060012806898 -0.1813113806075547
usemtl m_9cf4343c-91f0-92da-4b25-54ec74dbc354
f 164/484/121 167/483/121 165/482/121 162/481/121
f 163/488/122 164/487/122 162/486/122 161/485/122
f 168/492/123 163/491/123 161/490/123 166/489/123
f 167/496/124 168/495/124 166/494/124 165/493/124
f 166/500/125 161/499/125 162/498/125 165/497/125
f 167/504/126 164/503/126 163/502/126 168/501/126
o cube
v -0.343089384526879 4.622227923834476 -0.41663038993515666
v -0.4379369469636202 4.615243005266396 -0.8156082091512984
v -0.29030347053290984 4.5850969074203185 -0.42852894148032095
v -0.3851510329696509 4.578111988852238 -0.8275067606964627
v -1.2011607372564321 3.465643685370229 -0.6140436863505162
v -1.106313174819691 3.4726286039383085 -0.21506586713437442
v -1.1483748232624629 3.428512668956071 -0.6259422378956805
v -1.0535272608257218 3.435497587524151 -0.22696441867953876
vt 0.1435546875 0.46142578125
vt 0.154296875 0.46142578125
vt 0.154296875 0.4609375
vt 0.1435546875 0.4609375
vt 0.140625 0.46142578125
vt 0.1435546875 0.46142578125
vt 0.1435546875 0.4609375
vt 0.140625 0.4609375
vt 0.1572265625 0.46142578125
vt 0.16796875 0.46142578125
vt 0.16796875 0.4609375
vt 0.1572265625 0.4609375
vt 0.154296875 0.46142578125
vt 0.1572265625 0.46142578125
vt 0.1572265625 0.4609375
vt 0.154296875 0.4609375
vt 0.154296875 0.46142578125
vt 0.1435546875 0.46142578125
vt 0.1435546875 0.46435546875
vt 0.154296875 0.46435546875
vt 0.1650390625 0.46435546875
vt 0.154296875 0.46435546875
vt 0.154296875 0.46142578125
vt 0.1650390625 0.46142578125
vn -0.23124739032195935 -0.017029896699318408 -0.9727459211364979
vn 0.5472977319746776 0.824362537516579 -0.1445392656498606
vn 0.23124739032195935 0.017029896699318408 0.9727459211364979
vn -0.5472977319746776 -0.824362537516579 0.1445392656498606
vn -0.804356784669998 0.5658059644062065 0.18131126164059724
vn 0.804356784669998 -0.5658059644062065 -0.18131126164059724
usemtl m_9cf4343c-91f0-92da-4b25-54ec74dbc354
f 172/508/127 175/507/127 173/506/127 170/505/127
f 171/512/128 172/511/128 170/510/128 169/509/128
f 176/516/129 171/515/129 169/514/129 174/513/129
f 175/520/130 176/519/130 174/518/130 173/517/130
f 174/524/131 169/523/131 170/522/131 173/521/131
f 175/528/132 172/527/132 171/526/132 176/525/132
o cube
v 0.06562585543259303 4.779017736941104 0.3250079123292835
v 0.4208344857704227 4.631969816960931 -0.7919322385575169
v 0.06562585304944424 4.713954167509769 0.3335736906274782
v 0.4208344833872739 4.5669062475295945 -0.7833664602593213
v 0.29565913264512345 4.6268182644271825 -0.8310622139785231
v -0.05954949769270623 4.773866184407357 0.28587793690827823
v 0.29565913026197466 4.561754694995846 -0.8224964356803275
v -0.05954950007585502 4.708802614976021 0.29444371520647294
vt 0.537109375 0.30126953125
vt 0.5380859375 0.30126953125
vt 0.5380859375 0.30078125
vt 0.537109375 0.30078125
vt 0.5283203125 0.30126953125
vt 0.537109375 0.30126953125
vt 0.537109375 0.30078125
vt 0.5283203125 0.30078125
vt 0.546875 0.30126953125
vt 0.5478515625 0.30126953125
vt 0.5478515625 0.30078125
vt 0.546875 0.30078125
vt 0.5380859375 0.30126953125
vt 0.546875 0.30126953125
vt 0.546875 0.30078125
vt 0.5380859375 0.30078125
vt 0.5380859375 0.30126953125
vt 0.537109375 0.30126953125
vt 0.537109375 0.31005859375
vt 0.5380859375 0.31005859375
vt 0.5390625 0.31005859375
vt 0.5380859375 0.31005859375
vt 0.5380859375 0.30126953125
vt 0.5390625 0.30126953125
vn 0.30070571880451163 -0.12448501162342791 -0.9455577996925293
vn 0.9537169761927597 0.03924992406665099 0.2981331460648102
vn -0.30070571880451163 0.12448501162342791 0.9455577996925293
vn -0.9537169761927597 -0.03924992406665099 -0.2981331460648102
vn 3.6314645665558316e-8 0.9914448675251072 -0.13052614549630095
vn -3.6314645665558316e-8 -0.9914448675251072 0.13052614549630095
usemtl m_9cf4343c-91f0-92da-4b25-54ec74dbc354
f 180/532/133 183/531/133 181/530/133 178/529/133
f 179/536/134 180/535/134 178/534/134 177/533/134
f 184/540/135 179/539/135 177/538/135 182/537/135
f 183/544/136 184/543/136 182/542/136 181/541/136
f 182/548/137 177/547/137 178/546/137 181/545/137
f 183/552/138 180/551/138 179/550/138 184/549/138
o cube
v 0.05954949769270623 4.773866184407357 0.28587793690827823
v -0.29565913264512345 4.6268182644271825 -0.8310622139785231
v 0.05954950007585502 4.708802614976021 0.29444371520647294
v -0.29565913026197466 4.561754694995846 -0.8224964356803275
v -0.4208344857704227 4.631969816960931 -0.7919322385575169
v -0.06562585543259303 4.779017736941104 0.3250079123292835
v -0.4208344833872739 4.5669062475295945 -0.7833664602593213
v -0.06562585304944424 4.713954167509769 0.3335736906274782
vt 0.0751953125 0.30078125
vt 0.076171875 0.30078125
vt 0.076171875 0.30029296875
vt 0.0751953125 0.30029296875
vt 0.06640625 0.30078125
vt 0.0751953125 0.30078125
vt 0.0751953125 0.30029296875
vt 0.06640625 0.30029296875
vt 0.0849609375 0.30078125
vt 0.0859375 0.30078125
vt 0.0859375 0.30029296875
vt 0.0849609375 0.30029296875
vt 0.076171875 0.30078125
vt 0.0849609375 0.30078125
vt 0.0849609375 0.30029296875
vt 0.076171875 0.30029296875
vt 0.076171875 0.30078125
vt 0.0751953125 0.30078125
vt 0.0751953125 0.3095703125
vt 0.076171875 0.3095703125
vt 0.0771484375 0.3095703125
vt 0.076171875 0.3095703125
vt 0.076171875 0.30078125
vt 0.0771484375 0.30078125
vn -0.30070571880451163 -0.12448501162342791 -0.9455577996925293
vn 0.9537169761927597 -0.03924992406665099 -0.2981331460648102
vn 0.30070571880451163 0.12448501162342791 0.9455577996925293
vn -0.9537169761927597 0.03924992406665099 0.2981331460648102
vn -3.6314645665558316e-8 0.9914448675251072 -0.13052614549630095
vn 3.6314645665558316e-8 -0.9914448675251072 0.13052614549630095
usemtl m_9cf4343c-91f0-92da-4b25-54ec74dbc354
f 188/556/139 191/555/139 189/554/139 186/553/139
f 187/560/140 188/559/140 186/558/140 185/557/140
f 192/564/141 187/563/141 185/562/141 190/561/141
f 191/568/142 192/567/142 190/566/142 189/565/142
f 190/572/143 185/571/143 186/570/143 189/569/143
f 191/576/144 188/575/144 187/574/144 192/573/144
o cube
v 0.328125 4.671946158598302 -0.4882870679034712
v 0.328125 4.629117251776097 -0.8136049130417528
v 0.328125 4.6068825895706444 -0.4797212865390301
v 0.328125 4.56405368274844 -0.8050391316773117
v -0.328125 4.629117251776097 -0.8136049130417528
v -0.328125 4.671946158598302 -0.4882870679034712
v -0.328125 4.56405368274844 -0.8050391316773117
v -0.328125 4.6068825895706444 -0.4797212865390301
vt 0.09912109375 0.41455078125
vt 0.10400390625 0.41455078125
vt 0.10400390625 0.4140625
vt 0.09912109375 0.4140625
vt 0.0966796875 0.41455078125
vt 0.09912109375 0.41455078125
vt 0.09912109375 0.4140625
vt 0.0966796875 0.4140625
vt 0.1064453125 0.41455078125
vt 0.111328125 0.41455078125
vt 0.111328125 0.4140625
vt 0.1064453125 0.4140625
vt 0.10400390625 0.41455078125
vt 0.1064453125 0.41455078125
vt 0.1064453125 0.4140625
vt 0.10400390625 0.4140625
vt 0.10400390625 0.41455078125
vt 0.09912109375 0.41455078125
vt 0.09912109375 0.4169921875
vt 0.10400390625 0.4169921875
vt 0.10888671875 0.4169921875
vt 0.10400390625 0.4169921875
vt 0.10400390625 0.41455078125
vt 0.10888671875 0.41455078125
vn 0 -0.13052619222005157 -0.9914448613738104
vn 1 0 0
vn 0 0.13052619222005157 0.9914448613738104
vn -1 0 0
vn 0 0.9914448613738104 -0.13052619222005157
vn 0 -0.9914448613738104 0.13052619222005157
usemtl m_9cf4343c-91f0-92da-4b25-54ec74dbc354
f 196/580/145 199/579/145 197/578/145 194/577/145
f 195/584/146 196/583/146 194/582/146 193/581/146
f 200/588/147 195/587/147 193/586/147 198/585/147
f 199/592/148 200/591/148 198/590/148 197/589/148
f 198/596/149 193/595/149 194/594/149 197/593/149
f 199/600/150 196/599/150 195/598/150 200/597/150
o cube
v 0.6718914410833394 3.461140095500978 1.748023667023795
v 1.1970714749700457 3.4634339196274317 -0.5890049256626286
v 0.6191055310106154 3.424009076651642 1.736125105681999
v 1.1442855648973216 3.426302900778095 -0.6009034870044245
v 1.1309354399730518 3.5621852095166644 -0.6037701737719474
v 0.6057554060863456 3.5598913853902108 1.7332584189144762
v 1.0781495299003279 3.5250541906673276 -0.6156687351137433
v 0.5529694960136216 3.5227603665408744 1.7213598575726803
vt 0.6796875 0.75439453125
vt 0.68017578125 0.75439453125
vt 0.68017578125 0.75390625
vt 0.6796875 0.75390625
vt 0.6611328125 0.75439453125
vt 0.6796875 0.75439453125
vt 0.6796875 0.75390625
vt 0.6611328125 0.75390625
vt 0.69873046875 0.75439453125
vt 0.69921875 0.75439453125
vt 0.69921875 0.75390625
vt 0.69873046875 0.75390625
vt 0.68017578125 0.75439453125
vt 0.69873046875 0.75439453125
vt 0.69873046875 0.75390625
vt 0.68017578125 0.75390625
vt 0.68017578125 0.75439453125
vt 0.6796875 0.75439453125
vt 0.6796875 0.77294921875
vt 0.68017578125 0.77294921875
vt 0.6806640625 0.77294921875
vt 0.68017578125 0.77294921875
vt 0.68017578125 0.75439453125
vt 0.6806640625 0.75439453125
vn 0.21925324310990998 0.0009576304246119299 -0.9756675142330797
vn 0.5522121643584612 -0.8245378412147291 0.12328452433090757
vn -0.21925324310990998 -0.0009576304246119299 0.9756675142330797
vn -0.5522121643584612 0.8245378412147291 -0.12328452433090757
vn 0.8043567249177013 0.5658060015137027 0.1813114109226038
vn -0.8043567249177013 -0.5658060015137027 -0.1813114109226038
usemtl m_9cf4343c-91f0-92da-4b25-54ec74dbc354
f 204/604/151 207/603/151 205/602/151 202/601/151
f 203/608/152 204/607/152 202/606/152 201/605/152
f 208/612/153 203/611/153 201/610/153 206/609/153
f 207/616/154 208/615/154 206/614/154 205/613/154
f 206/620/155 201/619/155 202/618/155 205/617/155
f 207/624/156 204/623/156 203/622/156 208/621/156
o cube
v 0.196875 4.721199401443837 -0.11417154599444737
v 0.196875 4.671946158598302 -0.4882870679034712
v 0.196875 4.6561358324161795 -0.1056057646300064
v 0.196875 4.6068825895706444 -0.4797212865390301
v -0.196875 4.671946158598302 -0.4882870679034712
v -0.196875 4.721199401443837 -0.11417154599444737
v -0.196875 4.6068825895706444 -0.4797212865390301
v -0.196875 4.6561358324161795 -0.1056057646300064
vt 0.6708984375 0.65380859375
vt 0.673828125 0.65380859375
vt 0.673828125 0.6533203125
vt 0.6708984375 0.6533203125
vt 0.66796875 0.65380859375
vt 0.6708984375 0.65380859375
vt 0.6708984375 0.6533203125
vt 0.66796875 0.6533203125
vt 0.6767578125 0.65380859375
vt 0.6796875 0.65380859375
vt 0.6796875 0.6533203125
vt 0.6767578125 0.6533203125
vt 0.673828125 0.65380859375
vt 0.6767578125 0.65380859375
vt 0.6767578125 0.6533203125
vt 0.673828125 0.6533203125
vt 0.673828125 0.65380859375
vt 0.6708984375 0.65380859375
vt 0.6708984375 0.65673828125
vt 0.673828125 0.65673828125
vt 0.6767578125 0.65673828125
vt 0.673828125 0.65673828125
vt 0.673828125 0.65380859375
vt 0.6767578125 0.65380859375
vn 0 -0.13052619222005157 -0.9914448613738104
vn 1 0 0
vn 0 0.13052619222005157 0.9914448613738104
vn -1 0 0
vn 0 0.9914448613738104 -0.13052619222005157
vn 0 -0.9914448613738104 0.13052619222005157
usemtl m_9cf4343c-91f0-92da-4b25-54ec74dbc354
f 212/628/157 215/627/157 213/626/157 210/625/157
f 211/632/158 212/631/158 210/630/158 209/629/158
f 216/636/159 211/635/159 209/634/159 214/633/159
f 215/640/160 216/639/160 214/638/160 213/637/160
f 214/644/161 209/643/161 210/642/161 213/641/161
f 215/648/162 212/647/162 211/646/162 216/645/162
o cube
v 0.08203125 4.7554625269016 0.14608273011617784
v 0.08203125 4.714775065420506 -0.16296922276518958
v 0.08203125 4.690398957873943 0.1546485114806188
v 0.08203125 4.6497114963928485 -0.1544034414007486
v -0.08203125 4.714775065420506 -0.16296922276518958
v -0.08203125 4.7554625269016 0.14608273011617784
v -0.08203125 4.6497114963928485 -0.1544034414007486
v -0.08203125 4.690398957873943 0.1546485114806188
vt 0.4970703125 0.84716796875
vt 0.498046875 0.84716796875
vt 0.498046875 0.8466796875
vt 0.4970703125 0.8466796875
vt 0.4951171875 0.84716796875
vt 0.4970703125 0.84716796875
vt 0.4970703125 0.8466796875
vt 0.4951171875 0.8466796875
vt 0.5 0.84716796875
vt 0.5009765625 0.84716796875
vt 0.5009765625 0.8466796875
vt 0.5 0.8466796875
vt 0.498046875 0.84716796875
vt 0.5 0.84716796875
vt 0.5 0.8466796875
vt 0.498046875 0.8466796875
vt 0.498046875 0.84716796875
vt 0.4970703125 0.84716796875
vt 0.4970703125 0.84912109375
vt 0.498046875 0.84912109375
vt 0.4990234375 0.84912109375
vt 0.498046875 0.84912109375
vt 0.498046875 0.84716796875
vt 0.4990234375 0.84716796875
vn 0 -0.13052619222005157 -0.9914448613738104
vn 1 0 0
vn 0 0.13052619222005157 0.9914448613738104
vn -1 0 0
vn 0 0.9914448613738104 -0.13052619222005157
vn 0 -0.9914448613738104 0.13052619222005157
usemtl m_9cf4343c-91f0-92da-4b25-54ec74dbc354
f 220/652/163 223/651/163 221/650/163 218/649/163
f 219/656/164 220/655/164 218/654/164 217/653/164
f 224/660/165 219/659/165 217/658/165 222/657/165
f 223/664/166 224/663/166 222/662/166 221/661/166
f 222/668/167 217/667/167 218/666/167 221/665/167
f 223/672/168 220/671/168 219/670/168 224/669/168
o cube
v 0.2652113369610919 4.499824796370811 0.4901887425321626
v 0.20100545684812157 4.690658265709162 0.22695824567005873
v 0.2212550295066492 4.455908957689303 0.4690728060653535
v 0.1570491493936789 4.646742427027654 0.20584230920324953
v 0.0716432541468103 4.775421005570093 0.31996183791302213
v 0.1358491342597806 4.5845875362317425 0.5831923347751261
v 0.027686946692367626 4.731505166888585 0.2988459014462129
v 0.09189282680533792 4.540671697550234 0.5620763983083169
vt 0.39208984375 0.30126953125
vt 0.39306640625 0.30126953125
vt 0.39306640625 0.30078125
vt 0.39208984375 0.30078125
vt 0.3896484375 0.30126953125
vt 0.39208984375 0.30126953125
vt 0.39208984375 0.30078125
vt 0.3896484375 0.30078125
vt 0.3955078125 0.30126953125
vt 0.396484375 0.30126953125
vt 0.396484375 0.30078125
vt 0.3955078125 0.30078125
vt 0.39306640625 0.30126953125
vt 0.3955078125 0.30126953125
vt 0.3955078125 0.30078125
vt 0.39306640625 0.30078125
vt 0.39306640625 0.30126953125
vt 0.39208984375 0.30126953125
vt 0.39208984375 0.3037109375
vt 0.39306640625 0.3037109375
vt 0.39404296875 0.3037109375
vt 0.39306640625 0.3037109375
vt 0.39306640625 0.30126953125
vt 0.39404296875 0.30126953125
vn -0.1937376863380529 0.5758294218601817 -0.7942834417338357
vn 0.7168122054444956 -0.4696809827791865 -0.5153445803939104
vn 0.1937376863380529 -0.5758294218601817 0.7942834417338357
vn -0.7168122054444956 0.4696809827791865 0.5153445803939104
vn 0.6698103993057859 0.6691937322896461 0.32176665092280327
vn -0.6698103993057859 -0.6691937322896461 -0.32176665092280327
usemtl m_9cf4343c-91f0-92da-4b25-54ec74dbc354
f 228/676/169 231/675/169 229/674/169 226/673/169
f 227/680/170 228/679/170 226/678/170 225/677/170
f 232/684/171 227/683/171 225/682/171 230/681/171
f 231/688/172 232/687/172 230/686/172 229/685/172
f 230/692/173 225/691/173 226/690/173 229/689/173
f 231/696/174 228/695/174 227/694/174 232/693/174
o cube
v -0.1358491342597806 4.5845875362317425 0.5831923347751261
v -0.0716432541468103 4.775421005570093 0.31996183791302213
v -0.09189282680533792 4.540671697550234 0.5620763983083169
v -0.027686946692367626 4.731505166888585 0.2988459014462129
v -0.20100545684812157 4.690658265709162 0.22695824567005873
v -0.2652113369610919 4.499824796370811 0.4901887425321626
v -0.1570491493936789 4.646742427027654 0.20584230920324953
v -0.2212550295066492 4.455908957689303 0.4690728060653535
vt 0.39892578125 0.30126953125
vt 0.39990234375 0.30126953125
vt 0.39990234375 0.30078125
vt 0.39892578125 0.30078125
vt 0.396484375 0.30126953125
vt 0.39892578125 0.30126953125
vt 0.39892578125 0.30078125
vt 0.396484375 0.30078125
vt 0.40234375 0.30126953125
vt 0.4033203125 0.30126953125
vt 0.4033203125 0.30078125
vt 0.40234375 0.30078125
vt 0.39990234375 0.30126953125
vt 0.40234375 0.30126953125
vt 0.40234375 0.30078125
vt 0.39990234375 0.30078125
vt 0.39990234375 0.30126953125
vt 0.39892578125 0.30126953125
vt 0.39892578125 0.3037109375
vt 0.39990234375 0.3037109375
vt 0.40087890625 0.3037109375
vt 0.39990234375 0.3037109375
vt 0.39990234375 0.30126953125
vt 0.40087890625 0.30126953125
vn 0.1937376863380529 0.5758294218601817 -0.7942834417338357
vn 0.7168122054444956 0.4696809827791865 0.5153445803939104
vn -0.1937376863380529 -0.5758294218601817 0.7942834417338357
vn -0.7168122054444956 -0.4696809827791865 -0.5153445803939104
vn -0.6698103993057859 0.6691937322896461 0.32176665092280327
vn 0.6698103993057859 -0.6691937322896461 -0.32176665092280327
usemtl m_9cf4343c-91f0-92da-4b25-54ec74dbc354
f 236/700/175 239/699/175 237/698/175 234/697/175
f 235/704/176 236/703/176 234/702/176 233/701/176
f 240/708/177 235/707/177 233/706/177 238/705/177
f 239/712/178 240/711/178 238/710/178 237/709/178
f 238/716/179 233/715/179 234/714/179 237/713/179
f 239/720/180 236/719/180 235/718/180 240/717/180
o cube
v 0.9234223993790723 3.516507281262998 0.45936950768366186
v 1.0888900812885824 3.5172299929740722 -0.27695456946411545
v 0.8706364893063484 3.4793762624136613 0.447470946341866
v 1.0361041712158585 3.4800989741247355 -0.28885313080591124
v 1.0227540462915887 3.615981282863305 -0.29171981757343435
v 0.8572863643820785 3.6152585711522307 0.444604259574343
v 0.9699681362188647 3.5788502640139686 -0.30361837891523014
v 0.8045004543093545 3.5781275523028944 0.4327056982325471
vt 0.65625 0.85009765625
vt 0.65673828125 0.85009765625
vt 0.65673828125 0.849609375
vt 0.65625 0.849609375
vt 0.650390625 0.85009765625
vt 0.65625 0.85009765625
vt 0.65625 0.849609375
vt 0.650390625 0.849609375
vt 0.66259765625 0.85009765625
vt 0.6630859375 0.85009765625
vt 0.6630859375 0.849609375
vt 0.66259765625 0.849609375
vt 0.65673828125 0.85009765625
vt 0.66259765625 0.85009765625
vt 0.66259765625 0.849609375
vt 0.65673828125 0.849609375
vt 0.65673828125 0.85009765625
vt 0.65625 0.85009765625
vt 0.65625 0.85595703125
vt 0.65673828125 0.85595703125
vt 0.6572265625 0.85595703125
vt 0.65673828125 0.85595703125
vt 0.65673828125 0.85009765625
vt 0.6572265625 0.85009765625
vn 0.21925324310990998 0.0009576304246119299 -0.9756675142330797
vn 0.5522121643584612 -0.8245378412147291 0.12328452433090757
vn -0.21925324310990998 -0.0009576304246119299 0.9756675142330797
vn -0.5522121643584612 0.8245378412147291 -0.12328452433090757
vn 0.8043567249177013 0.5658060015137027 0.1813114109226038
vn -0.8043567249177013 -0.5658060015137027 -0.1813114109226038
usemtl m_9cf4343c-91f0-92da-4b25-54ec74dbc354
f 244/724/181 247/723/181 245/722/181 242/721/181
f 243/728/182 244/727/182 242/726/182 241/725/182
f 248/732/183 243/731/183 241/730/183 246/729/183
f 247/736/184 248/735/184 246/734/184 245/733/184
f 246/740/185 241/739/185 242/738/185 245/737/185
f 247/744/186 244/743/186 243/742/186 248/741/186
o cube
v -0.8572863643820785 3.6152585711522307 0.444604259574343
v -1.0227540462915887 3.615981282863305 -0.29171981757343435
v -0.8045004543093545 3.5781275523028944 0.4327056982325471
v -0.9699681362188647 3.5788502640139686 -0.30361837891523014
v -1.0888900812885824 3.5172299929740722 -0.27695456946411545
v -0.9234223993790723 3.516507281262998 0.45936950768366186
v -1.0361041712158585 3.4800989741247355 -0.28885313080591124
v -0.8706364893063484 3.4793762624136613 0.447470946341866
vt 0.685546875 0.49658203125
vt 0.68603515625 0.49658203125
vt 0.68603515625 0.49609375
vt 0.685546875 0.49609375
vt 0.6796875 0.49658203125
vt 0.685546875 0.49658203125
vt 0.685546875 0.49609375
vt 0.6796875 0.49609375
vt 0.69189453125 0.49658203125
vt 0.6923828125 0.49658203125
vt 0.6923828125 0.49609375
vt 0.69189453125 0.49609375
vt 0.68603515625 0.49658203125
vt 0.69189453125 0.49658203125
vt 0.69189453125 0.49609375
vt 0.68603515625 0.49609375
vt 0.68603515625 0.49658203125
vt 0.685546875 0.49658203125
vt 0.685546875 0.50244140625
vt 0.68603515625 0.50244140625
vt 0.6865234375 0.50244140625
vt 0.68603515625 0.50244140625
vt 0.68603515625 0.49658203125
vt 0.6865234375 0.49658203125
vn -0.21925324310990998 0.0009576304246119299 -0.9756675142330797
vn 0.5522121643584612 0.8245378412147291 -0.12328452433090757
vn 0.21925324310990998 -0.0009576304246119299 0.9756675142330797
vn -0.5522121643584612 -0.8245378412147291 0.12328452433090757
vn -0.8043567249177013 0.5658060015137027 0.1813114109226038
vn 0.8043567249177013 -0.5658060015137027 -0.1813114109226038
usemtl m_9cf4343c-91f0-92da-4b25-54ec74dbc354
f 252/748/187 255/747/187 253/746/187 250/745/187
f 251/752/188 252/751/188 250/750/188 249/749/188
f 256/756/189 251/755/189 249/754/189 254/753/189
f 255/760/190 256/759/190 254/758/190 253/757/190
f 254/764/191 249/763/191 250/762/191 253/761/191
f 255/768/192 252/767/192 251/766/192 256/765/192
o cube
v -0.599196363515426 3.5556001947249856 1.7757474953487298
v -1.0126827826437292 3.732409431814497 -0.6103703748540978
v -0.5464104545984847 3.5184691734476794 1.7638489364562975
v -0.959896873726788 3.6952784105371905 -0.6222689337465301
v -1.0780541473492404 3.638086337709394 -0.6060315375626748
v -0.6645677282209372 3.461277100619883 1.7800863326401528
v -1.025268238432299 3.600955316432088 -0.6179300964551073
v -0.6117818193039959 3.4241460793425764 1.7681877737477203
vt 0.6796875 0.7353515625
vt 0.68017578125 0.7353515625
vt 0.68017578125 0.73486328125
vt 0.6796875 0.73486328125
vt 0.6611328125 0.7353515625
vt 0.6796875 0.7353515625
vt 0.6796875 0.73486328125
vt 0.6611328125 0.73486328125
vt 0.69873046875 0.7353515625
vt 0.69921875 0.7353515625
vt 0.69921875 0.73486328125
vt 0.69873046875 0.73486328125
vt 0.68017578125 0.7353515625
vt 0.69873046875 0.7353515625
vt 0.69873046875 0.73486328125
vt 0.68017578125 0.73486328125
vt 0.68017578125 0.7353515625
vt 0.6796875 0.7353515625
vt 0.6796875 0.75390625
vt 0.68017578125 0.75390625
vt 0.6806640625 0.75390625
vt 0.68017578125 0.75390625
vt 0.68017578125 0.7353515625
vt 0.6806640625 0.7353515625
vn -0.17029041714421755 0.07281718902013336 -0.9826997663640991
vn 0.5692200464153359 0.8213167377859303 -0.037780351925315536
vn 0.17029041714421755 -0.07281718902013336 0.9826997663640991
vn -0.5692200464153359 -0.8213167377859303 0.037780351925315536
vn -0.8043567073057648 0.5658060385113293 0.1813113735989686
vn 0.8043567073057648 -0.5658060385113293 -0.1813113735989686
usemtl m_9cf4343c-91f0-92da-4b25-54ec74dbc354
f 260/772/193 263/771/193 261/770/193 258/769/193
f 259/776/194 260/775/194 258/774/194 257/773/194
f 264/780/195 259/779/195 257/778/195 262/777/195
f 263/784/196 264/783/196 262/782/196 261/781/196
f 262/788/197 257/787/197 258/786/197 261/785/197
f 263/792/198 260/791/198 259/790/198 264/789/198
o cube
v -0.6057554060863456 3.5598913853902108 1.7332584189144762
v -1.1309354399730518 3.5621852095166644 -0.6037701737719474
v -0.5529694960136216 3.5227603665408744 1.7213598575726803
v -1.0781495299003279 3.5250541906673276 -0.6156687351137433
v -1.1970714749700457 3.4634339196274317 -0.5890049256626286
v -0.6718914410833394 3.461140095500978 1.748023667023795
v -1.1442855648973216 3.426302900778095 -0.6009034870044245
v -0.6191055310106154 3.424009076651642 1.736125105681999
vt 0.681640625 0.849609375
vt 0.68212890625 0.849609375
vt 0.68212890625 0.84912109375
vt 0.681640625 0.84912109375
vt 0.6630859375 0.849609375
vt 0.681640625 0.849609375
vt 0.681640625 0.84912109375
vt 0.6630859375 0.84912109375
vt 0.70068359375 0.849609375
vt 0.701171875 0.849609375
vt 0.701171875 0.84912109375
vt 0.70068359375 0.84912109375
vt 0.68212890625 0.849609375
vt 0.70068359375 0.849609375
vt 0.70068359375 0.84912109375
vt 0.68212890625 0.84912109375
vt 0.68212890625 0.849609375
vt 0.681640625 0.849609375
vt 0.681640625 0.8681640625
vt 0.68212890625 0.8681640625
vt 0.6826171875 0.8681640625
vt 0.68212890625 0.8681640625
vt 0.68212890625 0.849609375
vt 0.6826171875 0.849609375
vn -0.21925324310990998 0.0009576304246119299 -0.9756675142330797
vn 0.5522121643584612 0.8245378412147291 -0.12328452433090757
vn 0.21925324310990998 -0.0009576304246119299 0.9756675142330797
vn -0.5522121643584612 -0.8245378412147291 0.12328452433090757
vn -0.8043567249177013 0.5658060015137027 0.1813114109226038
vn 0.8043567249177013 -0.5658060015137027 -0.1813114109226038
usemtl m_9cf4343c-91f0-92da-4b25-54ec74dbc354
f 268/796/199 271/795/199 269/794/199 266/793/199
f 267/800/200 268/799/200 266/798/200 265/797/200
f 272/804/201 267/803/201 265/802/201 270/801/201
f 271/808/202 272/807/202 270/806/202 269/805/202
f 270/812/203 265/811/203 266/810/203 269/809/203
f 271/816/204 268/815/204 267/814/204 272/813/204
o cube
v -3.1692111500686533 2.55 -9.052100228871305
v -6.73648325427097 2.55 -12.945094601814564
v -3.1692111500686533 2.45 -9.052100228871305
v -6.73648325427097 2.45 -12.945094601814564
v -7.442837797180272 2.55 -12.297839914237942
v -3.875565692977955 2.55 -8.404845541294685
v -7.442837797180272 2.45 -12.297839914237942
v -3.875565692977955 2.45 -8.404845541294685
vt 0.041015625 0.41015625
vt 0.04833984375 0.41015625
vt 0.04833984375 0.40966796875
vt 0.041015625 0.40966796875
vt 0 0.41015625
vt 0.041015625 0.41015625
vt 0.041015625 0.40966796875
vt 0 0.40966796875
vt 0.08935546875 0.41015625
vt 0.0966796875 0.41015625
vt 0.0966796875 0.40966796875
vt 0.08935546875 0.40966796875
vt 0.04833984375 0.41015625
vt 0.08935546875 0.41015625
vt 0.08935546875 0.40966796875
vt 0.04833984375 0.40966796875
vt 0.04833984375 0.41015625
vt 0.041015625 0.41015625
vt 0.041015625 0.451171875
vt 0.04833984375 0.451171875
vt 0.0556640625 0.451171875
vt 0.04833984375 0.451171875
vt 0.04833984375 0.41015625
vt 0.0556640625 0.41015625
vn -0.6755902076156601 0 -0.7372773368101242
vn 0.7372773368101242 0 -0.6755902076156601
vn 0.6755902076156601 0 0.7372773368101242
vn -0.7372773368101242 0 0.6755902076156601
vn 0 1 0
vn 0 -1 0
usemtl m_9cf4343c-91f0-92da-4b25-54ec74dbc354
f 276/820/205 279/819/205 277/818/205 274/817/205
f 275/824/206 276/823/206 274/822/206 273/821/206
f 280/828/207 275/827/207 273/826/207 278/825/207
f 279/832/208 280/831/208 278/830/208 277/829/208
f 278/836/209 273/835/209 274/834/209 277/833/209
f 279/840/210 276/839/210 275/838/210 280/837/210
o cube
v 3.875565692977955 2.55 -8.404845541294685
v 7.442837797180272 2.55 -12.297839914237942
v 3.875565692977955 2.45 -8.404845541294685
v 7.442837797180272 2.45 -12.297839914237942
v 6.73648325427097 2.55 -12.945094601814564
v 3.1692111500686533 2.55 -9.052100228871305
v 6.73648325427097 2.45 -12.945094601814564
v 3.1692111500686533 2.45 -9.052100228871305
vt 0.5810546875 0.61181640625
vt 0.58837890625 0.61181640625
vt 0.58837890625 0.611328125
vt 0.5810546875 0.611328125
vt 0.5400390625 0.61181640625
vt 0.5810546875 0.61181640625
vt 0.5810546875 0.611328125
vt 0.5400390625 0.611328125
vt 0.62939453125 0.61181640625
vt 0.63671875 0.61181640625
vt 0.63671875 0.611328125
vt 0.62939453125 0.611328125
vt 0.58837890625 0.61181640625
vt 0.62939453125 0.61181640625
vt 0.62939453125 0.611328125
vt 0.58837890625 0.611328125
vt 0.58837890625 0.61181640625
vt 0.5810546875 0.61181640625
vt 0.5810546875 0.65283203125
vt 0.58837890625 0.65283203125
vt 0.595703125 0.65283203125
vt 0.58837890625 0.65283203125
vt 0.58837890625 0.61181640625
vt 0.595703125 0.61181640625
vn 0.6755902076156601 0 -0.7372773368101242
vn 0.7372773368101242 0 0.6755902076156601
vn -0.6755902076156601 0 0.7372773368101242
vn -0.7372773368101242 0 -0.6755902076156601
vn 0 1 0
vn 0 -1 0
usemtl m_9cf4343c-91f0-92da-4b25-54ec74dbc354
f 284/844/211 287/843/211 285/842/211 282/841/211
f 283/848/212 284/847/212 282/846/212 281/845/212
f 288/852/213 283/851/213 281/850/213 286/849/213
f 287/856/214 288/855/214 286/854/214 285/853/214
f 286/860/215 281/859/215 282/858/215 285/857/215
f 287/864/216 284/863/216 283/862/216 288/861/216
o cube
v -0.37500000000000006 3.7396735893159376 -0.1975261025703462
v -0.37500000000000006 2.945830939274078 -0.12807387006830584
v -0.3750000000000001 3.696095717942108 -0.695623451616219
v -0.3750000000000001 2.9022530679002485 -0.6261712191141786
v 0.37499999999999994 2.945830939274078 -0.12807387006830595
v 0.37499999999999994 3.7396735893159376 -0.19752610257034628
v 0.3749999999999999 2.9022530679002485 -0.6261712191141786
v 0.3749999999999999 3.696095717942108 -0.695623451616219
vt 0.359375 0.30810546875
vt 0.365234375 0.30810546875
vt 0.365234375 0.30419921875
vt 0.359375 0.30419921875
vt 0.353515625 0.30810546875
vt 0.359375 0.30810546875
vt 0.359375 0.30419921875
vt 0.353515625 0.30419921875
vt 0.37109375 0.30810546875
vt 0.376953125 0.30810546875
vt 0.376953125 0.30419921875
vt 0.37109375 0.30419921875
vt 0.365234375 0.30810546875
vt 0.37109375 0.30810546875
vt 0.37109375 0.30419921875
vt 0.365234375 0.30419921875
vt 0.365234375 0.30810546875
vt 0.359375 0.30810546875
vt 0.359375 0.31396484375
vt 0.365234375 0.31396484375
vt 0.37109375 0.31396484375
vt 0.365234375 0.31396484375
vt 0.365234375 0.30810546875
vt 0.37109375 0.30810546875
vn 1.0673500138323012e-17 -0.9961946980917457 0.08715574274765849
vn -1 0 1.2246467991473532e-16
vn -1.0673500138323012e-17 0.9961946980917457 -0.08715574274765849
vn 1 0 -1.2246467991473532e-16
vn 1.2199866483456202e-16 0.08715574274765849 0.9961946980917457
vn -1.2199866483456202e-16 -0.08715574274765849 -0.9961946980917457
usemtl m_9cf4343c-91f0-92da-4b25-54ec74dbc354
f 292/868/217 295/867/217 293/866/217 290/865/217
f 291/872/218 292/871/218 290/870/218 289/869/218
f 296/876/219 291/875/219 289/874/219 294/873/219
f 295/880/220 296/879/220 294/878/220 293/877/220
f 294/884/221 289/883/221 290/882/221 293/881/221
f 295/888/222 292/887/222 291/886/222 296/885/222
o cube
v -0.37500000000000006 4.440122986411696 -0.25880748418979355
v -0.37500000000000006 3.879763468735089 -0.20978237889423565
v -0.3750000000000001 4.396545115037867 -0.7569048332356663
v -0.3750000000000001 3.83618559736126 -0.7078797279401083
v 0.37499999999999994 3.879763468735089 -0.20978237889423573
v 0.37499999999999994 4.440122986411696 -0.25880748418979366
v 0.3749999999999999 3.83618559736126 -0.7078797279401084
v 0.3749999999999999 4.396545115037867 -0.7569048332356664
vt 0.09033203125 0.30517578125
vt 0.09619140625 0.30517578125
vt 0.09619140625 0.30126953125
vt 0.09033203125 0.30126953125
vt 0.0859375 0.30517578125
vt 0.09033203125 0.30517578125
vt 0.09033203125 0.30126953125
vt 0.0859375 0.30126953125
vt 0.1005859375 0.30517578125
vt 0.1064453125 0.30517578125
vt 0.1064453125 0.30126953125
vt 0.1005859375 0.30126953125
vt 0.09619140625 0.30517578125
vt 0.1005859375 0.30517578125
vt 0.1005859375 0.30126953125
vt 0.09619140625 0.30126953125
vt 0.09619140625 0.30517578125
vt 0.09033203125 0.30517578125
vt 0.09033203125 0.3095703125
vt 0.09619140625 0.3095703125
vt 0.10205078125 0.3095703125
vt 0.09619140625 0.3095703125
vt 0.09619140625 0.30517578125
vt 0.10205078125 0.30517578125
vn 1.0673500138323012e-17 -0.9961946980917457 0.08715574274765849
vn -1 0 1.2246467991473532e-16
vn -1.0673500138323012e-17 0.9961946980917457 -0.08715574274765849
vn 1 0 -1.2246467991473532e-16
vn 1.2199866483456202e-16 0.08715574274765849 0.9961946980917457
vn -1.2199866483456202e-16 -0.08715574274765849 -0.9961946980917457
usemtl m_9cf4343c-91f0-92da-4b25-54ec74dbc354
f 300/892/223 303/891/223 301/890/223 298/889/223
f 299/896/224 300/895/224 298/894/224 297/893/224
f 304/900/225 299/899/225 297/898/225 302/897/225
f 303/904/226 304/903/226 302/902/226 301/901/226
f 302/908/227 297/907/227 298/906/227 301/905/227
f 303/912/228 300/911/228 299/910/228 304/909/228
o cube
v -0.375 3.0625 -0.14700874999999983
v -0.37499999999999994 3.0625 0.4311162500000002
v -0.375 2.9375 -0.14700874999999983
v -0.37499999999999994 2.9375 0.4311162500000002
v 0.37500000000000006 3.0625 0.4311162500000001
v 0.375 3.0625 -0.14700874999999994
v 0.37500000000000006 2.9375 0.4311162500000001
v 0.375 2.9375 -0.14700874999999994
vt 0.59033203125 0.35888671875
vt 0.59619140625 0.35888671875
vt 0.59619140625 0.35791015625
vt 0.59033203125 0.35791015625
vt 0.5859375 0.35888671875
vt 0.59033203125 0.35888671875
vt 0.59033203125 0.35791015625
vt 0.5859375 0.35791015625
vt 0.6005859375 0.35888671875
vt 0.6064453125 0.35888671875
vt 0.6064453125 0.35791015625
vt 0.6005859375 0.35791015625
vt 0.59619140625 0.35888671875
vt 0.6005859375 0.35888671875
vt 0.6005859375 0.35791015625
vt 0.59619140625 0.35791015625
vt 0.59619140625 0.35888671875
vt 0.59033203125 0.35888671875
vt 0.59033203125 0.36328125
vt 0.59619140625 0.36328125
vt 0.60205078125 0.36328125
vt 0.59619140625 0.36328125
vt 0.59619140625 0.35888671875
vt 0.60205078125 0.35888671875
vn 1.2246467991473532e-16 0 1
vn -1 0 1.2246467991473532e-16
vn -1.2246467991473532e-16 0 -1
vn 1 0 -1.2246467991473532e-16
vn 0 1 0
vn 0 -1 0
usemtl m_9cf4343c-91f0-92da-4b25-54ec74dbc354
f 308/916/229 311/915/229 309/914/229 306/913/229
f 307/920/230 308/919/230 306/918/230 305/917/230
f 312/924/231 307/923/231 305/922/231 310/921/231
f 311/928/232 312/927/232 310/926/232 309/925/232
f 310/932/233 305/931/233 306/930/233 309/929/233
f 311/936/234 308/935/234 307/934/234 312/933/234
o cube
v -0.37499999999999994 3.0625 0.5561162500000001
v -0.37499999999999994 2.609375 0.5561162500000002
v -0.37499999999999994 3.0625 0.43111625000000015
v -0.37499999999999994 2.609375 0.43111625000000026
v 0.37500000000000006 2.609375 0.5561162500000001
v 0.37500000000000006 3.0625 0.55611625
v 0.37500000000000006 2.609375 0.43111625000000015
v 0.37500000000000006 3.0625 0.43111625000000003
vt 0.40087890625 0.3759765625
vt 0.40673828125 0.3759765625
vt 0.40673828125 0.375
vt 0.40087890625 0.375
vt 0.3974609375 0.3759765625
vt 0.40087890625 0.3759765625
vt 0.40087890625 0.375
vt 0.3974609375 0.375
vt 0.41015625 0.3759765625
vt 0.416015625 0.3759765625
vt 0.416015625 0.375
vt 0.41015625 0.375
vt 0.40673828125 0.3759765625
vt 0.41015625 0.3759765625
vt 0.41015625 0.375
vt 0.40673828125 0.375
vt 0.40673828125 0.3759765625
vt 0.40087890625 0.3759765625
vt 0.40087890625 0.37939453125
vt 0.40673828125 0.37939453125
vt 0.41259765625 0.37939453125
vt 0.40673828125 0.37939453125
vt 0.40673828125 0.3759765625
vt 0.41259765625 0.3759765625
vn 2.719262146893782e-32 -1 2.220446049250313e-16
vn -1 0 1.2246467991473532e-16
vn -2.719262146893782e-32 1 -2.220446049250313e-16
vn 1 0 -1.2246467991473532e-16
vn 1.2246467991473532e-16 2.220446049250313e-16 1
vn -1.2246467991473532e-16 -2.220446049250313e-16 -1
usemtl m_9cf4343c-91f0-92da-4b25-54ec74dbc354
f 316/940/235 319/939/235 317/938/235 314/937/235
f 315/944/236 316/943/236 314/942/236 313/941/236
f 320/948/237 315/947/237 313/946/237 318/945/237
f 319/952/238 320/951/238 318/950/238 317/949/238
f 318/956/239 313/955/239 314/954/239 317/953/239
f 319/960/240 316/959/240 315/958/240 320/957/240
o cube
v -0.25000000000000006 4.1233649093362965 -0.2938334832118844
v -0.25000000000000006 3.56300539165969 -0.24480837791632648
v -0.2500000000000001 4.090681505805925 -0.6674064949962889
v -0.2500000000000001 3.530321988129318 -0.6183813897007311
v 0.24999999999999994 3.56300539165969 -0.24480837791632654
v 0.24999999999999994 4.1233649093362965 -0.2938334832118844
v 0.2499999999999999 3.530321988129318 -0.6183813897007311
v 0.2499999999999999 4.090681505805925 -0.667406494996289
vt 0.09912109375 0.31787109375
vt 0.10302734375 0.31787109375
vt 0.10302734375 0.31494140625
vt 0.09912109375 0.31494140625
vt 0.0947265625 0.31787109375
vt 0.09912109375 0.31787109375
vt 0.09912109375 0.31494140625
vt 0.0947265625 0.31494140625
vt 0.107421875 0.31787109375
vt 0.111328125 0.31787109375
vt 0.111328125 0.31494140625
vt 0.107421875 0.31494140625
vt 0.10302734375 0.31787109375
vt 0.107421875 0.31787109375
vt 0.107421875 0.31494140625
vt 0.10302734375 0.31494140625
vt 0.10302734375 0.31787109375
vt 0.09912109375 0.31787109375
vt 0.09912109375 0.322265625
vt 0.10302734375 0.322265625
vt 0.10693359375 0.322265625
vt 0.10302734375 0.322265625
vt 0.10302734375 0.31787109375
vt 0.10693359375 0.31787109375
vn 1.0673500138323012e-17 -0.9961946980917457 0.08715574274765849
vn -1 0 1.2246467991473532e-16
vn -1.0673500138323012e-17 0.9961946980917457 -0.08715574274765849
vn 1 0 -1.2246467991473532e-16
vn 1.2199866483456202e-16 0.08715574274765849 0.9961946980917457
vn -1.2199866483456202e-16 -0.08715574274765849 -0.9961946980917457
usemtl m_9cf4343c-91f0-92da-4b25-54ec74dbc354
f 324/964/241 327/963/241 325/962/241 322/961/241
f 323/968/242 324/967/242 322/966/242 321/965/242
f 328/972/243 323/971/243 321/970/243 326/969/243
f 327/976/244 328/975/244 326/974/244 325/973/244
f 326/980/245 321/979/245 322/978/245 325/977/245
f 327/984/246 324/983/246 323/982/246 328/981/246
o cube
v 0.8194313366339699 3.5228651859795046 -9.345460923358631
v 2.0769512124580474 4.780385061803582 -13.638902338350928
v 0.6218136881964179 3.3252475375419523 -9.46122266164907
v 1.8793335640204956 4.58276741336603 -13.754664076641367
v 1.970001311803582 4.8873349624580475 -13.638902338350928
v 0.7124814359795045 3.62981508663397 -9.345460923358631
v 1.7723836633660301 4.689717314020496 -13.754664076641367
v 0.5148637875419525 3.4321974381964178 -9.46122266164907
vt 0.6298828125 0.908203125
vt 0.630859375 0.908203125
vt 0.630859375 0.90625
vt 0.6298828125 0.90625
vt 0.59375 0.908203125
vt 0.6298828125 0.908203125
vt 0.6298828125 0.90625
vt 0.59375 0.90625
vt 0.6669921875 0.908203125
vt 0.66796875 0.908203125
vt 0.66796875 0.90625
vt 0.6669921875 0.90625
vt 0.630859375 0.908203125
vt 0.6669921875 0.908203125
vt 0.6669921875 0.90625
vt 0.630859375 0.90625
vt 0.630859375 0.908203125
vt 0.6298828125 0.908203125
vt 0.6298828125 0.9443359375
vt 0.630859375 0.9443359375
vt 0.6318359375 0.9443359375
vt 0.630859375 0.9443359375
vt 0.630859375 0.908203125
vt 0.6318359375 0.908203125
vn 0.27059805007309845 0.27059805007309845 -0.9238795325112867
vn 0.7071067811865476 -0.7071067811865476 0
vn -0.27059805007309845 -0.27059805007309845 0.9238795325112867
vn -0.7071067811865476 0.7071067811865476 0
vn 0.6532814824381883 0.6532814824381883 0.3826834323650898
vn -0.6532814824381883 -0.6532814824381883 -0.3826834323650898
usemtl m_9cf4343c-91f0-92da-4b25-54ec74dbc354
f 332/988/247 335/987/247 333/986/247 330/985/247
f 331/992/248 332/991/248 330/990/248 329/989/248
f 336/996/249 331/995/249 329/994/249 334/993/249
f 335/1000/250 336/999/250 334/998/250 333/997/250
f 334/1004/251 329/1003/251 330/1002/251 333/1001/251
f 335/1008/252 332/1007/252 331/1006/252 336/1005/252
o cube
v 0.375486100981698 3.078919325327233 -11.074388124999999
v 0.375486100981698 3.078919325327233 -13.002200625
v 0.16158629967276722 2.8650195240183023 -11.074388124999999
v 0.16158629967276722 2.8650195240183023 -13.002200625
v 0.2685362003272327 3.185869225981698 -13.002200625
v 0.2685362003272327 3.185869225981698 -11.074388124999999
v 0.05463639901830192 2.9719694246727677 -13.002200625
v 0.05463639901830192 2.9719694246727677 -11.074388124999999
vt 0.2744140625 0.3125
vt 0.275390625 0.3125
vt 0.275390625 0.310546875
vt 0.2744140625 0.310546875
vt 0.259765625 0.3125
vt 0.2744140625 0.3125
vt 0.2744140625 0.310546875
vt 0.259765625 0.310546875
vt 0.2900390625 0.3125
vt 0.291015625 0.3125
vt 0.291015625 0.310546875
vt 0.2900390625 0.310546875
vt 0.275390625 0.3125
vt 0.2900390625 0.3125
vt 0.2900390625 0.310546875
vt 0.275390625 0.310546875
vt 0.275390625 0.3125
vt 0.2744140625 0.3125
vt 0.2744140625 0.3271484375
vt 0.275390625 0.3271484375
vt 0.2763671875 0.3271484375
vt 0.275390625 0.3271484375
vt 0.275390625 0.3125
vt 0.2763671875 0.3125
vn 0 0 -1
vn 0.7071067811865475 -0.7071067811865476 0
vn 0 0 1
vn -0.7071067811865475 0.7071067811865476 0
vn 0.7071067811865476 0.7071067811865475 0
vn -0.7071067811865476 -0.7071067811865475 0
usemtl m_9cf4343c-91f0-92da-4b25-54ec74dbc354
f 340/1012/253 343/1011/253 341/1010/253 338/1009/253
f 339/1016/254 340/1015/254 338/1014/254 337/1013/254
f 344/1020/255 339/1019/255 337/1018/255 342/1017/255
f 343/1024/256 344/1023/256 342/1022/256 341/1021/256
f 342/1028/257 337/1027/257 338/1026/257 341/1025/257
f 343/1032/258 340/1031/258 339/1030/258 344/1029/258
o cube
v 0.32544311275142457 3.028876337096959 -12.807757235502734
v 2.026908369949365 4.7303415942949 -15.675396730540932
v 0.16158635857446457 2.865019582919999 -13.002200487432912
v 1.863051615772405 4.56648484011794 -15.869839982471111
v 1.9199584692948997 4.8372914949493655 -15.675396730540932
v 0.21849321209695916 3.1358262377514246 -12.807757235502734
v 1.7561017151179397 4.6734347407724055 -15.869839982471111
v 0.05463645791999916 2.9719694835744646 -13.002200487432912
vt 0.02880859375 0.3427734375
vt 0.02978515625 0.3427734375
vt 0.02978515625 0.3408203125
vt 0.02880859375 0.3408203125
vt 0 0.3427734375
vt 0.02880859375 0.3427734375
vt 0.02880859375 0.3408203125
vt 0 0.3408203125
vt 0.05859375 0.3427734375
vt 0.0595703125 0.3427734375
vt 0.0595703125 0.3408203125
vt 0.05859375 0.3408203125
vt 0.02978515625 0.3427734375
vt 0.05859375 0.3427734375
vt 0.05859375 0.3408203125
vt 0.02978515625 0.3408203125
vt 0.02978515625 0.3427734375
vt 0.02880859375 0.3427734375
vt 0.02880859375 0.37158203125
vt 0.02978515625 0.37158203125
vt 0.03076171875 0.37158203125
vt 0.02978515625 0.37158203125
vt 0.02978515625 0.3427734375
vt 0.03076171875 0.3427734375
vn 0.4545194776720438 0.45451947767204365 -0.7660444431189781
vn 0.7071067811865475 -0.7071067811865477 -8.326672684688674e-17
vn -0.4545194776720438 -0.45451947767204365 0.7660444431189781
vn -0.7071067811865475 0.7071067811865477 8.326672684688674e-17
vn 0.541675220419702 0.5416752204197018 0.6427876096865394
vn -0.541675220419702 -0.5416752204197018 -0.6427876096865394
usemtl m_9cf4343c-91f0-92da-4b25-54ec74dbc354
f 348/1036/259 351/1035/259 349/1034/259 346/1033/259
f 347/1040/260 348/1039/260 346/1038/260 345/1037/260
f 352/1044/261 347/1043/261 345/1042/261 350/1041/261
f 351/1048/262 352/1047/262 350/1046/262 349/1045/262
f 350/1052/263 345/1051/263 346/1050/263 349/1049/263
f 351/1056/264 348/1055/264 347/1054/264 352/1053/264
o cube
v 2.0769512004118122 4.780385049757347 -13.6389025
v 2.0769512004118122 4.780385049757347 -15.86984
v 1.8630513991028814 4.566485248448416 -13.6389025
v 1.8630513991028814 4.566485248448416 -15.86984
v 1.9700012997573468 4.887334950411812 -15.86984
v 1.9700012997573468 4.887334950411812 -13.6389025
v 1.756101498448416 4.673435149102882 -15.86984
v 1.756101498448416 4.673435149102882 -13.6389025
vt 0.44970703125 0.50439453125
vt 0.45068359375 0.50439453125
vt 0.45068359375 0.50244140625
vt 0.44970703125 0.50244140625
vt 0.4326171875 0.50439453125
vt 0.44970703125 0.50439453125
vt 0.44970703125 0.50244140625
vt 0.4326171875 0.50244140625
vt 0.4677734375 0.50439453125
vt 0.46875 0.50439453125
vt 0.46875 0.50244140625
vt 0.4677734375 0.50244140625
vt 0.45068359375 0.50439453125
vt 0.4677734375 0.50439453125
vt 0.4677734375 0.50244140625
vt 0.45068359375 0.50244140625
vt 0.45068359375 0.50439453125
vt 0.44970703125 0.50439453125
vt 0.44970703125 0.521484375
vt 0.45068359375 0.521484375
vt 0.45166015625 0.521484375
vt 0.45068359375 0.521484375
vt 0.45068359375 0.50439453125
vt 0.45166015625 0.50439453125
vn 0 0 -1
vn 0.7071067811865475 -0.7071067811865476 0
vn 0 0 1
vn -0.7071067811865475 0.7071067811865476 0
vn 0.7071067811865476 0.7071067811865475 0
vn -0.7071067811865476 -0.7071067811865475 0
usemtl m_9cf4343c-91f0-92da-4b25-54ec74dbc354
f 356/1060/265 359/1059/265 357/1058/265 354/1057/265
f 355/1064/266 356/1063/266 354/1062/266 353/1061/266
f 360/1068/267 355/1067/267 353/1066/267 358/1065/267
f 359/1072/268 360/1071/268 358/1070/268 357/1069/268
f 358/1076/269 353/1075/269 354/1074/269 357/1073/269
f 359/1080/270 356/1079/270 355/1078/270 360/1077/270
o cube
v 0.8288177250364617 3.5322509493819965 -9.366298090381443
v 0.36258636854416154 3.0660195928896963 -11.17784927089028
v 0.6278176601588874 3.3312508845044224 -9.26283699702543
v 0.1615863036665873 2.8650195280121222 -11.074388177534265
v 0.25563646788969624 3.1729694935441617 -11.17784927089028
v 0.7218678243819964 3.639200850036462 -9.366298090381443
v 0.054636403012122026 2.9719694286665876 -11.074388177534265
v 0.5208677595044221 3.438200785158888 -9.26283699702543
vt 0.591796875 0.3125
vt 0.5927734375 0.3125
vt 0.5927734375 0.310546875
vt 0.591796875 0.310546875
vt 0.5771484375 0.3125
vt 0.591796875 0.3125
vt 0.591796875 0.310546875
vt 0.5771484375 0.310546875
vt 0.607421875 0.3125
vt 0.6083984375 0.3125
vt 0.6083984375 0.310546875
vt 0.607421875 0.310546875
vt 0.5927734375 0.3125
vt 0.607421875 0.3125
vt 0.607421875 0.310546875
vt 0.5927734375 0.310546875
vt 0.5927734375 0.3125
vt 0.591796875 0.3125
vt 0.591796875 0.3271484375
vt 0.5927734375 0.3271484375
vt 0.59375 0.3271484375
vt 0.5927734375 0.3271484375
vt 0.5927734375 0.3125
vt 0.59375 0.3125
vn -0.24184476264797525 -0.2418447626479753 -0.9396926207859084
vn 0.7071067811865476 -0.7071067811865475 2.7755575615628914e-17
vn 0.24184476264797525 0.2418447626479753 0.9396926207859084
vn -0.7071067811865476 0.7071067811865475 -2.7755575615628914e-17
vn 0.6644630243886748 0.6644630243886748 -0.3420201433256687
vn -0.6644630243886748 -0.6644630243886748 0.3420201433256687
usemtl m_9cf4343c-91f0-92da-4b25-54ec74dbc354
f 364/1084/271 367/1083/271 365/1082/271 362/1081/271
f 363/1088/272 364/1087/272 362/1086/272 361/1085/272
f 368/1092/273 363/1091/273 361/1090/273 366/1089/273
f 367/1096/274 368/1095/274 366/1094/274 365/1093/274
f 366/1100/275 361/1099/275 362/1098/275 365/1097/275
f 367/1104/276 364/1103/276 363/1102/276 368/1101/276
o cube
v 0.8891263974751411 3.592559621820676 -9.862918647806696
v 0.4984715293103333 3.2019047536558682 -11.380815884319935
v 0.688126332597567 3.391559556943102 -9.75945755445068
v 0.29747146443275907 3.0009046887782937 -11.277354790963921
v 0.391521628655868 3.308854654310333 -11.380815884319935
v 0.7821764968206759 3.6995095224751413 -9.862918647806696
v 0.19052156377829377 3.107854589432759 -11.277354790963921
v 0.5811764319431016 3.4985094575975673 -9.75945755445068
vt 0.68994140625 0.59912109375
vt 0.69091796875 0.59912109375
vt 0.69091796875 0.59716796875
vt 0.68994140625 0.59716796875
vt 0.677734375 0.59912109375
vt 0.68994140625 0.59912109375
vt 0.68994140625 0.59716796875
vt 0.677734375 0.59716796875
vt 0.703125 0.59912109375
vt 0.7041015625 0.59912109375
vt 0.7041015625 0.59716796875
vt 0.703125 0.59716796875
vt 0.69091796875 0.59912109375
vt 0.703125 0.59912109375
vt 0.703125 0.59716796875
vt 0.69091796875 0.59716796875
vt 0.69091796875 0.59912109375
vt 0.68994140625 0.59912109375
vt 0.68994140625 0.611328125
vt 0.69091796875 0.611328125
vt 0.69189453125 0.611328125
vt 0.69091796875 0.611328125
vt 0.69091796875 0.59912109375
vt 0.69189453125 0.59912109375
vn -0.24184476264797525 -0.2418447626479753 -0.9396926207859084
vn 0.7071067811865476 -0.7071067811865475 2.7755575615628914e-17
vn 0.24184476264797525 0.2418447626479753 0.9396926207859084
vn -0.7071067811865476 0.7071067811865475 -2.7755575615628914e-17
vn 0.6644630243886748 0.6644630243886748 -0.3420201433256687
vn -0.6644630243886748 -0.6644630243886748 0.3420201433256687
usemtl m_9cf4343c-91f0-92da-4b25-54ec74dbc354
f 372/1108/277 375/1107/277 373/1106/277 370/1105/277
f 371/1112/278 372/1111/278 370/1110/278 369/1109/278
f 376/1116/279 371/1115/279 369/1114/279 374/1113/279
f 375/1120/280 376/1119/280 374/1118/280 373/1117/280
f 374/1124/281 369/1123/281 370/1122/281 373/1121/281
f 375/1128/282 372/1127/282 371/1126/282 376/1125/282
o cube
v 0.5522627962783349 3.2556960206238696 -11.074388124999999
v 0.5522627962783349 3.2556960206238696 -13.002200625
v 0.33836299496940414 3.041796219314939 -11.074388124999999
v 0.33836299496940414 3.041796219314939 -13.002200625
v 0.44531289562386955 3.362645921278335 -13.002200625
v 0.44531289562386955 3.362645921278335 -11.074388124999999
v 0.2314130943149388 3.1487461199694042 -13.002200625
v 0.2314130943149388 3.1487461199694042 -11.074388124999999
vt 0.623046875 0.3125
vt 0.6240234375 0.3125
vt 0.6240234375 0.310546875
vt 0.623046875 0.310546875
vt 0.6083984375 0.3125
vt 0.623046875 0.3125
vt 0.623046875 0.310546875
vt 0.6083984375 0.310546875
vt 0.638671875 0.3125
vt 0.6396484375 0.3125
vt 0.6396484375 0.310546875
vt 0.638671875 0.310546875
vt 0.6240234375 0.3125
vt 0.638671875 0.3125
vt 0.638671875 0.310546875
vt 0.6240234375 0.310546875
vt 0.6240234375 0.3125
vt 0.623046875 0.3125
vt 0.623046875 0.3271484375
vt 0.6240234375 0.3271484375
vt 0.625 0.3271484375
vt 0.6240234375 0.3271484375
vt 0.6240234375 0.3125
vt 0.625 0.3125
vn 0 0 -1
vn 0.7071067811865475 -0.7071067811865476 0
vn 0 0 1
vn -0.7071067811865475 0.7071067811865476 0
vn 0.7071067811865476 0.7071067811865475 0
vn -0.7071067811865476 -0.7071067811865475 0
usemtl m_9cf4343c-91f0-92da-4b25-54ec74dbc354
f 380/1132/283 383/1131/283 381/1130/283 378/1129/283
f 379/1136/284 380/1135/284 378/1134/284 377/1133/284
f 384/1140/285 379/1139/285 377/1138/285 382/1137/285
f 383/1144/286 384/1143/286 382/1142/286 381/1141/286
f 382/1148/287 377/1147/287 378/1146/287 381/1145/287
f 383/1152/288 380/1151/288 379/1150/288 384/1149/288
o cube
v 0.46086191785635006 3.1642951422018846 -12.6470603330811
v 2.020289838281777 4.723723062627311 -15.275310939644617
v 0.29700516367939017 3.0004383880249246 -12.841503585011278
v 1.8564330841048169 4.559866308450351 -15.469754191574795
v 1.9133399376273115 4.830672963281777 -15.275310939644617
v 0.3539120172018847 3.27124504285635 -12.6470603330811
v 1.7494831834503515 4.666816209104817 -15.469754191574795
v 0.1900552630249247 3.10738828867939 -12.841503585011278
vt 0.6708984375 0.3310546875
vt 0.671875 0.3310546875
vt 0.671875 0.3291015625
vt 0.6708984375 0.3291015625
vt 0.64453125 0.3310546875
vt 0.6708984375 0.3310546875
vt 0.6708984375 0.3291015625
vt 0.64453125 0.3291015625
vt 0.6982421875 0.3310546875
vt 0.69921875 0.3310546875
vt 0.69921875 0.3291015625
vt 0.6982421875 0.3291015625
vt 0.671875 0.3310546875
vt 0.6982421875 0.3310546875
vt 0.6982421875 0.3291015625
vt 0.671875 0.3291015625
vt 0.671875 0.3310546875
vt 0.6708984375 0.3310546875
vt 0.6708984375 0.357421875
vt 0.671875 0.357421875
vt 0.6728515625 0.357421875
vt 0.671875 0.357421875
vt 0.671875 0.3310546875
vt 0.6728515625 0.3310546875
vn 0.4545194776720438 0.45451947767204365 -0.7660444431189781
vn 0.7071067811865475 -0.7071067811865477 -8.326672684688674e-17
vn -0.4545194776720438 -0.45451947767204365 0.7660444431189781
vn -0.7071067811865475 0.7071067811865477 8.326672684688674e-17
vn 0.541675220419702 0.5416752204197018 0.6427876096865394
vn -0.541675220419702 -0.5416752204197018 -0.6427876096865394
usemtl m_9cf4343c-91f0-92da-4b25-54ec74dbc354
f 388/1156/289 391/1155/289 389/1154/289 386/1153/289
f 387/1160/290 388/1159/290 386/1158/290 385/1157/290
f 392/1164/291 387/1163/291 385/1162/291 390/1161/291
f 391/1168/292 392/1167/292 390/1166/292 389/1165/292
f 390/1172/293 385/1171/293 386/1170/293 389/1169/293
f 391/1176/294 388/1175/294 387/1174/294 392/1173/294
o cube
v 0.8590592320903523 3.562493081435887 -10.134041588920859
v 1.9136305703596062 4.617064419705141 -13.73457335452969
v 0.6614415836528003 3.3648754329983346 -10.249803327211298
v 1.716012921922054 4.419446771267588 -13.85033509282013
v 1.8066806697051407 4.724014320359606 -13.73457335452969
v 0.7521093314358869 3.6694429820903522 -10.134041588920859
v 1.6090630212675885 4.526396671922054 -13.85033509282013
v 0.5544916829983348 3.4718253336528004 -10.249803327211298
vt 0.4912109375 0.3447265625
vt 0.4921875 0.3447265625
vt 0.4921875 0.3427734375
vt 0.4912109375 0.3427734375
vt 0.4609375 0.3447265625
vt 0.4912109375 0.3447265625
vt 0.4912109375 0.3427734375
vt 0.4609375 0.3427734375
vt 0.5224609375 0.3447265625
vt 0.5234375 0.3447265625
vt 0.5234375 0.3427734375
vt 0.5224609375 0.3427734375
vt 0.4921875 0.3447265625
vt 0.5224609375 0.3447265625
vt 0.5224609375 0.3427734375
vt 0.4921875 0.3427734375
vt 0.4921875 0.3447265625
vt 0.4912109375 0.3447265625
vt 0.4912109375 0.375
vt 0.4921875 0.375
vt 0.4931640625 0.375
vt 0.4921875 0.375
vt 0.4921875 0.3447265625
vt 0.4931640625 0.3447265625
vn 0.27059805007309845 0.27059805007309845 -0.9238795325112867
vn 0.7071067811865476 -0.7071067811865476 0
vn -0.27059805007309845 -0.27059805007309845 0.9238795325112867
vn -0.7071067811865476 0.7071067811865476 0
vn 0.6532814824381883 0.6532814824381883 0.3826834323650898
vn -0.6532814824381883 -0.6532814824381883 -0.3826834323650898
usemtl m_9cf4343c-91f0-92da-4b25-54ec74dbc354
f 396/1180/295 399/1179/295 397/1178/295 394/1177/295
f 395/1184/296 396/1183/296 394/1182/296 393/1181/296
f 400/1188/297 395/1187/297 393/1186/297 398/1185/297
f 399/1192/298 400/1191/298 398/1190/298 397/1189/298
f 398/1196/299 393/1195/299 394/1194/299 397/1193/299
f 399/1200/300 396/1199/300 395/1198/300 400/1197/300
o cube
v 1.9001745051151753 4.60360835446071 -13.6389025
v 1.9001745051151753 4.60360835446071 -15.05734
v 1.6862747038062447 4.389708553151779 -13.6389025
v 1.6862747038062447 4.389708553151779 -15.05734
v 1.7932246044607099 4.710558255115175 -15.05734
v 1.7932246044607099 4.710558255115175 -13.6389025
v 1.5793248031517793 4.496658453806244 -15.05734
v 1.5793248031517793 4.496658453806244 -13.6389025
vt 0.408203125 0.40380859375
vt 0.4091796875 0.40380859375
vt 0.4091796875 0.40185546875
vt 0.408203125 0.40185546875
vt 0.3974609375 0.40380859375
vt 0.408203125 0.40380859375
vt 0.408203125 0.40185546875
vt 0.3974609375 0.40185546875
vt 0.419921875 0.40380859375
vt 0.4208984375 0.40380859375
vt 0.4208984375 0.40185546875
vt 0.419921875 0.40185546875
vt 0.4091796875 0.40380859375
vt 0.419921875 0.40380859375
vt 0.419921875 0.40185546875
vt 0.4091796875 0.40185546875
vt 0.4091796875 0.40380859375
vt 0.408203125 0.40380859375
vt 0.408203125 0.41455078125
vt 0.4091796875 0.41455078125
vt 0.41015625 0.41455078125
vt 0.4091796875 0.41455078125
vt 0.4091796875 0.40380859375
vt 0.41015625 0.40380859375
vn 0 0 -1
vn 0.7071067811865475 -0.7071067811865476 0
vn 0 0 1
vn -0.7071067811865475 0.7071067811865476 0
vn 0.7071067811865476 0.7071067811865475 0
vn -0.7071067811865476 -0.7071067811865475 0
usemtl m_9cf4343c-91f0-92da-4b25-54ec74dbc354
f 404/1204/301 407/1203/301 405/1202/301 402/1201/301
f 403/1208/302 404/1207/302 402/1206/302 401/1205/302
f 408/1212/303 403/1211/303 401/1210/303 406/1209/303
f 407/1216/304 408/1215/304 406/1214/304 405/1213/304
f 406/1220/305 401/1219/305 402/1218/305 405/1217/305
f 407/1224/306 404/1223/306 403/1222/306 408/1221/306
o cube
v 0.7633883739990799 3.4668222233446144 -10.460682330139953
v 1.750310199750059 4.453744049095594 -13.830244212620963
v 0.5657707255615279 3.2692045749070626 -10.576444068430392
v 1.552692551312507 4.256126400658042 -13.946005950911402
v 1.6433602990955936 4.560693949750059 -13.830244212620963
v 0.6564384733446146 3.57377212399908 -10.460682330139953
v 1.4457426506580415 4.363076301312507 -13.946005950911402
v 0.45882082490706244 3.3761544755615276 -10.576444068430392
vt 0.6708984375 0.67724609375
vt 0.671875 0.67724609375
vt 0.671875 0.67529296875
vt 0.6708984375 0.67529296875
vt 0.642578125 0.67724609375
vt 0.6708984375 0.67724609375
vt 0.6708984375 0.67529296875
vt 0.642578125 0.67529296875
vt 0.7001953125 0.67724609375
vt 0.701171875 0.67724609375
vt 0.701171875 0.67529296875
vt 0.7001953125 0.67529296875
vt 0.671875 0.67724609375
vt 0.7001953125 0.67724609375
vt 0.7001953125 0.67529296875
vt 0.671875 0.67529296875
vt 0.671875 0.67724609375
vt 0.6708984375 0.67724609375
vt 0.6708984375 0.70556640625
vt 0.671875 0.70556640625
vt 0.6728515625 0.70556640625
vt 0.671875 0.70556640625
vt 0.671875 0.67724609375
vt 0.6728515625 0.67724609375
vn 0.27059805007309845 0.27059805007309845 -0.9238795325112867
vn 0.7071067811865476 -0.7071067811865476 0
vn -0.27059805007309845 -0.27059805007309845 0.9238795325112867
vn -0.7071067811865476 0.7071067811865476 0
vn 0.6532814824381883 0.6532814824381883 0.3826834323650898
vn -0.6532814824381883 -0.6532814824381883 -0.3826834323650898
usemtl m_9cf4343c-91f0-92da-4b25-54ec74dbc354
f 412/1228/307 415/1227/307 413/1226/307 410/1225/307
f 411/1232/308 412/1231/308 410/1230/308 409/1229/308
f 416/1236/309 411/1235/309 409/1234/309 414/1233/309
f 415/1240/310 416/1239/310 414/1238/310 413/1237/310
f 414/1244/311 409/1243/311 410/1242/311 413/1241/311
f 415/1248/312 412/1247/312 411/1246/312 416/1245/312
o cube
v 1.7233978098185385 4.426831659164073 -13.6389025
v 1.7233978098185385 4.426831659164073 -14.74484
v 1.5094980085096077 4.212931857855143 -13.6389025
v 1.5094980085096077 4.212931857855143 -14.74484
v 1.616447909164073 4.5337815598185385 -14.74484
v 1.616447909164073 4.5337815598185385 -13.6389025
v 1.4025481078551423 4.319881758509608 -14.74484
v 1.4025481078551423 4.319881758509608 -13.6389025
vt 0.11474609375 0.30126953125
vt 0.11572265625 0.30126953125
vt 0.11572265625 0.29931640625
vt 0.11474609375 0.29931640625
vt 0.1064453125 0.30126953125
vt 0.11474609375 0.30126953125
vt 0.11474609375 0.29931640625
vt 0.1064453125 0.29931640625
vt 0.1240234375 0.30126953125
vt 0.125 0.30126953125
vt 0.125 0.29931640625
vt 0.1240234375 0.29931640625
vt 0.11572265625 0.30126953125
vt 0.1240234375 0.30126953125
vt 0.1240234375 0.29931640625
vt 0.11572265625 0.29931640625
vt 0.11572265625 0.30126953125
vt 0.11474609375 0.30126953125
vt 0.11474609375 0.3095703125
vt 0.11572265625 0.3095703125
vt 0.11669921875 0.3095703125
vt 0.11572265625 0.3095703125
vt 0.11572265625 0.30126953125
vt 0.11669921875 0.30126953125
vn 0 0 -1
vn 0.7071067811865475 -0.7071067811865476 0
vn 0 0 1
vn -0.7071067811865475 0.7071067811865476 0
vn 0.7071067811865476 0.7071067811865475 0
vn -0.7071067811865476 -0.7071067811865475 0
usemtl m_9cf4343c-91f0-92da-4b25-54ec74dbc354
f 420/1252/313 423/1251/313 421/1250/313 418/1249/313
f 419/1256/314 420/1255/314 418/1254/314 417/1253/314
f 424/1260/315 419/1259/315 417/1258/315 422/1257/315
f 423/1264/316 424/1263/316 422/1262/316 421/1261/316
f 422/1268/317 417/1267/317 418/1266/317 421/1265/317
f 423/1272/318 420/1271/318 419/1270/318 424/1269/318
o cube
v 0.7290394915749718 3.4324727159205066 -10.824388124999999
v 0.7290394915749718 3.4324727159205066 -13.002200625
v 0.515139690266041 3.218572914611576 -10.824388124999999
v 0.515139690266041 3.218572914611576 -13.002200625
v 0.6220895909205065 3.539422616574972 -13.002200625
v 0.6220895909205065 3.539422616574972 -10.824388124999999
v 0.4081897896115757 3.325522815266041 -13.002200625
v 0.4081897896115757 3.325522815266041 -10.824388124999999
vt 0.44921875 0.466796875
vt 0.4501953125 0.466796875
vt 0.4501953125 0.46484375
vt 0.44921875 0.46484375
vt 0.4326171875 0.466796875
vt 0.44921875 0.466796875
vt 0.44921875 0.46484375
vt 0.4326171875 0.46484375
vt 0.466796875 0.466796875
vt 0.4677734375 0.466796875
vt 0.4677734375 0.46484375
vt 0.466796875 0.46484375
vt 0.4501953125 0.466796875
vt 0.466796875 0.466796875
vt 0.466796875 0.46484375
vt 0.4501953125 0.46484375
vt 0.4501953125 0.466796875
vt 0.44921875 0.466796875
vt 0.44921875 0.4833984375
vt 0.4501953125 0.4833984375
vt 0.451171875 0.4833984375
vt 0.4501953125 0.4833984375
vt 0.4501953125 0.466796875
vt 0.451171875 0.466796875
vn 0 0 -1
vn 0.7071067811865475 -0.7071067811865476 0
vn 0 0 1
vn -0.7071067811865475 0.7071067811865476 0
vn 0.7071067811865476 0.7071067811865475 0
vn -0.7071067811865476 -0.7071067811865475 0
usemtl m_9cf4343c-91f0-92da-4b25-54ec74dbc354
f 428/1276/319 431/1275/319 429/1274/319 426/1273/319
f 427/1280/320 428/1279/320 426/1278/320 425/1277/320
f 432/1284/321 427/1283/321 425/1282/321 430/1281/321
f 431/1288/322 432/1287/322 430/1286/322 429/1285/322
f 430/1292/323 425/1291/323 426/1290/323 429/1289/323
f 431/1296/324 428/1295/324 427/1294/324 432/1293/324
o cube
v 0.7383180597337892 3.4417512840793236 -12.725752319134145
v 1.672781698360156 4.376214922705691 -14.300691816409067
v 0.5744613055568292 3.2778945299023636 -12.920195571064323
v 1.508924944183196 4.212358168528731 -14.495135068339247
v 1.5658317977056906 4.4831648233601555 -14.300691816409067
v 0.6313681590793239 3.548701184733789 -12.725752319134145
v 1.4019750435287306 4.3193080691831955 -14.495135068339247
v 0.46751140490236387 3.384844430556829 -12.920195571064323
vt 0.68359375 0.91259765625
vt 0.6845703125 0.91259765625
vt 0.6845703125 0.91064453125
vt 0.68359375 0.91064453125
vt 0.66796875 0.91259765625
vt 0.68359375 0.91259765625
vt 0.68359375 0.91064453125
vt 0.66796875 0.91064453125
vt 0.7001953125 0.91259765625
vt 0.701171875 0.91259765625
vt 0.701171875 0.91064453125
vt 0.7001953125 0.91064453125
vt 0.6845703125 0.91259765625
vt 0.7001953125 0.91259765625
vt 0.7001953125 0.91064453125
vt 0.6845703125 0.91064453125
vt 0.6845703125 0.91259765625
vt 0.68359375 0.91259765625
vt 0.68359375 0.92822265625
vt 0.6845703125 0.92822265625
vt 0.685546875 0.92822265625
vt 0.6845703125 0.92822265625
vt 0.6845703125 0.91259765625
vt 0.685546875 0.91259765625
vn 0.4545194776720438 0.45451947767204365 -0.7660444431189781
vn 0.7071067811865475 -0.7071067811865477 -8.326672684688674e-17
vn -0.4545194776720438 -0.45451947767204365 0.7660444431189781
vn -0.7071067811865475 0.7071067811865477 8.326672684688674e-17
vn 0.541675220419702 0.5416752204197018 0.6427876096865394
vn -0.541675220419702 -0.5416752204197018 -0.6427876096865394
usemtl m_9cf4343c-91f0-92da-4b25-54ec74dbc354
f 436/1300/325 439/1299/325 437/1298/325 434/1297/325
f 435/1304/326 436/1303/326 434/1302/326 433/1301/326
f 440/1308/327 435/1307/327 433/1306/327 438/1305/327
f 439/1312/328 440/1311/328 438/1310/328 437/1309/328
f 438/1316/329 433/1315/329 434/1314/329 437/1313/329
f 439/1320/330 436/1319/330 435/1318/330 440/1317/330
o cube
v 0.735367028426082 3.438800877771617 -11.018292954486869
v 1.6039022072700806 4.307336056615616 -13.98365754149419
v 0.6194095652933036 3.322843414638838 -11.086219263731673
v 1.4879447441373022 4.1913785934828365 -14.051583850738995
v 1.4969523066156152 4.4142859572700806 -13.98365754149419
v 0.6284171277716167 3.545750778426082 -11.018292954486869
v 1.3809948434828367 4.298328494137302 -14.051583850738995
v 0.5124596646388382 3.4297933152933036 -11.086219263731673
vt 0.33251953125 0.32666015625
vt 0.33349609375 0.32666015625
vt 0.33349609375 0.32568359375
vt 0.33251953125 0.32568359375
vt 0.3076171875 0.32666015625
vt 0.33251953125 0.32666015625
vt 0.33251953125 0.32568359375
vt 0.3076171875 0.32568359375
vt 0.3583984375 0.32666015625
vt 0.359375 0.32666015625
vt 0.359375 0.32568359375
vt 0.3583984375 0.32568359375
vt 0.33349609375 0.32666015625
vt 0.3583984375 0.32666015625
vt 0.3583984375 0.32568359375
vt 0.33349609375 0.32568359375
vt 0.33349609375 0.32666015625
vt 0.33251953125 0.32666015625
vt 0.33251953125 0.3515625
vt 0.33349609375 0.3515625
vt 0.33447265625 0.3515625
vt 0.33349609375 0.3515625
vt 0.33349609375 0.32666015625
vt 0.33447265625 0.32666015625
vn 0.27059805007309845 0.27059805007309845 -0.9238795325112867
vn 0.7071067811865476 -0.7071067811865476 0
vn -0.27059805007309845 -0.27059805007309845 0.9238795325112867
vn -0.7071067811865476 0.7071067811865476 0
vn 0.6532814824381883 0.6532814824381883 0.3826834323650898
vn -0.6532814824381883 -0.6532814824381883 -0.3826834323650898
usemtl m_9cf4343c-91f0-92da-4b25-54ec74dbc354
f 444/1324/331 447/1323/331 445/1322/331 442/1321/331
f 443/1328/332 444/1327/332 442/1326/332 441/1325/332
f 448/1332/333 443/1331/333 441/1330/333 446/1329/333
f 447/1336/334 448/1335/334 446/1334/334 445/1333/334
f 446/1340/335 441/1339/335 442/1338/335 445/1337/335
f 447/1344/336 444/1343/336 443/1342/336 448/1341/336
o cube
v 0.9058161868716087 3.6092494112171436 -11.449388124999999
v 0.9058161868716087 3.6092494112171436 -13.002200625
v 0.691916385562678 3.3953496099082128 -11.449388124999999
v 0.691916385562678 3.3953496099082128 -13.002200625
v 0.7988662862171434 3.716199311871609 -13.002200625
v 0.7988662862171434 3.716199311871609 -11.449388124999999
v 0.5849664849082126 3.502299510562678 -13.002200625
v 0.5849664849082126 3.502299510562678 -11.449388124999999
vt 0.6923828125 0.9755859375
vt 0.693359375 0.9755859375
vt 0.693359375 0.9736328125
vt 0.6923828125 0.9736328125
vt 0.6806640625 0.9755859375
vt 0.6923828125 0.9755859375
vt 0.6923828125 0.9736328125
vt 0.6806640625 0.9736328125
vt 0.705078125 0.9755859375
vt 0.7060546875 0.9755859375
vt 0.7060546875 0.9736328125
vt 0.705078125 0.9736328125
vt 0.693359375 0.9755859375
vt 0.705078125 0.9755859375
vt 0.705078125 0.9736328125
vt 0.693359375 0.9736328125
vt 0.693359375 0.9755859375
vt 0.6923828125 0.9755859375
vt 0.6923828125 0.9873046875
vt 0.693359375 0.9873046875
vt 0.6943359375 0.9873046875
vt 0.693359375 0.9873046875
vt 0.693359375 0.9755859375
vt 0.6943359375 0.9755859375
vn 0 0 -1
vn 0.7071067811865475 -0.7071067811865476 0
vn 0 0 1
vn -0.7071067811865475 0.7071067811865476 0
vn 0.7071067811865476 0.7071067811865475 0
vn -0.7071067811865476 -0.7071067811865475 0
usemtl m_9cf4343c-91f0-92da-4b25-54ec74dbc354
f 452/1348/337 455/1347/337 453/1346/337 450/1345/337
f 451/1352/338 452/1351/338 450/1350/338 449/1349/338
f 456/1356/339 451/1355/339 449/1354/339 454/1353/339
f 455/1360/340 456/1359/340 454/1358/340 453/1357/340
f 454/1364/341 449/1363/341 450/1362/341 453/1361/341
f 455/1368/342 452/1367/342 451/1366/342 456/1365/342
o cube
v 0.8737368648387147 3.577170089184249 -12.56505541671251
v 1.6093482319835624 4.3127814563290965 -13.804850470122881
v 0.7098801106617547 3.413313335007289 -12.759498668642689
v 1.4454914778066024 4.1489247021521365 -13.999293722053059
v 1.502398331329097 4.419731356983562 -13.804850470122881
v 0.7667869641842493 3.6841199898387145 -12.56505541671251
v 1.338541577152137 4.255874602806602 -13.999293722053059
v 0.6029302100072893 3.5202632356617545 -12.759498668642689
vt 0.68994140625 0.5849609375
vt 0.69091796875 0.5849609375
vt 0.69091796875 0.5830078125
vt 0.68994140625 0.5830078125
vt 0.677734375 0.5849609375
vt 0.68994140625 0.5849609375
vt 0.68994140625 0.5830078125
vt 0.677734375 0.5830078125
vt 0.703125 0.5849609375
vt 0.7041015625 0.5849609375
vt 0.7041015625 0.5830078125
vt 0.703125 0.5830078125
vt 0.69091796875 0.5849609375
vt 0.703125 0.5849609375
vt 0.703125 0.5830078125
vt 0.69091796875 0.5830078125
vt 0.69091796875 0.5849609375
vt 0.68994140625 0.5849609375
vt 0.68994140625 0.59716796875
vt 0.69091796875 0.59716796875
vt 0.69189453125 0.59716796875
vt 0.69091796875 0.59716796875
vt 0.69091796875 0.5849609375
vt 0.69189453125 0.5849609375
vn 0.4545194776720438 0.45451947767204365 -0.7660444431189781
vn 0.7071067811865475 -0.7071067811865477 -8.326672684688674e-17
vn -0.4545194776720438 -0.45451947767204365 0.7660444431189781
vn -0.7071067811865475 0.7071067811865477 8.326672684688674e-17
vn 0.541675220419702 0.5416752204197018 0.6427876096865394
vn -0.541675220419702 -0.5416752204197018 -0.6427876096865394
usemtl m_9cf4343c-91f0-92da-4b25-54ec74dbc354
f 460/1372/343 463/1371/343 461/1370/343 458/1369/343
f 459/1376/344 460/1375/344 458/1374/344 457/1373/344
f 464/1380/345 459/1379/345 457/1378/345 462/1377/345
f 463/1384/346 464/1383/346 462/1382/346 461/1381/346
f 462/1388/347 457/1387/347 458/1386/347 461/1385/347
f 463/1392/348 460/1391/348 459/1390/348 464/1389/348
o cube
v 0.9073925150648383 3.610826364410373 -11.932265445261837
v 1.2685563500217771 3.971990199367312 -13.165355908810495
v 0.7097748666272863 3.4132087159728206 -12.048027183552277
v 1.070938701584225 3.7743725509297597 -13.281117647100935
v 1.161606449367312 4.078940100021777 -13.165355908810495
v 0.8004426144103729 3.7177762650648383 -11.932265445261837
v 0.9639888009297597 3.881322451584225 -13.281117647100935
v 0.6028249659728209 3.5201586166272865 -12.048027183552277
vt 0.08447265625 0.3994140625
vt 0.08544921875 0.3994140625
vt 0.08544921875 0.3974609375
vt 0.08447265625 0.3974609375
vt 0.07421875 0.3994140625
vt 0.08447265625 0.3994140625
vt 0.08447265625 0.3974609375
vt 0.07421875 0.3974609375
vt 0.095703125 0.3994140625
vt 0.0966796875 0.3994140625
vt 0.0966796875 0.3974609375
vt 0.095703125 0.3974609375
vt 0.08544921875 0.3994140625
vt 0.095703125 0.3994140625
vt 0.095703125 0.3974609375
vt 0.08544921875 0.3974609375
vt 0.08544921875 0.3994140625
vt 0.08447265625 0.3994140625
vt 0.08447265625 0.40966796875
vt 0.08544921875 0.40966796875
vt 0.08642578125 0.40966796875
vt 0.08544921875 0.40966796875
vt 0.08544921875 0.3994140625
vt 0.08642578125 0.3994140625
vn 0.27059805007309845 0.27059805007309845 -0.9238795325112867
vn 0.7071067811865476 -0.7071067811865476 0
vn -0.27059805007309845 -0.27059805007309845 0.9238795325112867
vn -0.7071067811865476 0.7071067811865476 0
vn 0.6532814824381883 0.6532814824381883 0.3826834323650898
vn -0.6532814824381883 -0.6532814824381883 -0.3826834323650898
usemtl m_9cf4343c-91f0-92da-4b25-54ec74dbc354
f 468/1396/349 471/1395/349 469/1394/349 466/1393/349
f 467/1400/350 468/1399/350 466/1398/350 465/1397/350
f 472/1404/351 467/1403/351 465/1402/351 470/1401/351
f 471/1408/352 472/1407/352 470/1406/352 469/1405/352
f 470/1412/353 465/1411/353 466/1410/353 469/1409/353
f 471/1416/354 468/1415/354 467/1414/354 472/1413/354
o cube
v -0.7124811644906103 3.6298148151450755 -9.345461081446121
v -1.9700010403146877 4.887334690969153 -13.638902496438417
v -0.5148635160530581 3.4321971667075237 -9.46122281973656
v -1.7723833918771357 4.689717042531601 -13.754664234728857
v -2.0769509409691533 4.780384790314688 -13.638902496438417
v -0.8194310651450757 3.52286491449061 -9.345461081446121
v -1.879333292531601 4.582767141877135 -13.754664234728857
v -0.6218134167075235 3.325247266053058 -9.46122281973656
vt 0.6298828125 0.8701171875
vt 0.630859375 0.8701171875
vt 0.630859375 0.8681640625
vt 0.6298828125 0.8681640625
vt 0.59375 0.8701171875
vt 0.6298828125 0.8701171875
vt 0.6298828125 0.8681640625
vt 0.59375 0.8681640625
vt 0.6669921875 0.8701171875
vt 0.66796875 0.8701171875
vt 0.66796875 0.8681640625
vt 0.6669921875 0.8681640625
vt 0.630859375 0.8701171875
vt 0.6669921875 0.8701171875
vt 0.6669921875 0.8681640625
vt 0.630859375 0.8681640625
vt 0.630859375 0.8701171875
vt 0.6298828125 0.8701171875
vt 0.6298828125 0.90625
vt 0.630859375 0.90625
vt 0.6318359375 0.90625
vt 0.630859375 0.90625
vt 0.630859375 0.8701171875
vt 0.6318359375 0.8701171875
vn -0.27059805007309845 0.27059805007309845 -0.9238795325112867
vn 0.7071067811865476 0.7071067811865476 0
vn 0.27059805007309845 -0.27059805007309845 0.9238795325112867
vn -0.7071067811865476 -0.7071067811865476 0
vn -0.6532814824381883 0.6532814824381883 0.3826834323650898
vn 0.6532814824381883 -0.6532814824381883 -0.3826834323650898
usemtl m_9cf4343c-91f0-92da-4b25-54ec74dbc354
f 476/1420/355 479/1419/355 477/1418/355 474/1417/355
f 475/1424/356 476/1423/356 474/1422/356 473/1421/356
f 480/1428/357 475/1427/357 473/1426/357 478/1425/357
f 479/1432/358 480/1431/358 478/1430/358 477/1429/358
f 478/1436/359 473/1435/359 474/1434/359 477/1433/359
f 479/1440/360 476/1439/360 475/1438/360 480/1437/360
o cube
v -0.7521093314358869 3.6694429820903522 -10.134041588920859
v -1.8066806697051407 4.724014320359606 -13.73457335452969
v -0.5544916829983348 3.4718253336528004 -10.249803327211298
v -1.6090630212675885 4.526396671922054 -13.85033509282013
v -1.9136305703596062 4.617064419705141 -13.73457335452969
v -0.8590592320903523 3.562493081435887 -10.134041588920859
v -1.716012921922054 4.419446771267588 -13.85033509282013
v -0.6614415836528003 3.3648754329983346 -10.249803327211298
vt 0.5537109375 0.3447265625
vt 0.5546875 0.3447265625
vt 0.5546875 0.3427734375
vt 0.5537109375 0.3427734375
vt 0.5234375 0.3447265625
vt 0.5537109375 0.3447265625
vt 0.5537109375 0.3427734375
vt 0.5234375 0.3427734375
vt 0.5849609375 0.3447265625
vt 0.5859375 0.3447265625
vt 0.5859375 0.3427734375
vt 0.5849609375 0.3427734375
vt 0.5546875 0.3447265625
vt 0.5849609375 0.3447265625
vt 0.5849609375 0.3427734375
vt 0.5546875 0.3427734375
vt 0.5546875 0.3447265625
vt 0.5537109375 0.3447265625
vt 0.5537109375 0.375
vt 0.5546875 0.375
vt 0.5556640625 0.375
vt 0.5546875 0.375
vt 0.5546875 0.3447265625
vt 0.5556640625 0.3447265625
vn -0.27059805007309845 0.27059805007309845 -0.9238795325112867
vn 0.7071067811865476 0.7071067811865476 0
vn 0.27059805007309845 -0.27059805007309845 0.9238795325112867
vn -0.7071067811865476 -0.7071067811865476 0
vn -0.6532814824381883 0.6532814824381883 0.3826834323650898
vn 0.6532814824381883 -0.6532814824381883 -0.3826834323650898
usemtl m_9cf4343c-91f0-92da-4b25-54ec74dbc354
f 484/1444/361 487/1443/361 485/1442/361 482/1441/361
f 483/1448/362 484/1447/362 482/1446/362 481/1445/362
f 488/1452/363 483/1451/363 481/1450/363 486/1449/363
f 487/1456/364 488/1455/364 486/1454/364 485/1453/364
f 486/1460/365 481/1459/365 482/1458/365 485/1457/365
f 487/1464/366 484/1463/366 483/1462/366 488/1461/366
o cube
v -0.6564384733446146 3.57377212399908 -10.460682330139953
v -1.6433602990955936 4.560693949750059 -13.830244212620963
v -0.45882082490706244 3.3761544755615276 -10.576444068430392
v -1.4457426506580415 4.363076301312507 -13.946005950911402
v -1.750310199750059 4.453744049095594 -13.830244212620963
v -0.7633883739990799 3.4668222233446144 -10.460682330139953
v -1.552692551312507 4.256126400658042 -13.946005950911402
v -0.5657707255615279 3.2692045749070626 -10.576444068430392
vt 0.6142578125 0.3291015625
vt 0.615234375 0.3291015625
vt 0.615234375 0.3271484375
vt 0.6142578125 0.3271484375
vt 0.5859375 0.3291015625
vt 0.6142578125 0.3291015625
vt 0.6142578125 0.3271484375
vt 0.5859375 0.3271484375
vt 0.6435546875 0.3291015625
vt 0.64453125 0.3291015625
vt 0.64453125 0.3271484375
vt 0.6435546875 0.3271484375
vt 0.615234375 0.3291015625
vt 0.6435546875 0.3291015625
vt 0.6435546875 0.3271484375
vt 0.615234375 0.3271484375
vt 0.615234375 0.3291015625
vt 0.6142578125 0.3291015625
vt 0.6142578125 0.357421875
vt 0.615234375 0.357421875
vt 0.6162109375 0.357421875
vt 0.615234375 0.357421875
vt 0.615234375 0.3291015625
vt 0.6162109375 0.3291015625
vn -0.27059805007309845 0.27059805007309845 -0.9238795325112867
vn 0.7071067811865476 0.7071067811865476 0
vn 0.27059805007309845 -0.27059805007309845 0.9238795325112867
vn -0.7071067811865476 -0.7071067811865476 0
vn -0.6532814824381883 0.6532814824381883 0.3826834323650898
vn 0.6532814824381883 -0.6532814824381883 -0.3826834323650898
usemtl m_9cf4343c-91f0-92da-4b25-54ec74dbc354
f 492/1468/367 495/1467/367 493/1466/367 490/1465/367
f 491/1472/368 492/1471/368 490/1470/368 489/1469/368
f 496/1476/369 491/1475/369 489/1474/369 494/1473/369
f 495/1480/370 496/1479/370 494/1478/370 493/1477/370
f 494/1484/371 489/1483/371 490/1482/371 493/1481/371
f 495/1488/372 492/1487/372 491/1486/372 496/1485/372
o cube
v -0.6284171277716167 3.545750778426082 -11.018292954486869
v -1.4969523066156152 4.4142859572700806 -13.98365754149419
v -0.5124596646388382 3.4297933152933036 -11.086219263731673
v -1.3809948434828367 4.298328494137302 -14.051583850738995
v -1.6039022072700806 4.307336056615616 -13.98365754149419
v -0.735367028426082 3.438800877771617 -11.018292954486869
v -1.4879447441373022 4.1913785934828365 -14.051583850738995
v -0.6194095652933036 3.322843414638838 -11.086219263731673
vt 0.08447265625 0.3232421875
vt 0.08544921875 0.3232421875
vt 0.08544921875 0.322265625
vt 0.08447265625 0.322265625
vt 0.0595703125 0.3232421875
vt 0.08447265625 0.3232421875
vt 0.08447265625 0.322265625
vt 0.0595703125 0.322265625
vt 0.1103515625 0.3232421875
vt 0.111328125 0.3232421875
vt 0.111328125 0.322265625
vt 0.1103515625 0.322265625
vt 0.08544921875 0.3232421875
vt 0.1103515625 0.3232421875
vt 0.1103515625 0.322265625
vt 0.08544921875 0.322265625
vt 0.08544921875 0.3232421875
vt 0.08447265625 0.3232421875
vt 0.08447265625 0.34814453125
vt 0.08544921875 0.34814453125
vt 0.08642578125 0.34814453125
vt 0.08544921875 0.34814453125
vt 0.08544921875 0.3232421875
vt 0.08642578125 0.3232421875
vn -0.27059805007309845 0.27059805007309845 -0.9238795325112867
vn 0.7071067811865476 0.7071067811865476 0
vn 0.27059805007309845 -0.27059805007309845 0.9238795325112867
vn -0.7071067811865476 -0.7071067811865476 0
vn -0.6532814824381883 0.6532814824381883 0.3826834323650898
vn 0.6532814824381883 -0.6532814824381883 -0.3826834323650898
usemtl m_9cf4343c-91f0-92da-4b25-54ec74dbc354
f 500/1492/373 503/1491/373 501/1490/373 498/1489/373
f 499/1496/374 500/1495/374 498/1494/374 497/1493/374
f 504/1500/375 499/1499/375 497/1498/375 502/1497/375
f 503/1504/376 504/1503/376 502/1502/376 501/1501/376
f 502/1508/377 497/1507/377 498/1506/377 501/1505/377
f 503/1512/378 500/1511/378 499/1510/378 504/1509/378
o cube
v -0.8004426144103729 3.7177762650648383 -11.932265445261837
v -1.161606449367312 4.078940100021777 -13.165355908810495
v -0.6028249659728209 3.5201586166272865 -12.048027183552277
v -0.9639888009297597 3.881322451584225 -13.281117647100935
v -1.2685563500217771 3.971990199367312 -13.165355908810495
v -0.9073925150648383 3.610826364410373 -11.932265445261837
v -1.070938701584225 3.7743725509297597 -13.281117647100935
v -0.7097748666272863 3.4132087159728206 -12.048027183552277
vt 0.08447265625 0.38720703125
vt 0.08544921875 0.38720703125
vt 0.08544921875 0.38525390625
vt 0.08447265625 0.38525390625
vt 0.07421875 0.38720703125
vt 0.08447265625 0.38720703125
vt 0.08447265625 0.38525390625
vt 0.07421875 0.38525390625
vt 0.095703125 0.38720703125
vt 0.0966796875 0.38720703125
vt 0.0966796875 0.38525390625
vt 0.095703125 0.38525390625
vt 0.08544921875 0.38720703125
vt 0.095703125 0.38720703125
vt 0.095703125 0.38525390625
vt 0.08544921875 0.38525390625
vt 0.08544921875 0.38720703125
vt 0.08447265625 0.38720703125
vt 0.08447265625 0.3974609375
vt 0.08544921875 0.3974609375
vt 0.08642578125 0.3974609375
vt 0.08544921875 0.3974609375
vt 0.08544921875 0.38720703125
vt 0.08642578125 0.38720703125
vn -0.27059805007309845 0.27059805007309845 -0.9238795325112867
vn 0.7071067811865476 0.7071067811865476 0
vn 0.27059805007309845 -0.27059805007309845 0.9238795325112867
vn -0.7071067811865476 -0.7071067811865476 0
vn -0.6532814824381883 0.6532814824381883 0.3826834323650898
vn 0.6532814824381883 -0.6532814824381883 -0.3826834323650898
usemtl m_9cf4343c-91f0-92da-4b25-54ec74dbc354
f 508/1516/379 511/1515/379 509/1514/379 506/1513/379
f 507/1520/380 508/1519/380 506/1518/380 505/1517/380
f 512/1524/381 507/1523/381 505/1522/381 510/1521/381
f 511/1528/382 512/1527/382 510/1526/382 509/1525/382
f 510/1532/383 505/1531/383 506/1530/383 509/1529/383
f 511/1536/384 508/1535/384 507/1534/384 512/1533/384
o cube
v -0.21849321209695916 3.1358262377514246 -12.807757235502734
v -1.9199584692948997 4.8372914949493655 -15.675396730540932
v -0.05463645791999916 2.9719694835744646 -13.002200487432912
v -1.7561017151179397 4.6734347407724055 -15.869839982471111
v -2.026908369949365 4.7303415942949 -15.675396730540932
v -0.32544311275142457 3.028876337096959 -12.807757235502734
v -1.863051615772405 4.56648484011794 -15.869839982471111
v -0.16158635857446457 2.865019582919999 -13.002200487432912
vt 0.66552734375 0.6240234375
vt 0.66650390625 0.6240234375
vt 0.66650390625 0.6220703125
vt 0.66552734375 0.6220703125
vt 0.63671875 0.6240234375
vt 0.66552734375 0.6240234375
vt 0.66552734375 0.6220703125
vt 0.63671875 0.6220703125
vt 0.6953125 0.6240234375
vt 0.6962890625 0.6240234375
vt 0.6962890625 0.6220703125
vt 0.6953125 0.6220703125
vt 0.66650390625 0.6240234375
vt 0.6953125 0.6240234375
vt 0.6953125 0.6220703125
vt 0.66650390625 0.6220703125
vt 0.66650390625 0.6240234375
vt 0.66552734375 0.6240234375
vt 0.66552734375 0.65283203125
vt 0.66650390625 0.65283203125
vt 0.66748046875 0.65283203125
vt 0.66650390625 0.65283203125
vt 0.66650390625 0.6240234375
vt 0.66748046875 0.6240234375
vn -0.4545194776720438 0.45451947767204365 -0.7660444431189781
vn 0.7071067811865475 0.7071067811865477 8.326672684688674e-17
vn 0.4545194776720438 -0.45451947767204365 0.7660444431189781
vn -0.7071067811865475 -0.7071067811865477 -8.326672684688674e-17
vn -0.541675220419702 0.5416752204197018 0.6427876096865394
vn 0.541675220419702 -0.5416752204197018 -0.6427876096865394
usemtl m_9cf4343c-91f0-92da-4b25-54ec74dbc354
f 516/1540/385 519/1539/385 517/1538/385 514/1537/385
f 515/1544/386 516/1543/386 514/1542/386 513/1541/386
f 520/1548/387 515/1547/387 513/1546/387 518/1545/387
f 519/1552/388 520/1551/388 518/1550/388 517/1549/388
f 518/1556/389 513/1555/389 514/1554/389 517/1553/389
f 519/1560/390 516/1559/390 515/1558/390 520/1557/390
o cube
v -0.3539120172018847 3.27124504285635 -12.6470603330811
v -1.9133399376273115 4.830672963281777 -15.275310939644617
v -0.1900552630249247 3.10738828867939 -12.841503585011278
v -1.7494831834503515 4.666816209104817 -15.469754191574795
v -2.020289838281777 4.723723062627311 -15.275310939644617
v -0.46086191785635006 3.1642951422018846 -12.6470603330811
v -1.8564330841048169 4.559866308450351 -15.469754191574795
v -0.29700516367939017 3.0004383880249246 -12.841503585011278
vt 0.1669921875 0.32666015625
vt 0.16796875 0.32666015625
vt 0.16796875 0.32470703125
vt 0.1669921875 0.32470703125
vt 0.140625 0.32666015625
vt 0.1669921875 0.32666015625
vt 0.1669921875 0.32470703125
vt 0.140625 0.32470703125
vt 0.1943359375 0.32666015625
vt 0.1953125 0.32666015625
vt 0.1953125 0.32470703125
vt 0.1943359375 0.32470703125
vt 0.16796875 0.32666015625
vt 0.1943359375 0.32666015625
vt 0.1943359375 0.32470703125
vt 0.16796875 0.32470703125
vt 0.16796875 0.32666015625
vt 0.1669921875 0.32666015625
vt 0.1669921875 0.35302734375
vt 0.16796875 0.35302734375
vt 0.1689453125 0.35302734375
vt 0.16796875 0.35302734375
vt 0.16796875 0.32666015625
vt 0.1689453125 0.32666015625
vn -0.4545194776720438 0.45451947767204365 -0.7660444431189781
vn 0.7071067811865475 0.7071067811865477 8.326672684688674e-17
vn 0.4545194776720438 -0.45451947767204365 0.7660444431189781
vn -0.7071067811865475 -0.7071067811865477 -8.326672684688674e-17
vn -0.541675220419702 0.5416752204197018 0.6427876096865394
vn 0.541675220419702 -0.5416752204197018 -0.6427876096865394
usemtl m_9cf4343c-91f0-92da-4b25-54ec74dbc354
f 524/1564/391 527/1563/391 525/1562/391 522/1561/391
f 523/1568/392 524/1567/392 522/1566/392 521/1565/392
f 528/1572/393 523/1571/393 521/1570/393 526/1569/393
f 527/1576/394 528/1575/394 526/1574/394 525/1573/394
f 526/1580/395 521/1579/395 522/1578/395 525/1577/395
f 527/1584/396 524/1583/396 523/1582/396 528/1581/396
o cube
v -0.6313681590793239 3.548701184733789 -12.725752319134145
v -1.5658317977056906 4.4831648233601555 -14.300691816409067
v -0.46751140490236387 3.384844430556829 -12.920195571064323
v -1.4019750435287306 4.3193080691831955 -14.495135068339247
v -1.672781698360156 4.376214922705691 -14.300691816409067
v -0.7383180597337892 3.4417512840793236 -12.725752319134145
v -1.508924944183196 4.212358168528731 -14.495135068339247
v -0.5744613055568292 3.2778945299023636 -12.920195571064323
vt 0.68359375 0.89501953125
vt 0.6845703125 0.89501953125
vt 0.6845703125 0.89306640625
vt 0.68359375 0.89306640625
vt 0.66796875 0.89501953125
vt 0.68359375 0.89501953125
vt 0.68359375 0.89306640625
vt 0.66796875 0.89306640625
vt 0.7001953125 0.89501953125
vt 0.701171875 0.89501953125
vt 0.701171875 0.89306640625
vt 0.7001953125 0.89306640625
vt 0.6845703125 0.89501953125
vt 0.7001953125 0.89501953125
vt 0.7001953125 0.89306640625
vt 0.6845703125 0.89306640625
vt 0.6845703125 0.89501953125
vt 0.68359375 0.89501953125
vt 0.68359375 0.91064453125
vt 0.6845703125 0.91064453125
vt 0.685546875 0.91064453125
vt 0.6845703125 0.91064453125
vt 0.6845703125 0.89501953125
vt 0.685546875 0.89501953125
vn -0.4545194776720438 0.45451947767204365 -0.7660444431189781
vn 0.7071067811865475 0.7071067811865477 8.326672684688674e-17
vn 0.4545194776720438 -0.45451947767204365 0.7660444431189781
vn -0.7071067811865475 -0.7071067811865477 -8.326672684688674e-17
vn -0.541675220419702 0.5416752204197018 0.6427876096865394
vn 0.541675220419702 -0.5416752204197018 -0.6427876096865394
usemtl m_9cf4343c-91f0-92da-4b25-54ec74dbc354
f 532/1588/397 535/1587/397 533/1586/397 530/1585/397
f 531/1592/398 532/1591/398 530/1590/398 529/1589/398
f 536/1596/399 531/1595/399 529/1594/399 534/1593/399
f 535/1600/400 536/1599/400 534/1598/400 533/1597/400
f 534/1604/401 529/1603/401 530/1602/401 533/1601/401
f 535/1608/402 532/1607/402 531/1606/402 536/1605/402
o cube
v -0.7667869641842493 3.6841199898387145 -12.56505541671251
v -1.502398331329097 4.419731356983562 -13.804850470122881
v -0.6029302100072893 3.5202632356617545 -12.759498668642689
v -1.338541577152137 4.255874602806602 -13.999293722053059
v -1.6093482319835624 4.3127814563290965 -13.804850470122881
v -0.8737368648387147 3.577170089184249 -12.56505541671251
v -1.4454914778066024 4.1489247021521365 -13.999293722053059
v -0.7098801106617547 3.413313335007289 -12.759498668642689
vt 0.01220703125 0.3095703125
vt 0.01318359375 0.3095703125
vt 0.01318359375 0.3076171875
vt 0.01220703125 0.3076171875
vt 0 0.3095703125
vt 0.01220703125 0.3095703125
vt 0.01220703125 0.3076171875
vt 0 0.3076171875
vt 0.025390625 0.3095703125
vt 0.0263671875 0.3095703125
vt 0.0263671875 0.3076171875
vt 0.025390625 0.3076171875
vt 0.01318359375 0.3095703125
vt 0.025390625 0.3095703125
vt 0.025390625 0.3076171875
vt 0.01318359375 0.3076171875
vt 0.01318359375 0.3095703125
vt 0.01220703125 0.3095703125
vt 0.01220703125 0.32177734375
vt 0.01318359375 0.32177734375
vt 0.01416015625 0.32177734375
vt 0.01318359375 0.32177734375
vt 0.01318359375 0.3095703125
vt 0.01416015625 0.3095703125
vn -0.4545194776720438 0.45451947767204365 -0.7660444431189781
vn 0.7071067811865475 0.7071067811865477 8.326672684688674e-17
vn 0.4545194776720438 -0.45451947767204365 0.7660444431189781
vn -0.7071067811865475 -0.7071067811865477 -8.326672684688674e-17
vn -0.541675220419702 0.5416752204197018 0.6427876096865394
vn 0.541675220419702 -0.5416752204197018 -0.6427876096865394
usemtl m_9cf4343c-91f0-92da-4b25-54ec74dbc354
f 540/1612/403 543/1611/403 541/1610/403 538/1609/403
f 539/1616/404 540/1615/404 538/1614/404 537/1613/404
f 544/1620/405 539/1619/405 537/1618/405 542/1617/405
f 543/1624/406 544/1623/406 542/1622/406 541/1621/406
f 542/1628/407 537/1627/407 538/1626/407 541/1625/407
f 543/1632/408 540/1631/408 539/1630/408 544/1629/408
o cube
v -1.9700012997573468 4.887334950411812 -13.6389025
v -1.9700012997573468 4.887334950411812 -15.86984
v -1.756101498448416 4.673435149102882 -13.6389025
v -1.756101498448416 4.673435149102882 -15.86984
v -2.0769512004118122 4.780385049757347 -15.86984
v -2.0769512004118122 4.780385049757347 -13.6389025
v -1.8630513991028814 4.566485248448416 -15.86984
v -1.8630513991028814 4.566485248448416 -13.6389025
vt 0.44970703125 0.4853515625
vt 0.45068359375 0.4853515625
vt 0.45068359375 0.4833984375
vt 0.44970703125 0.4833984375
vt 0.4326171875 0.4853515625
vt 0.44970703125 0.4853515625
vt 0.44970703125 0.4833984375
vt 0.4326171875 0.4833984375
vt 0.4677734375 0.4853515625
vt 0.46875 0.4853515625
vt 0.46875 0.4833984375
vt 0.4677734375 0.4833984375
vt 0.45068359375 0.4853515625
vt 0.4677734375 0.4853515625
vt 0.4677734375 0.4833984375
vt 0.45068359375 0.4833984375
vt 0.45068359375 0.4853515625
vt 0.44970703125 0.4853515625
vt 0.44970703125 0.50244140625
vt 0.45068359375 0.50244140625
vt 0.45166015625 0.50244140625
vt 0.45068359375 0.50244140625
vt 0.45068359375 0.4853515625
vt 0.45166015625 0.4853515625
vn 0 0 -1
vn 0.7071067811865475 0.7071067811865476 0
vn 0 0 1
vn -0.7071067811865475 -0.7071067811865476 0
vn -0.7071067811865476 0.7071067811865475 0
vn 0.7071067811865476 -0.7071067811865475 0
usemtl m_9cf4343c-91f0-92da-4b25-54ec74dbc354
f 548/1636/409 551/1635/409 549/1634/409 546/1633/409
f 547/1640/410 548/1639/410 546/1638/410 545/1637/410
f 552/1644/411 547/1643/411 545/1642/411 550/1641/411
f 551/1648/412 552/1647/412 550/1646/412 549/1645/412
f 550/1652/413 545/1651/413 546/1650/413 549/1649/413
f 551/1656/414 548/1655/414 547/1654/414 552/1653/414
o cube
v -1.7932246044607099 4.710558255115175 -13.6389025
v -1.7932246044607099 4.710558255115175 -15.05734
v -1.5793248031517793 4.496658453806244 -13.6389025
v -1.5793248031517793 4.496658453806244 -15.05734
v -1.9001745051151753 4.60360835446071 -15.05734
v -1.9001745051151753 4.60360835446071 -13.6389025
v -1.6862747038062447 4.389708553151779 -15.05734
v -1.6862747038062447 4.389708553151779 -13.6389025
vt 0.408203125 0.39111328125
vt 0.4091796875 0.39111328125
vt 0.4091796875 0.38916015625
vt 0.408203125 0.38916015625
vt 0.3974609375 0.39111328125
vt 0.408203125 0.39111328125
vt 0.408203125 0.38916015625
vt 0.3974609375 0.38916015625
vt 0.419921875 0.39111328125
vt 0.4208984375 0.39111328125
vt 0.4208984375 0.38916015625
vt 0.419921875 0.38916015625
vt 0.4091796875 0.39111328125
vt 0.419921875 0.39111328125
vt 0.419921875 0.38916015625
vt 0.4091796875 0.38916015625
vt 0.4091796875 0.39111328125
vt 0.408203125 0.39111328125
vt 0.408203125 0.40185546875
vt 0.4091796875 0.40185546875
vt 0.41015625 0.40185546875
vt 0.4091796875 0.40185546875
vt 0.4091796875 0.39111328125
vt 0.41015625 0.39111328125
vn 0 0 -1
vn 0.7071067811865475 0.7071067811865476 0
vn 0 0 1
vn -0.7071067811865475 -0.7071067811865476 0
vn -0.7071067811865476 0.7071067811865475 0
vn 0.7071067811865476 -0.7071067811865475 0
usemtl m_9cf4343c-91f0-92da-4b25-54ec74dbc354
f 556/1660/415 559/1659/415 557/1658/415 554/1657/415
f 555/1664/416 556/1663/416 554/1662/416 553/1661/416
f 560/1668/417 555/1667/417 553/1666/417 558/1665/417
f 559/1672/418 560/1671/418 558/1670/418 557/1669/418
f 558/1676/419 553/1675/419 554/1674/419 557/1673/419
f 559/1680/420 556/1679/420 555/1678/420 560/1677/420
o cube
v -1.616447909164073 4.5337815598185385 -13.6389025
v -1.616447909164073 4.5337815598185385 -14.74484
v -1.4025481078551423 4.319881758509608 -13.6389025
v -1.4025481078551423 4.319881758509608 -14.74484
v -1.7233978098185385 4.426831659164073 -14.74484
v -1.7233978098185385 4.426831659164073 -13.6389025
v -1.5094980085096077 4.212931857855143 -14.74484
v -1.5094980085096077 4.212931857855143 -13.6389025
vt 0.13330078125 0.30126953125
vt 0.13427734375 0.30126953125
vt 0.13427734375 0.29931640625
vt 0.13330078125 0.29931640625
vt 0.125 0.30126953125
vt 0.13330078125 0.30126953125
vt 0.13330078125 0.29931640625
vt 0.125 0.29931640625
vt 0.142578125 0.30126953125
vt 0.1435546875 0.30126953125
vt 0.1435546875 0.29931640625
vt 0.142578125 0.29931640625
vt 0.13427734375 0.30126953125
vt 0.142578125 0.30126953125
vt 0.142578125 0.29931640625
vt 0.13427734375 0.29931640625
vt 0.13427734375 0.30126953125
vt 0.13330078125 0.30126953125
vt 0.13330078125 0.3095703125
vt 0.13427734375 0.3095703125
vt 0.13525390625 0.3095703125
vt 0.13427734375 0.3095703125
vt 0.13427734375 0.30126953125
vt 0.13525390625 0.30126953125
vn 0 0 -1
vn 0.7071067811865475 0.7071067811865476 0
vn 0 0 1
vn -0.7071067811865475 -0.7071067811865476 0
vn -0.7071067811865476 0.7071067811865475 0
vn 0.7071067811865476 -0.7071067811865475 0
usemtl m_9cf4343c-91f0-92da-4b25-54ec74dbc354
f 564/1684/421 567/1683/421 565/1682/421 562/1681/421
f 563/1688/422 564/1687/422 562/1686/422 561/1685/422
f 568/1692/423 563/1691/423 561/1690/423 566/1689/423
f 567/1696/424 568/1695/424 566/1694/424 565/1693/424
f 566/1700/425 561/1699/425 562/1698/425 565/1697/425
f 567/1704/426 564/1703/426 563/1702/426 568/1701/426
o cube
v -0.2685362003272327 3.185869225981698 -11.074388124999999
v -0.2685362003272327 3.185869225981698 -13.002200625
v -0.05463639901830192 2.9719694246727677 -11.074388124999999
v -0.05463639901830192 2.9719694246727677 -13.002200625
v -0.375486100981698 3.078919325327233 -13.002200625
v -0.375486100981698 3.078919325327233 -11.074388124999999
v -0.16158629967276722 2.8650195240183023 -13.002200625
v -0.16158629967276722 2.8650195240183023 -11.074388124999999
vt 0.3056640625 0.31103515625
vt 0.306640625 0.31103515625
vt 0.306640625 0.30908203125
vt 0.3056640625 0.30908203125
vt 0.291015625 0.31103515625
vt 0.3056640625 0.31103515625
vt 0.3056640625 0.30908203125
vt 0.291015625 0.30908203125
vt 0.3212890625 0.31103515625
vt 0.322265625 0.31103515625
vt 0.322265625 0.30908203125
vt 0.3212890625 0.30908203125
vt 0.306640625 0.31103515625
vt 0.3212890625 0.31103515625
vt 0.3212890625 0.30908203125
vt 0.306640625 0.30908203125
vt 0.306640625 0.31103515625
vt 0.3056640625 0.31103515625
vt 0.3056640625 0.32568359375
vt 0.306640625 0.32568359375
vt 0.3076171875 0.32568359375
vt 0.306640625 0.32568359375
vt 0.306640625 0.31103515625
vt 0.3076171875 0.31103515625
vn 0 0 -1
vn 0.7071067811865475 0.7071067811865476 0
vn 0 0 1
vn -0.7071067811865475 -0.7071067811865476 0
vn -0.7071067811865476 0.7071067811865475 0
vn 0.7071067811865476 -0.7071067811865475 0
usemtl m_9cf4343c-91f0-92da-4b25-54ec74dbc354
f 572/1708/427 575/1707/427 573/1706/427 570/1705/427
f 571/1712/428 572/1711/428 570/1710/428 569/1709/428
f 576/1716/429 571/1715/429 569/1714/429 574/1713/429
f 575/1720/430 576/1719/430 574/1718/430 573/1717/430
f 574/1724/431 569/1723/431 570/1722/431 573/1721/431
f 575/1728/432 572/1727/432 571/1726/432 576/1725/432
o cube
v -0.44531289562386955 3.362645921278335 -11.074388124999999
v -0.44531289562386955 3.362645921278335 -13.002200625
v -0.2314130943149388 3.1487461199694042 -11.074388124999999
v -0.2314130943149388 3.1487461199694042 -13.002200625
v -0.5522627962783349 3.2556960206238696 -13.002200625
v -0.5522627962783349 3.2556960206238696 -11.074388124999999
v -0.33836299496940414 3.041796219314939 -13.002200625
v -0.33836299496940414 3.041796219314939 -11.074388124999999
vt 0.3369140625 0.31103515625
vt 0.337890625 0.31103515625
vt 0.337890625 0.30908203125
vt 0.3369140625 0.30908203125
vt 0.322265625 0.31103515625
vt 0.3369140625 0.31103515625
vt 0.3369140625 0.30908203125
vt 0.322265625 0.30908203125
vt 0.3525390625 0.31103515625
vt 0.353515625 0.31103515625
vt 0.353515625 0.30908203125
vt 0.3525390625 0.30908203125
vt 0.337890625 0.31103515625
vt 0.3525390625 0.31103515625
vt 0.3525390625 0.30908203125
vt 0.337890625 0.30908203125
vt 0.337890625 0.31103515625
vt 0.3369140625 0.31103515625
vt 0.3369140625 0.32568359375
vt 0.337890625 0.32568359375
vt 0.3388671875 0.32568359375
vt 0.337890625 0.32568359375
vt 0.337890625 0.31103515625
vt 0.3388671875 0.31103515625
vn 0 0 -1
vn 0.7071067811865475 0.7071067811865476 0
vn 0 0 1
vn -0.7071067811865475 -0.7071067811865476 0
vn -0.7071067811865476 0.7071067811865475 0
vn 0.7071067811865476 -0.7071067811865475 0
usemtl m_9cf4343c-91f0-92da-4b25-54ec74dbc354
f 580/1732/433 583/1731/433 581/1730/433 578/1729/433
f 579/1736/434 580/1735/434 578/1734/434 577/1733/434
f 584/1740/435 579/1739/435 577/1738/435 582/1737/435
f 583/1744/436 584/1743/436 582/1742/436 581/1741/436
f 582/1748/437 577/1747/437 578/1746/437 581/1745/437
f 583/1752/438 580/1751/438 579/1750/438 584/1749/438
o cube
v -0.6220895909205065 3.539422616574972 -10.824388124999999
v -0.6220895909205065 3.539422616574972 -13.002200625
v -0.4081897896115757 3.325522815266041 -10.824388124999999
v -0.4081897896115757 3.325522815266041 -13.002200625
v -0.7290394915749718 3.4324727159205066 -13.002200625
v -0.7290394915749718 3.4324727159205066 -10.824388124999999
v -0.515139690266041 3.218572914611576 -13.002200625
v -0.515139690266041 3.218572914611576 -10.824388124999999
vt 0.68359375 0.80029296875
vt 0.6845703125 0.80029296875
vt 0.6845703125 0.79833984375
vt 0.68359375 0.79833984375
vt 0.6669921875 0.80029296875
vt 0.68359375 0.80029296875
vt 0.68359375 0.79833984375
vt 0.6669921875 0.79833984375
vt 0.701171875 0.80029296875
vt 0.7021484375 0.80029296875
vt 0.7021484375 0.79833984375
vt 0.701171875 0.79833984375
vt 0.6845703125 0.80029296875
vt 0.701171875 0.80029296875
vt 0.701171875 0.79833984375
vt 0.6845703125 0.79833984375
vt 0.6845703125 0.80029296875
vt 0.68359375 0.80029296875
vt 0.68359375 0.81689453125
vt 0.6845703125 0.81689453125
vt 0.685546875 0.81689453125
vt 0.6845703125 0.81689453125
vt 0.6845703125 0.80029296875
vt 0.685546875 0.80029296875
vn 0 0 -1
vn 0.7071067811865475 0.7071067811865476 0
vn 0 0 1
vn -0.7071067811865475 -0.7071067811865476 0
vn -0.7071067811865476 0.7071067811865475 0
vn 0.7071067811865476 -0.7071067811865475 0
usemtl m_9cf4343c-91f0-92da-4b25-54ec74dbc354
f 588/1756/439 591/1755/439 589/1754/439 586/1753/439
f 587/1760/440 588/1759/440 586/1758/440 585/1757/440
f 592/1764/441 587/1763/441 585/1762/441 590/1761/441
f 591/1768/442 592/1767/442 590/1766/442 589/1765/442
f 590/1772/443 585/1771/443 586/1770/443 589/1769/443
f 591/1776/444 588/1775/444 587/1774/444 592/1773/444
o cube
v -0.7988662862171434 3.716199311871609 -11.449388124999999
v -0.7988662862171434 3.716199311871609 -13.002200625
v -0.5849664849082126 3.502299510562678 -11.449388124999999
v -0.5849664849082126 3.502299510562678 -13.002200625
v -0.9058161868716087 3.6092494112171436 -13.002200625
v -0.9058161868716087 3.6092494112171436 -11.449388124999999
v -0.691916385562678 3.3953496099082128 -13.002200625
v -0.691916385562678 3.3953496099082128 -11.449388124999999
vt 0.6923828125 0.40673828125
vt 0.693359375 0.40673828125
vt 0.693359375 0.40478515625
vt 0.6923828125 0.40478515625
vt 0.6806640625 0.40673828125
vt 0.6923828125 0.40673828125
vt 0.6923828125 0.40478515625
vt 0.6806640625 0.40478515625
vt 0.705078125 0.40673828125
vt 0.7060546875 0.40673828125
vt 0.7060546875 0.40478515625
vt 0.705078125 0.40478515625
vt 0.693359375 0.40673828125
vt 0.705078125 0.40673828125
vt 0.705078125 0.40478515625
vt 0.693359375 0.40478515625
vt 0.693359375 0.40673828125
vt 0.6923828125 0.40673828125
vt 0.6923828125 0.41845703125
vt 0.693359375 0.41845703125
vt 0.6943359375 0.41845703125
vt 0.693359375 0.41845703125
vt 0.693359375 0.40673828125
vt 0.6943359375 0.40673828125
vn 0 0 -1
vn 0.7071067811865475 0.7071067811865476 0
vn 0 0 1
vn -0.7071067811865475 -0.7071067811865476 0
vn -0.7071067811865476 0.7071067811865475 0
vn 0.7071067811865476 -0.7071067811865475 0
usemtl m_9cf4343c-91f0-92da-4b25-54ec74dbc354
f 596/1780/445 599/1779/445 597/1778/445 594/1777/445
f 595/1784/446 596/1783/446 594/1782/446 593/1781/446
f 600/1788/447 595/1787/447 593/1786/447 598/1785/447
f 599/1792/448 600/1791/448 598/1790/448 597/1789/448
f 598/1796/449 593/1795/449 594/1794/449 597/1793/449
f 599/1800/450 596/1799/450 595/1798/450 600/1797/450
o cube
v -0.7218678243819965 3.639200850036462 -9.366298090381443
v -0.2556364678896963 3.1729694935441617 -11.17784927089028
v -0.5208677595044222 3.438200785158888 -9.26283699702543
v -0.05463640301212208 2.9719694286665876 -11.074388177534265
v -0.3625863685441616 3.0660195928896963 -11.17784927089028
v -0.8288177250364617 3.5322509493819965 -9.366298090381443
v -0.16158630366658736 2.8650195280121222 -11.074388177534265
v -0.6278176601588875 3.3312508845044224 -9.26283699702543
vt 0.4384765625 0.31103515625
vt 0.439453125 0.31103515625
vt 0.439453125 0.30908203125
vt 0.4384765625 0.30908203125
vt 0.423828125 0.31103515625
vt 0.4384765625 0.31103515625
vt 0.4384765625 0.30908203125
vt 0.423828125 0.30908203125
vt 0.4541015625 0.31103515625
vt 0.455078125 0.31103515625
vt 0.455078125 0.30908203125
vt 0.4541015625 0.30908203125
vt 0.439453125 0.31103515625
vt 0.4541015625 0.31103515625
vt 0.4541015625 0.30908203125
vt 0.439453125 0.30908203125
vt 0.439453125 0.31103515625
vt 0.4384765625 0.31103515625
vt 0.4384765625 0.32568359375
vt 0.439453125 0.32568359375
vt 0.4404296875 0.32568359375
vt 0.439453125 0.32568359375
vt 0.439453125 0.31103515625
vt 0.4404296875 0.31103515625
vn 0.24184476264797525 -0.2418447626479753 -0.9396926207859084
vn 0.7071067811865476 0.7071067811865475 -2.7755575615628914e-17
vn -0.24184476264797525 0.2418447626479753 0.9396926207859084
vn -0.7071067811865476 -0.7071067811865475 2.7755575615628914e-17
vn -0.6644630243886748 0.6644630243886748 -0.3420201433256687
vn 0.6644630243886748 -0.6644630243886748 0.3420201433256687
usemtl m_9cf4343c-91f0-92da-4b25-54ec74dbc354
f 604/1804/451 607/1803/451 605/1802/451 602/1801/451
f 603/1808/452 604/1807/452 602/1806/452 601/1805/452
f 608/1812/453 603/1811/453 601/1810/453 606/1809/453
f 607/1816/454 608/1815/454 606/1814/454 605/1813/454
f 606/1820/455 601/1819/455 602/1818/455 605/1817/455
f 607/1824/456 604/1823/456 603/1822/456 608/1821/456
o cube
v -0.7821764968206759 3.6995095224751413 -9.862918647806696
v -0.39152162865586804 3.308854654310333 -11.380815884319935
v -0.5811764319431016 3.4985094575975673 -9.75945755445068
v -0.19052156377829382 3.107854589432759 -11.277354790963921
v -0.49847152931033334 3.2019047536558682 -11.380815884319935
v -0.8891263974751412 3.592559621820676 -9.862918647806696
v -0.2974714644327591 3.0009046887782937 -11.277354790963921
v -0.6881263325975671 3.391559556943102 -9.75945755445068
vt 0.69189453125 0.51708984375
vt 0.69287109375 0.51708984375
vt 0.69287109375 0.51513671875
vt 0.69189453125 0.51513671875
vt 0.6796875 0.51708984375
vt 0.69189453125 0.51708984375
vt 0.69189453125 0.51513671875
vt 0.6796875 0.51513671875
vt 0.705078125 0.51708984375
vt 0.7060546875 0.51708984375
vt 0.7060546875 0.51513671875
vt 0.705078125 0.51513671875
vt 0.69287109375 0.51708984375
vt 0.705078125 0.51708984375
vt 0.705078125 0.51513671875
vt 0.69287109375 0.51513671875
vt 0.69287109375 0.51708984375
vt 0.69189453125 0.51708984375
vt 0.69189453125 0.529296875
vt 0.69287109375 0.529296875
vt 0.69384765625 0.529296875
vt 0.69287109375 0.529296875
vt 0.69287109375 0.51708984375
vt 0.69384765625 0.51708984375
vn 0.24184476264797525 -0.2418447626479753 -0.9396926207859084
vn 0.7071067811865476 0.7071067811865475 -2.7755575615628914e-17
vn -0.24184476264797525 0.2418447626479753 0.9396926207859084
vn -0.7071067811865476 -0.7071067811865475 2.7755575615628914e-17
vn -0.6644630243886748 0.6644630243886748 -0.3420201433256687
vn 0.6644630243886748 -0.6644630243886748 0.3420201433256687
usemtl m_9cf4343c-91f0-92da-4b25-54ec74dbc354
f 612/1828/457 615/1827/457 613/1826/457 610/1825/457
f 611/1832/458 612/1831/458 610/1830/458 609/1829/458
f 616/1836/459 611/1835/459 609/1834/459 614/1833/459
f 615/1840/460 616/1839/460 614/1838/460 613/1837/460
f 614/1844/461 609/1843/461 610/1842/461 613/1841/461
f 615/1848/462 612/1847/462 611/1846/462 616/1845/462
o cube
v 0.09375 2.884535 0.17225562500000008
v 0.09375 2.697035 0.17225562500000002
v 0.09375 2.884535 1.609755625
v 0.09375 2.697035 1.609755625
v -0.09375 2.697035 0.17225562500000002
v -0.09375 2.884535 0.17225562500000008
v -0.09375 2.697035 1.609755625
v -0.09375 2.884535 1.609755625
vt 0.06689453125 0.3701171875
vt 0.068359375 0.3701171875
vt 0.068359375 0.35888671875
vt 0.06689453125 0.35888671875
vt 0.0654296875 0.3701171875
vt 0.06689453125 0.3701171875
vt 0.06689453125 0.35888671875
vt 0.0654296875 0.35888671875
vt 0.06982421875 0.3701171875
vt 0.0712890625 0.3701171875
vt 0.0712890625 0.35888671875
vt 0.06982421875 0.35888671875
vt 0.068359375 0.3701171875
vt 0.06982421875 0.3701171875
vt 0.06982421875 0.35888671875
vt 0.068359375 0.35888671875
vt 0.068359375 0.3701171875
vt 0.06689453125 0.3701171875
vt 0.06689453125 0.37158203125
vt 0.068359375 0.37158203125
vt 0.06982421875 0.37158203125
vt 0.068359375 0.37158203125
vt 0.068359375 0.3701171875
vt 0.06982421875 0.3701171875
vn 0 -1 -2.220446049250313e-16
vn 1 0 0
vn 0 1 2.220446049250313e-16
vn -1 0 0
vn 0 2.220446049250313e-16 -1
vn 0 -2.220446049250313e-16 1
usemtl m_9cf4343c-91f0-92da-4b25-54ec74dbc354
f 620/1852/463 623/1851/463 621/1850/463 618/1849/463
f 619/1856/464 620/1855/464 618/1854/464 617/1853/464
f 624/1860/465 619/1859/465 617/1858/465 622/1857/465
f 623/1864/466 624/1863/466 622/1862/466 621/1861/466
f 622/1868/467 617/1867/467 618/1866/467 621/1865/467
f 623/1872/468 620/1871/468 619/1870/468 624/1869/468
o cube
v 0.09375007515367184 2.9470349999999996 1.6097555713188059
v 0.09375007515367184 2.6345349999999996 1.6097555713188059
v -0.1714149677912835 2.9470349999999996 1.8749206142637613
v -0.1714149677912835 2.6345349999999996 1.874920614263761
v 0.005361727505353409 2.6345349999999996 1.5213672236704874
v 0.005361727505353409 2.9470349999999996 1.5213672236704876
v -0.25980331543960195 2.6345349999999996 1.7865322666154428
v -0.25980331543960195 2.9470349999999996 1.7865322666154428
vt 0.21435546875 0.30126953125
vt 0.21533203125 0.30126953125
vt 0.21533203125 0.29833984375
vt 0.21435546875 0.29833984375
vt 0.2119140625 0.30126953125
vt 0.21435546875 0.30126953125
vt 0.21435546875 0.29833984375
vt 0.2119140625 0.29833984375
vt 0.2177734375 0.30126953125
vt 0.21875 0.30126953125
vt 0.21875 0.29833984375
vt 0.2177734375 0.29833984375
vt 0.21533203125 0.30126953125
vt 0.2177734375 0.30126953125
vt 0.2177734375 0.29833984375
vt 0.21533203125 0.29833984375
vt 0.21533203125 0.30126953125
vt 0.21435546875 0.30126953125
vt 0.21435546875 0.3037109375
vt 0.21533203125 0.3037109375
vt 0.21630859375 0.3037109375
vt 0.21533203125 0.3037109375
vt 0.21533203125 0.30126953125
vt 0.21630859375 0.30126953125
vn 0 -1 -2.220446049250313e-16
vn 0.7071067811865475 -1.5700924586837752e-16 0.7071067811865476
vn 0 1 2.220446049250313e-16
vn -0.7071067811865475 1.5700924586837752e-16 -0.7071067811865476
vn 0.7071067811865476 1.570092458683775e-16 -0.7071067811865475
vn -0.7071067811865476 -1.570092458683775e-16 0.7071067811865475
usemtl m_9cf4343c-91f0-92da-4b25-54ec74dbc354
f 628/1876/469 631/1875/469 629/1874/469 626/1873/469
f 627/1880/470 628/1879/470 626/1878/470 625/1877/470
f 632/1884/471 627/1883/471 625/1882/471 630/1881/471
f 631/1888/472 632/1887/472 630/1886/472 629/1885/472
f 630/1892/473 625/1891/473 626/1890/473 629/1889/473
f 631/1896/474 628/1895/474 627/1894/474 632/1893/474
o cube
v -0.13480312500000002 2.9470349999999996 1.786531875
v -0.13480312500000002 2.6345349999999996 1.786531875
v -0.13480312500000002 2.9470349999999996 2.286531875
v -0.13480312500000002 2.6345349999999996 2.286531875
v -0.259803125 2.6345349999999996 1.786531875
v -0.259803125 2.9470349999999996 1.786531875
v -0.259803125 2.6345349999999996 2.286531875
v -0.259803125 2.9470349999999996 2.286531875
vt 0.20751953125 0.30126953125
vt 0.20849609375 0.30126953125
vt 0.20849609375 0.29736328125
vt 0.20751953125 0.29736328125
vt 0.205078125 0.30126953125
vt 0.20751953125 0.30126953125
vt 0.20751953125 0.29736328125
vt 0.205078125 0.29736328125
vt 0.2109375 0.30126953125
vt 0.2119140625 0.30126953125
vt 0.2119140625 0.29736328125
vt 0.2109375 0.29736328125
vt 0.20849609375 0.30126953125
vt 0.2109375 0.30126953125
vt 0.2109375 0.29736328125
vt 0.20849609375 0.29736328125
vt 0.20849609375 0.30126953125
vt 0.20751953125 0.30126953125
vt 0.20751953125 0.3037109375
vt 0.20849609375 0.3037109375
vt 0.20947265625 0.3037109375
vt 0.20849609375 0.3037109375
vt 0.20849609375 0.30126953125
vt 0.20947265625 0.30126953125
vn 0 -1 -2.220446049250313e-16
vn 1 0 0
vn 0 1 2.220446049250313e-16
vn -1 0 0
vn 0 2.220446049250313e-16 -1
vn 0 -2.220446049250313e-16 1
usemtl m_9cf4343c-91f0-92da-4b25-54ec74dbc354
f 636/1900/475 639/1899/475 637/1898/475 634/1897/475
f 635/1904/476 636/1903/476 634/1902/476 633/1901/476
f 640/1908/477 635/1907/477 633/1906/477 638/1905/477
f 639/1912/478 640/1911/478 638/1910/478 637/1909/478
f 638/1916/479 633/1915/479 634/1914/479 637/1913/479
f 639/1920/480 636/1919/480 635/1918/480 640/1917/480
o cube
v 0.09375 2.872035 1.797255625
v 0.09375 2.709535 1.797255625
v 0.09375 2.8720349999999994 2.609755625
v 0.09375 2.7095349999999994 2.609755625
v -0.09375 2.709535 1.797255625
v -0.09375 2.872035 1.797255625
v -0.09375 2.7095349999999994 2.609755625
v -0.09375 2.8720349999999994 2.609755625
vt 0.109375 0.4501953125
vt 0.11083984375 0.4501953125
vt 0.11083984375 0.44384765625
vt 0.109375 0.44384765625
vt 0.1083984375 0.4501953125
vt 0.109375 0.4501953125
vt 0.109375 0.44384765625
vt 0.1083984375 0.44384765625
vt 0.11181640625 0.4501953125
vt 0.11328125 0.4501953125
vt 0.11328125 0.44384765625
vt 0.11181640625 0.44384765625
vt 0.11083984375 0.4501953125
vt 0.11181640625 0.4501953125
vt 0.11181640625 0.44384765625
vt 0.11083984375 0.44384765625
vt 0.11083984375 0.4501953125
vt 0.109375 0.4501953125
vt 0.109375 0.451171875
vt 0.11083984375 0.451171875
vt 0.1123046875 0.451171875
vt 0.11083984375 0.451171875
vt 0.11083984375 0.4501953125
vt 0.1123046875 0.4501953125
vn 0 -1 -2.220446049250313e-16
vn 1 0 0
vn 0 1 2.220446049250313e-16
vn -1 0 0
vn 0 2.220446049250313e-16 -1
vn 0 -2.220446049250313e-16 1
usemtl m_9cf4343c-91f0-92da-4b25-54ec74dbc354
f 644/1924/481 647/1923/481 645/1922/481 642/1921/481
f 643/1928/482 644/1927/482 642/1926/482 641/1925/482
f 648/1932/483 643/1931/483 641/1930/483 646/1929/483
f 647/1936/484 648/1935/484 646/1934/484 645/1933/484
f 646/1940/485 641/1939/485 642/1938/485 645/1937/485
f 647/1944/486 644/1943/486 643/1942/486 648/1941/486
o cube
v 0.09375 3.1970349999999996 2.284755625
v 0.09375 3.1970349999999996 2.122255625
v 0.09375 2.3845349999999996 2.284755625
v 0.09375 2.3845349999999996 2.122255625
v -0.09375 3.1970349999999996 2.122255625
v -0.09375 3.1970349999999996 2.284755625
v -0.09375 2.3845349999999996 2.122255625
v -0.09375 2.3845349999999996 2.284755625
vt 0.109375 0.44287109375
vt 0.11083984375 0.44287109375
vt 0.11083984375 0.4365234375
vt 0.109375 0.4365234375
vt 0.1083984375 0.44287109375
vt 0.109375 0.44287109375
vt 0.109375 0.4365234375
vt 0.1083984375 0.4365234375
vt 0.11181640625 0.44287109375
vt 0.11328125 0.44287109375
vt 0.11328125 0.4365234375
vt 0.11181640625 0.4365234375
vt 0.11083984375 0.44287109375
vt 0.11181640625 0.44287109375
vt 0.11181640625 0.4365234375
vt 0.11083984375 0.4365234375
vt 0.11083984375 0.44287109375
vt 0.109375 0.44287109375
vt 0.109375 0.44384765625
vt 0.11083984375 0.44384765625
vt 0.1123046875 0.44384765625
vt 0.11083984375 0.44384765625
vt 0.11083984375 0.44287109375
vt 0.1123046875 0.44287109375
vn 0 0 -1
vn 1 0 0
vn 0 0 1
vn -1 0 0
vn 0 1 0
vn 0 -1 0
usemtl m_9cf4343c-91f0-92da-4b25-54ec74dbc354
f 652/1948/487 655/1947/487 653/1946/487 650/1945/487
f 651/1952/488 652/1951/488 650/1950/488 649/1949/488
f 656/1956/489 651/1955/489 649/1954/489 654/1953/489
f 655/1960/490 656/1959/490 654/1958/490 653/1957/490
f 654/1964/491 649/1963/491 650/1962/491 653/1961/491
f 655/1968/492 652/1967/492 651/1966/492 656/1965/492
o cube
v 0.09375 3.197204088962373 2.1231056926182243
v 0.09375 3.1350180312030465 1.9729752685851403
v 0.09375 2.446551968796953 2.4340359814148598
v 0.09375 2.3843659110376256 2.2839055573817757
v -0.09375 3.1350180312030465 1.9729752685851403
v -0.09375 3.197204088962373 2.1231056926182243
v -0.09375 2.3843659110376256 2.2839055573817757
v -0.09375 2.446551968796953 2.4340359814148598
vt 0.109375 0.435546875
vt 0.11083984375 0.435546875
vt 0.11083984375 0.42919921875
vt 0.109375 0.42919921875
vt 0.1083984375 0.435546875
vt 0.109375 0.435546875
vt 0.109375 0.42919921875
vt 0.1083984375 0.42919921875
vt 0.11181640625 0.435546875
vt 0.11328125 0.435546875
vt 0.11328125 0.42919921875
vt 0.11181640625 0.42919921875
vt 0.11083984375 0.435546875
vt 0.11181640625 0.435546875
vt 0.11181640625 0.42919921875
vt 0.11083984375 0.42919921875
vt 0.11083984375 0.435546875
vt 0.109375 0.435546875
vt 0.109375 0.4365234375
vt 0.11083984375 0.4365234375
vt 0.1123046875 0.4365234375
vt 0.11083984375 0.4365234375
vt 0.11083984375 0.435546875
vt 0.1123046875 0.435546875
vn 0 -0.3826834323650896 -0.9238795325112867
vn 1 0 0
vn 0 0.3826834323650896 0.9238795325112867
vn -1 0 0
vn 0 0.9238795325112867 -0.3826834323650896
vn 0 -0.9238795325112867 0.3826834323650896
usemtl m_9cf4343c-91f0-92da-4b25-54ec74dbc354
f 660/1972/493 663/1971/493 661/1970/493 658/1969/493
f 659/1976/494 660/1975/494 658/1974/494 657/1973/494
f 664/1980/495 659/1979/495 657/1978/495 662/1977/495
f 663/1984/496 664/1983/496 662/1982/496 661/1981/496
f 662/1988/497 657/1987/497 658/1986/497 661/1985/497
f 663/1992/498 660/1991/498 659/1990/498 664/1989/498
o cube
v 0.09375 3.1354995558284418 1.9736959211143723
v 0.09375 3.0205947038856276 1.8587910691715583
v 0.09375 2.5609752961143717 2.5482201808284417
v 0.09375 2.4460704441715575 2.433315328885628
v -0.09375 3.0205947038856276 1.8587910691715583
v -0.09375 3.1354995558284418 1.9736959211143723
v -0.09375 2.4460704441715575 2.433315328885628
v -0.09375 2.5609752961143717 2.5482201808284417
vt 0.109375 0.42822265625
vt 0.11083984375 0.42822265625
vt 0.11083984375 0.421875
vt 0.109375 0.421875
vt 0.1083984375 0.42822265625
vt 0.109375 0.42822265625
vt 0.109375 0.421875
vt 0.1083984375 0.421875
vt 0.11181640625 0.42822265625
vt 0.11328125 0.42822265625
vt 0.11328125 0.421875
vt 0.11181640625 0.421875
vt 0.11083984375 0.42822265625
vt 0.11181640625 0.42822265625
vt 0.11181640625 0.421875
vt 0.11083984375 0.421875
vt 0.11083984375 0.42822265625
vt 0.109375 0.42822265625
vt 0.109375 0.42919921875
vt 0.11083984375 0.42919921875
vt 0.1123046875 0.42919921875
vt 0.11083984375 0.42919921875
vt 0.11083984375 0.42822265625
vt 0.1123046875 0.42822265625
vn 0 -0.7071067811865474 -0.7071067811865477
vn 1 0 0
vn 0 0.7071067811865474 0.7071067811865477
vn -1 0 0
vn 0 0.7071067811865477 -0.7071067811865474
vn 0 -0.7071067811865477 0.7071067811865474
usemtl m_9cf4343c-91f0-92da-4b25-54ec74dbc354
f 668/1996/499 671/1995/499 669/1994/499 666/1993/499
f 667/2000/500 668/1999/500 666/1998/500 665/1997/500
f 672/2004/501 667/2003/501 665/2002/501 670/2001/501
f 671/2008/502 672/2007/502 670/2006/502 669/2005/502
f 670/2012/503 665/2011/503 666/2010/503 669/2009/503
f 671/2016/504 668/2015/504 667/2014/504 672/2013/504
o cube
v 0.09375 3.0213153564148594 1.8592725937969534
v 0.09375 2.8711849323817753 1.7970865360376262
v 0.09375 2.710385067618224 2.609924713962374
v 0.09375 2.56025464358514 2.5477386562030464
v -0.09375 2.8711849323817753 1.7970865360376262
v -0.09375 3.0213153564148594 1.8592725937969534
v -0.09375 2.56025464358514 2.5477386562030464
v -0.09375 2.710385067618224 2.609924713962374
vt 0.640625 0.326171875
vt 0.64208984375 0.326171875
vt 0.64208984375 0.31982421875
vt 0.640625 0.31982421875
vt 0.6396484375 0.326171875
vt 0.640625 0.326171875
vt 0.640625 0.31982421875
vt 0.6396484375 0.31982421875
vt 0.64306640625 0.326171875
vt 0.64453125 0.326171875
vt 0.64453125 0.31982421875
vt 0.64306640625 0.31982421875
vt 0.64208984375 0.326171875
vt 0.64306640625 0.326171875
vt 0.64306640625 0.31982421875
vt 0.64208984375 0.31982421875
vt 0.64208984375 0.326171875
vt 0.640625 0.326171875
vt 0.640625 0.3271484375
vt 0.64208984375 0.3271484375
vt 0.6435546875 0.3271484375
vt 0.64208984375 0.3271484375
vt 0.64208984375 0.326171875
vt 0.6435546875 0.326171875
vn 0 -0.9238795325112866 -0.38268343236508995
vn 1 0 0
vn 0 0.9238795325112866 0.38268343236508995
vn -1 0 0
vn 0 0.38268343236508995 -0.9238795325112866
vn 0 -0.38268343236508995 0.9238795325112866
usemtl m_9cf4343c-91f0-92da-4b25-54ec74dbc354
f 676/2020/505 679/2019/505 677/2018/505 674/2017/505
f 675/2024/506 676/2023/506 674/2022/506 673/2021/506
f 680/2028/507 675/2027/507 673/2026/507 678/2025/507
f 679/2032/508 680/2031/508 678/2030/508 677/2029/508
f 678/2036/509 673/2035/509 674/2034/509 677/2033/509
f 679/2040/510 676/2039/510 675/2038/510 680/2037/510
o cube
v 0.09375 3.135018031203046 2.4340359814148598
v 0.09375 3.1972040889623736 2.2839055573817757
v 0.09375 2.3843659110376256 2.1231056926182243
v 0.09375 2.446551968796953 1.97297526858514
v -0.09375 3.1972040889623736 2.2839055573817757
v -0.09375 3.135018031203046 2.4340359814148598
v -0.09375 2.446551968796953 1.97297526858514
v -0.09375 2.3843659110376256 2.1231056926182243
vt 0.6728515625 0.31201171875
vt 0.67431640625 0.31201171875
vt 0.67431640625 0.3056640625
vt 0.6728515625 0.3056640625
vt 0.671875 0.31201171875
vt 0.6728515625 0.31201171875
vt 0.6728515625 0.3056640625
vt 0.671875 0.3056640625
vt 0.67529296875 0.31201171875
vt 0.6767578125 0.31201171875
vt 0.6767578125 0.3056640625
vt 0.67529296875 0.3056640625
vt 0.67431640625 0.31201171875
vt 0.67529296875 0.31201171875
vt 0.67529296875 0.3056640625
vt 0.67431640625 0.3056640625
vt 0.67431640625 0.31201171875
vt 0.6728515625 0.31201171875
vt 0.6728515625 0.31298828125
vt 0.67431640625 0.31298828125
vt 0.67578125 0.31298828125
vt 0.67431640625 0.31298828125
vt 0.67431640625 0.31201171875
vt 0.67578125 0.31201171875
vn 0 0.38268343236509006 -0.9238795325112867
vn 1 0 0
vn 0 -0.38268343236509006 0.9238795325112867
vn -1 0 0
vn 0 0.9238795325112867 0.38268343236509006
vn 0 -0.9238795325112867 -0.38268343236509006
usemtl m_9cf4343c-91f0-92da-4b25-54ec74dbc354
f 684/2044/511 687/2043/511 685/2042/511 682/2041/511
f 683/2048/512 684/2047/512 682/2046/512 681/2045/512
f 688/2052/513 683/2051/513 681/2050/513 686/2049/513
f 687/2056/514 688/2055/514 686/2054/514 685/2053/514
f 686/2060/515 681/2059/515 682/2058/515 685/2057/515
f 687/2064/516 684/2063/516 683/2062/516 688/2061/516
o cube
v 0.09375 3.0205947038856276 2.5482201808284417
v 0.09375 3.1354995558284413 2.433315328885628
v 0.09375 2.4460704441715575 1.973695921114372
v 0.09375 2.5609752961143717 1.8587910691715581
v -0.09375 3.1354995558284413 2.433315328885628
v -0.09375 3.0205947038856276 2.5482201808284417
v -0.09375 2.5609752961143717 1.8587910691715581
v -0.09375 2.4460704441715575 1.973695921114372
vt 0.697265625 0.65087890625
vt 0.69873046875 0.65087890625
vt 0.69873046875 0.64453125
vt 0.697265625 0.64453125
vt 0.6962890625 0.65087890625
vt 0.697265625 0.65087890625
vt 0.697265625 0.64453125
vt 0.6962890625 0.64453125
vt 0.69970703125 0.65087890625
vt 0.701171875 0.65087890625
vt 0.701171875 0.64453125
vt 0.69970703125 0.64453125
vt 0.69873046875 0.65087890625
vt 0.69970703125 0.65087890625
vt 0.69970703125 0.64453125
vt 0.69873046875 0.64453125
vt 0.69873046875 0.65087890625
vt 0.697265625 0.65087890625
vt 0.697265625 0.65185546875
vt 0.69873046875 0.65185546875
vt 0.7001953125 0.65185546875
vt 0.69873046875 0.65185546875
vt 0.69873046875 0.65087890625
vt 0.7001953125 0.65087890625
vn 0 0.7071067811865476 -0.7071067811865476
vn 1 0 0
vn 0 -0.7071067811865476 0.7071067811865476
vn -1 0 0
vn 0 0.7071067811865476 0.7071067811865476
vn 0 -0.7071067811865476 -0.7071067811865476
usemtl m_9cf4343c-91f0-92da-4b25-54ec74dbc354
f 692/2068/517 695/2067/517 693/2066/517 690/2065/517
f 691/2072/518 692/2071/518 690/2070/518 689/2069/518
f 696/2076/519 691/2075/519 689/2074/519 694/2073/519
f 695/2080/520 696/2079/520 694/2078/520 693/2077/520
f 694/2084/521 689/2083/521 690/2082/521 693/2081/521
f 695/2088/522 692/2087/522 691/2086/522 696/2085/522
o cube
v 0.09375 2.8711849323817753 2.609924713962374
v 0.09375 3.0213153564148594 2.547738656203047
v 0.09375 2.56025464358514 1.8592725937969532
v 0.09375 2.710385067618224 1.7970865360376262
v -0.09375 3.0213153564148594 2.547738656203047
v -0.09375 2.8711849323817753 2.609924713962374
v -0.09375 2.710385067618224 1.7970865360376262
v -0.09375 2.56025464358514 1.8592725937969532
vt 0.697265625 0.6435546875
vt 0.69873046875 0.6435546875
vt 0.69873046875 0.63720703125
vt 0.697265625 0.63720703125
vt 0.6962890625 0.6435546875
vt 0.697265625 0.6435546875
vt 0.697265625 0.63720703125
vt 0.6962890625 0.63720703125
vt 0.69970703125 0.6435546875
vt 0.701171875 0.6435546875
vt 0.701171875 0.63720703125
vt 0.69970703125 0.63720703125
vt 0.69873046875 0.6435546875
vt 0.69970703125 0.6435546875
vt 0.69970703125 0.63720703125
vt 0.69873046875 0.63720703125
vt 0.69873046875 0.6435546875
vt 0.697265625 0.6435546875
vt 0.697265625 0.64453125
vt 0.69873046875 0.64453125
vt 0.7001953125 0.64453125
vt 0.69873046875 0.64453125
vt 0.69873046875 0.6435546875
vt 0.7001953125 0.6435546875
vn 0 0.9238795325112868 -0.38268343236508967
vn 1 0 0
vn 0 -0.9238795325112868 0.38268343236508967
vn -1 0 0
vn 0 0.38268343236508967 0.9238795325112868
vn 0 -0.38268343236508967 -0.9238795325112868
usemtl m_9cf4343c-91f0-92da-4b25-54ec74dbc354
f 700/2092/523 703/2091/523 701/2090/523 698/2089/523
f 699/2096/524 700/2095/524 698/2094/524 697/2093/524
f 704/2100/525 699/2099/525 697/2098/525 702/2097/525
f 703/2104/526 704/2103/526 702/2102/526 701/2101/526
f 702/2108/527 697/2107/527 698/2106/527 701/2105/527
f 703/2112/528 700/2111/528 699/2110/528 704/2109/528
o cube
v 0.15625 2.947035 0.7972556250000002
v 0.15625 2.634535 0.7972556250000002
v 0.15625 2.947035 1.4847556250000005
v 0.15625 2.634535 1.484755625
v -0.15625 2.634535 0.7972556250000002
v -0.15625 2.947035 0.7972556250000002
v -0.15625 2.634535 1.484755625
v -0.15625 2.947035 1.4847556250000005
vt 0.67431640625 0.30322265625
vt 0.6767578125 0.30322265625
vt 0.6767578125 0.2978515625
vt 0.67431640625 0.2978515625
vt 0.671875 0.30322265625
vt 0.67431640625 0.30322265625
vt 0.67431640625 0.2978515625
vt 0.671875 0.2978515625
vt 0.67919921875 0.30322265625
vt 0.681640625 0.30322265625
vt 0.681640625 0.2978515625
vt 0.67919921875 0.2978515625
vt 0.6767578125 0.30322265625
vt 0.67919921875 0.30322265625
vt 0.67919921875 0.2978515625
vt 0.6767578125 0.2978515625
vt 0.6767578125 0.30322265625
vt 0.67431640625 0.30322265625
vt 0.67431640625 0.3056640625
vt 0.6767578125 0.3056640625
vt 0.67919921875 0.3056640625
vt 0.6767578125 0.3056640625
vt 0.6767578125 0.30322265625
vt 0.67919921875 0.30322265625
vn 0 -1 -2.220446049250313e-16
vn 1 0 0
vn 0 1 2.220446049250313e-16
vn -1 0 0
vn 0 2.220446049250313e-16 -1
vn 0 -2.220446049250313e-16 1
usemtl m_9cf4343c-91f0-92da-4b25-54ec74dbc354
f 708/2116/529 711/2115/529 709/2114/529 706/2113/529
f 707/2120/530 708/2119/530 706/2118/530 705/2117/530
f 712/2124/531 707/2123/531 705/2122/531 710/2121/531
f 711/2128/532 712/2127/532 710/2126/532 709/2125/532
f 710/2132/533 705/2131/533 706/2130/533 709/2129/533
f 711/2136/534 708/2135/534 707/2134/534 712/2133/534
o cube
v 0.1875 2.978285 1.1722556250000005
v 0.1875 2.603285 1.172255625
v 0.1875 2.978285 1.3597556250000005
v 0.1875 2.603285 1.359755625
v -0.1875 2.603285 1.172255625
v -0.1875 2.978285 1.1722556250000005
v -0.1875 2.603285 1.359755625
v -0.1875 2.978285 1.3597556250000005
vt 0.44140625 0.3271484375
vt 0.4443359375 0.3271484375
vt 0.4443359375 0.32568359375
vt 0.44140625 0.32568359375
vt 0.4384765625 0.3271484375
vt 0.44140625 0.3271484375
vt 0.44140625 0.32568359375
vt 0.4384765625 0.32568359375
vt 0.447265625 0.3271484375
vt 0.4501953125 0.3271484375
vt 0.4501953125 0.32568359375
vt 0.447265625 0.32568359375
vt 0.4443359375 0.3271484375
vt 0.447265625 0.3271484375
vt 0.447265625 0.32568359375
vt 0.4443359375 0.32568359375
vt 0.4443359375 0.3271484375
vt 0.44140625 0.3271484375
vt 0.44140625 0.330078125
vt 0.4443359375 0.330078125
vt 0.447265625 0.330078125
vt 0.4443359375 0.330078125
vt 0.4443359375 0.3271484375
vt 0.447265625 0.3271484375
vn 0 -1 -2.220446049250313e-16
vn 1 0 0
vn 0 1 2.220446049250313e-16
vn -1 0 0
vn 0 2.220446049250313e-16 -1
vn 0 -2.220446049250313e-16 1
usemtl m_9cf4343c-91f0-92da-4b25-54ec74dbc354
f 716/2140/535 719/2139/535 717/2138/535 714/2137/535
f 715/2144/536 716/2143/536 714/2142/536 713/2141/536
f 720/2148/537 715/2147/537 713/2146/537 718/2145/537
f 719/2152/538 720/2151/538 718/2150/538 717/2149/538
f 718/2156/539 713/2155/539 714/2154/539 717/2153/539
f 719/2160/540 716/2159/540 715/2158/540 720/2157/540
o cube
v -0.1875 2.884535 0.7972556250000002
v -0.1875 2.697035 0.7972556250000002
v -0.1875 2.884535 1.3597556250000005
v -0.1875 2.697035 1.359755625
v -0.375 2.697035 0.7972556250000002
v -0.375 2.884535 0.7972556250000002
v -0.375 2.697035 1.359755625
v -0.375 2.884535 1.3597556250000005
vt 0.28955078125 0.60009765625
vt 0.291015625 0.60009765625
vt 0.291015625 0.595703125
vt 0.28955078125 0.595703125
vt 0.2880859375 0.60009765625
vt 0.28955078125 0.60009765625
vt 0.28955078125 0.595703125
vt 0.2880859375 0.595703125
vt 0.29248046875 0.60009765625
vt 0.2939453125 0.60009765625
vt 0.2939453125 0.595703125
vt 0.29248046875 0.595703125
vt 0.291015625 0.60009765625
vt 0.29248046875 0.60009765625
vt 0.29248046875 0.595703125
vt 0.291015625 0.595703125
vt 0.291015625 0.60009765625
vt 0.28955078125 0.60009765625
vt 0.28955078125 0.6015625
vt 0.291015625 0.6015625
vt 0.29248046875 0.6015625
vt 0.291015625 0.6015625
vt 0.291015625 0.60009765625
vt 0.29248046875 0.60009765625
vn 0 -1 -2.220446049250313e-16
vn 1 0 0
vn 0 1 2.220446049250313e-16
vn -1 0 0
vn 0 2.220446049250313e-16 -1
vn 0 -2.220446049250313e-16 1
usemtl m_9cf4343c-91f0-92da-4b25-54ec74dbc354
f 724/2164/541 727/2163/541 725/2162/541 722/2161/541
f 723/2168/542 724/2167/542 722/2166/542 721/2165/542
f 728/2172/543 723/2171/543 721/2170/543 726/2169/543
f 727/2176/544 728/2175/544 726/2174/544 725/2173/544
f 726/2180/545 721/2179/545 722/2178/545 725/2177/545
f 727/2184/546 724/2183/546 723/2182/546 728/2181/546
o cube
v -0.15625 2.915785 1.1722556250000005
v -0.15625 2.665785 1.172255625
v -0.15625 2.915785 1.3597556250000005
v -0.15625 2.665785 1.359755625
v -0.40625 2.665785 1.172255625
v -0.40625 2.915785 1.1722556250000005
v -0.40625 2.665785 1.359755625
v -0.40625 2.915785 1.3597556250000005
vt 0.169921875 0.46240234375
vt 0.171875 0.46240234375
vt 0.171875 0.4609375
vt 0.169921875 0.4609375
vt 0.16796875 0.46240234375
vt 0.169921875 0.46240234375
vt 0.169921875 0.4609375
vt 0.16796875 0.4609375
vt 0.173828125 0.46240234375
vt 0.17578125 0.46240234375
vt 0.17578125 0.4609375
vt 0.173828125 0.4609375
vt 0.171875 0.46240234375
vt 0.173828125 0.46240234375
vt 0.173828125 0.4609375
vt 0.171875 0.4609375
vt 0.171875 0.46240234375
vt 0.169921875 0.46240234375
vt 0.169921875 0.46435546875
vt 0.171875 0.46435546875
vt 0.173828125 0.46435546875
vt 0.171875 0.46435546875
vt 0.171875 0.46240234375
vt 0.173828125 0.46240234375
vn 0 -1 -2.220446049250313e-16
vn 1 0 0
vn 0 1 2.220446049250313e-16
vn -1 0 0
vn 0 2.220446049250313e-16 -1
vn 0 -2.220446049250313e-16 1
usemtl m_9cf4343c-91f0-92da-4b25-54ec74dbc354
f 732/2188/547 735/2187/547 733/2186/547 730/2185/547
f 731/2192/548 732/2191/548 730/2190/548 729/2189/548
f 736/2196/549 731/2195/549 729/2194/549 734/2193/549
f 735/2200/550 736/2199/550 734/2198/550 733/2197/550
f 734/2204/551 729/2203/551 730/2202/551 733/2201/551
f 735/2208/552 732/2207/552 731/2206/552 736/2205/552
o cube
v 0.5 2.4733750000000003 -0.38930250000000044
v 0.5 2.3483750000000003 -0.38930250000000044
v 0.5 2.4733749999999994 2.7356974999999997
v 0.5 2.3483749999999994 2.7356974999999997
v -0.5 2.3483750000000003 -0.38930250000000044
v -0.5 2.4733750000000003 -0.38930250000000044
v -0.5 2.3483749999999994 2.7356974999999997
v -0.5 2.4733749999999994 2.7356974999999997
vt 0.0517578125 0.9990234375
vt 0.05859375 0.9990234375
vt 0.05859375 0.978515625
vt 0.0517578125 0.978515625
vt 0.05078125 0.9990234375
vt 0.0517578125 0.9990234375
vt 0.0517578125 0.978515625
vt 0.05078125 0.978515625
vt 0.0595703125 0.9990234375
vt 0.06640625 0.9990234375
vt 0.06640625 0.978515625
vt 0.0595703125 0.978515625
vt 0.05859375 0.9990234375
vt 0.0595703125 0.9990234375
vt 0.0595703125 0.978515625
vt 0.05859375 0.978515625
vt 0.05859375 0.9990234375
vt 0.0517578125 0.9990234375
vt 0.0517578125 1
vt 0.05859375 1
vt 0.0654296875 1
vt 0.05859375 1
vt 0.05859375 0.9990234375
vt 0.0654296875 0.9990234375
vn 0 -1 -2.220446049250313e-16
vn 1 0 0
vn 0 1 2.220446049250313e-16
vn -1 0 0
vn 0 2.220446049250313e-16 -1
vn 0 -2.220446049250313e-16 1
usemtl m_9cf4343c-91f0-92da-4b25-54ec74dbc354
f 740/2212/553 743/2211/553 741/2210/553 738/2209/553
f 739/2216/554 740/2215/554 738/2214/554 737/2213/554
f 744/2220/555 739/2219/555 737/2218/555 742/2217/555
f 743/2224/556 744/2223/556 742/2222/556 741/2221/556
f 742/2228/557 737/2227/557 738/2226/557 741/2225/557
f 743/2232/558 740/2231/558 739/2230/558 744/2229/558
o cube
v -2 2.473375 -2.6393025
v -2 2.348375 -2.6393025
v -2 2.473375 -1.7018025
v -2 2.348375 -1.7018025
v -2.875 2.348375 -2.6393025
v -2.875 2.473375 -2.6393025
v -2.875 2.348375 -1.7018025
v -2.875 2.473375 -1.7018025
vt 0.0009765625 0.9990234375
vt 0.0068359375 0.9990234375
vt 0.0068359375 0.9921875
vt 0.0009765625 0.9921875
vt 0 0.9990234375
vt 0.0009765625 0.9990234375
vt 0.0009765625 0.9921875
vt 0 0.9921875
vt 0.0078125 0.9990234375
vt 0.013671875 0.9990234375
vt 0.013671875 0.9921875
vt 0.0078125 0.9921875
vt 0.0068359375 0.9990234375
vt 0.0078125 0.9990234375
vt 0.0078125 0.9921875
vt 0.0068359375 0.9921875
vt 0.0068359375 0.9990234375
vt 0.0009765625 0.9990234375
vt 0.0009765625 1
vt 0.0068359375 1
vt 0.0126953125 1
vt 0.0068359375 1
vt 0.0068359375 0.9990234375
vt 0.0126953125 0.9990234375
vn 0 -1 -2.220446049250313e-16
vn 1 0 0
vn 0 1 2.220446049250313e-16
vn -1 0 0
vn 0 2.220446049250313e-16 -1
vn 0 -2.220446049250313e-16 1
usemtl m_9cf4343c-91f0-92da-4b25-54ec74dbc354
f 748/2236/559 751/2235/559 749/2234/559 746/2233/559
f 747/2240/560 748/2239/560 746/2238/560 745/2237/560
f 752/2244/561 747/2243/561 745/2242/561 750/2241/561
f 751/2248/562 752/2247/562 750/2246/562 749/2245/562
f 750/2252/563 745/2251/563 746/2250/563 749/2249/563
f 751/2256/564 748/2255/564 747/2254/564 752/2253/564
o cube
v 2.875 2.473375 -2.6393025
v 2.875 2.348375 -2.6393025
v 2.875 2.473375 -1.7018025
v 2.875 2.348375 -1.7018025
v 2 2.348375 -2.6393025
v 2 2.473375 -2.6393025
v 2 2.348375 -1.7018025
v 2 2.473375 -1.7018025
vt 0.0068359375 0.9990234375
vt 0.0009765625 0.9990234375
vt 0.0009765625 0.9921875
vt 0.0068359375 0.9921875
vt 0.0078125 0.9990234375
vt 0.0068359375 0.9990234375
vt 0.0068359375 0.9921875
vt 0.0078125 0.9921875
vt 0.013671875 0.9990234375
vt 0.0078125 0.9990234375
vt 0.0078125 0.9921875
vt 0.013671875 0.9921875
vt 0.0009765625 0.9990234375
vt 0 0.9990234375
vt 0 0.9921875
vt 0.0009765625 0.9921875
vt 0.0009765625 0.9990234375
vt 0.0068359375 0.9990234375
vt 0.0068359375 1
vt 0.0009765625 1
vt 0.0068359375 1
vt 0.0126953125 1
vt 0.0126953125 0.9990234375
vt 0.0068359375 0.9990234375
vn 0 -1 -2.220446049250313e-16
vn 1 0 0
vn 0 1 2.220446049250313e-16
vn -1 0 0
vn 0 2.220446049250313e-16 -1
vn 0 -2.220446049250313e-16 1
usemtl m_9cf4343c-91f0-92da-4b25-54ec74dbc354
f 756/2260/565 759/2259/565 757/2258/565 754/2257/565
f 755/2264/566 756/2263/566 754/2262/566 753/2261/566
f 760/2268/567 755/2267/567 753/2266/567 758/2265/567
f 759/2272/568 760/2271/568 758/2270/568 757/2269/568
f 758/2276/569 753/2275/569 754/2274/569 757/2273/569
f 759/2280/570 756/2279/570 755/2278/570 760/2277/570
o cube
v -2.34375 3.072035 -4.390244375000001
v -2.34375 2.884535 -4.390244375000001
v -2.34375 3.072035 -2.9527443750000004
v -2.34375 2.884535 -2.952744375000001
v -2.53125 2.884535 -4.390244375000001
v -2.53125 3.072035 -4.390244375000001
v -2.53125 2.884535 -2.952744375000001
v -2.53125 3.072035 -2.9527443750000004
vt 0.16455078125 0.30810546875
vt 0.166015625 0.30810546875
vt 0.166015625 0.296875
vt 0.16455078125 0.296875
vt 0.1630859375 0.30810546875
vt 0.16455078125 0.30810546875
vt 0.16455078125 0.296875
vt 0.1630859375 0.296875
vt 0.16748046875 0.30810546875
vt 0.1689453125 0.30810546875
vt 0.1689453125 0.296875
vt 0.16748046875 0.296875
vt 0.166015625 0.30810546875
vt 0.16748046875 0.30810546875
vt 0.16748046875 0.296875
vt 0.166015625 0.296875
vt 0.166015625 0.30810546875
vt 0.16455078125 0.30810546875
vt 0.16455078125 0.3095703125
vt 0.166015625 0.3095703125
vt 0.16748046875 0.3095703125
vt 0.166015625 0.3095703125
vt 0.166015625 0.30810546875
vt 0.16748046875 0.30810546875
vn 0 -1 -2.220446049250313e-16
vn 1 0 0
vn 0 1 2.220446049250313e-16
vn -1 0 0
vn 0 2.220446049250313e-16 -1
vn 0 -2.220446049250313e-16 1
usemtl m_9cf4343c-91f0-92da-4b25-54ec74dbc354
f 764/2284/571 767/2283/571 765/2282/571 762/2281/571
f 763/2288/572 764/2287/572 762/2286/572 761/2285/572
f 768/2292/573 763/2291/573 761/2290/573 766/2289/573
f 767/2296/574 768/2295/574 766/2294/574 765/2293/574
f 766/2300/575 761/2299/575 762/2298/575 765/2297/575
f 767/2304/576 764/2303/576 763/2302/576 768/2301/576
o cube
v -2.59375 3.072035 -4.390244375000001
v -2.59375 2.884535 -4.390244375000001
v -2.59375 3.072035 -2.7027443750000004
v -2.59375 2.884535 -2.7027443750000004
v -2.78125 2.884535 -4.390244375000001
v -2.78125 3.072035 -4.390244375000001
v -2.78125 2.884535 -2.7027443750000004
v -2.78125 3.072035 -2.7027443750000004
vt 0.06103515625 0.3701171875
vt 0.0625 0.3701171875
vt 0.0625 0.35693359375
vt 0.06103515625 0.35693359375
vt 0.0595703125 0.3701171875
vt 0.06103515625 0.3701171875
vt 0.06103515625 0.35693359375
vt 0.0595703125 0.35693359375
vt 0.06396484375 0.3701171875
vt 0.0654296875 0.3701171875
vt 0.0654296875 0.35693359375
vt 0.06396484375 0.35693359375
vt 0.0625 0.3701171875
vt 0.06396484375 0.3701171875
vt 0.06396484375 0.35693359375
vt 0.0625 0.35693359375
vt 0.0625 0.3701171875
vt 0.06103515625 0.3701171875
vt 0.06103515625 0.37158203125
vt 0.0625 0.37158203125
vt 0.06396484375 0.37158203125
vt 0.0625 0.37158203125
vt 0.0625 0.3701171875
vt 0.06396484375 0.3701171875
vn 0 -1 -2.220446049250313e-16
vn 1 0 0
vn 0 1 2.220446049250313e-16
vn -1 0 0
vn 0 2.220446049250313e-16 -1
vn 0 -2.220446049250313e-16 1
usemtl m_9cf4343c-91f0-92da-4b25-54ec74dbc354
f 772/2308/577 775/2307/577 773/2306/577 770/2305/577
f 771/2312/578 772/2311/578 770/2310/578 769/2309/578
f 776/2316/579 771/2315/579 769/2314/579 774/2313/579
f 775/2320/580 776/2319/580 774/2318/580 773/2317/580
f 774/2324/581 769/2323/581 770/2322/581 773/2321/581
f 775/2328/582 772/2327/582 771/2326/582 776/2325/582
o cube
v -2.4428617275053535 3.1345349999999996 -3.041132776329513
v -2.4428617275053535 2.8220349999999996 -3.041132776329513
v -2.177696684560398 3.1345349999999996 -2.7759677333845576
v -2.177696684560398 2.8220349999999996 -2.7759677333845576
v -2.531250075153672 2.8220349999999996 -2.9527444286811946
v -2.531250075153672 3.1345349999999996 -2.9527444286811946
v -2.2660850322087165 2.8220349999999996 -2.6875793857362393
v -2.2660850322087165 3.1345349999999996 -2.6875793857362393
vt 0.69873046875 0.62939453125
vt 0.69970703125 0.62939453125
vt 0.69970703125 0.62646484375
vt 0.69873046875 0.62646484375
vt 0.6962890625 0.62939453125
vt 0.69873046875 0.62939453125
vt 0.69873046875 0.62646484375
vt 0.6962890625 0.62646484375
vt 0.7021484375 0.62939453125
vt 0.703125 0.62939453125
vt 0.703125 0.62646484375
vt 0.7021484375 0.62646484375
vt 0.69970703125 0.62939453125
vt 0.7021484375 0.62939453125
vt 0.7021484375 0.62646484375
vt 0.69970703125 0.62646484375
vt 0.69970703125 0.62939453125
vt 0.69873046875 0.62939453125
vt 0.69873046875 0.6318359375
vt 0.69970703125 0.6318359375
vt 0.70068359375 0.6318359375
vt 0.69970703125 0.6318359375
vt 0.69970703125 0.62939453125
vt 0.70068359375 0.62939453125
vn 0 -1 -2.220446049250313e-16
vn 0.7071067811865475 1.5700924586837752e-16 -0.7071067811865476
vn 0 1 2.220446049250313e-16
vn -0.7071067811865475 -1.5700924586837752e-16 0.7071067811865476
vn -0.7071067811865476 1.570092458683775e-16 -0.7071067811865475
vn 0.7071067811865476 -1.570092458683775e-16 0.7071067811865475
usemtl m_9cf4343c-91f0-92da-4b25-54ec74dbc354
f 780/2332/583 783/2331/583 781/2330/583 778/2329/583
f 779/2336/584 780/2335/584 778/2334/584 777/2333/584
f 784/2340/585 779/2339/585 777/2338/585 782/2337/585
f 783/2344/586 784/2343/586 782/2342/586 781/2341/586
f 782/2348/587 777/2347/587 778/2346/587 781/2345/587
f 783/2352/588 780/2351/588 779/2350/588 784/2349/588
o cube
v -2.16963875 3.1423474999999996 -2.7926425000000004
v -2.16963875 2.8142224999999996 -2.7926425000000004
v -2.16963875 3.1423474999999996 -2.1426425
v -2.16963875 2.8142224999999996 -2.1426425
v -2.3008887499999995 2.8142224999999996 -2.7926425000000004
v -2.3008887499999995 3.1423474999999996 -2.7926425000000004
v -2.3008887499999995 2.8142224999999996 -2.1426425
v -2.3008887499999995 3.1423474999999996 -2.1426425
vt 0.19189453125 0.30126953125
vt 0.19287109375 0.30126953125
vt 0.19287109375 0.29638671875
vt 0.19189453125 0.29638671875
vt 0.189453125 0.30126953125
vt 0.19189453125 0.30126953125
vt 0.19189453125 0.29638671875
vt 0.189453125 0.29638671875
vt 0.1953125 0.30126953125
vt 0.1962890625 0.30126953125
vt 0.1962890625 0.29638671875
vt 0.1953125 0.29638671875
vt 0.19287109375 0.30126953125
vt 0.1953125 0.30126953125
vt 0.1953125 0.29638671875
vt 0.19287109375 0.29638671875
vt 0.19287109375 0.30126953125
vt 0.19189453125 0.30126953125
vt 0.19189453125 0.3037109375
vt 0.19287109375 0.3037109375
vt 0.19384765625 0.3037109375
vt 0.19287109375 0.3037109375
vt 0.19287109375 0.30126953125
vt 0.19384765625 0.30126953125
vn 0 -1 -2.220446049250313e-16
vn 1 0 0
vn 0 1 2.220446049250313e-16
vn -1 0 0
vn 0 2.220446049250313e-16 -1
vn 0 -2.220446049250313e-16 1
usemtl m_9cf4343c-91f0-92da-4b25-54ec74dbc354
f 788/2356/589 791/2355/589 789/2354/589 786/2353/589
f 787/2360/590 788/2359/590 786/2358/590 785/2357/590
f 792/2364/591 787/2363/591 785/2362/591 790/2361/591
f 791/2368/592 792/2367/592 790/2366/592 789/2365/592
f 790/2372/593 785/2371/593 786/2370/593 789/2369/593
f 791/2376/594 788/2375/594 787/2374/594 792/2373/594
o cube
v -2.319385625 3.0849256250000003 -2.8255237500000003
v -2.319385625 2.871644374999999 -2.8255237500000003
v -2.319385625 3.0849256250000003 -1.7591175000000003
v -2.319385625 2.871644374999999 -1.7591175000000003
v -2.565479375 2.871644374999999 -2.8255237500000003
v -2.565479375 3.0849256250000003 -2.8255237500000003
v -2.565479375 2.871644374999999 -1.7591175000000003
v -2.565479375 3.0849256250000003 -1.7591175000000003
vt 0.50439453125 0.30322265625
vt 0.505859375 0.30322265625
vt 0.505859375 0.294921875
vt 0.50439453125 0.294921875
vt 0.5029296875 0.30322265625
vt 0.50439453125 0.30322265625
vt 0.50439453125 0.294921875
vt 0.5029296875 0.294921875
vt 0.50732421875 0.30322265625
vt 0.5087890625 0.30322265625
vt 0.5087890625 0.294921875
vt 0.50732421875 0.294921875
vt 0.505859375 0.30322265625
vt 0.50732421875 0.30322265625
vt 0.50732421875 0.294921875
vt 0.505859375 0.294921875
vt 0.505859375 0.30322265625
vt 0.50439453125 0.30322265625
vt 0.50439453125 0.3046875
vt 0.505859375 0.3046875
vt 0.50732421875 0.3046875
vt 0.505859375 0.3046875
vt 0.505859375 0.30322265625
vt 0.50732421875 0.30322265625
vn 0 -1 -2.220446049250313e-16
vn 1 0 0
vn 0 1 2.220446049250313e-16
vn -1 0 0
vn 0 2.220446049250313e-16 -1
vn 0 -2.220446049250313e-16 1
usemtl m_9cf4343c-91f0-92da-4b25-54ec74dbc354
f 796/2380/595 799/2379/595 797/2378/595 794/2377/595
f 795/2384/596 796/2383/596 794/2382/596 793/2381/596
f 800/2388/597 795/2387/597 793/2386/597 798/2385/597
f 799/2392/598 800/2391/598 798/2390/598 797/2389/598
f 798/2396/599 793/2395/599 794/2394/599 797/2393/599
f 799/2400/600 796/2399/600 795/2398/600 800/2397/600
o cube
v -2.319385625 3.5114881249999996 -2.1856799999999996
v -2.319385625 3.5114881249999996 -2.398961250000001
v -2.319385625 2.4450818749999996 -2.1856799999999996
v -2.319385625 2.4450818749999996 -2.398961250000001
v -2.565479375 3.5114881249999996 -2.398961250000001
v -2.565479375 3.5114881249999996 -2.1856799999999996
v -2.565479375 2.4450818749999996 -2.398961250000001
v -2.565479375 2.4450818749999996 -2.1856799999999996
vt 0.51025390625 0.30322265625
vt 0.51171875 0.30322265625
vt 0.51171875 0.294921875
vt 0.51025390625 0.294921875
vt 0.5087890625 0.30322265625
vt 0.51025390625 0.30322265625
vt 0.51025390625 0.294921875
vt 0.5087890625 0.294921875
vt 0.51318359375 0.30322265625
vt 0.5146484375 0.30322265625
vt 0.5146484375 0.294921875
vt 0.51318359375 0.294921875
vt 0.51171875 0.30322265625
vt 0.51318359375 0.30322265625
vt 0.51318359375 0.294921875
vt 0.51171875 0.294921875
vt 0.51171875 0.30322265625
vt 0.51025390625 0.30322265625
vt 0.51025390625 0.3046875
vt 0.51171875 0.3046875
vt 0.51318359375 0.3046875
vt 0.51171875 0.3046875
vt 0.51171875 0.30322265625
vt 0.51318359375 0.30322265625
vn 0 0 -1
vn 1 0 0
vn 0 0 1
vn -1 0 0
vn 0 1 0
vn 0 -1 0
usemtl m_9cf4343c-91f0-92da-4b25-54ec74dbc354
f 804/2404/601 807/2403/601 805/2402/601 802/2401/601
f 803/2408/602 804/2407/602 802/2406/602 801/2405/602
f 808/2412/603 803/2411/603 801/2410/603 806/2409/603
f 807/2416/604 808/2415/604 806/2414/604 805/2413/604
f 806/2420/605 801/2419/605 802/2418/605 805/2417/605
f 807/2424/606 804/2423/606 803/2422/606 808/2421/606
o cube
v -2.319385625 3.5117100542631157 -2.39784553625108
v -2.319385625 3.430090853453998 -2.5948917177945043
v -2.319385625 2.5264791465460013 -1.9897495322054963
v -2.319385625 2.4448599457368836 -2.1867957137489205
v -2.565479375 3.430090853453998 -2.5948917177945043
v -2.565479375 3.5117100542631157 -2.39784553625108
v -2.565479375 2.4448599457368836 -2.1867957137489205
v -2.565479375 2.5264791465460013 -1.9897495322054963
vt 0.51611328125 0.30322265625
vt 0.517578125 0.30322265625
vt 0.517578125 0.294921875
vt 0.51611328125 0.294921875
vt 0.5146484375 0.30322265625
vt 0.51611328125 0.30322265625
vt 0.51611328125 0.294921875
vt 0.5146484375 0.294921875
vt 0.51904296875 0.30322265625
vt 0.5205078125 0.30322265625
vt 0.5205078125 0.294921875
vt 0.51904296875 0.294921875
vt 0.517578125 0.30322265625
vt 0.51904296875 0.30322265625
vt 0.51904296875 0.294921875
vt 0.517578125 0.294921875
vt 0.517578125 0.30322265625
vt 0.51611328125 0.30322265625
vt 0.51611328125 0.3046875
vt 0.517578125 0.3046875
vt 0.51904296875 0.3046875
vt 0.517578125 0.3046875
vt 0.517578125 0.30322265625
vt 0.51904296875 0.30322265625
vn 0 -0.3826834323650896 -0.9238795325112867
vn 1 0 0
vn 0 0.3826834323650896 0.9238795325112867
vn -1 0 0
vn 0 0.9238795325112867 -0.3826834323650896
vn 0 -0.9238795325112867 0.3826834323650896
usemtl m_9cf4343c-91f0-92da-4b25-54ec74dbc354
f 812/2428/607 815/2427/607 813/2426/607 810/2425/607
f 811/2432/608 812/2431/608 810/2430/608 809/2429/608
f 816/2436/609 811/2435/609 809/2434/609 814/2433/609
f 815/2440/610 816/2439/610 814/2438/610 813/2437/610
f 814/2444/611 809/2443/611 810/2442/611 813/2441/611
f 815/2448/612 812/2447/612 811/2446/612 816/2445/612
o cube
v -2.319385625 3.4307228545248303 -2.5939458613498863
v -2.319385625 3.279910236349886 -2.744758479524831
v -2.319385625 2.6766597636501133 -1.83988277047517
v -2.319385625 2.525847145475169 -1.9906953886501144
v -2.565479375 3.279910236349886 -2.744758479524831
v -2.565479375 3.4307228545248303 -2.5939458613498863
v -2.565479375 2.525847145475169 -1.9906953886501144
v -2.565479375 2.6766597636501133 -1.83988277047517
vt 0.52197265625 0.30322265625
vt 0.5234375 0.30322265625
vt 0.5234375 0.294921875
vt 0.52197265625 0.294921875
vt 0.5205078125 0.30322265625
vt 0.52197265625 0.30322265625
vt 0.52197265625 0.294921875
vt 0.5205078125 0.294921875
vt 0.52490234375 0.30322265625
vt 0.5263671875 0.30322265625
vt 0.5263671875 0.294921875
vt 0.52490234375 0.294921875
vt 0.5234375 0.30322265625
vt 0.52490234375 0.30322265625
vt 0.52490234375 0.294921875
vt 0.5234375 0.294921875
vt 0.5234375 0.30322265625
vt 0.52197265625 0.30322265625
vt 0.52197265625 0.3046875
vt 0.5234375 0.3046875
vt 0.52490234375 0.3046875
vt 0.5234375 0.3046875
vt 0.5234375 0.30322265625
vt 0.52490234375 0.30322265625
vn 0 -0.7071067811865474 -0.7071067811865477
vn 1 0 0
vn 0 0.7071067811865474 0.7071067811865477
vn -1 0 0
vn 0 0.7071067811865477 -0.7071067811865474
vn 0 -0.7071067811865477 0.7071067811865474
usemtl m_9cf4343c-91f0-92da-4b25-54ec74dbc354
f 820/2452/613 823/2451/613 821/2450/613 818/2449/613
f 819/2456/614 820/2455/614 818/2454/614 817/2453/614
f 824/2460/615 819/2459/615 817/2458/615 822/2457/615
f 823/2464/616 824/2463/616 822/2462/616 821/2461/616
f 822/2468/617 817/2467/617 818/2466/617 821/2465/617
f 823/2472/618 820/2471/618 819/2470/618 824/2469/618
o cube
v -2.319385625 3.2808560927945036 -2.7441264784539987
v -2.319385625 3.0838099112510795 -2.8257456792631164
v -2.319385625 2.8727600887489197 -1.7588955707368845
v -2.319385625 2.6757139072054956 -1.840514771546002
v -2.565479375 3.0838099112510795 -2.8257456792631164
v -2.565479375 3.2808560927945036 -2.7441264784539987
v -2.565479375 2.6757139072054956 -1.840514771546002
v -2.565479375 2.8727600887489197 -1.7588955707368845
vt 0.35302734375 0.302734375
vt 0.3544921875 0.302734375
vt 0.3544921875 0.29443359375
vt 0.35302734375 0.29443359375
vt 0.3515625 0.302734375
vt 0.35302734375 0.302734375
vt 0.35302734375 0.29443359375
vt 0.3515625 0.29443359375
vt 0.35595703125 0.302734375
vt 0.357421875 0.302734375
vt 0.357421875 0.29443359375
vt 0.35595703125 0.29443359375
vt 0.3544921875 0.302734375
vt 0.35595703125 0.302734375
vt 0.35595703125 0.29443359375
vt 0.3544921875 0.29443359375
vt 0.3544921875 0.302734375
vt 0.35302734375 0.302734375
vt 0.35302734375 0.30419921875
vt 0.3544921875 0.30419921875
vt 0.35595703125 0.30419921875
vt 0.3544921875 0.30419921875
vt 0.3544921875 0.302734375
vt 0.35595703125 0.302734375
vn 0 -0.9238795325112866 -0.38268343236508995
vn 1 0 0
vn 0 0.9238795325112866 0.38268343236508995
vn -1 0 0
vn 0 0.38268343236508995 -0.9238795325112866
vn 0 -0.38268343236508995 0.9238795325112866
usemtl m_9cf4343c-91f0-92da-4b25-54ec74dbc354
f 828/2476/619 831/2475/619 829/2474/619 826/2473/619
f 827/2480/620 828/2479/620 826/2478/620 825/2477/620
f 832/2484/621 827/2483/621 825/2482/621 830/2481/621
f 831/2488/622 832/2487/622 830/2486/622 829/2485/622
f 830/2492/623 825/2491/623 826/2490/623 829/2489/623
f 831/2496/624 828/2495/624 827/2494/624 832/2493/624
o cube
v -2.319385625 3.430090853453998 -1.989749532205496
v -2.319385625 3.5117100542631157 -2.1867957137489205
v -2.319385625 2.4448599457368836 -2.39784553625108
v -2.319385625 2.5264791465460013 -2.5948917177945043
v -2.565479375 3.5117100542631157 -2.1867957137489205
v -2.565479375 3.430090853453998 -1.989749532205496
v -2.565479375 2.5264791465460013 -2.5948917177945043
v -2.565479375 2.4448599457368836 -2.39784553625108
vt 0.35888671875 0.302734375
vt 0.3603515625 0.302734375
vt 0.3603515625 0.29443359375
vt 0.35888671875 0.29443359375
vt 0.357421875 0.302734375
vt 0.35888671875 0.302734375
vt 0.35888671875 0.29443359375
vt 0.357421875 0.29443359375
vt 0.36181640625 0.302734375
vt 0.36328125 0.302734375
vt 0.36328125 0.29443359375
vt 0.36181640625 0.29443359375
vt 0.3603515625 0.302734375
vt 0.36181640625 0.302734375
vt 0.36181640625 0.29443359375
vt 0.3603515625 0.29443359375
vt 0.3603515625 0.302734375
vt 0.35888671875 0.302734375
vt 0.35888671875 0.30419921875
vt 0.3603515625 0.30419921875
vt 0.36181640625 0.30419921875
vt 0.3603515625 0.30419921875
vt 0.3603515625 0.302734375
vt 0.36181640625 0.302734375
vn 0 0.38268343236509006 -0.9238795325112867
vn 1 0 0
vn 0 -0.38268343236509006 0.9238795325112867
vn -1 0 0
vn 0 0.9238795325112867 0.38268343236509006
vn 0 -0.9238795325112867 -0.38268343236509006
usemtl m_9cf4343c-91f0-92da-4b25-54ec74dbc354
f 836/2500/625 839/2499/625 837/2498/625 834/2497/625
f 835/2504/626 836/2503/626 834/2502/626 833/2501/626
f 840/2508/627 835/2507/627 833/2506/627 838/2505/627
f 839/2512/628 840/2511/628 838/2510/628 837/2509/628
f 838/2516/629 833/2515/629 834/2514/629 837/2513/629
f 839/2520/630 836/2519/630 835/2518/630 840/2517/630
o cube
v -2.319385625 3.279910236349886 -1.8398827704751697
v -2.319385625 3.4307228545248303 -1.990695388650114
v -2.319385625 2.525847145475169 -2.5939458613498867
v -2.319385625 2.6766597636501133 -2.744758479524831
v -2.565479375 3.4307228545248303 -1.990695388650114
v -2.565479375 3.279910236349886 -1.8398827704751697
v -2.565479375 2.6766597636501133 -2.744758479524831
v -2.565479375 2.525847145475169 -2.5939458613498867
vt 0.36474609375 0.302734375
vt 0.3662109375 0.302734375
vt 0.3662109375 0.29443359375
vt 0.36474609375 0.29443359375
vt 0.36328125 0.302734375
vt 0.36474609375 0.302734375
vt 0.36474609375 0.29443359375
vt 0.36328125 0.29443359375
vt 0.36767578125 0.302734375
vt 0.369140625 0.302734375
vt 0.369140625 0.29443359375
vt 0.36767578125 0.29443359375
vt 0.3662109375 0.302734375
vt 0.36767578125 0.302734375
vt 0.36767578125 0.29443359375
vt 0.3662109375 0.29443359375
vt 0.3662109375 0.302734375
vt 0.36474609375 0.302734375
vt 0.36474609375 0.30419921875
vt 0.3662109375 0.30419921875
vt 0.36767578125 0.30419921875
vt 0.3662109375 0.30419921875
vt 0.3662109375 0.302734375
vt 0.36767578125 0.302734375
vn 0 0.7071067811865476 -0.7071067811865476
vn 1 0 0
vn 0 -0.7071067811865476 0.7071067811865476
vn -1 0 0
vn 0 0.7071067811865476 0.7071067811865476
vn 0 -0.7071067811865476 -0.7071067811865476
usemtl m_9cf4343c-91f0-92da-4b25-54ec74dbc354
f 844/2524/631 847/2523/631 845/2522/631 842/2521/631
f 843/2528/632 844/2527/632 842/2526/632 841/2525/632
f 848/2532/633 843/2531/633 841/2530/633 846/2529/633
f 847/2536/634 848/2535/634 846/2534/634 845/2533/634
f 846/2540/635 841/2539/635 842/2538/635 845/2537/635
f 847/2544/636 844/2543/636 843/2542/636 848/2541/636
o cube
v -2.319385625 3.0838099112510795 -1.7588955707368843
v -2.319385625 3.2808560927945036 -1.8405147715460015
v -2.319385625 2.6757139072054956 -2.7441264784539987
v -2.319385625 2.8727600887489197 -2.8257456792631164
v -2.565479375 3.2808560927945036 -1.8405147715460015
v -2.565479375 3.0838099112510795 -1.7588955707368843
v -2.565479375 2.8727600887489197 -2.8257456792631164
v -2.565479375 2.6757139072054956 -2.7441264784539987
vt 0.37060546875 0.302734375
vt 0.3720703125 0.302734375
vt 0.3720703125 0.29443359375
vt 0.37060546875 0.29443359375
vt 0.369140625 0.302734375
vt 0.37060546875 0.302734375
vt 0.37060546875 0.29443359375
vt 0.369140625 0.29443359375
vt 0.37353515625 0.302734375
vt 0.375 0.302734375
vt 0.375 0.29443359375
vt 0.37353515625 0.29443359375
vt 0.3720703125 0.302734375
vt 0.37353515625 0.302734375
vt 0.37353515625 0.29443359375
vt 0.3720703125 0.29443359375
vt 0.3720703125 0.302734375
vt 0.37060546875 0.302734375
vt 0.37060546875 0.30419921875
vt 0.3720703125 0.30419921875
vt 0.37353515625 0.30419921875
vt 0.3720703125 0.30419921875
vt 0.3720703125 0.302734375
vt 0.37353515625 0.302734375
vn 0 0.9238795325112868 -0.38268343236508967
vn 1 0 0
vn 0 -0.9238795325112868 0.38268343236508967
vn -1 0 0
vn 0 0.38268343236508967 0.9238795325112868
vn 0 -0.38268343236508967 -0.9238795325112868
usemtl m_9cf4343c-91f0-92da-4b25-54ec74dbc354
f 852/2548/637 855/2547/637 853/2546/637 850/2545/637
f 851/2552/638 852/2551/638 850/2550/638 849/2549/638
f 856/2556/639 851/2555/639 849/2554/639 854/2553/639
f 855/2560/640 856/2559/640 854/2558/640 853/2557/640
f 854/2564/641 849/2563/641 850/2562/641 853/2561/641
f 855/2568/642 852/2567/642 851/2566/642 856/2565/642
o cube
v -2.28125 3.134535 -3.7652443750000004
v -2.28125 2.822035 -3.7652443750000004
v -2.28125 3.134535 -3.077744375
v -2.28125 2.822035 -3.0777443750000004
v -2.59375 2.822035 -3.7652443750000004
v -2.59375 3.134535 -3.7652443750000004
v -2.59375 2.822035 -3.0777443750000004
v -2.59375 3.134535 -3.077744375
vt 0.69384765625 0.30322265625
vt 0.6962890625 0.30322265625
vt 0.6962890625 0.2978515625
vt 0.69384765625 0.2978515625
vt 0.69140625 0.30322265625
vt 0.69384765625 0.30322265625
vt 0.69384765625 0.2978515625
vt 0.69140625 0.2978515625
vt 0.69873046875 0.30322265625
vt 0.701171875 0.30322265625
vt 0.701171875 0.2978515625
vt 0.69873046875 0.2978515625
vt 0.6962890625 0.30322265625
vt 0.69873046875 0.30322265625
vt 0.69873046875 0.2978515625
vt 0.6962890625 0.2978515625
vt 0.6962890625 0.30322265625
vt 0.69384765625 0.30322265625
vt 0.69384765625 0.3056640625
vt 0.6962890625 0.3056640625
vt 0.69873046875 0.3056640625
vt 0.6962890625 0.3056640625
vt 0.6962890625 0.30322265625
vt 0.69873046875 0.30322265625
vn 0 -1 -2.220446049250313e-16
vn 1 0 0
vn 0 1 2.220446049250313e-16
vn -1 0 0
vn 0 2.220446049250313e-16 -1
vn 0 -2.220446049250313e-16 1
usemtl m_9cf4343c-91f0-92da-4b25-54ec74dbc354
f 860/2572/643 863/2571/643 861/2570/643 858/2569/643
f 859/2576/644 860/2575/644 858/2574/644 857/2573/644
f 864/2580/645 859/2579/645 857/2578/645 862/2577/645
f 863/2584/646 864/2583/646 862/2582/646 861/2581/646
f 862/2588/647 857/2587/647 858/2586/647 861/2585/647
f 863/2592/648 860/2591/648 859/2590/648 864/2589/648
o cube
v -2.25 3.165785 -3.390244375
v -2.25 2.790785 -3.3902443750000004
v -2.25 3.165785 -3.202744375
v -2.25 2.790785 -3.2027443750000004
v -2.625 2.790785 -3.3902443750000004
v -2.625 3.165785 -3.390244375
v -2.625 2.790785 -3.2027443750000004
v -2.625 3.165785 -3.202744375
vt 0.6806640625 0.580078125
vt 0.68359375 0.580078125
vt 0.68359375 0.57861328125
vt 0.6806640625 0.57861328125
vt 0.677734375 0.580078125
vt 0.6806640625 0.580078125
vt 0.6806640625 0.57861328125
vt 0.677734375 0.57861328125
vt 0.6865234375 0.580078125
vt 0.689453125 0.580078125
vt 0.689453125 0.57861328125
vt 0.6865234375 0.57861328125
vt 0.68359375 0.580078125
vt 0.6865234375 0.580078125
vt 0.6865234375 0.57861328125
vt 0.68359375 0.57861328125
vt 0.68359375 0.580078125
vt 0.6806640625 0.580078125
vt 0.6806640625 0.5830078125
vt 0.68359375 0.5830078125
vt 0.6865234375 0.5830078125
vt 0.68359375 0.5830078125
vt 0.68359375 0.580078125
vt 0.6865234375 0.580078125
vn 0 -1 -2.220446049250313e-16
vn 1 0 0
vn 0 1 2.220446049250313e-16
vn -1 0 0
vn 0 2.220446049250313e-16 -1
vn 0 -2.220446049250313e-16 1
usemtl m_9cf4343c-91f0-92da-4b25-54ec74dbc354
f 868/2596/649 871/2595/649 869/2594/649 866/2593/649
f 867/2600/650 868/2599/650 866/2598/650 865/2597/650
f 872/2604/651 867/2603/651 865/2602/651 870/2601/651
f 871/2608/652 872/2607/652 870/2606/652 869/2605/652
f 870/2612/653 865/2611/653 866/2610/653 869/2609/653
f 871/2616/654 868/2615/654 867/2614/654 872/2613/654
o cube
v -2.09375 3.072035 -4.202744375000001
v -2.09375 2.884535 -4.202744375000001
v -2.09375 3.072035 -3.2652443750000004
v -2.09375 2.884535 -3.265244375000001
v -2.28125 2.884535 -4.202744375000001
v -2.28125 3.072035 -4.202744375000001
v -2.28125 2.884535 -3.265244375000001
v -2.28125 3.072035 -3.2652443750000004
vt 0.17822265625 0.30224609375
vt 0.1796875 0.30224609375
vt 0.1796875 0.294921875
vt 0.17822265625 0.294921875
vt 0.1767578125 0.30224609375
vt 0.17822265625 0.30224609375
vt 0.17822265625 0.294921875
vt 0.1767578125 0.294921875
vt 0.18115234375 0.30224609375
vt 0.1826171875 0.30224609375
vt 0.1826171875 0.294921875
vt 0.18115234375 0.294921875
vt 0.1796875 0.30224609375
vt 0.18115234375 0.30224609375
vt 0.18115234375 0.294921875
vt 0.1796875 0.294921875
vt 0.1796875 0.30224609375
vt 0.17822265625 0.30224609375
vt 0.17822265625 0.3037109375
vt 0.1796875 0.3037109375
vt 0.18115234375 0.3037109375
vt 0.1796875 0.3037109375
vt 0.1796875 0.30224609375
vt 0.18115234375 0.30224609375
vn 0 -1 -2.220446049250313e-16
vn 1 0 0
vn 0 1 2.220446049250313e-16
vn -1 0 0
vn 0 2.220446049250313e-16 -1
vn 0 -2.220446049250313e-16 1
usemtl m_9cf4343c-91f0-92da-4b25-54ec74dbc354
f 876/2620/655 879/2619/655 877/2618/655 874/2617/655
f 875/2624/656 876/2623/656 874/2622/656 873/2621/656
f 880/2628/657 875/2627/657 873/2626/657 878/2625/657
f 879/2632/658 880/2631/658 878/2630/658 877/2629/658
f 878/2636/659 873/2635/659 874/2634/659 877/2633/659
f 879/2640/660 876/2639/660 875/2638/660 880/2637/660
o cube
v -2.0625 3.103285 -3.577744375
v -2.0625 2.853285 -3.5777443750000004
v -2.0625 3.103285 -3.390244375
v -2.0625 2.853285 -3.3902443750000004
v -2.3125 2.853285 -3.5777443750000004
v -2.3125 3.103285 -3.577744375
v -2.3125 2.853285 -3.3902443750000004
v -2.3125 3.103285 -3.390244375
vt 0.6904296875 0.9716796875
vt 0.6923828125 0.9716796875
vt 0.6923828125 0.97021484375
vt 0.6904296875 0.97021484375
vt 0.6884765625 0.9716796875
vt 0.6904296875 0.9716796875
vt 0.6904296875 0.97021484375
vt 0.6884765625 0.97021484375
vt 0.6943359375 0.9716796875
vt 0.6962890625 0.9716796875
vt 0.6962890625 0.97021484375
vt 0.6943359375 0.97021484375
vt 0.6923828125 0.9716796875
vt 0.6943359375 0.9716796875
vt 0.6943359375 0.97021484375
vt 0.6923828125 0.97021484375
vt 0.6923828125 0.9716796875
vt 0.6904296875 0.9716796875
vt 0.6904296875 0.9736328125
vt 0.6923828125 0.9736328125
vt 0.6943359375 0.9736328125
vt 0.6923828125 0.9736328125
vt 0.6923828125 0.9716796875
vt 0.6943359375 0.9716796875
vn 0 -1 -2.220446049250313e-16
vn 1 0 0
vn 0 1 2.220446049250313e-16
vn -1 0 0
vn 0 2.220446049250313e-16 -1
vn 0 -2.220446049250313e-16 1
usemtl m_9cf4343c-91f0-92da-4b25-54ec74dbc354
f 884/2644/661 887/2643/661 885/2642/661 882/2641/661
f 883/2648/662 884/2647/662 882/2646/662 881/2645/662
f 888/2652/663 883/2651/663 881/2650/663 886/2649/663
f 887/2656/664 888/2655/664 886/2654/664 885/2653/664
f 886/2660/665 881/2659/665 882/2658/665 885/2657/665
f 887/2664/666 884/2663/666 883/2662/666 888/2661/666
o cube
v -2.59375 3.7178134772309774 -4.261791158772171
v -2.59375 3.5445860648851113 -4.333544302340625
v -2.59375 3.0720351851148884 -2.702744447659375
v -2.59375 2.8988077727690222 -2.7744975912278296
v -2.78125 3.5445860648851113 -4.333544302340625
v -2.78125 3.7178134772309774 -4.261791158772171
v -2.78125 2.8988077727690222 -2.7744975912278296
v -2.78125 3.0720351851148884 -2.702744447659375
vt 0.06103515625 0.3701171875
vt 0.0625 0.3701171875
vt 0.0625 0.35693359375
vt 0.06103515625 0.35693359375
vt 0.0595703125 0.3701171875
vt 0.06103515625 0.3701171875
vt 0.06103515625 0.35693359375
vt 0.0595703125 0.35693359375
vt 0.06396484375 0.3701171875
vt 0.0654296875 0.3701171875
vt 0.0654296875 0.35693359375
vt 0.06396484375 0.35693359375
vt 0.0625 0.3701171875
vt 0.06396484375 0.3701171875
vt 0.06396484375 0.35693359375
vt 0.0625 0.35693359375
vt 0.0625 0.3701171875
vt 0.06103515625 0.3701171875
vt 0.06103515625 0.37158203125
vt 0.0625 0.37158203125
vt 0.06396484375 0.37158203125
vt 0.0625 0.37158203125
vt 0.0625 0.3701171875
vt 0.06396484375 0.3701171875
vn 0 -0.9238795325112866 -0.38268343236508995
vn 1 0 0
vn 0 0.9238795325112866 0.38268343236508995
vn -1 0 0
vn 0 0.38268343236508995 -0.9238795325112866
vn 0 -0.38268343236508995 0.9238795325112866
usemtl m_9cf4343c-91f0-92da-4b25-54ec74dbc354
f 892/2668/667 895/2667/667 893/2666/667 890/2665/667
f 891/2672/668 892/2671/668 890/2670/668 889/2669/668
f 896/2676/669 891/2675/669 889/2674/669 894/2673/669
f 895/2680/670 896/2679/670 894/2678/670 893/2677/670
f 894/2684/671 889/2683/671 890/2682/671 893/2681/671
f 895/2688/672 892/2687/672 891/2686/672 896/2685/672
o cube
v -2.375 2.9265 -3.7643025000000003
v -2.375 2.9265 -3.8893025000000003
v -2.375 2.364 -3.7643025000000003
v -2.375 2.364 -3.8893025000000003
v -2.5 2.9265 -3.8893025000000003
v -2.5 2.9265 -3.7643025000000003
v -2.5 2.364 -3.8893025000000003
v -2.5 2.364 -3.7643025000000003
vt 0.06103515625 0.3701171875
vt 0.0625 0.3701171875
vt 0.0625 0.35693359375
vt 0.06103515625 0.35693359375
vt 0.0595703125 0.3701171875
vt 0.06103515625 0.3701171875
vt 0.06103515625 0.35693359375
vt 0.0595703125 0.35693359375
vt 0.06396484375 0.3701171875
vt 0.0654296875 0.3701171875
vt 0.0654296875 0.35693359375
vt 0.06396484375 0.35693359375
vt 0.0625 0.3701171875
vt 0.06396484375 0.3701171875
vt 0.06396484375 0.35693359375
vt 0.0625 0.35693359375
vt 0.0625 0.3701171875
vt 0.06103515625 0.3701171875
vt 0.06103515625 0.37158203125
vt 0.0625 0.37158203125
vt 0.06396484375 0.37158203125
vt 0.0625 0.37158203125
vt 0.0625 0.3701171875
vt 0.06396484375 0.3701171875
vn 0 0 -1
vn 1 0 0
vn 0 0 1
vn -1 0 0
vn 0 1 0
vn 0 -1 0
usemtl m_9cf4343c-91f0-92da-4b25-54ec74dbc354
f 900/2692/673 903/2691/673 901/2690/673 898/2689/673
f 899/2696/674 900/2695/674 898/2694/674 897/2693/674
f 904/2700/675 899/2699/675 897/2698/675 902/2697/675
f 903/2704/676 904/2703/676 902/2702/676 901/2701/676
f 902/2708/677 897/2707/677 898/2706/677 901/2705/677
f 903/2712/678 900/2711/678 899/2710/678 904/2709/678
o cube
v -2.375 2.9265 -3.1393025000000003
v -2.375 2.9265 -3.2643025000000003
v -2.375 2.364 -3.1393025000000003
v -2.375 2.364 -3.2643025000000003
v -2.5 2.9265 -3.2643025000000003
v -2.5 2.9265 -3.1393025000000003
v -2.5 2.364 -3.2643025000000003
v -2.5 2.364 -3.1393025000000003
vt 0.06103515625 0.3701171875
vt 0.0625 0.3701171875
vt 0.0625 0.35693359375
vt 0.06103515625 0.35693359375
vt 0.0595703125 0.3701171875
vt 0.06103515625 0.3701171875
vt 0.06103515625 0.35693359375
vt 0.0595703125 0.35693359375
vt 0.06396484375 0.3701171875
vt 0.0654296875 0.3701171875
vt 0.0654296875 0.35693359375
vt 0.06396484375 0.35693359375
vt 0.0625 0.3701171875
vt 0.06396484375 0.3701171875
vt 0.06396484375 0.35693359375
vt 0.0625 0.35693359375
vt 0.0625 0.3701171875
vt 0.06103515625 0.3701171875
vt 0.06103515625 0.37158203125
vt 0.0625 0.37158203125
vt 0.06396484375 0.37158203125
vt 0.0625 0.37158203125
vt 0.0625 0.3701171875
vt 0.06396484375 0.3701171875
vn 0 0 -1
vn 1 0 0
vn 0 0 1
vn -1 0 0
vn 0 1 0
vn 0 -1 0
usemtl m_9cf4343c-91f0-92da-4b25-54ec74dbc354
f 908/2716/679 911/2715/679 909/2714/679 906/2713/679
f 907/2720/680 908/2719/680 906/2718/680 905/2717/680
f 912/2724/681 907/2723/681 905/2722/681 910/2721/681
f 911/2728/682 912/2727/682 910/2726/682 909/2725/682
f 910/2732/683 905/2731/683 906/2730/683 909/2729/683
f 911/2736/684 908/2735/684 907/2734/684 912/2733/684
o cube
v -2 2.4733750000000003 -5.3268025
v -2 2.3483750000000003 -5.3268025
v -2 2.473375 -2.6393025000000003
v -2 2.348375 -2.6393025000000003
v -2.875 2.3483750000000003 -5.3268025
v -2.875 2.4733750000000003 -5.3268025
v -2.875 2.348375 -2.6393025000000003
v -2.875 2.473375 -2.6393025000000003
vt 0.0009765625 0.9736328125
vt 0.0068359375 0.9736328125
vt 0.0068359375 0.96142578125
vt 0.0009765625 0.96142578125
vt 0 0.9736328125
vt 0.0009765625 0.9736328125
vt 0.0009765625 0.96142578125
vt 0 0.96142578125
vt 0.0078125 0.9736328125
vt 0.013671875 0.9736328125
vt 0.013671875 0.96142578125
vt 0.0078125 0.96142578125
vt 0.0068359375 0.9736328125
vt 0.0078125 0.9736328125
vt 0.0078125 0.96142578125
vt 0.0068359375 0.96142578125
vt 0.0068359375 0.9736328125
vt 0.0009765625 0.9736328125
vt 0.0009765625 0.974609375
vt 0.0068359375 0.974609375
vt 0.0126953125 0.974609375
vt 0.0068359375 0.974609375
vt 0.0068359375 0.9736328125
vt 0.0126953125 0.9736328125
vn 0 -1 -2.220446049250313e-16
vn 1 0 0
vn 0 1 2.220446049250313e-16
vn -1 0 0
vn 0 2.220446049250313e-16 -1
vn 0 -2.220446049250313e-16 1
usemtl m_9cf4343c-91f0-92da-4b25-54ec74dbc354
f 916/2740/685 919/2739/685 917/2738/685 914/2737/685
f 915/2744/686 916/2743/686 914/2742/686 913/2741/686
f 920/2748/687 915/2747/687 913/2746/687 918/2745/687
f 919/2752/688 920/2751/688 918/2750/688 917/2749/688
f 918/2756/689 913/2755/689 914/2754/689 917/2753/689
f 919/2760/690 916/2759/690 915/2758/690 920/2757/690
o cube
v 2.53125 3.072035 -4.390244375000001
v 2.53125 2.884535 -4.390244375000001
v 2.53125 3.072035 -2.9527443750000004
v 2.53125 2.884535 -2.952744375000001
v 2.34375 2.884535 -4.390244375000001
v 2.34375 3.072035 -4.390244375000001
v 2.34375 2.884535 -2.952744375000001
v 2.34375 3.072035 -2.9527443750000004
vt 0.166015625 0.30810546875
vt 0.16455078125 0.30810546875
vt 0.16455078125 0.296875
vt 0.166015625 0.296875
vt 0.16748046875 0.30810546875
vt 0.166015625 0.30810546875
vt 0.166015625 0.296875
vt 0.16748046875 0.296875
vt 0.1689453125 0.30810546875
vt 0.16748046875 0.30810546875
vt 0.16748046875 0.296875
vt 0.1689453125 0.296875
vt 0.16455078125 0.30810546875
vt 0.1630859375 0.30810546875
vt 0.1630859375 0.296875
vt 0.16455078125 0.296875
vt 0.16455078125 0.30810546875
vt 0.166015625 0.30810546875
vt 0.166015625 0.3095703125
vt 0.16455078125 0.3095703125
vt 0.166015625 0.3095703125
vt 0.16748046875 0.3095703125
vt 0.16748046875 0.30810546875
vt 0.166015625 0.30810546875
vn 0 -1 -2.220446049250313e-16
vn 1 0 0
vn 0 1 2.220446049250313e-16
vn -1 0 0
vn 0 2.220446049250313e-16 -1
vn 0 -2.220446049250313e-16 1
usemtl m_9cf4343c-91f0-92da-4b25-54ec74dbc354
f 924/2764/691 927/2763/691 925/2762/691 922/2761/691
f 923/2768/692 924/2767/692 922/2766/692 921/2765/692
f 928/2772/693 923/2771/693 921/2770/693 926/2769/693
f 927/2776/694 928/2775/694 926/2774/694 925/2773/694
f 926/2780/695 921/2779/695 922/2778/695 925/2777/695
f 927/2784/696 924/2783/696 923/2782/696 928/2781/696
o cube
v 2.78125 3.072035 -4.390244375000001
v 2.78125 2.884535 -4.390244375000001
v 2.78125 3.072035 -2.7027443750000004
v 2.78125 2.884535 -2.7027443750000004
v 2.59375 2.884535 -4.390244375000001
v 2.59375 3.072035 -4.390244375000001
v 2.59375 2.884535 -2.7027443750000004
v 2.59375 3.072035 -2.7027443750000004
vt 0.0625 0.3701171875
vt 0.06103515625 0.3701171875
vt 0.06103515625 0.35693359375
vt 0.0625 0.35693359375
vt 0.06396484375 0.3701171875
vt 0.0625 0.3701171875
vt 0.0625 0.35693359375
vt 0.06396484375 0.35693359375
vt 0.0654296875 0.3701171875
vt 0.06396484375 0.3701171875
vt 0.06396484375 0.35693359375
vt 0.0654296875 0.35693359375
vt 0.06103515625 0.3701171875
vt 0.0595703125 0.3701171875
vt 0.0595703125 0.35693359375
vt 0.06103515625 0.35693359375
vt 0.06103515625 0.3701171875
vt 0.0625 0.3701171875
vt 0.0625 0.37158203125
vt 0.06103515625 0.37158203125
vt 0.0625 0.37158203125
vt 0.06396484375 0.37158203125
vt 0.06396484375 0.3701171875
vt 0.0625 0.3701171875
vn 0 -1 -2.220446049250313e-16
vn 1 0 0
vn 0 1 2.220446049250313e-16
vn -1 0 0
vn 0 2.220446049250313e-16 -1
vn 0 -2.220446049250313e-16 1
usemtl m_9cf4343c-91f0-92da-4b25-54ec74dbc354
f 932/2788/697 935/2787/697 933/2786/697 930/2785/697
f 931/2792/698 932/2791/698 930/2790/698 929/2789/698
f 936/2796/699 931/2795/699 929/2794/699 934/2793/699
f 935/2800/700 936/2799/700 934/2798/700 933/2797/700
f 934/2804/701 929/2803/701 930/2802/701 933/2801/701
f 935/2808/702 932/2807/702 931/2806/702 936/2805/702
o cube
v 2.78125 3.7178134772309774 -4.261791158772171
v 2.78125 3.5445860648851113 -4.333544302340625
v 2.78125 3.0720351851148884 -2.702744447659375
v 2.78125 2.8988077727690222 -2.7744975912278296
v 2.59375 3.5445860648851113 -4.333544302340625
v 2.59375 3.7178134772309774 -4.261791158772171
v 2.59375 2.8988077727690222 -2.7744975912278296
v 2.59375 3.0720351851148884 -2.702744447659375
vt 0.0625 0.3701171875
vt 0.06103515625 0.3701171875
vt 0.06103515625 0.35693359375
vt 0.0625 0.35693359375
vt 0.06396484375 0.3701171875
vt 0.0625 0.3701171875
vt 0.0625 0.35693359375
vt 0.06396484375 0.35693359375
vt 0.0654296875 0.3701171875
vt 0.06396484375 0.3701171875
vt 0.06396484375 0.35693359375
vt 0.0654296875 0.35693359375
vt 0.06103515625 0.3701171875
vt 0.0595703125 0.3701171875
vt 0.0595703125 0.35693359375
vt 0.06103515625 0.35693359375
vt 0.06103515625 0.3701171875
vt 0.0625 0.3701171875
vt 0.0625 0.37158203125
vt 0.06103515625 0.37158203125
vt 0.0625 0.37158203125
vt 0.06396484375 0.37158203125
vt 0.06396484375 0.3701171875
vt 0.0625 0.3701171875
vn 0 -0.9238795325112866 -0.38268343236508995
vn 1 0 0
vn 0 0.9238795325112866 0.38268343236508995
vn -1 0 0
vn 0 0.38268343236508995 -0.9238795325112866
vn 0 -0.38268343236508995 0.9238795325112866
usemtl m_9cf4343c-91f0-92da-4b25-54ec74dbc354
f 940/2812/703 943/2811/703 941/2810/703 938/2809/703
f 939/2816/704 940/2815/704 938/2814/704 937/2813/704
f 944/2820/705 939/2819/705 937/2818/705 942/2817/705
f 943/2824/706 944/2823/706 942/2822/706 941/2821/706
f 942/2828/707 937/2827/707 938/2826/707 941/2825/707
f 943/2832/708 940/2831/708 939/2830/708 944/2829/708
o cube
v 2.5 2.9265 -3.7643025000000003
v 2.5 2.9265 -3.8893025000000003
v 2.5 2.364 -3.7643025000000003
v 2.5 2.364 -3.8893025000000003
v 2.375 2.9265 -3.8893025000000003
v 2.375 2.9265 -3.7643025000000003
v 2.375 2.364 -3.8893025000000003
v 2.375 2.364 -3.7643025000000003
vt 0.0625 0.3701171875
vt 0.06103515625 0.3701171875
vt 0.06103515625 0.35693359375
vt 0.0625 0.35693359375
vt 0.06396484375 0.3701171875
vt 0.0625 0.3701171875
vt 0.0625 0.35693359375
vt 0.06396484375 0.35693359375
vt 0.0654296875 0.3701171875
vt 0.06396484375 0.3701171875
vt 0.06396484375 0.35693359375
vt 0.0654296875 0.35693359375
vt 0.06103515625 0.3701171875
vt 0.0595703125 0.3701171875
vt 0.0595703125 0.35693359375
vt 0.06103515625 0.35693359375
vt 0.06103515625 0.3701171875
vt 0.0625 0.3701171875
vt 0.0625 0.37158203125
vt 0.06103515625 0.37158203125
vt 0.0625 0.37158203125
vt 0.06396484375 0.37158203125
vt 0.06396484375 0.3701171875
vt 0.0625 0.3701171875
vn 0 0 -1
vn 1 0 0
vn 0 0 1
vn -1 0 0
vn 0 1 0
vn 0 -1 0
usemtl m_9cf4343c-91f0-92da-4b25-54ec74dbc354
f 948/2836/709 951/2835/709 949/2834/709 946/2833/709
f 947/2840/710 948/2839/710 946/2838/710 945/2837/710
f 952/2844/711 947/2843/711 945/2842/711 950/2841/711
f 951/2848/712 952/2847/712 950/2846/712 949/2845/712
f 950/2852/713 945/2851/713 946/2850/713 949/2849/713
f 951/2856/714 948/2855/714 947/2854/714 952/2853/714
o cube
v 2.5 2.9265 -3.1393025000000003
v 2.5 2.9265 -3.2643025000000003
v 2.5 2.364 -3.1393025000000003
v 2.5 2.364 -3.2643025000000003
v 2.375 2.9265 -3.2643025000000003
v 2.375 2.9265 -3.1393025000000003
v 2.375 2.364 -3.2643025000000003
v 2.375 2.364 -3.1393025000000003
vt 0.0625 0.3701171875
vt 0.06103515625 0.3701171875
vt 0.06103515625 0.35693359375
vt 0.0625 0.35693359375
vt 0.06396484375 0.3701171875
vt 0.0625 0.3701171875
vt 0.0625 0.35693359375
vt 0.06396484375 0.35693359375
vt 0.0654296875 0.3701171875
vt 0.06396484375 0.3701171875
vt 0.06396484375 0.35693359375
vt 0.0654296875 0.35693359375
vt 0.06103515625 0.3701171875
vt 0.0595703125 0.3701171875
vt 0.0595703125 0.35693359375
vt 0.06103515625 0.35693359375
vt 0.06103515625 0.3701171875
vt 0.0625 0.3701171875
vt 0.0625 0.37158203125
vt 0.06103515625 0.37158203125
vt 0.0625 0.37158203125
vt 0.06396484375 0.37158203125
vt 0.06396484375 0.3701171875
vt 0.0625 0.3701171875
vn 0 0 -1
vn 1 0 0
vn 0 0 1
vn -1 0 0
vn 0 1 0
vn 0 -1 0
usemtl m_9cf4343c-91f0-92da-4b25-54ec74dbc354
f 956/2860/715 959/2859/715 957/2858/715 954/2857/715
f 955/2864/716 956/2863/716 954/2862/716 953/2861/716
f 960/2868/717 955/2867/717 953/2866/717 958/2865/717
f 959/2872/718 960/2871/718 958/2870/718 957/2869/718
f 958/2876/719 953/2875/719 954/2874/719 957/2873/719
f 959/2880/720 956/2879/720 955/2878/720 960/2877/720
o cube
v 2.531250075153672 3.1345349999999996 -2.9527444286811946
v 2.531250075153672 2.8220349999999996 -2.9527444286811946
v 2.2660850322087165 3.1345349999999996 -2.6875793857362393
v 2.2660850322087165 2.8220349999999996 -2.6875793857362393
v 2.4428617275053535 2.8220349999999996 -3.041132776329513
v 2.4428617275053535 3.1345349999999996 -3.041132776329513
v 2.177696684560398 2.8220349999999996 -2.7759677333845576
v 2.177696684560398 3.1345349999999996 -2.7759677333845576
vt 0.69970703125 0.62939453125
vt 0.69873046875 0.62939453125
vt 0.69873046875 0.62646484375
vt 0.69970703125 0.62646484375
vt 0.7021484375 0.62939453125
vt 0.69970703125 0.62939453125
vt 0.69970703125 0.62646484375
vt 0.7021484375 0.62646484375
vt 0.703125 0.62939453125
vt 0.7021484375 0.62939453125
vt 0.7021484375 0.62646484375
vt 0.703125 0.62646484375
vt 0.69873046875 0.62939453125
vt 0.6962890625 0.62939453125
vt 0.6962890625 0.62646484375
vt 0.69873046875 0.62646484375
vt 0.69873046875 0.62939453125
vt 0.69970703125 0.62939453125
vt 0.69970703125 0.6318359375
vt 0.69873046875 0.6318359375
vt 0.69970703125 0.6318359375
vt 0.70068359375 0.6318359375
vt 0.70068359375 0.62939453125
vt 0.69970703125 0.62939453125
vn 0 -1 -2.220446049250313e-16
vn 0.7071067811865475 -1.5700924586837752e-16 0.7071067811865476
vn 0 1 2.220446049250313e-16
vn -0.7071067811865475 1.5700924586837752e-16 -0.7071067811865476
vn 0.7071067811865476 1.570092458683775e-16 -0.7071067811865475
vn -0.7071067811865476 -1.570092458683775e-16 0.7071067811865475
usemtl m_9cf4343c-91f0-92da-4b25-54ec74dbc354
f 964/2884/721 967/2883/721 965/2882/721 962/2881/721
f 963/2888/722 964/2887/722 962/2886/722 961/2885/722
f 968/2892/723 963/2891/723 961/2890/723 966/2889/723
f 967/2896/724 968/2895/724 966/2894/724 965/2893/724
f 966/2900/725 961/2899/725 962/2898/725 965/2897/725
f 967/2904/726 964/2903/726 963/2902/726 968/2901/726
o cube
v 2.3008887499999995 3.1423474999999996 -2.7926425000000004
v 2.3008887499999995 2.8142224999999996 -2.7926425000000004
v 2.3008887499999995 3.1423474999999996 -2.1426425
v 2.3008887499999995 2.8142224999999996 -2.1426425
v 2.16963875 2.8142224999999996 -2.7926425000000004
v 2.16963875 3.1423474999999996 -2.7926425000000004
v 2.16963875 2.8142224999999996 -2.1426425
v 2.16963875 3.1423474999999996 -2.1426425
vt 0.19287109375 0.30126953125
vt 0.19189453125 0.30126953125
vt 0.19189453125 0.29638671875
vt 0.19287109375 0.29638671875
vt 0.1953125 0.30126953125
vt 0.19287109375 0.30126953125
vt 0.19287109375 0.29638671875
vt 0.1953125 0.29638671875
vt 0.1962890625 0.30126953125
vt 0.1953125 0.30126953125
vt 0.1953125 0.29638671875
vt 0.1962890625 0.29638671875
vt 0.19189453125 0.30126953125
vt 0.189453125 0.30126953125
vt 0.189453125 0.29638671875
vt 0.19189453125 0.29638671875
vt 0.19189453125 0.30126953125
vt 0.19287109375 0.30126953125
vt 0.19287109375 0.3037109375
vt 0.19189453125 0.3037109375
vt 0.19287109375 0.3037109375
vt 0.19384765625 0.3037109375
vt 0.19384765625 0.30126953125
vt 0.19287109375 0.30126953125
vn 0 -1 -2.220446049250313e-16
vn 1 0 0
vn 0 1 2.220446049250313e-16
vn -1 0 0
vn 0 2.220446049250313e-16 -1
vn 0 -2.220446049250313e-16 1
usemtl m_9cf4343c-91f0-92da-4b25-54ec74dbc354
f 972/2908/727 975/2907/727 973/2906/727 970/2905/727
f 971/2912/728 972/2911/728 970/2910/728 969/2909/728
f 976/2916/729 971/2915/729 969/2914/729 974/2913/729
f 975/2920/730 976/2919/730 974/2918/730 973/2917/730
f 974/2924/731 969/2923/731 970/2922/731 973/2921/731
f 975/2928/732 972/2927/732 971/2926/732 976/2925/732
o cube
v 2.565479375 3.0849256250000003 -2.8255237500000003
v 2.565479375 2.871644374999999 -2.8255237500000003
v 2.565479375 3.0849256250000003 -1.7591175000000003
v 2.565479375 2.871644374999999 -1.7591175000000003
v 2.319385625 2.871644374999999 -2.8255237500000003
v 2.319385625 3.0849256250000003 -2.8255237500000003
v 2.319385625 2.871644374999999 -1.7591175000000003
v 2.319385625 3.0849256250000003 -1.7591175000000003
vt 0.505859375 0.30322265625
vt 0.50439453125 0.30322265625
vt 0.50439453125 0.294921875
vt 0.505859375 0.294921875
vt 0.50732421875 0.30322265625
vt 0.505859375 0.30322265625
vt 0.505859375 0.294921875
vt 0.50732421875 0.294921875
vt 0.5087890625 0.30322265625
vt 0.50732421875 0.30322265625
vt 0.50732421875 0.294921875
vt 0.5087890625 0.294921875
vt 0.50439453125 0.30322265625
vt 0.5029296875 0.30322265625
vt 0.5029296875 0.294921875
vt 0.50439453125 0.294921875
vt 0.50439453125 0.30322265625
vt 0.505859375 0.30322265625
vt 0.505859375 0.3046875
vt 0.50439453125 0.3046875
vt 0.505859375 0.3046875
vt 0.50732421875 0.3046875
vt 0.50732421875 0.30322265625
vt 0.505859375 0.30322265625
vn 0 -1 -2.220446049250313e-16
vn 1 0 0
vn 0 1 2.220446049250313e-16
vn -1 0 0
vn 0 2.220446049250313e-16 -1
vn 0 -2.220446049250313e-16 1
usemtl m_9cf4343c-91f0-92da-4b25-54ec74dbc354
f 980/2932/733 983/2931/733 981/2930/733 978/2929/733
f 979/2936/734 980/2935/734 978/2934/734 977/2933/734
f 984/2940/735 979/2939/735 977/2938/735 982/2937/735
f 983/2944/736 984/2943/736 982/2942/736 981/2941/736
f 982/2948/737 977/2947/737 978/2946/737 981/2945/737
f 983/2952/738 980/2951/738 979/2950/738 984/2949/738
o cube
v 2.565479375 3.5114881249999996 -2.1856799999999996
v 2.565479375 3.5114881249999996 -2.398961250000001
v 2.565479375 2.4450818749999996 -2.1856799999999996
v 2.565479375 2.4450818749999996 -2.398961250000001
v 2.319385625 3.5114881249999996 -2.398961250000001
v 2.319385625 3.5114881249999996 -2.1856799999999996
v 2.319385625 2.4450818749999996 -2.398961250000001
v 2.319385625 2.4450818749999996 -2.1856799999999996
vt 0.51171875 0.30322265625
vt 0.51025390625 0.30322265625
vt 0.51025390625 0.294921875
vt 0.51171875 0.294921875
vt 0.51318359375 0.30322265625
vt 0.51171875 0.30322265625
vt 0.51171875 0.294921875
vt 0.51318359375 0.294921875
vt 0.5146484375 0.30322265625
vt 0.51318359375 0.30322265625
vt 0.51318359375 0.294921875
vt 0.5146484375 0.294921875
vt 0.51025390625 0.30322265625
vt 0.5087890625 0.30322265625
vt 0.5087890625 0.294921875
vt 0.51025390625 0.294921875
vt 0.51025390625 0.30322265625
vt 0.51171875 0.30322265625
vt 0.51171875 0.3046875
vt 0.51025390625 0.3046875
vt 0.51171875 0.3046875
vt 0.51318359375 0.3046875
vt 0.51318359375 0.30322265625
vt 0.51171875 0.30322265625
vn 0 0 -1
vn 1 0 0
vn 0 0 1
vn -1 0 0
vn 0 1 0
vn 0 -1 0
usemtl m_9cf4343c-91f0-92da-4b25-54ec74dbc354
f 988/2956/739 991/2955/739 989/2954/739 986/2953/739
f 987/2960/740 988/2959/740 986/2958/740 985/2957/740
f 992/2964/741 987/2963/741 985/2962/741 990/2961/741
f 991/2968/742 992/2967/742 990/2966/742 989/2965/742
f 990/2972/743 985/2971/743 986/2970/743 989/2969/743
f 991/2976/744 988/2975/744 987/2974/744 992/2973/744
o cube
v 2.565479375 3.5117100542631157 -2.39784553625108
v 2.565479375 3.430090853453998 -2.5948917177945043
v 2.565479375 2.5264791465460013 -1.9897495322054963
v 2.565479375 2.4448599457368836 -2.1867957137489205
v 2.319385625 3.430090853453998 -2.5948917177945043
v 2.319385625 3.5117100542631157 -2.39784553625108
v 2.319385625 2.4448599457368836 -2.1867957137489205
v 2.319385625 2.5264791465460013 -1.9897495322054963
vt 0.517578125 0.30322265625
vt 0.51611328125 0.30322265625
vt 0.51611328125 0.294921875
vt 0.517578125 0.294921875
vt 0.51904296875 0.30322265625
vt 0.517578125 0.30322265625
vt 0.517578125 0.294921875
vt 0.51904296875 0.294921875
vt 0.5205078125 0.30322265625
vt 0.51904296875 0.30322265625
vt 0.51904296875 0.294921875
vt 0.5205078125 0.294921875
vt 0.51611328125 0.30322265625
vt 0.5146484375 0.30322265625
vt 0.5146484375 0.294921875
vt 0.51611328125 0.294921875
vt 0.51611328125 0.30322265625
vt 0.517578125 0.30322265625
vt 0.517578125 0.3046875
vt 0.51611328125 0.3046875
vt 0.517578125 0.3046875
vt 0.51904296875 0.3046875
vt 0.51904296875 0.30322265625
vt 0.517578125 0.30322265625
vn 0 -0.3826834323650896 -0.9238795325112867
vn 1 0 0
vn 0 0.3826834323650896 0.9238795325112867
vn -1 0 0
vn 0 0.9238795325112867 -0.3826834323650896
vn 0 -0.9238795325112867 0.3826834323650896
usemtl m_9cf4343c-91f0-92da-4b25-54ec74dbc354
f 996/2980/745 999/2979/745 997/2978/745 994/2977/745
f 995/2984/746 996/2983/746 994/2982/746 993/2981/746
f 1000/2988/747 995/2987/747 993/2986/747 998/2985/747
f 999/2992/748 1000/2991/748 998/2990/748 997/2989/748
f 998/2996/749 993/2995/749 994/2994/749 997/2993/749
f 999/3000/750 996/2999/750 995/2998/750 1000/2997/750
o cube
v 2.565479375 3.4307228545248303 -2.5939458613498863
v 2.565479375 3.279910236349886 -2.744758479524831
v 2.565479375 2.6766597636501133 -1.83988277047517
v 2.565479375 2.525847145475169 -1.9906953886501144
v 2.319385625 3.279910236349886 -2.744758479524831
v 2.319385625 3.4307228545248303 -2.5939458613498863
v 2.319385625 2.525847145475169 -1.9906953886501144
v 2.319385625 2.6766597636501133 -1.83988277047517
vt 0.5234375 0.30322265625
vt 0.52197265625 0.30322265625
vt 0.52197265625 0.294921875
vt 0.5234375 0.294921875
vt 0.52490234375 0.30322265625
vt 0.5234375 0.30322265625
vt 0.5234375 0.294921875
vt 0.52490234375 0.294921875
vt 0.5263671875 0.30322265625
vt 0.52490234375 0.30322265625
vt 0.52490234375 0.294921875
vt 0.5263671875 0.294921875
vt 0.52197265625 0.30322265625
vt 0.5205078125 0.30322265625
vt 0.5205078125 0.294921875
vt 0.52197265625 0.294921875
vt 0.52197265625 0.30322265625
vt 0.5234375 0.30322265625
vt 0.5234375 0.3046875
vt 0.52197265625 0.3046875
vt 0.5234375 0.3046875
vt 0.52490234375 0.3046875
vt 0.52490234375 0.30322265625
vt 0.5234375 0.30322265625
vn 0 -0.7071067811865474 -0.7071067811865477
vn 1 0 0
vn 0 0.7071067811865474 0.7071067811865477
vn -1 0 0
vn 0 0.7071067811865477 -0.7071067811865474
vn 0 -0.7071067811865477 0.7071067811865474
usemtl m_9cf4343c-91f0-92da-4b25-54ec74dbc354
f 1004/3004/751 1007/3003/751 1005/3002/751 1002/3001/751
f 1003/3008/752 1004/3007/752 1002/3006/752 1001/3005/752
f 1008/3012/753 1003/3011/753 1001/3010/753 1006/3009/753
f 1007/3016/754 1008/3015/754 1006/3014/754 1005/3013/754
f 1006/3020/755 1001/3019/755 1002/3018/755 1005/3017/755
f 1007/3024/756 1004/3023/756 1003/3022/756 1008/3021/756
o cube
v 2.565479375 3.2808560927945036 -2.7441264784539987
v 2.565479375 3.0838099112510795 -2.8257456792631164
v 2.565479375 2.8727600887489197 -1.7588955707368845
v 2.565479375 2.6757139072054956 -1.840514771546002
v 2.319385625 3.0838099112510795 -2.8257456792631164
v 2.319385625 3.2808560927945036 -2.7441264784539987
v 2.319385625 2.6757139072054956 -1.840514771546002
v 2.319385625 2.8727600887489197 -1.7588955707368845
vt 0.3544921875 0.302734375
vt 0.35302734375 0.302734375
vt 0.35302734375 0.29443359375
vt 0.3544921875 0.29443359375
vt 0.35595703125 0.302734375
vt 0.3544921875 0.302734375
vt 0.3544921875 0.29443359375
vt 0.35595703125 0.29443359375
vt 0.357421875 0.302734375
vt 0.35595703125 0.302734375
vt 0.35595703125 0.29443359375
vt 0.357421875 0.29443359375
vt 0.35302734375 0.302734375
vt 0.3515625 0.302734375
vt 0.3515625 0.29443359375
vt 0.35302734375 0.29443359375
vt 0.35302734375 0.302734375
vt 0.3544921875 0.302734375
vt 0.3544921875 0.30419921875
vt 0.35302734375 0.30419921875
vt 0.3544921875 0.30419921875
vt 0.35595703125 0.30419921875
vt 0.35595703125 0.302734375
vt 0.3544921875 0.302734375
vn 0 -0.9238795325112866 -0.38268343236508995
vn 1 0 0
vn 0 0.9238795325112866 0.38268343236508995
vn -1 0 0
vn 0 0.38268343236508995 -0.9238795325112866
vn 0 -0.38268343236508995 0.9238795325112866
usemtl m_9cf4343c-91f0-92da-4b25-54ec74dbc354
f 1012/3028/757 1015/3027/757 1013/3026/757 1010/3025/757
f 1011/3032/758 1012/3031/758 1010/3030/758 1009/3029/758
f 1016/3036/759 1011/3035/759 1009/3034/759 1014/3033/759
f 1015/3040/760 1016/3039/760 1014/3038/760 1013/3037/760
f 1014/3044/761 1009/3043/761 1010/3042/761 1013/3041/761
f 1015/3048/762 1012/3047/762 1011/3046/762 1016/3045/762
o cube
v 2.565479375 3.430090853453998 -1.989749532205496
v 2.565479375 3.5117100542631157 -2.1867957137489205
v 2.565479375 2.4448599457368836 -2.39784553625108
v 2.565479375 2.5264791465460013 -2.5948917177945043
v 2.319385625 3.5117100542631157 -2.1867957137489205
v 2.319385625 3.430090853453998 -1.989749532205496
v 2.319385625 2.5264791465460013 -2.5948917177945043
v 2.319385625 2.4448599457368836 -2.39784553625108
vt 0.3603515625 0.302734375
vt 0.35888671875 0.302734375
vt 0.35888671875 0.29443359375
vt 0.3603515625 0.29443359375
vt 0.36181640625 0.302734375
vt 0.3603515625 0.302734375
vt 0.3603515625 0.29443359375
vt 0.36181640625 0.29443359375
vt 0.36328125 0.302734375
vt 0.36181640625 0.302734375
vt 0.36181640625 0.29443359375
vt 0.36328125 0.29443359375
vt 0.35888671875 0.302734375
vt 0.357421875 0.302734375
vt 0.357421875 0.29443359375
vt 0.35888671875 0.29443359375
vt 0.35888671875 0.302734375
vt 0.3603515625 0.302734375
vt 0.3603515625 0.30419921875
vt 0.35888671875 0.30419921875
vt 0.3603515625 0.30419921875
vt 0.36181640625 0.30419921875
vt 0.36181640625 0.302734375
vt 0.3603515625 0.302734375
vn 0 0.38268343236509006 -0.9238795325112867
vn 1 0 0
vn 0 -0.38268343236509006 0.9238795325112867
vn -1 0 0
vn 0 0.9238795325112867 0.38268343236509006
vn 0 -0.9238795325112867 -0.38268343236509006
usemtl m_9cf4343c-91f0-92da-4b25-54ec74dbc354
f 1020/3052/763 1023/3051/763 1021/3050/763 1018/3049/763
f 1019/3056/764 1020/3055/764 1018/3054/764 1017/3053/764
f 1024/3060/765 1019/3059/765 1017/3058/765 1022/3057/765
f 1023/3064/766 1024/3063/766 1022/3062/766 1021/3061/766
f 1022/3068/767 1017/3067/767 1018/3066/767 1021/3065/767
f 1023/3072/768 1020/3071/768 1019/3070/768 1024/3069/768
o cube
v 2.565479375 3.279910236349886 -1.8398827704751697
v 2.565479375 3.4307228545248303 -1.990695388650114
v 2.565479375 2.525847145475169 -2.5939458613498867
v 2.565479375 2.6766597636501133 -2.744758479524831
v 2.319385625 3.4307228545248303 -1.990695388650114
v 2.319385625 3.279910236349886 -1.8398827704751697
v 2.319385625 2.6766597636501133 -2.744758479524831
v 2.319385625 2.525847145475169 -2.5939458613498867
vt 0.3662109375 0.302734375
vt 0.36474609375 0.302734375
vt 0.36474609375 0.29443359375
vt 0.3662109375 0.29443359375
vt 0.36767578125 0.302734375
vt 0.3662109375 0.302734375
vt 0.3662109375 0.29443359375
vt 0.36767578125 0.29443359375
vt 0.369140625 0.302734375
vt 0.36767578125 0.302734375
vt 0.36767578125 0.29443359375
vt 0.369140625 0.29443359375
vt 0.36474609375 0.302734375
vt 0.36328125 0.302734375
vt 0.36328125 0.29443359375
vt 0.36474609375 0.29443359375
vt 0.36474609375 0.302734375
vt 0.3662109375 0.302734375
vt 0.3662109375 0.30419921875
vt 0.36474609375 0.30419921875
vt 0.3662109375 0.30419921875
vt 0.36767578125 0.30419921875
vt 0.36767578125 0.302734375
vt 0.3662109375 0.302734375
vn 0 0.7071067811865476 -0.7071067811865476
vn 1 0 0
vn 0 -0.7071067811865476 0.7071067811865476
vn -1 0 0
vn 0 0.7071067811865476 0.7071067811865476
vn 0 -0.7071067811865476 -0.7071067811865476
usemtl m_9cf4343c-91f0-92da-4b25-54ec74dbc354
f 1028/3076/769 1031/3075/769 1029/3074/769 1026/3073/769
f 1027/3080/770 1028/3079/770 1026/3078/770 1025/3077/770
f 1032/3084/771 1027/3083/771 1025/3082/771 1030/3081/771
f 1031/3088/772 1032/3087/772 1030/3086/772 1029/3085/772
f 1030/3092/773 1025/3091/773 1026/3090/773 1029/3089/773
f 1031/3096/774 1028/3095/774 1027/3094/774 1032/3093/774
o cube
v 2.565479375 3.0838099112510795 -1.7588955707368843
v 2.565479375 3.2808560927945036 -1.8405147715460015
v 2.565479375 2.6757139072054956 -2.7441264784539987
v 2.565479375 2.8727600887489197 -2.8257456792631164
v 2.319385625 3.2808560927945036 -1.8405147715460015
v 2.319385625 3.0838099112510795 -1.7588955707368843
v 2.319385625 2.8727600887489197 -2.8257456792631164
v 2.319385625 2.6757139072054956 -2.7441264784539987
vt 0.3720703125 0.302734375
vt 0.37060546875 0.302734375
vt 0.37060546875 0.29443359375
vt 0.3720703125 0.29443359375
vt 0.37353515625 0.302734375
vt 0.3720703125 0.302734375
vt 0.3720703125 0.29443359375
vt 0.37353515625 0.29443359375
vt 0.375 0.302734375
vt 0.37353515625 0.302734375
vt 0.37353515625 0.29443359375
vt 0.375 0.29443359375
vt 0.37060546875 0.302734375
vt 0.369140625 0.302734375
vt 0.369140625 0.29443359375
vt 0.37060546875 0.29443359375
vt 0.37060546875 0.302734375
vt 0.3720703125 0.302734375
vt 0.3720703125 0.30419921875
vt 0.37060546875 0.30419921875
vt 0.3720703125 0.30419921875
vt 0.37353515625 0.30419921875
vt 0.37353515625 0.302734375
vt 0.3720703125 0.302734375
vn 0 0.9238795325112868 -0.38268343236508967
vn 1 0 0
vn 0 -0.9238795325112868 0.38268343236508967
vn -1 0 0
vn 0 0.38268343236508967 0.9238795325112868
vn 0 -0.38268343236508967 -0.9238795325112868
usemtl m_9cf4343c-91f0-92da-4b25-54ec74dbc354
f 1036/3100/775 1039/3099/775 1037/3098/775 1034/3097/775
f 1035/3104/776 1036/3103/776 1034/3102/776 1033/3101/776
f 1040/3108/777 1035/3107/777 1033/3106/777 1038/3105/777
f 1039/3112/778 1040/3111/778 1038/3110/778 1037/3109/778
f 1038/3116/779 1033/3115/779 1034/3114/779 1037/3113/779
f 1039/3120/780 1036/3119/780 1035/3118/780 1040/3117/780
o cube
v 2.59375 3.134535 -3.7652443750000004
v 2.59375 2.822035 -3.7652443750000004
v 2.59375 3.134535 -3.077744375
v 2.59375 2.822035 -3.0777443750000004
v 2.28125 2.822035 -3.7652443750000004
v 2.28125 3.134535 -3.7652443750000004
v 2.28125 2.822035 -3.0777443750000004
v 2.28125 3.134535 -3.077744375
vt 0.6962890625 0.30322265625
vt 0.69384765625 0.30322265625
vt 0.69384765625 0.2978515625
vt 0.6962890625 0.2978515625
vt 0.69873046875 0.30322265625
vt 0.6962890625 0.30322265625
vt 0.6962890625 0.2978515625
vt 0.69873046875 0.2978515625
vt 0.701171875 0.30322265625
vt 0.69873046875 0.30322265625
vt 0.69873046875 0.2978515625
vt 0.701171875 0.2978515625
vt 0.69384765625 0.30322265625
vt 0.69140625 0.30322265625
vt 0.69140625 0.2978515625
vt 0.69384765625 0.2978515625
vt 0.69384765625 0.30322265625
vt 0.6962890625 0.30322265625
vt 0.6962890625 0.3056640625
vt 0.69384765625 0.3056640625
vt 0.6962890625 0.3056640625
vt 0.69873046875 0.3056640625
vt 0.69873046875 0.30322265625
vt 0.6962890625 0.30322265625
vn 0 -1 -2.220446049250313e-16
vn 1 0 0
vn 0 1 2.220446049250313e-16
vn -1 0 0
vn 0 2.220446049250313e-16 -1
vn 0 -2.220446049250313e-16 1
usemtl m_9cf4343c-91f0-92da-4b25-54ec74dbc354
f 1044/3124/781 1047/3123/781 1045/3122/781 1042/3121/781
f 1043/3128/782 1044/3127/782 1042/3126/782 1041/3125/782
f 1048/3132/783 1043/3131/783 1041/3130/783 1046/3129/783
f 1047/3136/784 1048/3135/784 1046/3134/784 1045/3133/784
f 1046/3140/785 1041/3139/785 1042/3138/785 1045/3137/785
f 1047/3144/786 1044/3143/786 1043/3142/786 1048/3141/786
o cube
v 2.625 3.165785 -3.390244375
v 2.625 2.790785 -3.3902443750000004
v 2.625 3.165785 -3.202744375
v 2.625 2.790785 -3.2027443750000004
v 2.25 2.790785 -3.3902443750000004
v 2.25 3.165785 -3.390244375
v 2.25 2.790785 -3.2027443750000004
v 2.25 3.165785 -3.202744375
vt 0.68359375 0.580078125
vt 0.6806640625 0.580078125
vt 0.6806640625 0.57861328125
vt 0.68359375 0.57861328125
vt 0.6865234375 0.580078125
vt 0.68359375 0.580078125
vt 0.68359375 0.57861328125
vt 0.6865234375 0.57861328125
vt 0.689453125 0.580078125
vt 0.6865234375 0.580078125
vt 0.6865234375 0.57861328125
vt 0.689453125 0.57861328125
vt 0.6806640625 0.580078125
vt 0.677734375 0.580078125
vt 0.677734375 0.57861328125
vt 0.6806640625 0.57861328125
vt 0.6806640625 0.580078125
vt 0.68359375 0.580078125
vt 0.68359375 0.5830078125
vt 0.6806640625 0.5830078125
vt 0.68359375 0.5830078125
vt 0.6865234375 0.5830078125
vt 0.6865234375 0.580078125
vt 0.68359375 0.580078125
vn 0 -1 -2.220446049250313e-16
vn 1 0 0
vn 0 1 2.220446049250313e-16
vn -1 0 0
vn 0 2.220446049250313e-16 -1
vn 0 -2.220446049250313e-16 1
usemtl m_9cf4343c-91f0-92da-4b25-54ec74dbc354
f 1052/3148/787 1055/3147/787 1053/3146/787 1050/3145/787
f 1051/3152/788 1052/3151/788 1050/3150/788 1049/3149/788
f 1056/3156/789 1051/3155/789 1049/3154/789 1054/3153/789
f 1055/3160/790 1056/3159/790 1054/3158/790 1053/3157/790
f 1054/3164/791 1049/3163/791 1050/3162/791 1053/3161/791
f 1055/3168/792 1052/3167/792 1051/3166/792 1056/3165/792
o cube
v 2.28125 3.072035 -4.202744375000001
v 2.28125 2.884535 -4.202744375000001
v 2.28125 3.072035 -3.2652443750000004
v 2.28125 2.884535 -3.265244375000001
v 2.09375 2.884535 -4.202744375000001
v 2.09375 3.072035 -4.202744375000001
v 2.09375 2.884535 -3.265244375000001
v 2.09375 3.072035 -3.2652443750000004
vt 0.1796875 0.30224609375
vt 0.17822265625 0.30224609375
vt 0.17822265625 0.294921875
vt 0.1796875 0.294921875
vt 0.18115234375 0.30224609375
vt 0.1796875 0.30224609375
vt 0.1796875 0.294921875
vt 0.18115234375 0.294921875
vt 0.1826171875 0.30224609375
vt 0.18115234375 0.30224609375
vt 0.18115234375 0.294921875
vt 0.1826171875 0.294921875
vt 0.17822265625 0.30224609375
vt 0.1767578125 0.30224609375
vt 0.1767578125 0.294921875
vt 0.17822265625 0.294921875
vt 0.17822265625 0.30224609375
vt 0.1796875 0.30224609375
vt 0.1796875 0.3037109375
vt 0.17822265625 0.3037109375
vt 0.1796875 0.3037109375
vt 0.18115234375 0.3037109375
vt 0.18115234375 0.30224609375
vt 0.1796875 0.30224609375
vn 0 -1 -2.220446049250313e-16
vn 1 0 0
vn 0 1 2.220446049250313e-16
vn -1 0 0
vn 0 2.220446049250313e-16 -1
vn 0 -2.220446049250313e-16 1
usemtl m_9cf4343c-91f0-92da-4b25-54ec74dbc354
f 1060/3172/793 1063/3171/793 1061/3170/793 1058/3169/793
f 1059/3176/794 1060/3175/794 1058/3174/794 1057/3173/794
f 1064/3180/795 1059/3179/795 1057/3178/795 1062/3177/795
f 1063/3184/796 1064/3183/796 1062/3182/796 1061/3181/796
f 1062/3188/797 1057/3187/797 1058/3186/797 1061/3185/797
f 1063/3192/798 1060/3191/798 1059/3190/798 1064/3189/798
o cube
v 2.3125 3.103285 -3.577744375
v 2.3125 2.853285 -3.5777443750000004
v 2.3125 3.103285 -3.390244375
v 2.3125 2.853285 -3.3902443750000004
v 2.0625 2.853285 -3.5777443750000004
v 2.0625 3.103285 -3.577744375
v 2.0625 2.853285 -3.3902443750000004
v 2.0625 3.103285 -3.390244375
vt 0.6923828125 0.9716796875
vt 0.6904296875 0.9716796875
vt 0.6904296875 0.97021484375
vt 0.6923828125 0.97021484375
vt 0.6943359375 0.9716796875
vt 0.6923828125 0.9716796875
vt 0.6923828125 0.97021484375
vt 0.6943359375 0.97021484375
vt 0.6962890625 0.9716796875
vt 0.6943359375 0.9716796875
vt 0.6943359375 0.97021484375
vt 0.6962890625 0.97021484375
vt 0.6904296875 0.9716796875
vt 0.6884765625 0.9716796875
vt 0.6884765625 0.97021484375
vt 0.6904296875 0.97021484375
vt 0.6904296875 0.9716796875
vt 0.6923828125 0.9716796875
vt 0.6923828125 0.9736328125
vt 0.6904296875 0.9736328125
vt 0.6923828125 0.9736328125
vt 0.6943359375 0.9736328125
vt 0.6943359375 0.9716796875
vt 0.6923828125 0.9716796875
vn 0 -1 -2.220446049250313e-16
vn 1 0 0
vn 0 1 2.220446049250313e-16
vn -1 0 0
vn 0 2.220446049250313e-16 -1
vn 0 -2.220446049250313e-16 1
usemtl m_9cf4343c-91f0-92da-4b25-54ec74dbc354
f 1068/3196/799 1071/3195/799 1069/3194/799 1066/3193/799
f 1067/3200/800 1068/3199/800 1066/3198/800 1065/3197/800
f 1072/3204/801 1067/3203/801 1065/3202/801 1070/3201/801
f 1071/3208/802 1072/3207/802 1070/3206/802 1069/3205/802
f 1070/3212/803 1065/3211/803 1066/3210/803 1069/3209/803
f 1071/3216/804 1068/3215/804 1067/3214/804 1072/3213/804
o cube
v 2.875 2.4733750000000003 -5.3268025
v 2.875 2.3483750000000003 -5.3268025
v 2.875 2.473375 -2.6393025000000003
v 2.875 2.348375 -2.6393025000000003
v 2 2.3483750000000003 -5.3268025
v 2 2.4733750000000003 -5.3268025
v 2 2.348375 -2.6393025000000003
v 2 2.473375 -2.6393025000000003
vt 0.0068359375 0.9736328125
vt 0.0009765625 0.9736328125
vt 0.0009765625 0.96142578125
vt 0.0068359375 0.96142578125
vt 0.0078125 0.9736328125
vt 0.0068359375 0.9736328125
vt 0.0068359375 0.96142578125
vt 0.0078125 0.96142578125
vt 0.013671875 0.9736328125
vt 0.0078125 0.9736328125
vt 0.0078125 0.96142578125
vt 0.013671875 0.96142578125
vt 0.0009765625 0.9736328125
vt 0 0.9736328125
vt 0 0.96142578125
vt 0.0009765625 0.96142578125
vt 0.0009765625 0.9736328125
vt 0.0068359375 0.9736328125
vt 0.0068359375 0.974609375
vt 0.0009765625 0.974609375
vt 0.0068359375 0.974609375
vt 0.0126953125 0.974609375
vt 0.0126953125 0.9736328125
vt 0.0068359375 0.9736328125
vn 0 -1 -2.220446049250313e-16
vn 1 0 0
vn 0 1 2.220446049250313e-16
vn -1 0 0
vn 0 2.220446049250313e-16 -1
vn 0 -2.220446049250313e-16 1
usemtl m_9cf4343c-91f0-92da-4b25-54ec74dbc354
f 1076/3220/805 1079/3219/805 1077/3218/805 1074/3217/805
f 1075/3224/806 1076/3223/806 1074/3222/806 1073/3221/806
f 1080/3228/807 1075/3227/807 1073/3226/807 1078/3225/807
f 1079/3232/808 1080/3231/808 1078/3230/808 1077/3229/808
f 1078/3236/809 1073/3235/809 1074/3234/809 1077/3233/809
f 1079/3240/810 1076/3239/810 1075/3238/810 1080/3237/810
o cube
v 0.11532749399291492 2.625 5.337236032875846
v 7.972954991743484 2.625 -11.513500514836457
v 0.11532749399291492 2.375 5.337236032875846
v 7.972954991743484 2.375 -11.513500514836457
v 7.784390292899739 2.625 -11.601429677964985
v -0.07323720485082975 2.625 5.249306869747317
v 7.784390292899739 2.375 -11.601429677964985
v -0.07323720485082975 2.375 5.249306869747317
vt 0.43896484375 0.70166015625
vt 0.4404296875 0.70166015625
vt 0.4404296875 0.69970703125
vt 0.43896484375 0.69970703125
vt 0.2939453125 0.70166015625
vt 0.43896484375 0.70166015625
vt 0.43896484375 0.69970703125
vt 0.2939453125 0.69970703125
vt 0.58544921875 0.70166015625
vt 0.5869140625 0.70166015625
vt 0.5869140625 0.69970703125
vt 0.58544921875 0.69970703125
vt 0.4404296875 0.70166015625
vt 0.58544921875 0.70166015625
vt 0.58544921875 0.69970703125
vt 0.4404296875 0.69970703125
vt 0.4404296875 0.70166015625
vt 0.43896484375 0.70166015625
vt 0.43896484375 0.8466796875
vt 0.4404296875 0.8466796875
vt 0.44189453125 0.8466796875
vt 0.4404296875 0.8466796875
vt 0.4404296875 0.70166015625
vt 0.44189453125 0.70166015625
vn 0.42261826174069944 0 -0.9063077870366499
vn 0.9063077870366499 0 0.42261826174069944
vn -0.42261826174069944 0 0.9063077870366499
vn -0.9063077870366499 0 -0.42261826174069944
vn 0 1 0
vn 0 -1 0
usemtl m_9cf4343c-91f0-92da-4b25-54ec74dbc354
f 1084/3244/811 1087/3243/811 1085/3242/811 1082/3241/811
f 1083/3248/812 1084/3247/812 1082/3246/812 1081/3245/812
f 1088/3252/813 1083/3251/813 1081/3250/813 1086/3249/813
f 1087/3256/814 1088/3255/814 1086/3254/814 1085/3253/814
f 1086/3260/815 1081/3259/815 1082/3258/815 1085/3257/815
f 1087/3264/816 1084/3263/816 1083/3262/816 1088/3261/816
o cube
v 0.09965084620962346 2.625 5.305951106437107
v -7.784390292899739 2.625 -11.601429677964985
v 0.09965084620962346 2.375 5.305951106437107
v -7.784390292899739 2.375 -11.601429677964985
v -7.972954991743484 2.625 -11.513500514836457
v -0.08891385263412122 2.625 5.393880269565637
v -7.972954991743484 2.375 -11.513500514836457
v -0.08891385263412122 2.375 5.393880269565637
vt 0.1455078125 0.701171875
vt 0.14697265625 0.701171875
vt 0.14697265625 0.69921875
vt 0.1455078125 0.69921875
vt 0 0.701171875
vt 0.1455078125 0.701171875
vt 0.1455078125 0.69921875
vt 0 0.69921875
vt 0.29248046875 0.701171875
vt 0.2939453125 0.701171875
vt 0.2939453125 0.69921875
vt 0.29248046875 0.69921875
vt 0.14697265625 0.701171875
vt 0.29248046875 0.701171875
vt 0.29248046875 0.69921875
vt 0.14697265625 0.69921875
vt 0.14697265625 0.701171875
vt 0.1455078125 0.701171875
vt 0.1455078125 0.8466796875
vt 0.14697265625 0.8466796875
vt 0.1484375 0.8466796875
vt 0.14697265625 0.8466796875
vt 0.14697265625 0.701171875
vt 0.1484375 0.701171875
vn -0.42261826174069944 0 -0.9063077870366499
vn 0.9063077870366499 0 -0.42261826174069944
vn 0.42261826174069944 0 0.9063077870366499
vn -0.9063077870366499 0 0.42261826174069944
vn 0 1 0
vn 0 -1 0
usemtl m_9cf4343c-91f0-92da-4b25-54ec74dbc354
f 1092/3268/817 1095/3267/817 1093/3266/817 1090/3265/817
f 1091/3272/818 1092/3271/818 1090/3270/818 1089/3269/818
f 1096/3276/819 1091/3275/819 1089/3274/819 1094/3273/819
f 1095/3280/820 1096/3279/820 1094/3278/820 1093/3277/820
f 1094/3284/821 1089/3283/821 1090/3282/821 1093/3281/821
f 1095/3288/822 1092/3287/822 1091/3286/822 1096/3285/822
o cube
v 7.506863481760995 2.625 -12.367711181625085
v 7.991755263716863 2.625 -12.896877705372152
v 7.506863481760995 2.375 -12.367711181625085
v 7.991755263716863 2.375 -12.896877705372152
v 7.285400720807561 2.625 -13.544132392948772
v 6.800508938851693 2.625 -13.014965869201705
v 7.285400720807561 2.375 -13.544132392948772
v 6.800508938851693 2.375 -13.014965869201705
vt 0.63330078125 0.52783203125
vt 0.640625 0.52783203125
vt 0.640625 0.52587890625
vt 0.63330078125 0.52587890625
vt 0.6279296875 0.52783203125
vt 0.63330078125 0.52783203125
vt 0.63330078125 0.52587890625
vt 0.6279296875 0.52587890625
vt 0.64599609375 0.52783203125
vt 0.6533203125 0.52783203125
vt 0.6533203125 0.52587890625
vt 0.64599609375 0.52587890625
vt 0.640625 0.52783203125
vt 0.64599609375 0.52783203125
vt 0.64599609375 0.52587890625
vt 0.640625 0.52587890625
vt 0.640625 0.52783203125
vt 0.63330078125 0.52783203125
vt 0.63330078125 0.533203125
vt 0.640625 0.533203125
vt 0.64794921875 0.533203125
vt 0.640625 0.533203125
vt 0.640625 0.52783203125
vt 0.64794921875 0.52783203125
vn 0.6755902076156601 0 -0.7372773368101242
vn 0.7372773368101242 0 0.6755902076156601
vn -0.6755902076156601 0 0.7372773368101242
vn -0.7372773368101242 0 -0.6755902076156601
vn 0 1 0
vn 0 -1 0
usemtl m_9cf4343c-91f0-92da-4b25-54ec74dbc354
f 1100/3292/823 1103/3291/823 1101/3290/823 1098/3289/823
f 1099/3296/824 1100/3295/824 1098/3294/824 1097/3293/824
f 1104/3300/825 1099/3299/825 1097/3298/825 1102/3297/825
f 1103/3304/826 1104/3303/826 1102/3302/826 1101/3301/826
f 1102/3308/827 1097/3307/827 1098/3306/827 1101/3305/827
f 1103/3312/828 1100/3311/828 1099/3310/828 1104/3309/828
o cube
v 8.184411890281226 2.625 -12.712732201106984
v 7.443104454858542 2.625 -13.678822860025669
v 8.184411890281226 2.375 -12.712732201106984
v 7.443104454858542 2.375 -13.678822860025669
v 7.2780408464150605 2.625 -13.552165098533795
v 8.019348281837743 2.625 -12.586074439615109
v 7.2780408464150605 2.375 -13.552165098533795
v 8.019348281837743 2.375 -12.586074439615109
vt 0.04736328125 0.33154296875
vt 0.048828125 0.33154296875
vt 0.048828125 0.32958984375
vt 0.04736328125 0.32958984375
vt 0.0380859375 0.33154296875
vt 0.04736328125 0.33154296875
vt 0.04736328125 0.32958984375
vt 0.0380859375 0.32958984375
vt 0.05810546875 0.33154296875
vt 0.0595703125 0.33154296875
vt 0.0595703125 0.32958984375
vt 0.05810546875 0.32958984375
vt 0.048828125 0.33154296875
vt 0.05810546875 0.33154296875
vt 0.05810546875 0.32958984375
vt 0.048828125 0.32958984375
vt 0.048828125 0.33154296875
vt 0.04736328125 0.33154296875
vt 0.04736328125 0.3408203125
vt 0.048828125 0.3408203125
vt 0.05029296875 0.3408203125
vt 0.048828125 0.3408203125
vt 0.048828125 0.33154296875
vt 0.05029296875 0.33154296875
vn -0.6087614290087207 0 -0.7933533402912352
vn 0.7933533402912352 0 -0.6087614290087207
vn 0.6087614290087207 0 0.7933533402912352
vn -0.7933533402912352 0 0.6087614290087207
vn 0 1 0
vn 0 -1 0
usemtl m_9cf4343c-91f0-92da-4b25-54ec74dbc354
f 1108/3316/829 1111/3315/829 1109/3314/829 1106/3313/829
f 1107/3320/830 1108/3319/830 1106/3318/830 1105/3317/830
f 1112/3324/831 1107/3323/831 1105/3322/831 1110/3321/831
f 1111/3328/832 1112/3327/832 1110/3326/832 1109/3325/832
f 1110/3332/833 1105/3331/833 1106/3330/833 1109/3329/833
f 1111/3336/834 1108/3335/834 1107/3334/834 1112/3333/834
o cube
v 7.972955099973722 2.625 -11.51350116629502
v 8.184411803894184 2.625 -12.712731726875424
v 7.972955099973722 2.375 -11.51350116629502
v 8.184411803894184 2.375 -12.712731726875424
v 7.794863095627212 2.625 -12.781419674443022
v 7.583406391706749 2.625 -11.582189113862619
v 7.794863095627212 2.375 -12.781419674443022
v 7.583406391706749 2.375 -11.582189113862619
vt 0.48876953125 0.306640625
vt 0.49169921875 0.306640625
vt 0.49169921875 0.3046875
vt 0.48876953125 0.3046875
vt 0.4794921875 0.306640625
vt 0.48876953125 0.306640625
vt 0.48876953125 0.3046875
vt 0.4794921875 0.3046875
vt 0.5009765625 0.306640625
vt 0.50390625 0.306640625
vt 0.50390625 0.3046875
vt 0.5009765625 0.3046875
vt 0.49169921875 0.306640625
vt 0.5009765625 0.306640625
vt 0.5009765625 0.3046875
vt 0.49169921875 0.3046875
vt 0.49169921875 0.306640625
vt 0.48876953125 0.306640625
vt 0.48876953125 0.31591796875
vt 0.49169921875 0.31591796875
vt 0.49462890625 0.31591796875
vt 0.49169921875 0.31591796875
vt 0.49169921875 0.306640625
vt 0.49462890625 0.306640625
vn 0.17364817766693033 0 -0.984807753012208
vn 0.984807753012208 0 0.17364817766693033
vn -0.17364817766693033 0 0.984807753012208
vn -0.984807753012208 0 -0.17364817766693033
vn 0 1 0
vn 0 -1 0
usemtl m_9cf4343c-91f0-92da-4b25-54ec74dbc354
f 1116/3340/835 1119/3339/835 1117/3338/835 1114/3337/835
f 1115/3344/836 1116/3343/836 1114/3342/836 1113/3341/836
f 1120/3348/837 1115/3347/837 1113/3346/837 1118/3345/837
f 1119/3352/838 1120/3351/838 1118/3350/838 1117/3349/838
f 1118/3356/839 1113/3355/839 1114/3354/839 1117/3353/839
f 1119/3360/840 1116/3359/840 1115/3358/840 1120/3357/840
o cube
v -0.028272499999999923 2.625 -8.61515625
v -0.028272499999999923 2.625 -9.92765625
v -0.028272499999999923 2.375 -8.61515625
v -0.028272499999999923 2.375 -9.92765625
v -3.1532725 2.625 -9.92765625
v -3.1532725 2.625 -8.61515625
v -3.1532725 2.375 -9.92765625
v -3.1532725 2.375 -8.61515625
vt 0.60400390625 0.85791015625
vt 0.62841796875 0.85791015625
vt 0.62841796875 0.85595703125
vt 0.60400390625 0.85595703125
vt 0.59375 0.85791015625
vt 0.60400390625 0.85791015625
vt 0.60400390625 0.85595703125
vt 0.59375 0.85595703125
vt 0.638671875 0.85791015625
vt 0.6630859375 0.85791015625
vt 0.6630859375 0.85595703125
vt 0.638671875 0.85595703125
vt 0.62841796875 0.85791015625
vt 0.638671875 0.85791015625
vt 0.638671875 0.85595703125
vt 0.62841796875 0.85595703125
vt 0.62841796875 0.85791015625
vt 0.60400390625 0.85791015625
vt 0.60400390625 0.8681640625
vt 0.62841796875 0.8681640625
vt 0.65283203125 0.8681640625
vt 0.62841796875 0.8681640625
vt 0.62841796875 0.85791015625
vt 0.65283203125 0.85791015625
vn 0 0 -1
vn 1 0 0
vn 0 0 1
vn -1 0 0
vn 0 1 0
vn 0 -1 0
usemtl m_9cf4343c-91f0-92da-4b25-54ec74dbc354
f 1124/3364/841 1127/3363/841 1125/3362/841 1122/3361/841
f 1123/3368/842 1124/3367/842 1122/3366/842 1121/3365/842
f 1128/3372/843 1123/3371/843 1121/3370/843 1126/3369/843
f 1127/3376/844 1128/3375/844 1126/3374/844 1125/3373/844
f 1126/3380/845 1121/3379/845 1122/3378/845 1125/3377/845
f 1127/3384/846 1124/3383/846 1123/3382/846 1128/3381/846
o cube
v -3.0611131260201034 2.625 -9.843207390761371
v 0.08460377819031417 2.625 -13.276154990283512
v -3.0611131260201034 2.375 -9.843207390761371
v 0.08460377819031417 2.375 -13.276154990283512
v -0.0075558889109512695 2.625 -13.36060376623547
v -3.153272793121369 2.625 -9.92765616671333
v -0.0075558889109512695 2.375 -13.36060376623547
v -3.153272793121369 2.375 -9.92765616671333
vt 0.623046875 0.73681640625
vt 0.6240234375 0.73681640625
vt 0.6240234375 0.73486328125
vt 0.623046875 0.73486328125
vt 0.5869140625 0.73681640625
vt 0.623046875 0.73681640625
vt 0.623046875 0.73486328125
vt 0.5869140625 0.73486328125
vt 0.66015625 0.73681640625
vt 0.6611328125 0.73681640625
vt 0.6611328125 0.73486328125
vt 0.66015625 0.73486328125
vt 0.6240234375 0.73681640625
vt 0.66015625 0.73681640625
vt 0.66015625 0.73486328125
vt 0.6240234375 0.73486328125
vt 0.6240234375 0.73681640625
vt 0.623046875 0.73681640625
vt 0.623046875 0.77294921875
vt 0.6240234375 0.77294921875
vt 0.625 0.77294921875
vt 0.6240234375 0.77294921875
vt 0.6240234375 0.73681640625
vt 0.625 0.73681640625
vn 0.6755902076156601 0 -0.7372773368101242
vn 0.7372773368101242 0 0.6755902076156601
vn -0.6755902076156601 0 0.7372773368101242
vn -0.7372773368101242 0 -0.6755902076156601
vn 0 1 0
vn 0 -1 0
usemtl m_9cf4343c-91f0-92da-4b25-54ec74dbc354
f 1132/3388/847 1135/3387/847 1133/3386/847 1130/3385/847
f 1131/3392/848 1132/3391/848 1130/3390/848 1129/3389/848
f 1136/3396/849 1131/3395/849 1129/3394/849 1134/3393/849
f 1135/3400/850 1136/3399/850 1134/3398/850 1133/3397/850
f 1134/3404/851 1129/3403/851 1130/3402/851 1133/3401/851
f 1135/3408/852 1132/3407/852 1131/3406/852 1136/3405/852
o cube
v 0.0625 2.6249998484315267 5.450524408547639
v 0.0625 3.2134450488257436 2.7962196391903205
v 0.0625 2.5639813479865308 5.436996932676508
v 0.0625 3.152426548380748 2.782692163319189
v -0.0625 3.2134450488257436 2.7962196391903205
v -0.0625 2.6249998484315267 5.450524408547639
v -0.0625 3.152426548380748 2.782692163319189
v -0.0625 2.5639813479865308 5.436996932676508
vt 0.26513671875 0.59521484375
vt 0.26611328125 0.59521484375
vt 0.26611328125 0.5947265625
vt 0.26513671875 0.5947265625
vt 0.244140625 0.59521484375
vt 0.26513671875 0.59521484375
vt 0.26513671875 0.5947265625
vt 0.244140625 0.5947265625
vt 0.287109375 0.59521484375
vt 0.2880859375 0.59521484375
vt 0.2880859375 0.5947265625
vt 0.287109375 0.5947265625
vt 0.26611328125 0.59521484375
vt 0.287109375 0.59521484375
vt 0.287109375 0.5947265625
vt 0.26611328125 0.5947265625
vt 0.26611328125 0.59521484375
vt 0.26513671875 0.59521484375
vt 0.26513671875 0.6162109375
vt 0.26611328125 0.6162109375
vt 0.26708984375 0.6162109375
vt 0.26611328125 0.6162109375
vt 0.26611328125 0.59521484375
vt 0.26708984375 0.59521484375
vn 0 0.21643961393810288 -0.9762960071199334
vn 1 0 0
vn 0 -0.21643961393810288 0.9762960071199334
vn -1 0 0
vn 0 0.9762960071199334 0.21643961393810288
vn 0 -0.9762960071199334 -0.21643961393810288
usemtl m_9cf4343c-91f0-92da-4b25-54ec74dbc354
f 1140/3412/853 1143/3411/853 1141/3410/853 1138/3409/853
f 1139/3416/854 1140/3415/854 1138/3414/854 1137/3413/854
f 1144/3420/855 1139/3419/855 1137/3418/855 1142/3417/855
f 1143/3424/856 1144/3423/856 1142/3422/856 1141/3421/856
f 1142/3428/857 1137/3427/857 1138/3426/857 1141/3425/857
f 1143/3432/858 1140/3431/858 1139/3430/858 1144/3429/858
o cube
v 0.06250028335194313 2.6250003193727625 5.450524303499955
v 0.86768543686343 2.6250002349456913 3.7237989046589677
v 0.03634488536544889 2.5695621414332352 5.438327845698058
v 0.8415300388769358 2.569562057006164 3.7116024468570714
v 0.7506705540404828 2.6922114934356935 3.669233973763404
v -0.05451459947100412 2.6922115778627647 5.395959372604391
v 0.7245151560539886 2.6367733154961663 3.657037515961508
v -0.08066999745749825 2.636773399923238 5.383762914802495
vt 0.1259765625 0.31005859375
vt 0.126953125 0.31005859375
vt 0.126953125 0.3095703125
vt 0.1259765625 0.3095703125
vt 0.111328125 0.31005859375
vt 0.1259765625 0.31005859375
vt 0.1259765625 0.3095703125
vt 0.111328125 0.3095703125
vt 0.1416015625 0.31005859375
vt 0.142578125 0.31005859375
vt 0.142578125 0.3095703125
vt 0.1416015625 0.3095703125
vt 0.126953125 0.31005859375
vt 0.1416015625 0.31005859375
vt 0.1416015625 0.3095703125
vt 0.126953125 0.3095703125
vt 0.126953125 0.31005859375
vt 0.1259765625 0.31005859375
vt 0.1259765625 0.32470703125
vt 0.126953125 0.32470703125
vt 0.1279296875 0.32470703125
vt 0.126953125 0.32470703125
vt 0.126953125 0.31005859375
vt 0.1279296875 0.31005859375
vn 0.4226182084971928 -4.431330791199173e-8 -0.9063078118645018
vn 0.8039048512265958 -0.46174858662133983 0.3748669536349393
vn -0.4226182084971928 4.431330791199173e-8 0.9063078118645018
vn -0.8039048512265958 0.46174858662133983 -0.3748669536349393
vn 0.4184863677839077 0.8870108470324323 0.19514332483033833
vn -0.4184863677839077 -0.8870108470324323 -0.19514332483033833
usemtl m_9cf4343c-91f0-92da-4b25-54ec74dbc354
f 1148/3436/859 1151/3435/859 1149/3434/859 1146/3433/859
f 1147/3440/860 1148/3439/860 1146/3438/860 1145/3437/860
f 1152/3444/861 1147/3443/861 1145/3442/861 1150/3441/861
f 1151/3448/862 1152/3447/862 1150/3446/862 1149/3445/862
f 1150/3452/863 1145/3451/863 1146/3450/863 1149/3449/863
f 1151/3456/864 1148/3455/864 1147/3454/864 1152/3453/864
o cube
v 0.05451459947100412 2.6922115778627647 5.395959372604391
v -0.7770841920715574 2.6922114906661117 3.6125897355218726
v 0.08066999745749825 2.636773399923238 5.383762914802495
v -0.7509287940850632 2.636773312726585 3.6003932777199763
v -0.8940990748945046 2.6250002321761094 3.6671546664174364
v -0.06250028335194313 2.6250003193727625 5.450524303499955
v -0.8679436769080104 2.5695620542365822 3.65495820861554
v -0.03634488536544889 2.5695621414332352 5.438327845698058
vt 0.24267578125 0.31201171875
vt 0.24365234375 0.31201171875
vt 0.24365234375 0.3115234375
vt 0.24267578125 0.3115234375
vt 0.2275390625 0.31201171875
vt 0.24267578125 0.31201171875
vt 0.24267578125 0.3115234375
vt 0.2275390625 0.3115234375
vt 0.2587890625 0.31201171875
vt 0.259765625 0.31201171875
vt 0.259765625 0.3115234375
vt 0.2587890625 0.3115234375
vt 0.24365234375 0.31201171875
vt 0.2587890625 0.31201171875
vt 0.2587890625 0.3115234375
vt 0.24365234375 0.3115234375
vt 0.24365234375 0.31201171875
vt 0.24267578125 0.31201171875
vt 0.24267578125 0.3271484375
vt 0.24365234375 0.3271484375
vt 0.24462890625 0.3271484375
vt 0.24365234375 0.3271484375
vt 0.24365234375 0.31201171875
vt 0.24462890625 0.31201171875
vn -0.4226182084971928 -4.431330791199173e-8 -0.9063078118645018
vn 0.8039048512265958 0.46174858662133983 -0.3748669536349393
vn 0.4226182084971928 4.431330791199173e-8 0.9063078118645018
vn -0.8039048512265958 -0.46174858662133983 0.3748669536349393
vn -0.4184863677839077 0.8870108470324323 0.19514332483033833
vn 0.4184863677839077 -0.8870108470324323 -0.19514332483033833
usemtl m_9cf4343c-91f0-92da-4b25-54ec74dbc354
f 1156/3460/865 1159/3459/865 1157/3458/865 1154/3457/865
f 1155/3464/866 1156/3463/866 1154/3462/866 1153/3461/866
f 1160/3468/867 1155/3467/867 1153/3466/867 1158/3465/867
f 1159/3472/868 1160/3471/868 1158/3470/868 1157/3469/868
f 1158/3476/869 1153/3475/869 1154/3474/869 1157/3473/869
f 1159/3480/870 1156/3479/870 1155/3478/870 1160/3477/870
o cube
v -0.05459836900171817 2.6832265490472 5.202803839392104
v -0.05386317226676046 3.2137808003476263 2.7927818304727468
v -0.028442974006031768 2.627788369752733 5.1906073813351865
v -0.02770777727107407 3.1583426210531593 2.7805853724158296
v -0.186062416724543 3.154299672736776 2.77964703026685
v -0.1867976134595007 2.62374542143635 5.1896690391862075
v -0.15990702172885657 3.0988614934423087 2.767450572209933
v -0.1606422184638143 2.5683072421418824 5.17747258112929
vt 0.57080078125 0.92529296875
vt 0.57177734375 0.92529296875
vt 0.57177734375 0.9248046875
vt 0.57080078125 0.9248046875
vt 0.5517578125 0.92529296875
vt 0.57080078125 0.92529296875
vt 0.57080078125 0.9248046875
vt 0.5517578125 0.9248046875
vt 0.5908203125 0.92529296875
vt 0.591796875 0.92529296875
vt 0.591796875 0.9248046875
vt 0.5908203125 0.9248046875
vt 0.57177734375 0.92529296875
vt 0.5908203125 0.92529296875
vt 0.5908203125 0.9248046875
vt 0.57177734375 0.9248046875
vt 0.57177734375 0.92529296875
vt 0.57080078125 0.92529296875
vt 0.57080078125 0.9443359375
vt 0.57177734375 0.9443359375
vt 0.57275390625 0.9443359375
vt 0.57177734375 0.9443359375
vt 0.57177734375 0.92529296875
vt 0.57275390625 0.92529296875
vn 0.00029792422540353414 0.21499682579836943 -0.9766147019873199
vn 0.9082230514976921 0.4086417547000581 0.09023749245118748
vn -0.00029792422540353414 -0.21499682579836943 0.9766147019873199
vn -0.9082230514976921 -0.4086417547000581 -0.09023749245118748
vn -0.41848631993098234 0.8870108687114737 0.19514332891067623
vn 0.41848631993098234 -0.8870108687114737 -0.19514332891067623
usemtl m_9cf4343c-91f0-92da-4b25-54ec74dbc354
f 1164/3484/871 1167/3483/871 1165/3482/871 1162/3481/871
f 1163/3488/872 1164/3487/872 1162/3486/872 1161/3485/872
f 1168/3492/873 1163/3491/873 1161/3490/873 1166/3489/873
f 1167/3496/874 1168/3495/874 1166/3494/874 1165/3493/874
f 1166/3500/875 1161/3499/875 1162/3498/875 1165/3497/875
f 1167/3504/876 1164/3503/876 1163/3502/876 1168/3501/876
o cube
v 0.1867976134595007 2.62374542143635 5.1896690391862075
v 0.186062416724543 3.154299672736776 2.77964703026685
v 0.1606422184638143 2.5683072421418824 5.17747258112929
v 0.15990702172885657 3.0988614934423087 2.767450572209933
v 0.053863172266760476 3.2137808003476263 2.7927818304727468
v 0.05459836900171818 2.6832265490472 5.202803839392104
v 0.027707777271074083 3.1583426210531593 2.7805853724158296
v 0.028442974006031782 2.627788369752733 5.1906073813351865
vt 0.55615234375 0.32373046875
vt 0.55712890625 0.32373046875
vt 0.55712890625 0.3232421875
vt 0.55615234375 0.3232421875
vt 0.537109375 0.32373046875
vt 0.55615234375 0.32373046875
vt 0.55615234375 0.3232421875
vt 0.537109375 0.3232421875
vt 0.576171875 0.32373046875
vt 0.5771484375 0.32373046875
vt 0.5771484375 0.3232421875
vt 0.576171875 0.3232421875
vt 0.55712890625 0.32373046875
vt 0.576171875 0.32373046875
vt 0.576171875 0.3232421875
vt 0.55712890625 0.3232421875
vt 0.55712890625 0.32373046875
vt 0.55615234375 0.32373046875
vt 0.55615234375 0.3427734375
vt 0.55712890625 0.3427734375
vt 0.55810546875 0.3427734375
vt 0.55712890625 0.3427734375
vt 0.55712890625 0.32373046875
vt 0.55810546875 0.32373046875
vn -0.00029792422540353414 0.21499682579836943 -0.9766147019873199
vn 0.9082230514976921 -0.4086417547000581 -0.09023749245118748
vn 0.00029792422540353414 -0.21499682579836943 0.9766147019873199
vn -0.9082230514976921 0.4086417547000581 0.09023749245118748
vn 0.41848631993098234 0.8870108687114737 0.19514332891067623
vn -0.41848631993098234 -0.8870108687114737 -0.19514332891067623
usemtl m_9cf4343c-91f0-92da-4b25-54ec74dbc354
f 1172/3508/877 1175/3507/877 1173/3506/877 1170/3505/877
f 1171/3512/878 1172/3511/878 1170/3510/878 1169/3509/878
f 1176/3516/879 1171/3515/879 1169/3514/879 1174/3513/879
f 1175/3520/880 1176/3519/880 1174/3518/880 1173/3517/880
f 1174/3524/881 1169/3523/881 1170/3522/881 1173/3521/881
f 1175/3528/882 1172/3527/882 1171/3526/882 1176/3525/882
o cube
v -0.7814875709799742 2.659639413496431 3.751201369071481
v -0.07030537025660405 3.1800573156365792 2.9108127925372678
v -0.7553321728853812 2.604201236263754 3.739004908288464
v -0.044149972162011 3.1246191384039026 2.8986163317542513
v -0.1715480063754698 3.1546078555128365 2.8093760074707617
v -0.8827302070988401 2.634189953372688 3.649764584004975
v -0.14539260828087675 3.0991696782801594 2.7971795466877447
v -0.8565748090042469 2.5787517761400114 3.637568123221958
vt 0.27099609375 0.30126953125
vt 0.27197265625 0.30126953125
vt 0.27197265625 0.30078125
vt 0.27099609375 0.30078125
vt 0.26171875 0.30126953125
vt 0.27099609375 0.30126953125
vt 0.27099609375 0.30078125
vt 0.26171875 0.30078125
vt 0.28125 0.30126953125
vt 0.2822265625 0.30126953125
vt 0.2822265625 0.30078125
vt 0.28125 0.30078125
vt 0.27197265625 0.30126953125
vt 0.28125 0.30126953125
vt 0.28125 0.30078125
vt 0.27197265625 0.30078125
vt 0.27197265625 0.30126953125
vt 0.27099609375 0.30126953125
vt 0.27099609375 0.310546875
vt 0.27197265625 0.310546875
vt 0.27294921875 0.310546875
vt 0.27197265625 0.310546875
vt 0.27197265625 0.30126953125
vt 0.27294921875 0.30126953125
vn 0.5840225959032362 0.4273670148848793 -0.6901268304180274
vn 0.6955478171958164 0.17484053276821912 0.6968816413821366
vn -0.5840225959032362 -0.4273670148848793 0.6901268304180274
vn -0.6955478171958164 -0.17484053276821912 -0.6968816413821366
vn -0.418486369513489 0.8870108357228297 0.1951433725282697
vn 0.418486369513489 -0.8870108357228297 -0.1951433725282697
usemtl m_9cf4343c-91f0-92da-4b25-54ec74dbc354
f 1180/3532/883 1183/3531/883 1181/3530/883 1178/3529/883
f 1179/3536/884 1180/3535/884 1178/3534/884 1177/3533/884
f 1184/3540/885 1179/3539/885 1177/3538/885 1182/3537/885
f 1183/3544/886 1184/3543/886 1182/3542/886 1181/3541/886
f 1182/3548/887 1177/3547/887 1178/3546/887 1181/3545/887
f 1183/3552/888 1180/3551/888 1179/3550/888 1184/3549/888
o cube
v 0.8827302070988401 2.634189953372688 3.649764584004975
v 0.1715480063754698 3.1546078555128365 2.8093760074707617
v 0.8565748090042469 2.5787517761400114 3.637568123221958
v 0.14539260828087675 3.0991696782801594 2.7971795466877447
v 0.07030537025660405 3.1800573156365792 2.9108127925372678
v 0.7814875709799742 2.659639413496431 3.751201369071481
v 0.044149972162011 3.1246191384039026 2.8986163317542513
v 0.7553321728853812 2.604201236263754 3.739004908288464
vt 0.56982421875 0.30126953125
vt 0.57080078125 0.30126953125
vt 0.57080078125 0.30078125
vt 0.56982421875 0.30078125
vt 0.560546875 0.30126953125
vt 0.56982421875 0.30126953125
vt 0.56982421875 0.30078125
vt 0.560546875 0.30078125
vt 0.580078125 0.30126953125
vt 0.5810546875 0.30126953125
vt 0.5810546875 0.30078125
vt 0.580078125 0.30078125
vt 0.57080078125 0.30126953125
vt 0.580078125 0.30126953125
vt 0.580078125 0.30078125
vt 0.57080078125 0.30078125
vt 0.57080078125 0.30126953125
vt 0.56982421875 0.30126953125
vt 0.56982421875 0.310546875
vt 0.57080078125 0.310546875
vt 0.57177734375 0.310546875
vt 0.57080078125 0.310546875
vt 0.57080078125 0.30126953125
vt 0.57177734375 0.30126953125
vn -0.5840225959032362 0.4273670148848793 -0.6901268304180274
vn 0.6955478171958164 -0.17484053276821912 -0.6968816413821366
vn 0.5840225959032362 -0.4273670148848793 0.6901268304180274
vn -0.6955478171958164 0.17484053276821912 0.6968816413821366
vn 0.418486369513489 0.8870108357228297 0.1951433725282697
vn -0.418486369513489 -0.8870108357228297 -0.1951433725282697
usemtl m_9cf4343c-91f0-92da-4b25-54ec74dbc354
f 1188/3556/889 1191/3555/889 1189/3554/889 1186/3553/889
f 1187/3560/890 1188/3559/890 1186/3558/890 1185/3557/890
f 1192/3564/891 1187/3563/891 1185/3562/891 1190/3561/891
f 1191/3568/892 1192/3567/892 1190/3566/892 1189/3565/892
f 1190/3572/893 1185/3571/893 1186/3570/893 1189/3569/893
f 1191/3576/894 1188/3575/894 1187/3574/894 1192/3573/894
o cube
v 0.375 2.8996140726172253 3.2392226295354747
v 0.375 3.23542632783399 2.712102975902421
v 0.375 2.84690210725392 3.2056414040137984
v 0.375 3.182714362470685 2.6785217503807446
v -0.375 3.23542632783399 2.712102975902421
v -0.375 2.8996140726172253 3.2392226295354747
v -0.375 3.182714362470685 2.6785217503807446
v -0.375 2.84690210725392 3.2056414040137984
vt 0.0791015625 0.38037109375
vt 0.0849609375 0.38037109375
vt 0.0849609375 0.3798828125
vt 0.0791015625 0.3798828125
vt 0.07421875 0.38037109375
vt 0.0791015625 0.38037109375
vt 0.0791015625 0.3798828125
vt 0.07421875 0.3798828125
vt 0.08984375 0.38037109375
vt 0.095703125 0.38037109375
vt 0.095703125 0.3798828125
vt 0.08984375 0.3798828125
vt 0.0849609375 0.38037109375
vt 0.08984375 0.38037109375
vt 0.08984375 0.3798828125
vt 0.0849609375 0.3798828125
vt 0.0849609375 0.38037109375
vt 0.0791015625 0.38037109375
vt 0.0791015625 0.38525390625
vt 0.0849609375 0.38525390625
vt 0.0908203125 0.38525390625
vt 0.0849609375 0.38525390625
vt 0.0849609375 0.38037109375
vt 0.0908203125 0.38037109375
vn 0 0.5372996083468239 -0.8433914458128857
vn 1 0 0
vn 0 -0.5372996083468239 0.8433914458128857
vn -1 0 0
vn 0 0.8433914458128857 0.5372996083468239
vn 0 -0.8433914458128857 -0.5372996083468239
usemtl m_9cf4343c-91f0-92da-4b25-54ec74dbc354
f 1196/3580/895 1199/3579/895 1197/3578/895 1194/3577/895
f 1195/3584/896 1196/3583/896 1194/3582/896 1193/3581/896
f 1200/3588/897 1195/3587/897 1193/3586/897 1198/3585/897
f 1199/3592/898 1200/3591/898 1198/3590/898 1197/3589/898
f 1198/3596/899 1193/3595/899 1194/3594/899 1197/3593/899
f 1199/3600/900 1196/3599/900 1195/3598/900 1200/3597/900
o cube
v 0.375 4.612584689246016 -0.7133458664551657
v 0.375 3.5112699423893305 -9.07866188429669
v 0.375 4.550619385410153 -0.7051879794414124
v 0.375 3.4493046385534676 -9.070503997282938
v -0.375 3.5112699423893305 -9.07866188429669
v -0.375 4.612584689246016 -0.7133458664551657
v -0.375 3.4493046385534676 -9.070503997282938
v -0.375 4.550619385410153 -0.7051879794414124
vt 0.51611328125 0.849609375
vt 0.52197265625 0.849609375
vt 0.52197265625 0.84912109375
vt 0.51611328125 0.84912109375
vt 0.4501953125 0.849609375
vt 0.51611328125 0.849609375
vt 0.51611328125 0.84912109375
vt 0.4501953125 0.84912109375
vt 0.587890625 0.849609375
vt 0.59375 0.849609375
vt 0.59375 0.84912109375
vt 0.587890625 0.84912109375
vt 0.52197265625 0.849609375
vt 0.587890625 0.849609375
vt 0.587890625 0.84912109375
vt 0.52197265625 0.84912109375
vt 0.52197265625 0.849609375
vt 0.51611328125 0.849609375
vt 0.51611328125 0.91552734375
vt 0.52197265625 0.91552734375
vt 0.52783203125 0.91552734375
vt 0.52197265625 0.91552734375
vt 0.52197265625 0.849609375
vt 0.52783203125 0.849609375
vn 0 -0.13052619222005157 -0.9914448613738104
vn 1 0 0
vn 0 0.13052619222005157 0.9914448613738104
vn -1 0 0
vn 0 0.9914448613738104 -0.13052619222005157
vn 0 -0.9914448613738104 0.13052619222005157
usemtl m_9cf4343c-91f0-92da-4b25-54ec74dbc354
f 1204/3604/901 1207/3603/901 1205/3602/901 1202/3601/901
f 1203/3608/902 1204/3607/902 1202/3606/902 1201/3605/902
f 1208/3612/903 1203/3611/903 1201/3610/903 1206/3609/903
f 1207/3616/904 1208/3615/904 1206/3614/904 1205/3613/904
f 1206/3620/905 1201/3619/905 1202/3618/905 1205/3617/905
f 1207/3624/906 1204/3623/906 1203/3622/906 1208/3621/906
o cube
v 0.28125 3.504076132007402 2.2904072529959785
v 0.28125 3.7206750366222154 1.9504150764026584
v 0.28125 3.4513641666440966 2.256826027474302
v 0.28125 3.66796307125891 1.9168338508809821
v -0.28125 3.7206750366222154 1.9504150764026584
v -0.28125 3.504076132007402 2.2904072529959785
v -0.28125 3.66796307125891 1.9168338508809821
v -0.28125 3.4513641666440966 2.256826027474302
vt 0.291015625 0.37890625
vt 0.29541015625 0.37890625
vt 0.29541015625 0.37841796875
vt 0.291015625 0.37841796875
vt 0.2880859375 0.37890625
vt 0.291015625 0.37890625
vt 0.291015625 0.37841796875
vt 0.2880859375 0.37841796875
vt 0.29833984375 0.37890625
vt 0.302734375 0.37890625
vt 0.302734375 0.37841796875
vt 0.29833984375 0.37841796875
vt 0.29541015625 0.37890625
vt 0.29833984375 0.37890625
vt 0.29833984375 0.37841796875
vt 0.29541015625 0.37841796875
vt 0.29541015625 0.37890625
vt 0.291015625 0.37890625
vt 0.291015625 0.3818359375
vt 0.29541015625 0.3818359375
vt 0.2998046875 0.3818359375
vt 0.29541015625 0.3818359375
vt 0.29541015625 0.37890625
vt 0.2998046875 0.37890625
vn 0 0.5372996083468239 -0.8433914458128857
vn 1 0 0
vn 0 -0.5372996083468239 0.8433914458128857
vn -1 0 0
vn 0 0.8433914458128857 0.5372996083468239
vn 0 -0.8433914458128857 -0.5372996083468239
usemtl m_9cf4343c-91f0-92da-4b25-54ec74dbc354
f 1212/3628/907 1215/3627/907 1213/3626/907 1210/3625/907
f 1211/3632/908 1212/3631/908 1210/3630/908 1209/3629/908
f 1216/3636/909 1211/3635/909 1209/3634/909 1214/3633/909
f 1215/3640/910 1216/3639/910 1214/3638/910 1213/3637/910
f 1214/3644/911 1209/3643/911 1210/3642/911 1213/3641/911
f 1215/3648/912 1212/3647/912 1211/3646/912 1216/3645/912
o cube
v 0.0741976008845622 3.5223908096550223 2.261658511531207
v 0.026362178886399572 3.5844408297728543 2.1642595002136664
v 0.07419759835054188 3.469678845340332 2.2280772843635344
v 0.02636217635237923 3.531728865458164 2.130678273045994
v -0.3489638906835767 3.500909489622378 2.2953774593718945
v -0.30112846868541404 3.438859469504546 2.3927764706894346
v -0.348963893217597 3.4481975253076875 2.261796232204222
v -0.30112847121943437 3.3861475051898555 2.3591952435217625
vt 0.48046875 0.84814453125
vt 0.4833984375 0.84814453125
vt 0.4833984375 0.84765625
vt 0.48046875 0.84765625
vt 0.4794921875 0.84814453125
vt 0.48046875 0.84814453125
vt 0.48046875 0.84765625
vt 0.4794921875 0.84765625
vt 0.484375 0.84814453125
vt 0.4873046875 0.84814453125
vt 0.4873046875 0.84765625
vt 0.484375 0.84765625
vt 0.4833984375 0.84814453125
vt 0.484375 0.84814453125
vt 0.484375 0.84765625
vt 0.4833984375 0.84765625
vt 0.4833984375 0.84814453125
vt 0.48046875 0.84814453125
vt 0.48046875 0.84912109375
vt 0.4833984375 0.84912109375
vt 0.486328125 0.84912109375
vt 0.4833984375 0.84912109375
vt 0.4833984375 0.84814453125
vt 0.486328125 0.84814453125
vn -0.3826833759853011 0.4964001609426555 -0.7791920905403227
vn 0.923879555864557 0.20561560652424993 -0.3227518994664072
vn 0.3826833759853011 -0.4964001609426555 0.7791920905403227
vn -0.923879555864557 -0.20561560652424993 0.3227518994664072
vn 4.054432567457411e-8 0.8433914290350423 0.5372996346827604
vn -4.054432567457411e-8 -0.8433914290350423 -0.5372996346827604
usemtl m_9cf4343c-91f0-92da-4b25-54ec74dbc354
f 1220/3652/913 1223/3651/913 1221/3650/913 1218/3649/913
f 1219/3656/914 1220/3655/914 1218/3654/914 1217/3653/914
f 1224/3660/915 1219/3659/915 1217/3658/915 1222/3657/915
f 1223/3664/916 1224/3663/916 1222/3662/916 1221/3661/916
f 1222/3668/917 1217/3667/917 1218/3666/917 1221/3665/917
f 1223/3672/918 1220/3671/918 1219/3670/918 1224/3669/918
o cube
v 0.3155640867457977 3.4356467256526044 2.3978194691185974
v 0.3633995087439604 3.497696745770436 2.300420457801057
v 0.31556408927981805 3.382934761337914 2.364238241950925
v 0.3633995112779807 3.444984781455746 2.2668392306333844
v -0.02636217888639955 3.5844408297728543 2.1642595002136664
v -0.07419760088456219 3.5223908096550223 2.261658511531207
v -0.02636217635237921 3.531728865458164 2.130678273045994
v -0.07419759835054185 3.469678845340332 2.2280772843635344
vt 0.48828125 0.84814453125
vt 0.4912109375 0.84814453125
vt 0.4912109375 0.84765625
vt 0.48828125 0.84765625
vt 0.4873046875 0.84814453125
vt 0.48828125 0.84814453125
vt 0.48828125 0.84765625
vt 0.4873046875 0.84765625
vt 0.4921875 0.84814453125
vt 0.4951171875 0.84814453125
vt 0.4951171875 0.84765625
vt 0.4921875 0.84765625
vt 0.4912109375 0.84814453125
vt 0.4921875 0.84814453125
vt 0.4921875 0.84765625
vt 0.4912109375 0.84765625
vt 0.4912109375 0.84814453125
vt 0.48828125 0.84814453125
vt 0.48828125 0.84912109375
vt 0.4912109375 0.84912109375
vt 0.494140625 0.84912109375
vt 0.4912109375 0.84912109375
vt 0.4912109375 0.84814453125
vt 0.494140625 0.84814453125
vn 0.3826833759853011 0.4964001609426555 -0.7791920905403227
vn 0.923879555864557 -0.20561560652424993 0.3227518994664072
vn -0.3826833759853011 -0.4964001609426555 0.7791920905403227
vn -0.923879555864557 0.20561560652424993 -0.3227518994664072
vn -4.054432567457411e-8 0.8433914290350423 0.5372996346827604
vn 4.054432567457411e-8 -0.8433914290350423 -0.5372996346827604
usemtl m_9cf4343c-91f0-92da-4b25-54ec74dbc354
f 1228/3676/919 1231/3675/919 1229/3674/919 1226/3673/919
f 1227/3680/920 1228/3679/920 1226/3678/920 1225/3677/920
f 1232/3684/921 1227/3683/921 1225/3682/921 1230/3681/921
f 1231/3688/922 1232/3687/922 1230/3686/922 1229/3685/922
f 1230/3692/923 1225/3691/923 1226/3690/923 1229/3689/923
f 1231/3696/924 1228/3695/924 1227/3694/924 1232/3693/924
o cube
v 0.5274995892049152 2.8488271160967487 3.3189416893735073
v 0.3129471190233626 3.724457502573679 1.9444771658890867
v 0.5274995853795919 2.7961151489687923 3.2853604666217784
v 0.3129471151980391 3.671745535445722 1.9108959431373578
v 0.18901651176931877 3.715691048994571 1.9582377573476433
v 0.4035689819508715 2.8400606625176414 3.332702280832064
v 0.18901650794399533 3.662979081866615 1.9246565345959146
v 0.40356897812554804 2.7873486953896847 3.299121058080335
vt 0.201171875 0.4013671875
vt 0.2021484375 0.4013671875
vt 0.2021484375 0.40087890625
vt 0.201171875 0.40087890625
vt 0.1884765625 0.4013671875
vt 0.201171875 0.4013671875
vt 0.201171875 0.40087890625
vt 0.1884765625 0.40087890625
vt 0.21484375 0.4013671875
vt 0.2158203125 0.4013671875
vt 0.2158203125 0.40087890625
vt 0.21484375 0.40087890625
vt 0.2021484375 0.4013671875
vt 0.21484375 0.4013671875
vt 0.21484375 0.40087890625
vt 0.2021484375 0.40087890625
vt 0.2021484375 0.4013671875
vt 0.201171875 0.4013671875
vt 0.201171875 0.4140625
vt 0.2021484375 0.4140625
vt 0.203125 0.4140625
vt 0.2021484375 0.4140625
vt 0.2021484375 0.4013671875
vt 0.203125 0.4013671875
vn -0.13052621760094463 0.5327028967160032 -0.8361761359601039
vn 0.9914448580323503 0.07013162863286011 -0.11008473166845388
vn 0.13052621760094463 -0.5327028967160032 0.8361761359601039
vn -0.9914448580323503 -0.07013162863286011 0.11008473166845388
vn 6.120517535845861e-8 0.8433914740473027 0.5372995640276609
vn -6.120517535845861e-8 -0.8433914740473027 -0.5372995640276609
usemtl m_9cf4343c-91f0-92da-4b25-54ec74dbc354
f 1236/3700/925 1239/3699/925 1237/3698/925 1234/3697/925
f 1235/3704/926 1236/3703/926 1234/3702/926 1233/3701/926
f 1240/3708/927 1235/3707/927 1233/3706/927 1238/3705/927
f 1239/3712/928 1240/3711/928 1238/3710/928 1237/3709/928
f 1238/3716/929 1233/3715/929 1234/3714/929 1237/3713/929
f 1239/3720/930 1236/3719/930 1235/3718/930 1240/3717/930
o cube
v -0.4035689819508715 2.8400606625176414 3.332702280832064
v -0.18901651176931877 3.715691048994571 1.9582377573476433
v -0.40356897812554804 2.7873486953896847 3.299121058080335
v -0.18901650794399533 3.662979081866615 1.9246565345959146
v -0.3129471190233626 3.724457502573679 1.9444771658890867
v -0.5274995892049152 2.8488271160967487 3.3189416893735073
v -0.3129471151980391 3.671745535445722 1.9108959431373578
v -0.5274995853795919 2.7961151489687923 3.2853604666217784
vt 0.201171875 0.38818359375
vt 0.2021484375 0.38818359375
vt 0.2021484375 0.3876953125
vt 0.201171875 0.3876953125
vt 0.1884765625 0.38818359375
vt 0.201171875 0.38818359375
vt 0.201171875 0.3876953125
vt 0.1884765625 0.3876953125
vt 0.21484375 0.38818359375
vt 0.2158203125 0.38818359375
vt 0.2158203125 0.3876953125
vt 0.21484375 0.3876953125
vt 0.2021484375 0.38818359375
vt 0.21484375 0.38818359375
vt 0.21484375 0.3876953125
vt 0.2021484375 0.3876953125
vt 0.2021484375 0.38818359375
vt 0.201171875 0.38818359375
vt 0.201171875 0.40087890625
vt 0.2021484375 0.40087890625
vt 0.203125 0.40087890625
vt 0.2021484375 0.40087890625
vt 0.2021484375 0.38818359375
vt 0.203125 0.38818359375
vn 0.13052621760094463 0.5327028967160032 -0.8361761359601039
vn 0.9914448580323503 -0.07013162863286011 0.11008473166845388
vn -0.13052621760094463 -0.5327028967160032 0.8361761359601039
vn -0.9914448580323503 0.07013162863286011 -0.11008473166845388
vn -6.120517535845861e-8 0.8433914740473027 0.5372995640276609
vn 6.120517535845861e-8 -0.8433914740473027 -0.5372995640276609
usemtl m_9cf4343c-91f0-92da-4b25-54ec74dbc354
f 1244/3724/931 1247/3723/931 1245/3722/931 1242/3721/931
f 1243/3728/932 1244/3727/932 1242/3726/932 1241/3725/932
f 1248/3732/933 1243/3731/933 1241/3730/933 1246/3729/933
f 1247/3736/934 1248/3735/934 1246/3734/934 1245/3733/934
f 1246/3740/935 1241/3739/935 1242/3738/935 1245/3737/935
f 1247/3744/936 1244/3743/936 1243/3742/936 1248/3741/936
o cube
v 0.6515040465033122 2.8434741935865997 3.071939594684698
v 0.4622411150722378 3.6158933705702934 1.8594841696013884
v 0.6096408969533189 2.8016495863725064 3.0518291759635052
v 0.42037796552224443 3.5740687633562 1.8393737508801957
v 0.31376285904643564 3.7211284736367234 1.949703603179383
v 0.50302579047751 2.9487092966530297 3.1621590282626926
v 0.27189970949644215 3.67930386642263 1.9295931844581904
v 0.4611626409275166 2.9068846894389364 3.1420486095415
vt 0.69189453125 0.37109375
vt 0.693359375 0.37109375
vt 0.693359375 0.37060546875
vt 0.69189453125 0.37060546875
vt 0.6806640625 0.37109375
vt 0.69189453125 0.37109375
vt 0.69189453125 0.37060546875
vt 0.6806640625 0.37060546875
vt 0.70458984375 0.37109375
vt 0.7060546875 0.37109375
vt 0.7060546875 0.37060546875
vt 0.70458984375 0.37060546875
vt 0.693359375 0.37109375
vt 0.70458984375 0.37109375
vt 0.70458984375 0.37060546875
vt 0.693359375 0.37060546875
vt 0.693359375 0.37109375
vt 0.69189453125 0.37109375
vt 0.69189453125 0.38232421875
vt 0.693359375 0.38232421875
vt 0.69482421875 0.38232421875
vt 0.693359375 0.38232421875
vt 0.693359375 0.37109375
vt 0.69482421875 0.37109375
vn -0.13052615960763758 0.5327028806784097 -0.8361761552298688
vn 0.7309698758193341 -0.5180805074039627 -0.4441572114608969
vn 0.13052615960763758 -0.5327028806784097 0.8361761552298688
vn -0.7309698758193341 0.5180805074039627 0.4441572114608969
vn 0.6698103927998944 0.6691937154254937 0.32176669953908316
vn -0.6698103927998944 -0.6691937154254937 -0.32176669953908316
usemtl m_9cf4343c-91f0-92da-4b25-54ec74dbc354
f 1252/3748/937 1255/3747/937 1253/3746/937 1250/3745/937
f 1251/3752/938 1252/3751/938 1250/3750/938 1249/3749/938
f 1256/3756/939 1251/3755/939 1249/3754/939 1254/3753/939
f 1255/3760/940 1256/3759/940 1254/3758/940 1253/3757/940
f 1254/3764/941 1249/3763/941 1250/3762/941 1253/3761/941
f 1255/3768/942 1252/3767/942 1251/3766/942 1256/3765/942
o cube
v 1.05545249906767 2.594074990964595 2.7497414731166088
v 0.6850139652083 3.4852068908231404 1.6675403690298407
v 1.0135893466674997 2.5522503856496384 2.7296310563788015
v 0.6431508128081298 3.4433822855081844 1.6474299522920335
v 0.5869703425670706 3.543946906014048 1.7494699076575917
v 0.9574088764264405 2.6528150061555023 2.8316710117443598
v 0.5451071901669003 3.5021223006990922 1.7293594909197845
v 0.9155457240262702 2.6109904008405462 2.8115605950065525
vt 0.59716796875 0.36376953125
vt 0.59814453125 0.36376953125
vt 0.59814453125 0.36328125
vt 0.59716796875 0.36328125
vt 0.5859375 0.36376953125
vt 0.59716796875 0.36376953125
vt 0.59716796875 0.36328125
vt 0.5859375 0.36328125
vt 0.609375 0.36376953125
vt 0.6103515625 0.36376953125
vt 0.6103515625 0.36328125
vt 0.609375 0.36328125
vt 0.59814453125 0.36376953125
vt 0.609375 0.36376953125
vt 0.609375 0.36328125
vt 0.59814453125 0.36328125
vt 0.59814453125 0.36376953125
vt 0.59716796875 0.36376953125
vt 0.59716796875 0.375
vt 0.59814453125 0.375
vt 0.59912109375 0.375
vt 0.59814453125 0.375
vt 0.59814453125 0.36376953125
vt 0.59912109375 0.36376953125
vn -0.25547485093749617 0.6145737240403762 -0.7463455890253573
vn 0.6971990943376318 -0.4177067746908982 -0.5826100524640072
vn 0.25547485093749617 -0.6145737240403762 0.7463455890253573
vn -0.6971990943376318 0.4177067746908982 0.5826100524640072
vn 0.6698104384027246 0.6691936850392946 0.32176666780491625
vn -0.6698104384027246 -0.6691936850392946 -0.32176666780491625
usemtl m_9cf4343c-91f0-92da-4b25-54ec74dbc354
f 1260/3772/943 1263/3771/943 1261/3770/943 1258/3769/943
f 1259/3776/944 1260/3775/944 1258/3774/944 1257/3773/944
f 1264/3780/945 1259/3779/945 1257/3778/945 1262/3777/945
f 1263/3784/946 1264/3783/946 1262/3782/946 1261/3781/946
f 1262/3788/947 1257/3787/947 1258/3786/947 1261/3785/947
f 1263/3792/948 1260/3791/948 1259/3790/948 1264/3789/948
o cube
v -0.46525333242817624 3.41825703282175 2.2642473517702033
v -0.36548936376452057 3.6826293818341878 1.9220946459002615
v -0.42339018151536467 3.376432428034913 2.2441369308378585
v -0.32362621285170906 3.640804777047351 1.9019842249679169
v -0.6198115841528073 3.5230249964713063 1.7246179662271708
v -0.719575552816463 3.2586526474588684 2.0667706720971126
v -0.5779484332399958 3.4812003916844696 1.7045075452948262
v -0.6777124019036515 3.2168280426720317 2.046660251164768
vt 0.65966796875 0.6533203125
vt 0.662109375 0.6533203125
vt 0.662109375 0.65283203125
vt 0.65966796875 0.65283203125
vt 0.65625 0.6533203125
vt 0.65966796875 0.6533203125
vt 0.65966796875 0.65283203125
vt 0.65625 0.65283203125
vt 0.66552734375 0.6533203125
vt 0.66796875 0.6533203125
vt 0.66796875 0.65283203125
vt 0.66552734375 0.65283203125
vt 0.662109375 0.6533203125
vt 0.66552734375 0.6533203125
vt 0.66552734375 0.65283203125
vt 0.662109375 0.65283203125
vt 0.662109375 0.6533203125
vt 0.65966796875 0.6533203125
vt 0.65966796875 0.65673828125
vt 0.662109375 0.65673828125
vt 0.66455078125 0.65673828125
vt 0.662109375 0.65673828125
vt 0.662109375 0.6533203125
vt 0.66455078125 0.6533203125
vn 0.22482021107302677 0.5957686738308461 -0.7710483512562067
vn 0.7076792219500154 0.4441165505749747 0.5495003260468613
vn -0.22482021107302677 -0.5957686738308461 0.7710483512562067
vn -0.7076792219500154 -0.4441165505749747 -0.5495003260468613
vn -0.669810414604984 0.6691936765893869 0.3217667349175153
vn 0.669810414604984 -0.6691936765893869 -0.3217667349175153
usemtl m_9cf4343c-91f0-92da-4b25-54ec74dbc354
f 1268/3796/949 1271/3795/949 1269/3794/949 1266/3793/949
f 1267/3800/950 1268/3799/950 1266/3798/950 1265/3797/950
f 1272/3804/951 1267/3803/951 1265/3802/951 1270/3801/951
f 1271/3808/952 1272/3807/952 1270/3806/952 1269/3805/952
f 1270/3812/953 1265/3811/953 1266/3810/953 1269/3809/953
f 1271/3816/954 1268/3815/954 1267/3814/954 1272/3813/954
o cube
v -0.50302579047751 2.9487092966530297 3.1621590282626926
v -0.31376285904643564 3.7211284736367234 1.949703603179383
v -0.4611626409275166 2.9068846894389364 3.1420486095415
v -0.27189970949644215 3.67930386642263 1.9295931844581904
v -0.4622411150722378 3.6158933705702934 1.8594841696013884
v -0.6515040465033122 2.8434741935865997 3.071939594684698
v -0.42037796552224443 3.5740687633562 1.8393737508801957
v -0.6096408969533189 2.8016495863725064 3.0518291759635052
vt 0.69189453125 0.359375
vt 0.693359375 0.359375
vt 0.693359375 0.35888671875
vt 0.69189453125 0.35888671875
vt 0.6806640625 0.359375
vt 0.69189453125 0.359375
vt 0.69189453125 0.35888671875
vt 0.6806640625 0.35888671875
vt 0.70458984375 0.359375
vt 0.7060546875 0.359375
vt 0.7060546875 0.35888671875
vt 0.70458984375 0.35888671875
vt 0.693359375 0.359375
vt 0.70458984375 0.359375
vt 0.70458984375 0.35888671875
vt 0.693359375 0.35888671875
vt 0.693359375 0.359375
vt 0.69189453125 0.359375
vt 0.69189453125 0.37060546875
vt 0.693359375 0.37060546875
vt 0.69482421875 0.37060546875
vt 0.693359375 0.37060546875
vt 0.693359375 0.359375
vt 0.69482421875 0.359375
vn 0.13052615960763758 0.5327028806784097 -0.8361761552298688
vn 0.7309698758193341 0.5180805074039627 0.4441572114608969
vn -0.13052615960763758 -0.5327028806784097 0.8361761552298688
vn -0.7309698758193341 -0.5180805074039627 -0.4441572114608969
vn -0.6698103927998944 0.6691937154254937 0.32176669953908316
vn 0.6698103927998944 -0.6691937154254937 -0.32176669953908316
usemtl m_9cf4343c-91f0-92da-4b25-54ec74dbc354
f 1276/3820/955 1279/3819/955 1277/3818/955 1274/3817/955
f 1275/3824/956 1276/3823/956 1274/3822/956 1273/3821/956
f 1280/3828/957 1275/3827/957 1273/3826/957 1278/3825/957
f 1279/3832/958 1280/3831/958 1278/3830/958 1277/3829/958
f 1278/3836/959 1273/3835/959 1274/3834/959 1277/3833/959
f 1279/3840/960 1276/3839/960 1275/3838/960 1280/3837/960
o cube
v 1.2002204711841509 3.4842171705703717 -0.7678640601715894
v 2.990360122087431 2.743141835784286 -6.3968874784974155
v 1.149948175439465 3.4488542954903285 -0.7791960214595615
v 2.9400878263427455 2.7077789607042426 -6.408219439785388
v 2.317793543332213 3.812943694227157 -6.751618969647668
v 0.5276538924289329 4.554019029013243 -1.1225955513218409
v 2.2675212475875273 3.7775808191471136 -6.76295093093564
v 0.47738159668424696 4.5186561539331995 -1.133927512609813
vt 0.46728515625 0.41845703125
vt 0.4775390625 0.41845703125
vt 0.4775390625 0.41796875
vt 0.46728515625 0.41796875
vt 0.4208984375 0.41845703125
vt 0.46728515625 0.41845703125
vt 0.46728515625 0.41796875
vt 0.4208984375 0.41796875
vt 0.52392578125 0.41845703125
vt 0.5341796875 0.41845703125
vt 0.5341796875 0.41796875
vt 0.52392578125 0.41796875
vt 0.4775390625 0.41845703125
vt 0.52392578125 0.41845703125
vt 0.52392578125 0.41796875
vt 0.4775390625 0.41796875
vt 0.4775390625 0.41845703125
vt 0.46728515625 0.41845703125
vt 0.46728515625 0.46484375
vt 0.4775390625 0.46484375
vt 0.48779296875 0.46484375
vt 0.4775390625 0.46484375
vt 0.4775390625 0.41845703125
vt 0.48779296875 0.41845703125
vn 0.3007058731176114 -0.12448509560711143 -0.9455577395612937
vn 0.5124316790515947 -0.8150871302421874 0.2702716123049536
vn -0.3007058731176114 0.12448509560711143 0.9455577395612937
vn -0.5124316790515947 0.8150871302421874 -0.2702716123049536
vn 0.8043567319149747 0.5658060012806898 0.1813113806075547
vn -0.8043567319149747 -0.5658060012806898 -0.1813113806075547
usemtl m_9cf4343c-91f0-92da-4b25-54ec74dbc354
f 1284/3844/961 1287/3843/961 1285/3842/961 1282/3841/961
f 1283/3848/962 1284/3847/962 1282/3846/962 1281/3845/962
f 1288/3852/963 1283/3851/963 1281/3850/963 1286/3849/963
f 1287/3856/964 1288/3855/964 1286/3854/964 1285/3853/964
f 1286/3860/965 1281/3859/965 1282/3858/965 1285/3857/965
f 1287/3864/966 1284/3863/966 1283/3862/966 1288/3861/966
o cube
v 1.3594615353647348 3.1711555641274263 -0.4973578947545334
v 1.44979254720925 3.1645032607292554 -0.8773367701984779
v 1.3091892363228599 3.1357926913520386 -0.5086898486070708
v 1.3995202481673752 3.1291403879538673 -0.8886687240510152
v 0.5416203732137697 4.532429846420829 -1.1171816141362154
v 0.45128936136925435 4.539082149819 -0.7372027386922709
v 0.49134807417189474 4.497066973645441 -1.1285135679887528
v 0.40101706232737944 4.503719277043612 -0.7485346925448082
vt 0.1162109375 0.46484375
vt 0.12890625 0.46484375
vt 0.12890625 0.46435546875
vt 0.1162109375 0.46435546875
vt 0.11328125 0.46484375
vt 0.1162109375 0.46484375
vt 0.1162109375 0.46435546875
vt 0.11328125 0.46435546875
vt 0.1318359375 0.46484375
vt 0.14453125 0.46484375
vt 0.14453125 0.46435546875
vt 0.1318359375 0.46435546875
vt 0.12890625 0.46484375
vt 0.1318359375 0.46484375
vt 0.1318359375 0.46435546875
vt 0.12890625 0.46435546875
vt 0.12890625 0.46484375
vt 0.1162109375 0.46484375
vt 0.1162109375 0.4677734375
vt 0.12890625 0.4677734375
vt 0.1416015625 0.4677734375
vt 0.12890625 0.4677734375
vt 0.12890625 0.46484375
vt 0.1416015625 0.46484375
vn 0.23124739032195935 -0.017029896699318408 -0.9727459211364979
vn 0.5472977319746776 -0.824362537516579 0.1445392656498606
vn -0.23124739032195935 0.017029896699318408 0.9727459211364979
vn -0.5472977319746776 0.824362537516579 -0.1445392656498606
vn 0.804356784669998 0.5658059644062065 0.18131126164059724
vn -0.804356784669998 -0.5658059644062065 -0.18131126164059724
usemtl m_9cf4343c-91f0-92da-4b25-54ec74dbc354
f 1292/3868/967 1295/3867/967 1293/3866/967 1290/3865/967
f 1291/3872/968 1292/3871/968 1290/3870/968 1289/3869/968
f 1296/3876/969 1291/3875/969 1289/3874/969 1294/3873/969
f 1295/3880/970 1296/3879/970 1294/3878/970 1293/3877/970
f 1294/3884/971 1289/3883/971 1290/3882/971 1293/3881/971
f 1295/3888/972 1292/3887/972 1291/3886/972 1296/3885/972
o cube
v 0.5810833633553972 3.633582897115805 1.5127183618716449
v 0.9829163377824247 2.6646301991387595 2.753800925501531
v 0.5308110692864252 3.5982200176919363 1.5013864067051368
v 0.9326440437134527 2.629267319714891 2.742468970335023
v 1.1179769693754142 2.5222584715029592 2.5989173661296587
v 0.7161439949483868 3.491211169480005 1.3578348024997724
v 1.067704675306442 2.486895592079091 2.5875854109631504
v 0.6658717008794146 3.455848290056137 1.3465028473332643
vt 0.1240234375 0.33544921875
vt 0.1259765625 0.33544921875
vt 0.1259765625 0.3349609375
vt 0.1240234375 0.3349609375
vt 0.111328125 0.33544921875
vt 0.1240234375 0.33544921875
vt 0.1240234375 0.3349609375
vt 0.111328125 0.3349609375
vt 0.138671875 0.33544921875
vt 0.140625 0.33544921875
vt 0.140625 0.3349609375
vt 0.138671875 0.3349609375
vt 0.1259765625 0.33544921875
vt 0.138671875 0.33544921875
vt 0.138671875 0.3349609375
vt 0.1259765625 0.3349609375
vt 0.1259765625 0.33544921875
vt 0.1240234375 0.33544921875
vt 0.1240234375 0.34814453125
vt 0.1259765625 0.34814453125
vt 0.1279296875 0.34814453125
vt 0.1259765625 0.34814453125
vt 0.1259765625 0.33544921875
vt 0.1279296875 0.33544921875
vn 0.24728183041663243 -0.5962785833704898 0.7637431160799303
vn -0.5402425263719582 0.5694869105431993 0.6195342374874904
vn -0.24728183041663243 0.5962785833704898 -0.7637431160799303
vn 0.5402425263719582 -0.5694869105431993 -0.6195342374874904
vn 0.8043567051035531 0.5658060707818924 0.1813112826641302
vn -0.8043567051035531 -0.5658060707818924 -0.1813112826641302
usemtl m_9cf4343c-91f0-92da-4b25-54ec74dbc354
f 1300/3892/973 1303/3891/973 1301/3890/973 1298/3889/973
f 1299/3896/974 1300/3895/974 1298/3894/974 1297/3893/974
f 1304/3900/975 1299/3899/975 1297/3898/975 1302/3897/975
f 1303/3904/976 1304/3903/976 1302/3902/976 1301/3901/976
f 1302/3908/977 1297/3907/977 1298/3906/977 1301/3905/977
f 1303/3912/978 1300/3911/978 1299/3910/978 1304/3909/978
o cube
v 0.7638055041883389 3.2308953630479325 2.032426901719184
v 0.6640415355246834 3.4952677120603703 1.6902741958492418
v 0.7219423532755275 3.1890707582610958 2.012316480786839
v 0.6221783846118718 3.4534431072735337 1.6701637749168972
v 0.3212594123926446 3.7103866662451237 1.9564384162781903
v 0.4210233810563002 3.446014317232686 2.298591122148132
v 0.2793962614798331 3.668562061458287 1.9363279953458457
v 0.37916023014348876 3.404189712445849 2.2784807012157873
vt 0.64599609375 0.6533203125
vt 0.6494140625 0.6533203125
vt 0.6494140625 0.65283203125
vt 0.64599609375 0.65283203125
vt 0.642578125 0.6533203125
vt 0.64599609375 0.6533203125
vt 0.64599609375 0.65283203125
vt 0.642578125 0.65283203125
vt 0.65283203125 0.6533203125
vt 0.65625 0.6533203125
vt 0.65625 0.65283203125
vt 0.65283203125 0.65283203125
vt 0.6494140625 0.6533203125
vt 0.65283203125 0.6533203125
vt 0.65283203125 0.65283203125
vt 0.6494140625 0.65283203125
vt 0.6494140625 0.6533203125
vt 0.64599609375 0.6533203125
vt 0.64599609375 0.65673828125
vt 0.6494140625 0.65673828125
vt 0.65283203125 0.65673828125
vt 0.6494140625 0.65673828125
vt 0.6494140625 0.6533203125
vt 0.65283203125 0.6533203125
vn -0.22482021107302677 0.5957686738308461 -0.7710483512562067
vn 0.7076792219500154 -0.4441165505749747 -0.5495003260468613
vn 0.22482021107302677 -0.5957686738308461 0.7710483512562067
vn -0.7076792219500154 0.4441165505749747 0.5495003260468613
vn 0.669810414604984 0.6691936765893869 0.3217667349175153
vn -0.669810414604984 -0.6691936765893869 -0.3217667349175153
usemtl m_9cf4343c-91f0-92da-4b25-54ec74dbc354
f 1308/3916/979 1311/3915/979 1309/3914/979 1306/3913/979
f 1307/3920/980 1308/3919/980 1306/3918/980 1305/3917/980
f 1312/3924/981 1307/3923/981 1305/3922/981 1310/3921/981
f 1311/3928/982 1312/3927/982 1310/3926/982 1309/3925/982
f 1310/3932/983 1305/3931/983 1306/3930/983 1309/3929/983
f 1311/3936/984 1308/3935/984 1307/3934/984 1312/3933/984
o cube
v 1.4461793067354696 3.164769352865182 -0.8621376151807201
v 1.984552137328781 3.1251216246120816 -3.1268117128266297
v 1.3959070076935947 3.129406480089794 -0.8734695690332575
v 1.9342798382869062 3.0897587518366936 -3.138143666679167
v 1.692089911804813 3.5656403555975036 -3.204049882908274
v 1.1537170812115014 3.605288083850604 -0.9393757852623643
v 1.641817612762938 3.5302774828221155 -3.215381836760811
v 1.1034447821696265 3.569925211075216 -0.9507077391149017
vt 0.15869140625 0.359375
vt 0.16259765625 0.359375
vt 0.16259765625 0.35888671875
vt 0.15869140625 0.35888671875
vt 0.140625 0.359375
vt 0.15869140625 0.359375
vt 0.15869140625 0.35888671875
vt 0.140625 0.35888671875
vt 0.1806640625 0.359375
vt 0.1845703125 0.359375
vt 0.1845703125 0.35888671875
vt 0.1806640625 0.35888671875
vt 0.16259765625 0.359375
vt 0.1806640625 0.359375
vt 0.1806640625 0.35888671875
vt 0.16259765625 0.35888671875
vt 0.16259765625 0.359375
vt 0.15869140625 0.359375
vt 0.15869140625 0.37744140625
vt 0.16259765625 0.37744140625
vt 0.16650390625 0.37744140625
vt 0.16259765625 0.37744140625
vt 0.16259765625 0.359375
vt 0.16650390625 0.359375
vn 0.23124739032195935 -0.017029896699318408 -0.9727459211364979
vn 0.5472977319746776 -0.824362537516579 0.1445392656498606
vn -0.23124739032195935 0.017029896699318408 0.9727459211364979
vn -0.5472977319746776 0.824362537516579 -0.1445392656498606
vn 0.804356784669998 0.5658059644062065 0.18131126164059724
vn -0.804356784669998 -0.5658059644062065 -0.18131126164059724
usemtl m_9cf4343c-91f0-92da-4b25-54ec74dbc354
f 1316/3940/985 1319/3939/985 1317/3938/985 1314/3937/985
f 1315/3944/986 1316/3943/986 1314/3942/986 1313/3941/986
f 1320/3948/987 1315/3947/987 1313/3946/987 1318/3945/987
f 1319/3952/988 1320/3951/988 1318/3950/988 1317/3949/988
f 1318/3956/989 1313/3955/989 1314/3954/989 1317/3953/989
f 1319/3960/990 1316/3959/990 1315/3958/990 1320/3957/990
o cube
v -1.1537170812115014 3.605288083850604 -0.9393757852623643
v -1.692089911804813 3.5656403555975036 -3.204049882908274
v -1.1034447821696265 3.569925211075216 -0.9507077391149017
v -1.641817612762938 3.5302774828221155 -3.215381836760811
v -1.984552137328781 3.1251216246120816 -3.1268117128266297
v -1.4461793067354696 3.164769352865182 -0.8621376151807201
v -1.9342798382869062 3.0897587518366936 -3.138143666679167
v -1.3959070076935947 3.129406480089794 -0.8734695690332575
vt 0.66064453125 0.6572265625
vt 0.66455078125 0.6572265625
vt 0.66455078125 0.65673828125
vt 0.66064453125 0.65673828125
vt 0.642578125 0.6572265625
vt 0.66064453125 0.6572265625
vt 0.66064453125 0.65673828125
vt 0.642578125 0.65673828125
vt 0.6826171875 0.6572265625
vt 0.6865234375 0.6572265625
vt 0.6865234375 0.65673828125
vt 0.6826171875 0.65673828125
vt 0.66455078125 0.6572265625
vt 0.6826171875 0.6572265625
vt 0.6826171875 0.65673828125
vt 0.66455078125 0.65673828125
vt 0.66455078125 0.6572265625
vt 0.66064453125 0.6572265625
vt 0.66064453125 0.67529296875
vt 0.66455078125 0.67529296875
vt 0.66845703125 0.67529296875
vt 0.66455078125 0.67529296875
vt 0.66455078125 0.6572265625
vt 0.66845703125 0.6572265625
vn -0.23124739032195935 -0.017029896699318408 -0.9727459211364979
vn 0.5472977319746776 0.824362537516579 -0.1445392656498606
vn 0.23124739032195935 0.017029896699318408 0.9727459211364979
vn -0.5472977319746776 -0.824362537516579 0.1445392656498606
vn -0.804356784669998 0.5658059644062065 0.18131126164059724
vn 0.804356784669998 -0.5658059644062065 -0.18131126164059724
usemtl m_9cf4343c-91f0-92da-4b25-54ec74dbc354
f 1324/3964/991 1327/3963/991 1325/3962/991 1322/3961/991
f 1323/3968/992 1324/3967/992 1322/3966/992 1321/3965/992
f 1328/3972/993 1323/3971/993 1321/3970/993 1326/3969/993
f 1327/3976/994 1328/3975/994 1326/3974/994 1325/3973/994
f 1326/3980/995 1321/3979/995 1322/3978/995 1325/3977/995
f 1327/3984/996 1324/3983/996 1323/3982/996 1328/3981/996
o cube
v 0.9886257152613656 2.6351266892170866 2.8034752529753897
v 0.7624003778691325 3.2346189172593753 2.0276078495238323
v 0.9467625643485541 2.59330208443025 2.7833648320430453
v 0.720537226956321 3.1927943124725386 2.0074974285914875
v 0.4196182547370938 3.4497378714441287 2.2937720699527806
v 0.6458435921293268 2.85024564340184 3.0696394734043384
v 0.3777551038242823 3.407913266657292 2.273661649020436
v 0.6039804412165154 2.8084210386150033 3.0495290524719936
vt 0.6943359375 0.6142578125
vt 0.69775390625 0.6142578125
vt 0.69775390625 0.61376953125
vt 0.6943359375 0.61376953125
vt 0.6865234375 0.6142578125
vt 0.6943359375 0.6142578125
vt 0.6943359375 0.61376953125
vt 0.6865234375 0.61376953125
vt 0.70556640625 0.6142578125
vt 0.708984375 0.6142578125
vt 0.708984375 0.61376953125
vt 0.70556640625 0.61376953125
vt 0.69775390625 0.6142578125
vt 0.70556640625 0.6142578125
vt 0.70556640625 0.61376953125
vt 0.69775390625 0.61376953125
vt 0.69775390625 0.6142578125
vt 0.6943359375 0.6142578125
vt 0.6943359375 0.6220703125
vt 0.69775390625 0.6220703125
vt 0.701171875 0.6220703125
vt 0.69775390625 0.6220703125
vt 0.69775390625 0.6142578125
vt 0.701171875 0.6142578125
vn -0.22482021107302677 0.5957686738308461 -0.7710483512562067
vn 0.7076792219500154 -0.4441165505749747 -0.5495003260468613
vn 0.22482021107302677 -0.5957686738308461 0.7710483512562067
vn -0.7076792219500154 0.4441165505749747 0.5495003260468613
vn 0.669810414604984 0.6691936765893869 0.3217667349175153
vn -0.669810414604984 -0.6691936765893869 -0.3217667349175153
usemtl m_9cf4343c-91f0-92da-4b25-54ec74dbc354
f 1332/3988/997 1335/3987/997 1333/3986/997 1330/3985/997
f 1331/3992/998 1332/3991/998 1330/3990/998 1329/3989/998
f 1336/3996/999 1331/3995/999 1329/3994/999 1334/3993/999
f 1335/4000/1000 1336/3999/1000 1334/3998/1000 1333/3997/1000
f 1334/4004/1001 1329/4003/1001 1330/4002/1001 1333/4001/1001
f 1335/4008/1002 1332/4007/1002 1331/4006/1002 1336/4005/1002
o cube
v -0.6458435921293268 2.85024564340184 3.0696394734043384
v -0.4196182547370938 3.4497378714441287 2.2937720699527806
v -0.6039804412165154 2.8084210386150033 3.0495290524719936
v -0.3777551038242823 3.407913266657292 2.273661649020436
v -0.7624003778691325 3.2346189172593753 2.0276078495238323
v -0.9886257152613656 2.6351266892170866 2.8034752529753897
v -0.720537226956321 3.1927943124725386 2.0074974285914875
v -0.9467625643485541 2.59330208443025 2.7833648320430453
vt 0.2470703125 0.302734375
vt 0.25048828125 0.302734375
vt 0.25048828125 0.30224609375
vt 0.2470703125 0.30224609375
vt 0.2392578125 0.302734375
vt 0.2470703125 0.302734375
vt 0.2470703125 0.30224609375
vt 0.2392578125 0.30224609375
vt 0.25830078125 0.302734375
vt 0.26171875 0.302734375
vt 0.26171875 0.30224609375
vt 0.25830078125 0.30224609375
vt 0.25048828125 0.302734375
vt 0.25830078125 0.302734375
vt 0.25830078125 0.30224609375
vt 0.25048828125 0.30224609375
vt 0.25048828125 0.302734375
vt 0.2470703125 0.302734375
vt 0.2470703125 0.310546875
vt 0.25048828125 0.310546875
vt 0.25390625 0.310546875
vt 0.25048828125 0.310546875
vt 0.25048828125 0.302734375
vt 0.25390625 0.302734375
vn 0.22482021107302677 0.5957686738308461 -0.7710483512562067
vn 0.7076792219500154 0.4441165505749747 0.5495003260468613
vn -0.22482021107302677 -0.5957686738308461 0.7710483512562067
vn -0.7076792219500154 -0.4441165505749747 -0.5495003260468613
vn -0.669810414604984 0.6691936765893869 0.3217667349175153
vn 0.669810414604984 -0.6691936765893869 -0.3217667349175153
usemtl m_9cf4343c-91f0-92da-4b25-54ec74dbc354
f 1340/4012/1003 1343/4011/1003 1341/4010/1003 1338/4009/1003
f 1339/4016/1004 1340/4015/1004 1338/4014/1004 1337/4013/1004
f 1344/4020/1005 1339/4019/1005 1337/4018/1005 1342/4017/1005
f 1343/4024/1006 1344/4023/1006 1342/4022/1006 1341/4021/1006
f 1342/4028/1007 1337/4027/1007 1338/4026/1007 1341/4025/1007
f 1343/4032/1008 1340/4031/1008 1339/4030/1008 1344/4029/1008
o cube
v -0.7349756251392507 3.4503844648284545 1.4016966582704713
v -1.1213534851652387 2.5186991783120645 2.595045277145362
v -0.6847033310702788 3.4150215854045864 1.3903647031039632
v -1.0710811910962668 2.4833362988881964 2.5837133219788537
v -0.9829163377824247 2.6646301991387595 2.753800925501531
v -0.5965384777564368 3.596315485655149 1.5604523066266405
v -0.9326440437134527 2.629267319714891 2.742468970335023
v -0.5462661836874647 3.5609526062312806 1.5491203514601324
vt 0.07861328125 0.31005859375
vt 0.08056640625 0.31005859375
vt 0.08056640625 0.3095703125
vt 0.07861328125 0.3095703125
vt 0.06640625 0.31005859375
vt 0.07861328125 0.31005859375
vt 0.07861328125 0.3095703125
vt 0.06640625 0.3095703125
vt 0.0927734375 0.31005859375
vt 0.0947265625 0.31005859375
vt 0.0947265625 0.3095703125
vt 0.0927734375 0.3095703125
vt 0.08056640625 0.31005859375
vt 0.0927734375 0.31005859375
vt 0.0927734375 0.3095703125
vt 0.08056640625 0.3095703125
vt 0.08056640625 0.31005859375
vt 0.07861328125 0.31005859375
vt 0.07861328125 0.322265625
vt 0.08056640625 0.322265625
vt 0.08251953125 0.322265625
vt 0.08056640625 0.322265625
vt 0.08056640625 0.31005859375
vt 0.08251953125 0.31005859375
vn -0.24728183041663243 -0.5962785833704898 0.7637431160799303
vn -0.5402425263719582 -0.5694869105431993 -0.6195342374874904
vn 0.24728183041663243 0.5962785833704898 -0.7637431160799303
vn 0.5402425263719582 0.5694869105431993 0.6195342374874904
vn -0.8043567051035531 0.5658060707818924 0.1813112826641302
vn 0.8043567051035531 -0.5658060707818924 -0.1813112826641302
usemtl m_9cf4343c-91f0-92da-4b25-54ec74dbc354
f 1348/4036/1009 1351/4035/1009 1349/4034/1009 1346/4033/1009
f 1347/4040/1010 1348/4039/1010 1346/4038/1010 1345/4037/1010
f 1352/4044/1011 1347/4043/1011 1345/4042/1011 1350/4041/1011
f 1351/4048/1012 1352/4047/1012 1350/4046/1012 1349/4045/1012
f 1350/4052/1013 1345/4051/1013 1346/4050/1013 1349/4049/1013
f 1351/4056/1014 1348/4055/1014 1347/4054/1014 1352/4053/1014
o cube
v -0.9574088764264405 2.6528150061555023 2.8316710117443598
v -0.5869703425670706 3.543946906014048 1.7494699076575917
v -0.9155457240262702 2.6109904008405462 2.8115605950065525
v -0.5451071901669003 3.5021223006990922 1.7293594909197845
v -0.6850139652083 3.4852068908231404 1.6675403690298407
v -1.05545249906767 2.594074990964595 2.7497414731166088
v -0.6431508128081298 3.4433822855081844 1.6474299522920335
v -1.0135893466674997 2.5522503856496384 2.7296310563788015
vt 0.46630859375 0.3046875
vt 0.46728515625 0.3046875
vt 0.46728515625 0.30419921875
vt 0.46630859375 0.30419921875
vt 0.455078125 0.3046875
vt 0.46630859375 0.3046875
vt 0.46630859375 0.30419921875
vt 0.455078125 0.30419921875
vt 0.478515625 0.3046875
vt 0.4794921875 0.3046875
vt 0.4794921875 0.30419921875
vt 0.478515625 0.30419921875
vt 0.46728515625 0.3046875
vt 0.478515625 0.3046875
vt 0.478515625 0.30419921875
vt 0.46728515625 0.30419921875
vt 0.46728515625 0.3046875
vt 0.46630859375 0.3046875
vt 0.46630859375 0.31591796875
vt 0.46728515625 0.31591796875
vt 0.46826171875 0.31591796875
vt 0.46728515625 0.31591796875
vt 0.46728515625 0.3046875
vt 0.46826171875 0.3046875
vn 0.25547485093749617 0.6145737240403762 -0.7463455890253573
vn 0.6971990943376318 0.4177067746908982 0.5826100524640072
vn -0.25547485093749617 -0.6145737240403762 0.7463455890253573
vn -0.6971990943376318 -0.4177067746908982 -0.5826100524640072
vn -0.6698104384027246 0.6691936850392946 0.32176666780491625
vn 0.6698104384027246 -0.6691936850392946 -0.32176666780491625
usemtl m_9cf4343c-91f0-92da-4b25-54ec74dbc354
f 1356/4060/1015 1359/4059/1015 1357/4058/1015 1354/4057/1015
f 1355/4064/1016 1356/4063/1016 1354/4062/1016 1353/4061/1016
f 1360/4068/1017 1355/4067/1017 1353/4066/1017 1358/4065/1017
f 1359/4072/1018 1360/4071/1018 1358/4070/1018 1357/4069/1018
f 1358/4076/1019 1353/4075/1019 1354/4074/1019 1357/4073/1019
f 1359/4080/1020 1356/4079/1020 1355/4078/1020 1360/4077/1020
o cube
v -0.8597746680309797 2.589309922116377 3.1669877019993247
v -0.6458438018469568 2.850245566114768 3.069639669512586
v -0.8179115166797969 2.5474853176184307 3.146877281378703
v -0.6039806504957739 2.8084209616168216 3.049529248891964
v -0.8415216351708388 2.8550108455956624 2.652393464651232
v -1.055452501354862 2.5940752015972715 2.749741497137971
v -0.7996584838196559 2.813186241097716 2.632283044030611
v -1.013589350003679 2.552250597099325 2.7296310765173497
vt 0.67333984375 0.4677734375
vt 0.6767578125 0.4677734375
vt 0.6767578125 0.46728515625
vt 0.67333984375 0.46728515625
vt 0.6708984375 0.4677734375
vt 0.67333984375 0.4677734375
vt 0.67333984375 0.46728515625
vt 0.6708984375 0.46728515625
vt 0.67919921875 0.4677734375
vt 0.6826171875 0.4677734375
vt 0.6826171875 0.46728515625
vt 0.67919921875 0.46728515625
vt 0.6767578125 0.4677734375
vt 0.67919921875 0.4677734375
vt 0.67919921875 0.46728515625
vt 0.6767578125 0.46728515625
vt 0.6767578125 0.4677734375
vt 0.67333984375 0.4677734375
vt 0.67333984375 0.47021484375
vt 0.6767578125 0.47021484375
vt 0.68017578125 0.47021484375
vt 0.6767578125 0.47021484375
vt 0.6767578125 0.4677734375
vt 0.68017578125 0.4677734375
vn 0.6091696596240168 0.7430160980208503 -0.2771992133384034
vn 0.4245778195858043 -0.010339607391125577 0.9053324072597654
vn -0.6091696596240168 -0.7430160980208503 0.2771992133384034
vn -0.4245778195858043 0.010339607391125577 -0.9053324072597654
vn -0.6698104216189262 0.6691936719671425 0.3217667299299428
vn 0.6698104216189262 -0.6691936719671425 -0.3217667299299428
usemtl m_9cf4343c-91f0-92da-4b25-54ec74dbc354
f 1364/4084/1021 1367/4083/1021 1365/4082/1021 1362/4081/1021
f 1363/4088/1022 1364/4087/1022 1362/4086/1022 1361/4085/1022
f 1368/4092/1023 1363/4091/1023 1361/4090/1023 1366/4089/1023
f 1367/4096/1024 1368/4095/1024 1366/4094/1024 1365/4093/1024
f 1366/4100/1025 1361/4099/1025 1362/4098/1025 1365/4097/1025
f 1367/4104/1026 1364/4103/1026 1363/4102/1026 1368/4101/1026
o cube
v 1.055452501354862 2.5940752015972715 2.749741497137971
v 0.8415216351708388 2.8550108455956624 2.652393464651232
v 1.013589350003679 2.552250597099325 2.7296310765173497
v 0.7996584838196559 2.813186241097716 2.632283044030611
v 0.6458438018469568 2.850245566114768 3.069639669512586
v 0.8597746680309797 2.589309922116377 3.1669877019993247
v 0.6039806504957739 2.8084209616168216 3.049529248891964
v 0.8179115166797969 2.5474853176184307 3.146877281378703
vt 0.68212890625 0.6533203125
vt 0.685546875 0.6533203125
vt 0.685546875 0.65283203125
vt 0.68212890625 0.65283203125
vt 0.6796875 0.6533203125
vt 0.68212890625 0.6533203125
vt 0.68212890625 0.65283203125
vt 0.6796875 0.65283203125
vt 0.68798828125 0.6533203125
vt 0.69140625 0.6533203125
vt 0.69140625 0.65283203125
vt 0.68798828125 0.65283203125
vt 0.685546875 0.6533203125
vt 0.68798828125 0.6533203125
vt 0.68798828125 0.65283203125
vt 0.685546875 0.65283203125
vt 0.685546875 0.6533203125
vt 0.68212890625 0.6533203125
vt 0.68212890625 0.65576171875
vt 0.685546875 0.65576171875
vt 0.68896484375 0.65576171875
vt 0.685546875 0.65576171875
vt 0.685546875 0.6533203125
vt 0.68896484375 0.6533203125
vn -0.6091696596240168 0.7430160980208503 -0.2771992133384034
vn 0.4245778195858043 0.010339607391125577 -0.9053324072597654
vn 0.6091696596240168 -0.7430160980208503 0.2771992133384034
vn -0.4245778195858043 -0.010339607391125577 0.9053324072597654
vn 0.6698104216189262 0.6691936719671425 0.3217667299299428
vn -0.6698104216189262 -0.6691936719671425 -0.3217667299299428
usemtl m_9cf4343c-91f0-92da-4b25-54ec74dbc354
f 1372/4108/1027 1375/4107/1027 1373/4106/1027 1370/4105/1027
f 1371/4112/1028 1372/4111/1028 1370/4110/1028 1369/4109/1028
f 1376/4116/1029 1371/4115/1029 1369/4114/1029 1374/4113/1029
f 1375/4120/1030 1376/4119/1030 1374/4118/1030 1373/4117/1030
f 1374/4124/1031 1369/4123/1031 1370/4122/1031 1373/4121/1031
f 1375/4128/1032 1372/4127/1032 1371/4126/1032 1376/4125/1032
o cube
v -0.8044523584054782 2.5810532358631746 3.2993211474582
v -0.5030260732786204 2.948708746405362 3.1621588187101577
v -0.7625892070542953 2.539228631365228 3.2792107268375785
v -0.46116292192743746 2.9068841419074154 3.1420483980895364
v -0.5640087162280039 2.9501938371394583 3.032124793389929
v -0.8654350013548617 2.5825383265972714 3.1692871221379706
v -0.522145564876821 2.908369232641512 3.012014372769307
v -0.8235718500036788 2.540713722099325 3.1491767015173493
vt 0.67333984375 0.52587890625
vt 0.67431640625 0.52587890625
vt 0.67431640625 0.525390625
vt 0.67333984375 0.525390625
vt 0.669921875 0.52587890625
vt 0.67333984375 0.52587890625
vt 0.67333984375 0.525390625
vt 0.669921875 0.525390625
vt 0.677734375 0.52587890625
vt 0.6787109375 0.52587890625
vt 0.6787109375 0.525390625
vt 0.677734375 0.525390625
vt 0.67431640625 0.52587890625
vt 0.677734375 0.52587890625
vt 0.677734375 0.525390625
vt 0.67431640625 0.525390625
vt 0.67431640625 0.52587890625
vt 0.67333984375 0.52587890625
vt 0.67333984375 0.529296875
vt 0.67431640625 0.529296875
vt 0.67529296875 0.529296875
vt 0.67431640625 0.529296875
vt 0.67431640625 0.52587890625
vt 0.67529296875 0.52587890625
vn 0.6091696596240168 0.7430160980208503 -0.2771992133384034
vn 0.4245778195858043 -0.010339607391125577 0.9053324072597654
vn -0.6091696596240168 -0.7430160980208503 0.2771992133384034
vn -0.4245778195858043 0.010339607391125577 -0.9053324072597654
vn -0.6698104216189262 0.6691936719671425 0.3217667299299428
vn 0.6698104216189262 -0.6691936719671425 -0.3217667299299428
usemtl m_9cf4343c-91f0-92da-4b25-54ec74dbc354
f 1380/4132/1033 1383/4131/1033 1381/4130/1033 1378/4129/1033
f 1379/4136/1034 1380/4135/1034 1378/4134/1034 1377/4133/1034
f 1384/4140/1035 1379/4139/1035 1377/4138/1035 1382/4137/1035
f 1383/4144/1036 1384/4143/1036 1382/4142/1036 1381/4141/1036
f 1382/4148/1037 1377/4147/1037 1378/4146/1037 1381/4145/1037
f 1383/4152/1038 1380/4151/1038 1379/4150/1038 1384/4149/1038
o cube
v 0.8654350013548617 2.5825383265972714 3.1692871221379706
v 0.5640087162280039 2.9501938371394583 3.032124793389929
v 0.8235718500036788 2.540713722099325 3.1491767015173493
v 0.522145564876821 2.908369232641512 3.012014372769307
v 0.5030260732786204 2.948708746405362 3.1621588187101577
v 0.8044523584054782 2.5810532358631746 3.2993211474582
v 0.46116292192743746 2.9068841419074154 3.1420483980895364
v 0.7625892070542953 2.539228631365228 3.2792107268375785
vt 0.68603515625 0.466796875
vt 0.68701171875 0.466796875
vt 0.68701171875 0.46630859375
vt 0.68603515625 0.46630859375
vt 0.6826171875 0.466796875
vt 0.68603515625 0.466796875
vt 0.68603515625 0.46630859375
vt 0.6826171875 0.46630859375
vt 0.6904296875 0.466796875
vt 0.69140625 0.466796875
vt 0.69140625 0.46630859375
vt 0.6904296875 0.46630859375
vt 0.68701171875 0.466796875
vt 0.6904296875 0.466796875
vt 0.6904296875 0.46630859375
vt 0.68701171875 0.46630859375
vt 0.68701171875 0.466796875
vt 0.68603515625 0.466796875
vt 0.68603515625 0.47021484375
vt 0.68701171875 0.47021484375
vt 0.68798828125 0.47021484375
vt 0.68701171875 0.47021484375
vt 0.68701171875 0.466796875
vt 0.68798828125 0.466796875
vn -0.6091696596240168 0.7430160980208503 -0.2771992133384034
vn 0.4245778195858043 0.010339607391125577 -0.9053324072597654
vn 0.6091696596240168 -0.7430160980208503 0.2771992133384034
vn -0.4245778195858043 -0.010339607391125577 0.9053324072597654
vn 0.6698104216189262 0.6691936719671425 0.3217667299299428
vn -0.6698104216189262 -0.6691936719671425 -0.3217667299299428
usemtl m_9cf4343c-91f0-92da-4b25-54ec74dbc354
f 1388/4156/1039 1391/4155/1039 1389/4154/1039 1386/4153/1039
f 1387/4160/1040 1388/4159/1040 1386/4158/1040 1385/4157/1040
f 1392/4164/1041 1387/4163/1041 1385/4162/1041 1390/4161/1041
f 1391/4168/1042 1392/4167/1042 1390/4166/1042 1389/4165/1042
f 1390/4172/1043 1385/4171/1043 1386/4170/1043 1389/4169/1043
f 1391/4176/1044 1388/4175/1044 1387/4174/1044 1392/4173/1044
o cube
v 1.235240606369432 2.63367007425249 1.7310217148128775
v 3.1542769925873344 2.492345273250311 -6.341436160741899
v 1.184968307327557 2.598307201477102 1.7196897609603399
v 3.10400469354546 2.456982400474923 -6.352768114594436
v 2.572368494103661 3.3688399824128528 -6.495115999214415
v 0.6533321078857582 3.510164783415032 1.5773418763403608
v 2.522096195061786 3.333477109637465 -6.506447953066953
v 0.6030598088438834 3.474801910639644 1.5660099224878232
vt 0.2421875 0.52197265625
vt 0.25048828125 0.52197265625
vt 0.25048828125 0.521484375
vt 0.2421875 0.521484375
vt 0.177734375 0.52197265625
vt 0.2421875 0.52197265625
vt 0.2421875 0.521484375
vt 0.177734375 0.521484375
vt 0.31494140625 0.52197265625
vt 0.3232421875 0.52197265625
vt 0.3232421875 0.521484375
vt 0.31494140625 0.521484375
vt 0.25048828125 0.52197265625
vt 0.31494140625 0.52197265625
vt 0.31494140625 0.521484375
vt 0.25048828125 0.521484375
vt 0.25048828125 0.52197265625
vt 0.2421875 0.52197265625
vt 0.2421875 0.58642578125
vt 0.25048828125 0.58642578125
vt 0.2587890625 0.58642578125
vt 0.25048828125 0.58642578125
vt 0.25048828125 0.52197265625
vt 0.2587890625 0.52197265625
vn 0.23124739032195935 -0.017029896699318408 -0.9727459211364979
vn 0.5472977319746776 -0.824362537516579 0.1445392656498606
vn -0.23124739032195935 0.017029896699318408 0.9727459211364979
vn -0.5472977319746776 0.824362537516579 -0.1445392656498606
vn 0.804356784669998 0.5658059644062065 0.18131126164059724
vn -0.804356784669998 -0.5658059644062065 -0.18131126164059724
usemtl m_9cf4343c-91f0-92da-4b25-54ec74dbc354
f 1396/4180/1045 1399/4179/1045 1397/4178/1045 1394/4177/1045
f 1395/4184/1046 1396/4183/1046 1394/4182/1046 1393/4181/1046
f 1400/4188/1047 1395/4187/1047 1393/4186/1047 1398/4185/1047
f 1399/4192/1048 1400/4191/1048 1398/4190/1048 1397/4189/1048
f 1398/4196/1049 1393/4195/1049 1394/4194/1049 1397/4193/1049
f 1399/4200/1050 1396/4199/1050 1395/4198/1050 1400/4197/1050
o cube
v 0.7535077662379082 2.543493413254212 3.48348571076616
v 0.6122691335842404 2.883258960155624 3.0708704177374635
v 0.7116446138377377 2.501668807939256 3.463375294028353
v 0.5704059811840702 2.8414343548406684 3.0507600009996563
v 0.503025878991345 2.9487089125484727 3.162158858595483
v 0.6442645116450125 2.60894336564706 3.5747741516241796
v 0.46116272659117463 2.9068843072335167 3.1420484418576757
v 0.6024013592448423 2.5671187603321046 3.5546637348863723
vt 0.0302734375 0.31005859375
vt 0.03125 0.31005859375
vt 0.03125 0.3095703125
vt 0.0302734375 0.3095703125
vt 0.0263671875 0.31005859375
vt 0.0302734375 0.31005859375
vt 0.0302734375 0.3095703125
vt 0.0263671875 0.3095703125
vt 0.03515625 0.31005859375
vt 0.0361328125 0.31005859375
vt 0.0361328125 0.3095703125
vt 0.03515625 0.3095703125
vt 0.03125 0.31005859375
vt 0.03515625 0.31005859375
vt 0.03515625 0.3095703125
vt 0.03125 0.3095703125
vt 0.03125 0.31005859375
vt 0.0302734375 0.31005859375
vt 0.0302734375 0.31396484375
vt 0.03125 0.31396484375
vt 0.0322265625 0.31396484375
vt 0.03125 0.31396484375
vt 0.03125 0.31005859375
vt 0.0322265625 0.31005859375
vn -0.25547485093749617 0.6145737240403762 -0.7463455890253573
vn 0.6971990943376318 -0.4177067746908982 -0.5826100524640072
vn 0.25547485093749617 -0.6145737240403762 0.7463455890253573
vn -0.6971990943376318 0.4177067746908982 0.5826100524640072
vn 0.6698104384027246 0.6691936850392946 0.32176666780491625
vn -0.6698104384027246 -0.6691936850392946 -0.32176666780491625
usemtl m_9cf4343c-91f0-92da-4b25-54ec74dbc354
f 1404/4204/1051 1407/4203/1051 1405/4202/1051 1402/4201/1051
f 1403/4208/1052 1404/4207/1052 1402/4206/1052 1401/4205/1052
f 1408/4212/1053 1403/4211/1053 1401/4210/1053 1406/4209/1053
f 1407/4216/1054 1408/4215/1054 1406/4214/1054 1405/4213/1054
f 1406/4220/1055 1401/4219/1055 1402/4218/1055 1405/4217/1055
f 1407/4224/1056 1404/4223/1056 1403/4222/1056 1408/4221/1056
o cube
v 0.8057287454756081 2.5810843193078945 3.296599491908875
v 0.6623058408137292 2.756020029425924 3.2313357091204815
v 0.7638655941244252 2.539259714809948 3.2764890712882537
v 0.6204426894625463 2.7141954249279774 3.2112252884998598
v 0.6013231978643456 2.754534938691827 3.3613697344407103
v 0.7447461025262245 2.5795992285737976 3.4266335172291043
v 0.5594600465131627 2.7127103341938805 3.341259313820089
v 0.7028829511750416 2.537774624075851 3.406523096608483
vt 0.51416015625 0.84765625
vt 0.51513671875 0.84765625
vt 0.51513671875 0.84716796875
vt 0.51416015625 0.84716796875
vt 0.5126953125 0.84765625
vt 0.51416015625 0.84765625
vt 0.51416015625 0.84716796875
vt 0.5126953125 0.84716796875
vt 0.5166015625 0.84765625
vt 0.517578125 0.84765625
vt 0.517578125 0.84716796875
vt 0.5166015625 0.84716796875
vt 0.51513671875 0.84765625
vt 0.5166015625 0.84765625
vt 0.5166015625 0.84716796875
vt 0.51513671875 0.84716796875
vt 0.51513671875 0.84765625
vt 0.51416015625 0.84765625
vt 0.51416015625 0.84912109375
vt 0.51513671875 0.84912109375
vt 0.51611328125 0.84912109375
vt 0.51513671875 0.84912109375
vt 0.51513671875 0.84765625
vt 0.51611328125 0.84765625
vn -0.6091696596240168 0.7430160980208503 -0.2771992133384034
vn 0.4245778195858043 0.010339607391125577 -0.9053324072597654
vn 0.6091696596240168 -0.7430160980208503 0.2771992133384034
vn -0.4245778195858043 -0.010339607391125577 0.9053324072597654
vn 0.6698104216189262 0.6691936719671425 0.3217667299299428
vn -0.6698104216189262 -0.6691936719671425 -0.3217667299299428
usemtl m_9cf4343c-91f0-92da-4b25-54ec74dbc354
f 1412/4228/1057 1415/4227/1057 1413/4226/1057 1410/4225/1057
f 1411/4232/1058 1412/4231/1058 1410/4230/1058 1409/4229/1058
f 1416/4236/1059 1411/4235/1059 1409/4234/1059 1414/4233/1059
f 1415/4240/1060 1416/4239/1060 1414/4238/1060 1413/4237/1060
f 1414/4244/1061 1409/4243/1061 1410/4242/1061 1413/4241/1061
f 1415/4248/1062 1412/4247/1062 1411/4246/1062 1416/4245/1062
o cube
v -0.6442645116450125 2.60894336564706 3.5747741516241796
v -0.503025878991345 2.9487089125484727 3.162158858595483
v -0.6024013592448423 2.5671187603321046 3.5546637348863723
v -0.46116272659117463 2.9068843072335167 3.1420484418576757
v -0.6122691335842404 2.883258960155624 3.0708704177374635
v -0.7535077662379082 2.543493413254212 3.48348571076616
v -0.5704059811840702 2.8414343548406684 3.0507600009996563
v -0.7116446138377377 2.501668807939256 3.463375294028353
vt 0.6923828125 0.5458984375
vt 0.693359375 0.5458984375
vt 0.693359375 0.54541015625
vt 0.6923828125 0.54541015625
vt 0.6884765625 0.5458984375
vt 0.6923828125 0.5458984375
vt 0.6923828125 0.54541015625
vt 0.6884765625 0.54541015625
vt 0.697265625 0.5458984375
vt 0.6982421875 0.5458984375
vt 0.6982421875 0.54541015625
vt 0.697265625 0.54541015625
vt 0.693359375 0.5458984375
vt 0.697265625 0.5458984375
vt 0.697265625 0.54541015625
vt 0.693359375 0.54541015625
vt 0.693359375 0.5458984375
vt 0.6923828125 0.5458984375
vt 0.6923828125 0.5498046875
vt 0.693359375 0.5498046875
vt 0.6943359375 0.5498046875
vt 0.693359375 0.5498046875
vt 0.693359375 0.5458984375
vt 0.6943359375 0.5458984375
vn 0.25547485093749617 0.6145737240403762 -0.7463455890253573
vn 0.6971990943376318 0.4177067746908982 0.5826100524640072
vn -0.25547485093749617 -0.6145737240403762 0.7463455890253573
vn -0.6971990943376318 -0.4177067746908982 -0.5826100524640072
vn -0.6698104384027246 0.6691936850392946 0.32176666780491625
vn 0.6698104384027246 -0.6691936850392946 -0.32176666780491625
usemtl m_9cf4343c-91f0-92da-4b25-54ec74dbc354
f 1420/4252/1063 1423/4251/1063 1421/4250/1063 1418/4249/1063
f 1419/4256/1064 1420/4255/1064 1418/4254/1064 1417/4253/1064
f 1424/4260/1065 1419/4259/1065 1417/4258/1065 1422/4257/1065
f 1423/4264/1066 1424/4263/1066 1422/4262/1066 1421/4261/1066
f 1422/4268/1067 1417/4267/1067 1418/4266/1067 1421/4265/1067
f 1423/4272/1068 1420/4271/1068 1419/4270/1068 1424/4269/1068
o cube
v -0.7447461025262245 2.5795992285737976 3.4266335172291043
v -0.6013231978643456 2.754534938691827 3.3613697344407103
v -0.7028829511750416 2.537774624075851 3.406523096608483
v -0.5594600465131627 2.7127103341938805 3.341259313820089
v -0.6623058408137292 2.756020029425924 3.2313357091204815
v -0.8057287454756081 2.5810843193078945 3.296599491908875
v -0.6204426894625463 2.7141954249279774 3.2112252884998598
v -0.7638655941244252 2.539259714809948 3.2764890712882537
vt 0.51904296875 0.84765625
vt 0.52001953125 0.84765625
vt 0.52001953125 0.84716796875
vt 0.51904296875 0.84716796875
vt 0.517578125 0.84765625
vt 0.51904296875 0.84765625
vt 0.51904296875 0.84716796875
vt 0.517578125 0.84716796875
vt 0.521484375 0.84765625
vt 0.5224609375 0.84765625
vt 0.5224609375 0.84716796875
vt 0.521484375 0.84716796875
vt 0.52001953125 0.84765625
vt 0.521484375 0.84765625
vt 0.521484375 0.84716796875
vt 0.52001953125 0.84716796875
vt 0.52001953125 0.84765625
vt 0.51904296875 0.84765625
vt 0.51904296875 0.84912109375
vt 0.52001953125 0.84912109375
vt 0.52099609375 0.84912109375
vt 0.52001953125 0.84912109375
vt 0.52001953125 0.84765625
vt 0.52099609375 0.84765625
vn 0.6091696596240168 0.7430160980208503 -0.2771992133384034
vn 0.4245778195858043 -0.010339607391125577 0.9053324072597654
vn -0.6091696596240168 -0.7430160980208503 0.2771992133384034
vn -0.4245778195858043 0.010339607391125577 -0.9053324072597654
vn -0.6698104216189262 0.6691936719671425 0.3217667299299428
vn 0.6698104216189262 -0.6691936719671425 -0.3217667299299428
usemtl m_9cf4343c-91f0-92da-4b25-54ec74dbc354
f 1428/4276/1069 1431/4275/1069 1429/4274/1069 1426/4273/1069
f 1427/4280/1070 1428/4279/1070 1426/4278/1070 1425/4277/1070
f 1432/4284/1071 1427/4283/1071 1425/4282/1071 1430/4281/1071
f 1431/4288/1072 1432/4287/1072 1430/4286/1072 1429/4285/1072
f 1430/4292/1073 1425/4291/1073 1426/4290/1073 1429/4289/1073
f 1431/4296/1074 1428/4295/1074 1427/4294/1074 1432/4293/1074
o cube
v 1.09601117187638 2.5949198381821925 2.4696148597683667
v 1.29514509257471 2.580254893881194 1.6319547726662949
v 1.0457388728345052 2.5595569654068044 2.458282905915829
v 1.2448727935328352 2.544892021105806 1.6206228188137572
v 1.0552976765752096 2.941523017095874 1.5686119752249406
v 0.8561637558768797 2.9561879613968722 2.4062720623270124
v 1.0050253775333347 2.906160144320486 1.557280021372403
v 0.8058914568350047 2.920825088621484 2.394940108474475
vt 0.04443359375 0.3232421875
vt 0.0478515625 0.3232421875
vt 0.0478515625 0.32275390625
vt 0.04443359375 0.32275390625
vt 0.0380859375 0.3232421875
vt 0.04443359375 0.3232421875
vt 0.04443359375 0.32275390625
vt 0.0380859375 0.32275390625
vt 0.05419921875 0.3232421875
vt 0.0576171875 0.3232421875
vt 0.0576171875 0.32275390625
vt 0.05419921875 0.32275390625
vt 0.0478515625 0.3232421875
vt 0.05419921875 0.3232421875
vt 0.05419921875 0.32275390625
vt 0.0478515625 0.32275390625
vt 0.0478515625 0.3232421875
vt 0.04443359375 0.3232421875
vt 0.04443359375 0.32958984375
vt 0.0478515625 0.32958984375
vt 0.05126953125 0.32958984375
vt 0.0478515625 0.32958984375
vt 0.0478515625 0.3232421875
vt 0.05126953125 0.3232421875
vn 0.23124739032195935 -0.017029896699318408 -0.9727459211364979
vn 0.5472977319746776 -0.824362537516579 0.1445392656498606
vn -0.23124739032195935 0.017029896699318408 0.9727459211364979
vn -0.5472977319746776 0.824362537516579 -0.1445392656498606
vn 0.804356784669998 0.5658059644062065 0.18131126164059724
vn -0.804356784669998 -0.5658059644062065 -0.18131126164059724
usemtl m_9cf4343c-91f0-92da-4b25-54ec74dbc354
f 1436/4300/1075 1439/4299/1075 1437/4298/1075 1434/4297/1075
f 1435/4304/1076 1436/4303/1076 1434/4302/1076 1433/4301/1076
f 1440/4308/1077 1435/4307/1077 1433/4306/1077 1438/4305/1077
f 1439/4312/1078 1440/4311/1078 1438/4310/1078 1437/4309/1078
f 1438/4316/1079 1433/4315/1079 1434/4314/1079 1437/4313/1079
f 1439/4320/1080 1436/4319/1080 1435/4318/1080 1440/4317/1080
o cube
v 3.1532725 2.625 -8.61515625
v 3.1532725 2.625 -9.92765625
v 3.1532725 2.375 -8.61515625
v 3.1532725 2.375 -9.92765625
v 0.028272499999999923 2.625 -9.92765625
v 0.028272499999999923 2.625 -8.61515625
v 0.028272499999999923 2.375 -9.92765625
v 0.028272499999999923 2.375 -8.61515625
vt 0.61181640625 0.53515625
vt 0.63623046875 0.53515625
vt 0.63623046875 0.533203125
vt 0.61181640625 0.533203125
vt 0.6015625 0.53515625
vt 0.61181640625 0.53515625
vt 0.61181640625 0.533203125
vt 0.6015625 0.533203125
vt 0.646484375 0.53515625
vt 0.6708984375 0.53515625
vt 0.6708984375 0.533203125
vt 0.646484375 0.533203125
vt 0.63623046875 0.53515625
vt 0.646484375 0.53515625
vt 0.646484375 0.533203125
vt 0.63623046875 0.533203125
vt 0.63623046875 0.53515625
vt 0.61181640625 0.53515625
vt 0.61181640625 0.54541015625
vt 0.63623046875 0.54541015625
vt 0.66064453125 0.54541015625
vt 0.63623046875 0.54541015625
vt 0.63623046875 0.53515625
vt 0.66064453125 0.53515625
vn 0 0 -1
vn 1 0 0
vn 0 0 1
vn -1 0 0
vn 0 1 0
vn 0 -1 0
usemtl m_9cf4343c-91f0-92da-4b25-54ec74dbc354
f 1444/4324/1081 1447/4323/1081 1445/4322/1081 1442/4321/1081
f 1443/4328/1082 1444/4327/1082 1442/4326/1082 1441/4325/1082
f 1448/4332/1083 1443/4331/1083 1441/4330/1083 1446/4329/1083
f 1447/4336/1084 1448/4335/1084 1446/4334/1084 1445/4333/1084
f 1446/4340/1085 1441/4339/1085 1442/4338/1085 1445/4337/1085
f 1447/4344/1086 1444/4343/1086 1443/4342/1086 1448/4341/1086
o cube
v 3.153272793121369 2.625 -9.92765616671333
v 0.0075558889109512695 2.625 -13.36060376623547
v 3.153272793121369 2.375 -9.92765616671333
v 0.0075558889109512695 2.375 -13.36060376623547
v -0.08460377819031417 2.625 -13.276154990283512
v 3.0611131260201034 2.625 -9.843207390761371
v -0.08460377819031417 2.375 -13.276154990283512
v 3.0611131260201034 2.375 -9.843207390761371
vt 0.0361328125 0.37353515625
vt 0.037109375 0.37353515625
vt 0.037109375 0.37158203125
vt 0.0361328125 0.37158203125
vt 0 0.37353515625
vt 0.0361328125 0.37353515625
vt 0.0361328125 0.37158203125
vt 0 0.37158203125
vt 0.0732421875 0.37353515625
vt 0.07421875 0.37353515625
vt 0.07421875 0.37158203125
vt 0.0732421875 0.37158203125
vt 0.037109375 0.37353515625
vt 0.0732421875 0.37353515625
vt 0.0732421875 0.37158203125
vt 0.037109375 0.37158203125
vt 0.037109375 0.37353515625
vt 0.0361328125 0.37353515625
vt 0.0361328125 0.40966796875
vt 0.037109375 0.40966796875
vt 0.0380859375 0.40966796875
vt 0.037109375 0.40966796875
vt 0.037109375 0.37353515625
vt 0.0380859375 0.37353515625
vn -0.6755902076156601 0 -0.7372773368101242
vn 0.7372773368101242 0 -0.6755902076156601
vn 0.6755902076156601 0 0.7372773368101242
vn -0.7372773368101242 0 0.6755902076156601
vn 0 1 0
vn 0 -1 0
usemtl m_9cf4343c-91f0-92da-4b25-54ec74dbc354
f 1452/4348/1087 1455/4347/1087 1453/4346/1087 1450/4345/1087
f 1451/4352/1088 1452/4351/1088 1450/4350/1088 1449/4349/1088
f 1456/4356/1089 1451/4355/1089 1449/4354/1089 1454/4353/1089
f 1455/4360/1090 1456/4359/1090 1454/4358/1090 1453/4357/1090
f 1454/4364/1091 1449/4363/1091 1450/4362/1091 1453/4361/1091
f 1455/4368/1092 1452/4367/1092 1451/4366/1092 1456/4365/1092
o cube
v 1.932792563391878 3.6390145026716465 -0.5456205238213898
v 2.5468753085343487 4.205925446325734 -3.750955235529906
v 1.9409800898856442 3.061821182641681 -0.6461371375175835
v 2.555062835028115 3.6287321262957692 -3.8514718492260998
v 1.3800771143727326 4.227634032147188 -3.970652667018816
v 0.7659943692302618 3.6607230884930995 -0.7653179553102998
v 1.388264640866499 3.650440712117222 -4.07116928071501
v 0.7741818957240281 3.083529768463134 -0.8658345690064935
vt 0.63623046875 0.39208984375
vt 0.6455078125 0.39208984375
vt 0.6455078125 0.3876953125
vt 0.63623046875 0.3876953125
vt 0.6103515625 0.39208984375
vt 0.63623046875 0.39208984375
vt 0.63623046875 0.3876953125
vt 0.6103515625 0.3876953125
vt 0.67138671875 0.39208984375
vt 0.6806640625 0.39208984375
vt 0.6806640625 0.3876953125
vt 0.67138671875 0.3876953125
vt 0.6455078125 0.39208984375
vt 0.67138671875 0.39208984375
vt 0.67138671875 0.3876953125
vt 0.6455078125 0.3876953125
vt 0.6455078125 0.39208984375
vt 0.63623046875 0.39208984375
vt 0.63623046875 0.41796875
vt 0.6455078125 0.41796875
vt 0.65478515625 0.41796875
vt 0.6455078125 0.41796875
vt 0.6455078125 0.39208984375
vt 0.65478515625 0.39208984375
vn 0.18538347023168927 0.1711429263861399 -0.9676482148554012
vn 0.9825669003466241 -0.01828091437596053 0.18500836335908213
vn -0.18538347023168927 -0.1711429263861399 0.9676482148554012
vn -0.9825669003466241 0.01828091437596053 -0.18500836335908213
vn -0.013973378549360968 0.9850765995178077 0.17154835404150387
vn 0.013973378549360968 -0.9850765995178077 -0.17154835404150387
usemtl m_9cf4343c-91f0-92da-4b25-54ec74dbc354
f 1460/4372/1093 1463/4371/1093 1461/4370/1093 1458/4369/1093
f 1459/4376/1094 1460/4375/1094 1458/4374/1094 1457/4373/1094
f 1464/4380/1095 1459/4379/1095 1457/4378/1095 1462/4377/1095
f 1463/4384/1096 1464/4383/1096 1462/4382/1096 1461/4381/1096
f 1462/4388/1097 1457/4387/1097 1458/4386/1097 1461/4385/1097
f 1463/4392/1098 1460/4391/1098 1459/4390/1098 1464/4389/1098
o cube
v 2.6544179902714045 2.7001461126386115 -0.5734232126459564
v 3.2685008524647547 3.26705639813417 -3.7787580183347114
v 2.5634611926815234 2.6311132097000014 -0.6030583300586096
v 3.1775440548748732 3.1980234951955597 -3.808393135747364
v 2.546875071167352 4.205925207866178 -3.7509555062232574
v 1.932792208974002 3.63901492237062 -0.5456207005345028
v 2.455918273577471 4.136892304927568 -3.7805906236359106
v 1.8418354113841207 3.5699820194320098 -0.5752558179471561
vt 0.28271484375 0.35205078125
vt 0.29150390625 0.35205078125
vt 0.29150390625 0.3515625
vt 0.28271484375 0.3515625
vt 0.2568359375 0.35205078125
vt 0.28271484375 0.35205078125
vt 0.28271484375 0.3515625
vt 0.2568359375 0.3515625
vt 0.3173828125 0.35205078125
vt 0.326171875 0.35205078125
vt 0.326171875 0.3515625
vt 0.3173828125 0.3515625
vt 0.29150390625 0.35205078125
vt 0.3173828125 0.35205078125
vt 0.3173828125 0.3515625
vt 0.29150390625 0.3515625
vt 0.29150390625 0.35205078125
vt 0.28271484375 0.35205078125
vt 0.28271484375 0.3779296875
vt 0.29150390625 0.3779296875
vt 0.30029296875 0.3779296875
vt 0.29150390625 0.3779296875
vt 0.29150390625 0.35205078125
vt 0.30029296875 0.35205078125
vn 0.1853835055678039 0.1711427276967723 -0.9676482432267939
vn 0.6092345688141696 -0.7926425985526407 -0.023472348019106554
vn -0.1853835055678039 -0.1711427276967723 0.9676482432267939
vn -0.6092345688141696 0.7926425985526407 0.023472348019106554
vn 0.7710163396616215 0.5851733740663752 0.2512089294960859
vn -0.7710163396616215 -0.5851733740663752 -0.2512089294960859
usemtl m_9cf4343c-91f0-92da-4b25-54ec74dbc354
f 1468/4396/1099 1471/4395/1099 1469/4394/1099 1466/4393/1099
f 1467/4400/1100 1468/4399/1100 1466/4398/1100 1465/4397/1100
f 1472/4404/1101 1467/4403/1101 1465/4402/1101 1470/4401/1101
f 1471/4408/1102 1472/4407/1102 1470/4406/1102 1469/4405/1102
f 1470/4412/1103 1465/4411/1103 1466/4410/1103 1469/4409/1103
f 1471/4416/1104 1468/4415/1104 1467/4414/1104 1472/4413/1104
o cube
v 2.381448660444546 2.6188243242765483 0.45381183940715464
v 2.6272710840162095 2.4265576347881797 0.14719953342036463
v 2.290491862803208 2.549791423412933 0.4241767173188826
v 2.536314286374871 2.3575247339245644 0.11756441133209261
v 2.178614626880158 3.446747440293237 -0.8522330666909393
v 1.9327922033084945 3.639014129781606 -0.5456207607041493
v 2.087657829238819 3.377714539429622 -0.8818681887792115
v 1.841835405667156 3.5699812289179906 -0.5752558827924215
vt 0.59033203125 0.7021484375
vt 0.6015625 0.7021484375
vt 0.6015625 0.70166015625
vt 0.59033203125 0.70166015625
vt 0.5869140625 0.7021484375
vt 0.59033203125 0.7021484375
vt 0.59033203125 0.70166015625
vt 0.5869140625 0.70166015625
vt 0.60498046875 0.7021484375
vt 0.6162109375 0.7021484375
vt 0.6162109375 0.70166015625
vt 0.60498046875 0.70166015625
vt 0.6015625 0.7021484375
vt 0.60498046875 0.7021484375
vt 0.60498046875 0.70166015625
vt 0.6015625 0.70166015625
vt 0.6015625 0.7021484375
vt 0.59033203125 0.7021484375
vt 0.59033203125 0.70556640625
vt 0.6015625 0.70556640625
vt 0.61279296875 0.70556640625
vt 0.6015625 0.70556640625
vt 0.6015625 0.7021484375
vt 0.61279296875 0.7021484375
vn 0.561879825306659 -0.4394667188305569 -0.700828127969806
vn 0.2997079665533339 -0.6814991899551397 0.6676331244590505
vn -0.561879825306659 0.4394667188305569 0.700828127969806
vn -0.2997079665533339 0.6814991899551397 -0.6676331244590505
vn 0.7710163400978115 0.5851733564772004 0.2512089691300515
vn -0.7710163400978115 -0.5851733564772004 -0.2512089691300515
usemtl m_9cf4343c-91f0-92da-4b25-54ec74dbc354
f 1476/4420/1105 1479/4419/1105 1477/4418/1105 1474/4417/1105
f 1475/4424/1106 1476/4423/1106 1474/4422/1106 1473/4421/1106
f 1480/4428/1107 1475/4427/1107 1473/4426/1107 1478/4425/1107
f 1479/4432/1108 1480/4431/1108 1478/4430/1108 1477/4429/1108
f 1478/4436/1109 1473/4435/1109 1474/4434/1109 1477/4433/1109
f 1479/4440/1110 1476/4439/1110 1475/4438/1110 1480/4437/1110
o cube
v 2.6087446698308776 2.5261359306284548 -0.027899691192164067
v 3.7868267478054607 2.5092912030813133 -3.604458164548073
v 2.51778835868498 2.4571033870444965 -0.05753465073237596
v 3.695870436659563 2.440258659497355 -3.634093124088285
v 3.2685003580391765 3.2670561255899937 -3.7787585090366203
v 2.0904182800645934 3.283900853137135 -0.2022000356807112
v 3.1775440468932787 3.1980235820060354 -3.808393468576832
v 1.9994619689186957 3.214868309553177 -0.2318349952209231
vt 0.6279296875 0.466796875
vt 0.634765625 0.466796875
vt 0.634765625 0.46630859375
vt 0.6279296875 0.46630859375
vt 0.5986328125 0.466796875
vt 0.6279296875 0.466796875
vt 0.6279296875 0.46630859375
vt 0.5986328125 0.46630859375
vt 0.6640625 0.466796875
vt 0.6708984375 0.466796875
vt 0.6708984375 0.46630859375
vt 0.6640625 0.46630859375
vt 0.634765625 0.466796875
vt 0.6640625 0.466796875
vt 0.6640625 0.46630859375
vt 0.634765625 0.46630859375
vt 0.634765625 0.466796875
vt 0.6279296875 0.466796875
vt 0.6279296875 0.49609375
vt 0.634765625 0.49609375
vt 0.6416015625 0.49609375
vt 0.634765625 0.49609375
vt 0.634765625 0.466796875
vt 0.6416015625 0.466796875
vn 0.31285167215922544 -0.004473288643224299 -0.9497914618040589
vn 0.5546689957008485 -0.8108958309738777 0.1865214639589688
vn -0.31285167215922544 0.004473288643224299 0.9497914618040589
vn -0.5546689957008485 0.8108958309738777 -0.1865214639589688
vn 0.7710163010179415 0.585173428137248 0.25120892214790497
vn -0.7710163010179415 -0.585173428137248 -0.25120892214790497
usemtl m_9cf4343c-91f0-92da-4b25-54ec74dbc354
f 1484/4444/1111 1487/4443/1111 1485/4442/1111 1482/4441/1111
f 1483/4448/1112 1484/4447/1112 1482/4446/1112 1481/4445/1112
f 1488/4452/1113 1483/4451/1113 1481/4450/1113 1486/4449/1113
f 1487/4456/1114 1488/4455/1114 1486/4454/1114 1485/4453/1114
f 1486/4460/1115 1481/4459/1115 1482/4458/1115 1485/4457/1115
f 1487/4464/1116 1484/4463/1116 1483/4462/1116 1488/4461/1116
o cube
v -1.932792208974002 3.63901492237062 -0.5456207005345028
v -2.546875071167352 4.205925207866178 -3.7509555062232574
v -1.8418354113841207 3.5699820194320098 -0.5752558179471561
v -2.455918273577471 4.136892304927568 -3.7805906236359106
v -3.2685008524647547 3.26705639813417 -3.7787580183347114
v -2.6544179902714045 2.7001461126386115 -0.5734232126459564
v -3.1775440548748732 3.1980234951955597 -3.808393135747364
v -2.5634611926815234 2.6311132097000014 -0.6030583300586096
vt 0.35205078125 0.35205078125
vt 0.36083984375 0.35205078125
vt 0.36083984375 0.3515625
vt 0.35205078125 0.3515625
vt 0.326171875 0.35205078125
vt 0.35205078125 0.35205078125
vt 0.35205078125 0.3515625
vt 0.326171875 0.3515625
vt 0.38671875 0.35205078125
vt 0.3955078125 0.35205078125
vt 0.3955078125 0.3515625
vt 0.38671875 0.3515625
vt 0.36083984375 0.35205078125
vt 0.38671875 0.35205078125
vt 0.38671875 0.3515625
vt 0.36083984375 0.3515625
vt 0.36083984375 0.35205078125
vt 0.35205078125 0.35205078125
vt 0.35205078125 0.3779296875
vt 0.36083984375 0.3779296875
vt 0.36962890625 0.3779296875
vt 0.36083984375 0.3779296875
vt 0.36083984375 0.35205078125
vt 0.36962890625 0.35205078125
vn -0.1853835055678039 0.1711427276967723 -0.9676482432267939
vn 0.6092345688141696 0.7926425985526407 0.023472348019106554
vn 0.1853835055678039 -0.1711427276967723 0.9676482432267939
vn -0.6092345688141696 -0.7926425985526407 -0.023472348019106554
vn -0.7710163396616215 0.5851733740663752 0.2512089294960859
vn 0.7710163396616215 -0.5851733740663752 -0.2512089294960859
usemtl m_9cf4343c-91f0-92da-4b25-54ec74dbc354
f 1492/4468/1117 1495/4467/1117 1493/4466/1117 1490/4465/1117
f 1491/4472/1118 1492/4471/1118 1490/4470/1118 1489/4469/1118
f 1496/4476/1119 1491/4475/1119 1489/4474/1119 1494/4473/1119
f 1495/4480/1120 1496/4479/1120 1494/4478/1120 1493/4477/1120
f 1494/4484/1121 1489/4483/1121 1490/4482/1121 1493/4481/1121
f 1495/4488/1122 1492/4487/1122 1491/4486/1122 1496/4485/1122
o cube
v -2.0953065874420815 3.283830958002085 -0.21704052727139977
v -3.2685003580391765 3.2670561255899937 -3.7787585090366203
v -2.0043502762961833 3.2147984144181265 -0.24667548681161167
v -3.1775440468932787 3.1980235820060354 -3.808393468576832
v -3.7868267478054607 2.5092912030813133 -3.604458164548073
v -2.6136329772083657 2.5260660354934044 -0.04274018278285263
v -3.695870436659563 2.440258659497355 -3.634093124088285
v -2.522676666062468 2.457033491909446 -0.07237514232306452
vt 0.6376953125 0.970703125
vt 0.64453125 0.970703125
vt 0.64453125 0.97021484375
vt 0.6376953125 0.97021484375
vt 0.6083984375 0.970703125
vt 0.6376953125 0.970703125
vt 0.6376953125 0.97021484375
vt 0.6083984375 0.97021484375
vt 0.673828125 0.970703125
vt 0.6806640625 0.970703125
vt 0.6806640625 0.97021484375
vt 0.673828125 0.97021484375
vt 0.64453125 0.970703125
vt 0.673828125 0.970703125
vt 0.673828125 0.97021484375
vt 0.64453125 0.97021484375
vt 0.64453125 0.970703125
vt 0.6376953125 0.970703125
vt 0.6376953125 1
vt 0.64453125 1
vt 0.6513671875 1
vt 0.64453125 1
vt 0.64453125 0.970703125
vt 0.6513671875 0.970703125
vn -0.31285167215922544 -0.004473288643224299 -0.9497914618040589
vn 0.5546689957008485 0.8108958309738777 -0.1865214639589688
vn 0.31285167215922544 0.004473288643224299 0.9497914618040589
vn -0.5546689957008485 -0.8108958309738777 0.1865214639589688
vn -0.7710163010179415 0.585173428137248 0.25120892214790497
vn 0.7710163010179415 -0.585173428137248 -0.25120892214790497
usemtl m_9cf4343c-91f0-92da-4b25-54ec74dbc354
f 1500/4492/1123 1503/4491/1123 1501/4490/1123 1498/4489/1123
f 1499/4496/1124 1500/4495/1124 1498/4494/1124 1497/4493/1124
f 1504/4500/1125 1499/4499/1125 1497/4498/1125 1502/4497/1125
f 1503/4504/1126 1504/4503/1126 1502/4502/1126 1501/4501/1126
f 1502/4508/1127 1497/4507/1127 1498/4506/1127 1501/4505/1127
f 1503/4512/1128 1500/4511/1128 1499/4510/1128 1504/4509/1128
o cube
v -0.7659943692302618 3.6607230884930995 -0.7653179553102998
v -1.3800771143727326 4.227634032147188 -3.970652667018816
v -0.7741818957240281 3.083529768463134 -0.8658345690064935
v -1.388264640866499 3.650440712117222 -4.07116928071501
v -2.5468753085343487 4.205925446325734 -3.750955235529906
v -1.932792563391878 3.6390145026716465 -0.5456205238213898
v -2.555062835028115 3.6287321262957692 -3.8514718492260998
v -1.9409800898856442 3.061821182641681 -0.6461371375175835
vt 0.63623046875 0.36181640625
vt 0.6455078125 0.36181640625
vt 0.6455078125 0.357421875
vt 0.63623046875 0.357421875
vt 0.6103515625 0.36181640625
vt 0.63623046875 0.36181640625
vt 0.63623046875 0.357421875
vt 0.6103515625 0.357421875
vt 0.67138671875 0.36181640625
vt 0.6806640625 0.36181640625
vt 0.6806640625 0.357421875
vt 0.67138671875 0.357421875
vt 0.6455078125 0.36181640625
vt 0.67138671875 0.36181640625
vt 0.67138671875 0.357421875
vt 0.6455078125 0.357421875
vt 0.6455078125 0.36181640625
vt 0.63623046875 0.36181640625
vt 0.63623046875 0.3876953125
vt 0.6455078125 0.3876953125
vt 0.65478515625 0.3876953125
vt 0.6455078125 0.3876953125
vt 0.6455078125 0.36181640625
vt 0.65478515625 0.36181640625
vn -0.18538347023168927 0.1711429263861399 -0.9676482148554012
vn 0.9825669003466241 0.01828091437596053 -0.18500836335908213
vn 0.18538347023168927 -0.1711429263861399 0.9676482148554012
vn -0.9825669003466241 -0.01828091437596053 0.18500836335908213
vn 0.013973378549360968 0.9850765995178077 0.17154835404150387
vn -0.013973378549360968 -0.9850765995178077 -0.17154835404150387
usemtl m_9cf4343c-91f0-92da-4b25-54ec74dbc354
f 1508/4516/1129 1511/4515/1129 1509/4514/1129 1506/4513/1129
f 1507/4520/1130 1508/4519/1130 1506/4518/1130 1505/4517/1130
f 1512/4524/1131 1507/4523/1131 1505/4522/1131 1510/4521/1131
f 1511/4528/1132 1512/4527/1132 1510/4526/1132 1509/4525/1132
f 1510/4532/1133 1505/4531/1133 1506/4530/1133 1509/4529/1133
f 1511/4536/1134 1508/4535/1134 1507/4534/1134 1512/4533/1134
o cube
v -1.359375 4.205924883420263 -3.750955693866645
v -1.359375 3.7327674366225754 -7.344943316346708
v -1.359375 3.6250001599590456 -3.6744755031127085
v -1.359375 3.1518427131613587 -7.2684631255927705
v -2.546875 3.7327674366225754 -7.344943316346708
v -2.546875 4.205924883420263 -3.750955693866645
v -2.546875 3.1518427131613587 -7.2684631255927705
v -2.546875 3.6250001599590456 -3.6744755031127085
vt 0.6298828125 0.5498046875
vt 0.63916015625 0.5498046875
vt 0.63916015625 0.54541015625
vt 0.6298828125 0.54541015625
vt 0.6015625 0.5498046875
vt 0.6298828125 0.5498046875
vt 0.6298828125 0.54541015625
vt 0.6015625 0.54541015625
vt 0.66748046875 0.5498046875
vt 0.6767578125 0.5498046875
vt 0.6767578125 0.54541015625
vt 0.66748046875 0.54541015625
vt 0.63916015625 0.5498046875
vt 0.66748046875 0.5498046875
vt 0.66748046875 0.54541015625
vt 0.63916015625 0.54541015625
vt 0.63916015625 0.5498046875
vt 0.6298828125 0.5498046875
vt 0.6298828125 0.578125
vt 0.63916015625 0.578125
vt 0.6484375 0.578125
vt 0.63916015625 0.578125
vt 0.63916015625 0.5498046875
vt 0.6484375 0.5498046875
vn 0 -0.13052619222005157 -0.9914448613738104
vn 1 0 0
vn 0 0.13052619222005157 0.9914448613738104
vn -1 0 0
vn 0 0.9914448613738104 -0.13052619222005157
vn 0 -0.9914448613738104 0.13052619222005157
usemtl m_9cf4343c-91f0-92da-4b25-54ec74dbc354
f 1516/4540/1135 1519/4539/1135 1517/4538/1135 1514/4537/1135
f 1515/4544/1136 1516/4543/1136 1514/4542/1136 1513/4541/1136
f 1520/4548/1137 1515/4547/1137 1513/4546/1137 1518/4545/1137
f 1519/4552/1138 1520/4551/1138 1518/4550/1138 1517/4549/1138
f 1518/4556/1139 1513/4555/1139 1514/4554/1139 1517/4553/1139
f 1519/4560/1140 1516/4559/1140 1515/4558/1140 1520/4557/1140
o cube
v -2.546874553098288 4.205924802770167 -3.7509557176872406
v -2.546874884919772 3.7327673931677205 -7.344943345064134
v -2.447705390810005 4.130480620877373 -3.741023312662918
v -2.447705722631489 3.6573232112749263 -7.335010940039811
v -3.5342734558154603 2.456973491657196 -7.176981813792542
v -3.534273123993976 2.930130901259643 -3.5829941864156485
v -3.4351042935271776 2.3815293097644012 -7.16704940876822
v -3.4351039617056935 2.8546867193668484 -3.573061781391326
vt 0.615234375 0.70654296875
vt 0.62744140625 0.70654296875
vt 0.62744140625 0.70556640625
vt 0.615234375 0.70556640625
vt 0.5869140625 0.70654296875
vt 0.615234375 0.70654296875
vt 0.615234375 0.70556640625
vt 0.5869140625 0.70556640625
vt 0.65576171875 0.70654296875
vt 0.66796875 0.70654296875
vt 0.66796875 0.70556640625
vt 0.65576171875 0.70556640625
vt 0.62744140625 0.70654296875
vt 0.65576171875 0.70654296875
vt 0.65576171875 0.70556640625
vt 0.62744140625 0.70556640625
vt 0.62744140625 0.70654296875
vt 0.615234375 0.70654296875
vt 0.615234375 0.73486328125
vt 0.62744140625 0.73486328125
vt 0.6396484375 0.73486328125
vt 0.62744140625 0.73486328125
vt 0.62744140625 0.70654296875
vt 0.6396484375 0.70654296875
vn -9.153696112207402e-8 -0.1305261819592957 -0.9914448627246604
vn 0.6087614837245933 0.7865660446579503 -0.1035534322201796
vn 9.153696112207402e-8 0.1305261819592957 0.9914448627246604
vn -0.6087614837245933 -0.7865660446579503 0.1035534322201796
vn -0.7933532983062612 0.6035534551423563 -0.07945924019458164
vn 0.7933532983062612 -0.6035534551423563 0.07945924019458164
usemtl m_9cf4343c-91f0-92da-4b25-54ec74dbc354
f 1524/4564/1141 1527/4563/1141 1525/4562/1141 1522/4561/1141
f 1523/4568/1142 1524/4567/1142 1522/4566/1142 1521/4565/1142
f 1528/4572/1143 1523/4571/1143 1521/4570/1143 1526/4569/1143
f 1527/4576/1144 1528/4575/1144 1526/4574/1144 1525/4573/1144
f 1526/4580/1145 1521/4579/1145 1522/4578/1145 1525/4577/1145
f 1527/4584/1146 1524/4583/1146 1523/4582/1146 1528/4581/1146
o cube
v -0.1680331491184911 2.699332837771683 4.886332058464668
v -0.16752139555258605 3.0686394697233323 3.208771076035801
v -0.1418777541228047 2.6438946584772163 4.874135600407751
v -0.14136600055689966 3.0132012904288654 3.196574617978883
v -0.2997206400103686 3.009158342112482 3.195636275829904
v -0.3002323935762736 2.639851710160833 4.873197258258772
v -0.27356524501468216 2.9537201628180147 3.183439817772987
v -0.2740769985805872 2.5844135308663656 4.861000800201854
vt 0.68994140625 0.31591796875
vt 0.69091796875 0.31591796875
vt 0.69091796875 0.3154296875
vt 0.68994140625 0.3154296875
vt 0.6767578125 0.31591796875
vt 0.68994140625 0.31591796875
vt 0.68994140625 0.3154296875
vt 0.6767578125 0.3154296875
vt 0.7041015625 0.31591796875
vt 0.705078125 0.31591796875
vt 0.705078125 0.3154296875
vt 0.7041015625 0.3154296875
vt 0.69091796875 0.31591796875
vt 0.7041015625 0.31591796875
vt 0.7041015625 0.3154296875
vt 0.69091796875 0.3154296875
vt 0.69091796875 0.31591796875
vt 0.68994140625 0.31591796875
vt 0.68994140625 0.3291015625
vt 0.69091796875 0.3291015625
vt 0.69189453125 0.3291015625
vt 0.69091796875 0.3291015625
vt 0.69091796875 0.31591796875
vt 0.69189453125 0.31591796875
vn 0.00029792422540353414 0.21499682579836943 -0.9766147019873199
vn 0.9082230514976921 0.4086417547000581 0.09023749245118748
vn -0.00029792422540353414 -0.21499682579836943 0.9766147019873199
vn -0.9082230514976921 -0.4086417547000581 -0.09023749245118748
vn -0.41848631993098234 0.8870108687114737 0.19514332891067623
vn 0.41848631993098234 -0.8870108687114737 -0.19514332891067623
usemtl m_9cf4343c-91f0-92da-4b25-54ec74dbc354
f 1532/4588/1147 1535/4587/1147 1533/4586/1147 1530/4585/1147
f 1531/4592/1148 1532/4591/1148 1530/4590/1148 1529/4589/1148
f 1536/4596/1149 1531/4595/1149 1529/4594/1149 1534/4593/1149
f 1535/4600/1150 1536/4599/1150 1534/4598/1150 1533/4597/1150
f 1534/4604/1151 1529/4603/1151 1530/4602/1151 1533/4601/1151
f 1535/4608/1152 1532/4607/1152 1531/4606/1152 1536/4605/1152
o cube
v -0.6945440938304972 2.6814944800924585 3.8383115742442477
v -0.05636471759503153 3.1484915053719966 3.0841888515122884
v -0.6683886957359042 2.6260563028597814 3.8261151134612312
v -0.03020931950043848 3.09305332813932 3.0719923907292714
v -0.15760735371389728 3.123042045248254 2.9827520664457823
v -0.795786729949363 2.6560450199687153 3.7368747891777416
v -0.13145195561930423 3.067603868015577 2.9705556056627653
v -0.7696313318547698 2.6006068427360387 3.7246783283947247
vt 0.31005859375 0.30078125
vt 0.31103515625 0.30078125
vt 0.31103515625 0.30029296875
vt 0.31005859375 0.30029296875
vt 0.3017578125 0.30078125
vt 0.31005859375 0.30078125
vt 0.31005859375 0.30029296875
vt 0.3017578125 0.30029296875
vt 0.3193359375 0.30078125
vt 0.3203125 0.30078125
vt 0.3203125 0.30029296875
vt 0.3193359375 0.30029296875
vt 0.31103515625 0.30078125
vt 0.3193359375 0.30078125
vt 0.3193359375 0.30029296875
vt 0.31103515625 0.30029296875
vt 0.31103515625 0.30078125
vt 0.31005859375 0.30078125
vt 0.31005859375 0.30908203125
vt 0.31103515625 0.30908203125
vt 0.31201171875 0.30908203125
vt 0.31103515625 0.30908203125
vt 0.31103515625 0.30078125
vt 0.31201171875 0.30078125
vn 0.5840225959032362 0.4273670148848793 -0.6901268304180274
vn 0.6955478171958164 0.17484053276821912 0.6968816413821366
vn -0.5840225959032362 -0.4273670148848793 0.6901268304180274
vn -0.6955478171958164 -0.17484053276821912 -0.6968816413821366
vn -0.418486369513489 0.8870108357228297 0.1951433725282697
vn 0.418486369513489 -0.8870108357228297 -0.1951433725282697
usemtl m_9cf4343c-91f0-92da-4b25-54ec74dbc354
f 1540/4612/1153 1543/4611/1153 1541/4610/1153 1538/4609/1153
f 1539/4616/1154 1540/4615/1154 1538/4614/1154 1537/4613/1154
f 1544/4620/1155 1539/4619/1155 1537/4618/1155 1542/4617/1155
f 1543/4624/1156 1544/4623/1156 1542/4622/1156 1541/4621/1156
f 1542/4628/1157 1537/4627/1157 1538/4626/1157 1541/4625/1157
f 1543/4632/1158 1540/4631/1158 1539/4630/1158 1544/4629/1158
o cube
v -0.18837458852964062 2.7499301151858697 4.612725906260116
v -0.5973551715750093 2.7499300723025244 3.735664081042099
v -0.16221919054314637 2.6944919372463425 4.60052944845822
v -0.571199773588515 2.694491894362997 3.7234676232402033
v -0.7143700543979565 2.682718813812522 3.790229011937663
v -0.30538947135258787 2.682718856695867 4.667290837155679
v -0.6882146564114623 2.627280635872995 3.778032554135767
v -0.2792340733660936 2.6272806787563403 4.655094379353783
vt 0.66064453125 0.52587890625
vt 0.66162109375 0.52587890625
vt 0.66162109375 0.525390625
vt 0.66064453125 0.525390625
vt 0.6533203125 0.52587890625
vt 0.66064453125 0.52587890625
vt 0.66064453125 0.525390625
vt 0.6533203125 0.525390625
vt 0.6689453125 0.52587890625
vt 0.669921875 0.52587890625
vt 0.669921875 0.525390625
vt 0.6689453125 0.525390625
vt 0.66162109375 0.52587890625
vt 0.6689453125 0.52587890625
vt 0.6689453125 0.525390625
vt 0.66162109375 0.525390625
vt 0.66162109375 0.52587890625
vt 0.66064453125 0.52587890625
vt 0.66064453125 0.533203125
vt 0.66162109375 0.533203125
vt 0.66259765625 0.533203125
vt 0.66162109375 0.533203125
vt 0.66162109375 0.52587890625
vt 0.66259765625 0.52587890625
vn -0.4226182084971928 -4.431330791199173e-8 -0.9063078118645018
vn 0.8039048512265958 0.46174858662133983 -0.3748669536349393
vn 0.4226182084971928 4.431330791199173e-8 0.9063078118645018
vn -0.8039048512265958 -0.46174858662133983 0.3748669536349393
vn -0.4184863677839077 0.8870108470324323 0.19514332483033833
vn 0.4184863677839077 -0.8870108470324323 -0.19514332483033833
usemtl m_9cf4343c-91f0-92da-4b25-54ec74dbc354
f 1548/4636/1159 1551/4635/1159 1549/4634/1159 1546/4633/1159
f 1547/4640/1160 1548/4639/1160 1546/4638/1160 1545/4637/1160
f 1552/4644/1161 1547/4643/1161 1545/4642/1161 1550/4641/1161
f 1551/4648/1162 1552/4647/1162 1550/4646/1162 1549/4645/1162
f 1550/4652/1163 1545/4651/1163 1546/4650/1163 1549/4649/1163
f 1551/4656/1164 1548/4655/1164 1547/4654/1164 1552/4653/1164
o cube
v -0.2814120684430009 2.755751031333361 4.38674502091461
v -0.28104927698979754 3.0175592503858253 3.1974913894794024
v -0.25525667344731445 2.7003128520388935 4.374548562857693
v -0.2548938819941111 2.962121071091358 3.1852949314224848
v -0.41324852144758006 2.9580781227749746 3.1843565892735057
v -0.41361131290078335 2.69626990372251 4.373610220708713
v -0.38709312645189364 2.9026399434805077 3.1721601312165886
v -0.3874559179050969 2.6408317244280433 4.361413762651796
vt 0.59033203125 0.30126953125
vt 0.59130859375 0.30126953125
vt 0.59130859375 0.30078125
vt 0.59033203125 0.30078125
vt 0.5810546875 0.30126953125
vt 0.59033203125 0.30126953125
vt 0.59033203125 0.30078125
vt 0.5810546875 0.30078125
vt 0.6005859375 0.30126953125
vt 0.6015625 0.30126953125
vt 0.6015625 0.30078125
vt 0.6005859375 0.30078125
vt 0.59130859375 0.30126953125
vt 0.6005859375 0.30126953125
vt 0.6005859375 0.30078125
vt 0.59130859375 0.30078125
vt 0.59130859375 0.30126953125
vt 0.59033203125 0.30126953125
vt 0.59033203125 0.310546875
vt 0.59130859375 0.310546875
vt 0.59228515625 0.310546875
vt 0.59130859375 0.310546875
vt 0.59130859375 0.30126953125
vt 0.59228515625 0.30126953125
vn 0.00029792422540353414 0.21499682579836943 -0.9766147019873199
vn 0.9082230514976921 0.4086417547000581 0.09023749245118748
vn -0.00029792422540353414 -0.21499682579836943 0.9766147019873199
vn -0.9082230514976921 -0.4086417547000581 -0.09023749245118748
vn -0.41848631993098234 0.8870108687114737 0.19514332891067623
vn 0.41848631993098234 -0.8870108687114737 -0.19514332891067623
usemtl m_9cf4343c-91f0-92da-4b25-54ec74dbc354
f 1556/4660/1165 1559/4659/1165 1557/4658/1165 1554/4657/1165
f 1555/4664/1166 1556/4663/1166 1554/4662/1166 1553/4661/1166
f 1560/4668/1167 1555/4667/1167 1553/4666/1167 1558/4665/1167
f 1559/4672/1168 1560/4671/1168 1558/4670/1168 1557/4669/1168
f 1558/4676/1169 1553/4675/1169 1554/4674/1169 1557/4673/1169
f 1559/4680/1170 1556/4679/1170 1555/4678/1170 1560/4677/1170
o cube
v -0.2991955863749126 2.807648666356883 4.112713631123498
v -0.4968670651716848 2.807648645630192 3.6888057118377318
v -0.27304018838841837 2.752210488417356 4.1005171733216015
v -0.47071166718519053 2.7522104676906647 3.676609254035836
v -0.613881947994632 2.7404373871401897 3.7433706427332956
v -0.41621046919785976 2.7404374078668807 4.167278562019061
v -0.5877265500081378 2.6849992092006625 3.7311741849313993
v -0.3900550712113655 2.684999229927354 4.155082104217165
vt 0.69482421875 0.466796875
vt 0.69580078125 0.466796875
vt 0.69580078125 0.46630859375
vt 0.69482421875 0.46630859375
vt 0.69140625 0.466796875
vt 0.69482421875 0.466796875
vt 0.69482421875 0.46630859375
vt 0.69140625 0.46630859375
vt 0.69921875 0.466796875
vt 0.7001953125 0.466796875
vt 0.7001953125 0.46630859375
vt 0.69921875 0.46630859375
vt 0.69580078125 0.466796875
vt 0.69921875 0.466796875
vt 0.69921875 0.46630859375
vt 0.69580078125 0.46630859375
vt 0.69580078125 0.466796875
vt 0.69482421875 0.466796875
vt 0.69482421875 0.47021484375
vt 0.69580078125 0.47021484375
vt 0.69677734375 0.47021484375
vt 0.69580078125 0.47021484375
vt 0.69580078125 0.466796875
vt 0.69677734375 0.466796875
vn -0.4226182084971928 -4.431330791199173e-8 -0.9063078118645018
vn 0.8039048512265958 0.46174858662133983 -0.3748669536349393
vn 0.4226182084971928 4.431330791199173e-8 0.9063078118645018
vn -0.8039048512265958 -0.46174858662133983 0.3748669536349393
vn -0.4184863677839077 0.8870108470324323 0.19514332483033833
vn 0.4184863677839077 -0.8870108470324323 -0.19514332483033833
usemtl m_9cf4343c-91f0-92da-4b25-54ec74dbc354
f 1564/4684/1171 1567/4683/1171 1565/4682/1171 1562/4681/1171
f 1563/4688/1172 1564/4687/1172 1562/4686/1172 1561/4685/1172
f 1568/4692/1173 1563/4691/1173 1561/4690/1173 1566/4689/1173
f 1567/4696/1174 1568/4695/1174 1566/4694/1174 1565/4693/1174
f 1566/4700/1175 1561/4699/1175 1562/4698/1175 1565/4697/1175
f 1567/4704/1176 1564/4703/1176 1563/4702/1176 1568/4701/1176
o cube
v -0.6076006166810202 2.703349546688486 3.925421779417015
v -0.1884297139092681 3.0100839413861946 3.4300966180918153
v -0.5814452185864272 2.647911369455809 3.913225318633998
v -0.16227431581467505 2.9546457641535175 3.417900157308799
v -0.28967235002813385 2.9846344812624515 3.328659833025309
v -0.7088432527998859 2.6779000865647427 3.823984994350509
v -0.2635169519335408 2.929196304029775 3.3164633722422927
v -0.6826878547052928 2.622461909332066 3.811788533567492
vt 0.68896484375 0.94580078125
vt 0.68994140625 0.94580078125
vt 0.68994140625 0.9453125
vt 0.68896484375 0.9453125
vt 0.68359375 0.94580078125
vt 0.68896484375 0.94580078125
vt 0.68896484375 0.9453125
vt 0.68359375 0.9453125
vt 0.6953125 0.94580078125
vt 0.6962890625 0.94580078125
vt 0.6962890625 0.9453125
vt 0.6953125 0.9453125
vt 0.68994140625 0.94580078125
vt 0.6953125 0.94580078125
vt 0.6953125 0.9453125
vt 0.68994140625 0.9453125
vt 0.68994140625 0.94580078125
vt 0.68896484375 0.94580078125
vt 0.68896484375 0.951171875
vt 0.68994140625 0.951171875
vt 0.69091796875 0.951171875
vt 0.68994140625 0.951171875
vt 0.68994140625 0.94580078125
vt 0.69091796875 0.94580078125
vn 0.5840225959032362 0.4273670148848793 -0.6901268304180274
vn 0.6955478171958164 0.17484053276821912 0.6968816413821366
vn -0.5840225959032362 -0.4273670148848793 0.6901268304180274
vn -0.6955478171958164 -0.17484053276821912 -0.6968816413821366
vn -0.418486369513489 0.8870108357228297 0.1951433725282697
vn 0.418486369513489 -0.8870108357228297 -0.1951433725282697
usemtl m_9cf4343c-91f0-92da-4b25-54ec74dbc354
f 1572/4708/1177 1575/4707/1177 1573/4706/1177 1570/4705/1177
f 1571/4712/1178 1572/4711/1178 1570/4710/1178 1569/4709/1178
f 1576/4716/1179 1571/4715/1179 1569/4714/1179 1574/4713/1179
f 1575/4720/1180 1576/4719/1180 1574/4718/1180 1573/4717/1180
f 1574/4724/1181 1569/4723/1181 1570/4722/1181 1573/4721/1181
f 1575/4728/1182 1572/4727/1182 1571/4726/1182 1576/4725/1182
o cube
v -0.33802704704890485 2.8377093345637916 3.8927978266427505
v -0.337966834887127 2.8811614024147874 3.695418501913415
v -0.31187165205321843 2.7822711552693247 3.8806013685858334
v -0.31181143989144056 2.82572322312032 3.6832220438564978
v -0.4701660793449095 2.8216802748039367 3.6822837017075183
v -0.47022629150668727 2.7782282069529414 3.879663026436854
v -0.4440106843492231 2.7662420955094698 3.670087243650601
v -0.44407089651100085 2.7227900276584744 3.8674665683799367
vt 0.52392578125 0.84765625
vt 0.52490234375 0.84765625
vt 0.52490234375 0.84716796875
vt 0.52392578125 0.84716796875
vt 0.5224609375 0.84765625
vt 0.52392578125 0.84765625
vt 0.52392578125 0.84716796875
vt 0.5224609375 0.84716796875
vt 0.5263671875 0.84765625
vt 0.52734375 0.84765625
vt 0.52734375 0.84716796875
vt 0.5263671875 0.84716796875
vt 0.52490234375 0.84765625
vt 0.5263671875 0.84765625
vt 0.5263671875 0.84716796875
vt 0.52490234375 0.84716796875
vt 0.52490234375 0.84765625
vt 0.52392578125 0.84765625
vt 0.52392578125 0.84912109375
vt 0.52490234375 0.84912109375
vt 0.52587890625 0.84912109375
vt 0.52490234375 0.84912109375
vt 0.52490234375 0.84765625
vt 0.52587890625 0.84765625
vn 0.00029792422540353414 0.21499682579836943 -0.9766147019873199
vn 0.9082230514976921 0.4086417547000581 0.09023749245118748
vn -0.00029792422540353414 -0.21499682579836943 0.9766147019873199
vn -0.9082230514976921 -0.4086417547000581 -0.09023749245118748
vn -0.41848631993098234 0.8870108687114737 0.19514332891067623
vn 0.41848631993098234 -0.8870108687114737 -0.19514332891067623
usemtl m_9cf4343c-91f0-92da-4b25-54ec74dbc354
f 1580/4732/1183 1583/4731/1183 1581/4730/1183 1578/4729/1183
f 1579/4736/1184 1580/4735/1184 1578/4734/1184 1577/4733/1184
f 1584/4740/1185 1579/4739/1185 1577/4738/1185 1582/4737/1185
f 1583/4744/1186 1584/4743/1186 1582/4742/1186 1581/4741/1186
f 1582/4748/1187 1577/4747/1187 1578/4746/1187 1581/4745/1187
f 1583/4752/1188 1580/4751/1188 1579/4750/1188 1584/4749/1188
o cube
v 0.795786729949363 2.6560450199687153 3.7368747891777416
v 0.15760735371389728 3.123042045248254 2.9827520664457823
v 0.7696313318547698 2.6006068427360387 3.7246783283947247
v 0.13145195561930423 3.067603868015577 2.9705556056627653
v 0.05636471759503153 3.1484915053719966 3.0841888515122884
v 0.6945440938304972 2.6814944800924585 3.8383115742442477
v 0.03020931950043848 3.09305332813932 3.0719923907292714
v 0.6683886957359042 2.6260563028597814 3.8261151134612312
vt 0.32861328125 0.30078125
vt 0.32958984375 0.30078125
vt 0.32958984375 0.30029296875
vt 0.32861328125 0.30029296875
vt 0.3203125 0.30078125
vt 0.32861328125 0.30078125
vt 0.32861328125 0.30029296875
vt 0.3203125 0.30029296875
vt 0.337890625 0.30078125
vt 0.3388671875 0.30078125
vt 0.3388671875 0.30029296875
vt 0.337890625 0.30029296875
vt 0.32958984375 0.30078125
vt 0.337890625 0.30078125
vt 0.337890625 0.30029296875
vt 0.32958984375 0.30029296875
vt 0.32958984375 0.30078125
vt 0.32861328125 0.30078125
vt 0.32861328125 0.30908203125
vt 0.32958984375 0.30908203125
vt 0.33056640625 0.30908203125
vt 0.32958984375 0.30908203125
vt 0.32958984375 0.30078125
vt 0.33056640625 0.30078125
vn -0.5840225959032362 0.4273670148848793 -0.6901268304180274
vn 0.6955478171958164 -0.17484053276821912 -0.6968816413821366
vn 0.5840225959032362 -0.4273670148848793 0.6901268304180274
vn -0.6955478171958164 0.17484053276821912 0.6968816413821366
vn 0.418486369513489 0.8870108357228297 0.1951433725282697
vn -0.418486369513489 -0.8870108357228297 -0.1951433725282697
usemtl m_9cf4343c-91f0-92da-4b25-54ec74dbc354
f 1588/4756/1189 1591/4755/1189 1589/4754/1189 1586/4753/1189
f 1587/4760/1190 1588/4759/1190 1586/4758/1190 1585/4757/1190
f 1592/4764/1191 1587/4763/1191 1585/4762/1191 1590/4761/1191
f 1591/4768/1192 1592/4767/1192 1590/4766/1192 1589/4765/1192
f 1590/4772/1193 1585/4771/1193 1586/4770/1193 1589/4769/1193
f 1591/4776/1194 1588/4775/1194 1587/4774/1194 1592/4773/1194
o cube
v 0.30538947135258787 2.682718856695867 4.667290837155679
v 0.7143700543979565 2.682718813812522 3.790229011937663
v 0.2792340733660936 2.6272806787563403 4.655094379353783
v 0.6882146564114623 2.627280635872995 3.778032554135767
v 0.5973551715750093 2.7499300723025244 3.735664081042099
v 0.18837458852964062 2.7499301151858697 4.612725906260116
v 0.571199773588515 2.694491894362997 3.7234676232402033
v 0.16221919054314637 2.6944919372463425 4.60052944845822
vt 0.56787109375 0.31591796875
vt 0.56884765625 0.31591796875
vt 0.56884765625 0.3154296875
vt 0.56787109375 0.3154296875
vt 0.560546875 0.31591796875
vt 0.56787109375 0.31591796875
vt 0.56787109375 0.3154296875
vt 0.560546875 0.3154296875
vt 0.576171875 0.31591796875
vt 0.5771484375 0.31591796875
vt 0.5771484375 0.3154296875
vt 0.576171875 0.3154296875
vt 0.56884765625 0.31591796875
vt 0.576171875 0.31591796875
vt 0.576171875 0.3154296875
vt 0.56884765625 0.3154296875
vt 0.56884765625 0.31591796875
vt 0.56787109375 0.31591796875
vt 0.56787109375 0.3232421875
vt 0.56884765625 0.3232421875
vt 0.56982421875 0.3232421875
vt 0.56884765625 0.3232421875
vt 0.56884765625 0.31591796875
vt 0.56982421875 0.31591796875
vn 0.4226182084971928 -4.431330791199173e-8 -0.9063078118645018
vn 0.8039048512265958 -0.46174858662133983 0.3748669536349393
vn -0.4226182084971928 4.431330791199173e-8 0.9063078118645018
vn -0.8039048512265958 0.46174858662133983 -0.3748669536349393
vn 0.4184863677839077 0.8870108470324323 0.19514332483033833
vn -0.4184863677839077 -0.8870108470324323 -0.19514332483033833
usemtl m_9cf4343c-91f0-92da-4b25-54ec74dbc354
f 1596/4780/1195 1599/4779/1195 1597/4778/1195 1594/4777/1195
f 1595/4784/1196 1596/4783/1196 1594/4782/1196 1593/4781/1196
f 1600/4788/1197 1595/4787/1197 1593/4786/1197 1598/4785/1197
f 1599/4792/1198 1600/4791/1198 1598/4790/1198 1597/4789/1198
f 1598/4796/1199 1593/4795/1199 1594/4794/1199 1597/4793/1199
f 1599/4800/1200 1596/4799/1200 1595/4798/1200 1600/4797/1200
o cube
v 0.3002323935762736 2.639851710160833 4.873197258258772
v 0.2997206400103686 3.009158342112482 3.195636275829904
v 0.2740769985805872 2.5844135308663656 4.861000800201854
v 0.27356524501468216 2.9537201628180147 3.183439817772987
v 0.16752139555258605 3.0686394697233323 3.208771076035801
v 0.1680331491184911 2.699332837771683 4.886332058464668
v 0.14136600055689966 3.0132012904288654 3.196574617978883
v 0.1418777541228047 2.6438946584772163 4.874135600407751
vt 0.05126953125 0.30908203125
vt 0.05224609375 0.30908203125
vt 0.05224609375 0.30859375
vt 0.05126953125 0.30859375
vt 0.0380859375 0.30908203125
vt 0.05126953125 0.30908203125
vt 0.05126953125 0.30859375
vt 0.0380859375 0.30859375
vt 0.0654296875 0.30908203125
vt 0.06640625 0.30908203125
vt 0.06640625 0.30859375
vt 0.0654296875 0.30859375
vt 0.05224609375 0.30908203125
vt 0.0654296875 0.30908203125
vt 0.0654296875 0.30859375
vt 0.05224609375 0.30859375
vt 0.05224609375 0.30908203125
vt 0.05126953125 0.30908203125
vt 0.05126953125 0.322265625
vt 0.05224609375 0.322265625
vt 0.05322265625 0.322265625
vt 0.05224609375 0.322265625
vt 0.05224609375 0.30908203125
vt 0.05322265625 0.30908203125
vn -0.00029792422540353414 0.21499682579836943 -0.9766147019873199
vn 0.9082230514976921 -0.4086417547000581 -0.09023749245118748
vn 0.00029792422540353414 -0.21499682579836943 0.9766147019873199
vn -0.9082230514976921 0.4086417547000581 0.09023749245118748
vn 0.41848631993098234 0.8870108687114737 0.19514332891067623
vn -0.41848631993098234 -0.8870108687114737 -0.19514332891067623
usemtl m_9cf4343c-91f0-92da-4b25-54ec74dbc354
f 1604/4804/1201 1607/4803/1201 1605/4802/1201 1602/4801/1201
f 1603/4808/1202 1604/4807/1202 1602/4806/1202 1601/4805/1202
f 1608/4812/1203 1603/4811/1203 1601/4810/1203 1606/4809/1203
f 1607/4816/1204 1608/4815/1204 1606/4814/1204 1605/4813/1204
f 1606/4820/1205 1601/4819/1205 1602/4818/1205 1605/4817/1205
f 1607/4824/1206 1604/4823/1206 1603/4822/1206 1608/4821/1206
o cube
v 0.41361131290078335 2.69626990372251 4.373610220708713
v 0.41324852144758006 2.9580781227749746 3.1843565892735057
v 0.3874559179050969 2.6408317244280433 4.361413762651796
v 0.38709312645189364 2.9026399434805077 3.1721601312165886
v 0.28104927698979754 3.0175592503858253 3.1974913894794024
v 0.2814120684430009 2.755751031333361 4.38674502091461
v 0.2548938819941111 2.962121071091358 3.1852949314224848
v 0.25525667344731445 2.7003128520388935 4.374548562857693
vt 0.61083984375 0.30126953125
vt 0.61181640625 0.30126953125
vt 0.61181640625 0.30078125
vt 0.61083984375 0.30078125
vt 0.6015625 0.30126953125
vt 0.61083984375 0.30126953125
vt 0.61083984375 0.30078125
vt 0.6015625 0.30078125
vt 0.62109375 0.30126953125
vt 0.6220703125 0.30126953125
vt 0.6220703125 0.30078125
vt 0.62109375 0.30078125
vt 0.61181640625 0.30126953125
vt 0.62109375 0.30126953125
vt 0.62109375 0.30078125
vt 0.61181640625 0.30078125
vt 0.61181640625 0.30126953125
vt 0.61083984375 0.30126953125
vt 0.61083984375 0.310546875
vt 0.61181640625 0.310546875
vt 0.61279296875 0.310546875
vt 0.61181640625 0.310546875
vt 0.61181640625 0.30126953125
vt 0.61279296875 0.30126953125
vn -0.00029792422540353414 0.21499682579836943 -0.9766147019873199
vn 0.9082230514976921 -0.4086417547000581 -0.09023749245118748
vn 0.00029792422540353414 -0.21499682579836943 0.9766147019873199
vn -0.9082230514976921 0.4086417547000581 0.09023749245118748
vn 0.41848631993098234 0.8870108687114737 0.19514332891067623
vn -0.41848631993098234 -0.8870108687114737 -0.19514332891067623
usemtl m_9cf4343c-91f0-92da-4b25-54ec74dbc354
f 1612/4828/1207 1615/4827/1207 1613/4826/1207 1610/4825/1207
f 1611/4832/1208 1612/4831/1208 1610/4830/1208 1609/4829/1208
f 1616/4836/1209 1611/4835/1209 1609/4834/1209 1614/4833/1209
f 1615/4840/1210 1616/4839/1210 1614/4838/1210 1613/4837/1210
f 1614/4844/1211 1609/4843/1211 1610/4842/1211 1613/4841/1211
f 1615/4848/1212 1612/4847/1212 1611/4846/1212 1616/4845/1212
o cube
v 0.41621046919785976 2.7404374078668807 4.167278562019061
v 0.613881947994632 2.7404373871401897 3.7433706427332956
v 0.3900550712113655 2.684999229927354 4.155082104217165
v 0.5877265500081378 2.6849992092006625 3.7311741849313993
v 0.4968670651716848 2.807648645630192 3.6888057118377318
v 0.2991955863749126 2.807648666356883 4.112713631123498
v 0.47071166718519053 2.7522104676906647 3.676609254035836
v 0.27304018838841837 2.752210488417356 4.1005171733216015
vt 0.69970703125 0.65234375
vt 0.70068359375 0.65234375
vt 0.70068359375 0.65185546875
vt 0.69970703125 0.65185546875
vt 0.6962890625 0.65234375
vt 0.69970703125 0.65234375
vt 0.69970703125 0.65185546875
vt 0.6962890625 0.65185546875
vt 0.7041015625 0.65234375
vt 0.705078125 0.65234375
vt 0.705078125 0.65185546875
vt 0.7041015625 0.65185546875
vt 0.70068359375 0.65234375
vt 0.7041015625 0.65234375
vt 0.7041015625 0.65185546875
vt 0.70068359375 0.65185546875
vt 0.70068359375 0.65234375
vt 0.69970703125 0.65234375
vt 0.69970703125 0.65576171875
vt 0.70068359375 0.65576171875
vt 0.70166015625 0.65576171875
vt 0.70068359375 0.65576171875
vt 0.70068359375 0.65234375
vt 0.70166015625 0.65234375
vn 0.4226182084971928 -4.431330791199173e-8 -0.9063078118645018
vn 0.8039048512265958 -0.46174858662133983 0.3748669536349393
vn -0.4226182084971928 4.431330791199173e-8 0.9063078118645018
vn -0.8039048512265958 0.46174858662133983 -0.3748669536349393
vn 0.4184863677839077 0.8870108470324323 0.19514332483033833
vn -0.4184863677839077 -0.8870108470324323 -0.19514332483033833
usemtl m_9cf4343c-91f0-92da-4b25-54ec74dbc354
f 1620/4852/1213 1623/4851/1213 1621/4850/1213 1618/4849/1213
f 1619/4856/1214 1620/4855/1214 1618/4854/1214 1617/4853/1214
f 1624/4860/1215 1619/4859/1215 1617/4858/1215 1622/4857/1215
f 1623/4864/1216 1624/4863/1216 1622/4862/1216 1621/4861/1216
f 1622/4868/1217 1617/4867/1217 1618/4866/1217 1621/4865/1217
f 1623/4872/1218 1620/4871/1218 1619/4870/1218 1624/4869/1218
o cube
v 0.7088432527998859 2.6779000865647427 3.823984994350509
v 0.28967235002813385 2.9846344812624515 3.328659833025309
v 0.6826878547052928 2.622461909332066 3.811788533567492
v 0.2635169519335408 2.929196304029775 3.3164633722422927
v 0.1884297139092681 3.0100839413861946 3.4300966180918153
v 0.6076006166810202 2.703349546688486 3.925421779417015
v 0.16227431581467505 2.9546457641535175 3.417900157308799
v 0.5814452185864272 2.647911369455809 3.913225318633998
vt 0.68896484375 0.86865234375
vt 0.68994140625 0.86865234375
vt 0.68994140625 0.8681640625
vt 0.68896484375 0.8681640625
vt 0.68359375 0.86865234375
vt 0.68896484375 0.86865234375
vt 0.68896484375 0.8681640625
vt 0.68359375 0.8681640625
vt 0.6953125 0.86865234375
vt 0.6962890625 0.86865234375
vt 0.6962890625 0.8681640625
vt 0.6953125 0.8681640625
vt 0.68994140625 0.86865234375
vt 0.6953125 0.86865234375
vt 0.6953125 0.8681640625
vt 0.68994140625 0.8681640625
vt 0.68994140625 0.86865234375
vt 0.68896484375 0.86865234375
vt 0.68896484375 0.8740234375
vt 0.68994140625 0.8740234375
vt 0.69091796875 0.8740234375
vt 0.68994140625 0.8740234375
vt 0.68994140625 0.86865234375
vt 0.69091796875 0.86865234375
vn -0.5840225959032362 0.4273670148848793 -0.6901268304180274
vn 0.6955478171958164 -0.17484053276821912 -0.6968816413821366
vn 0.5840225959032362 -0.4273670148848793 0.6901268304180274
vn -0.6955478171958164 0.17484053276821912 0.6968816413821366
vn 0.418486369513489 0.8870108357228297 0.1951433725282697
vn -0.418486369513489 -0.8870108357228297 -0.1951433725282697
usemtl m_9cf4343c-91f0-92da-4b25-54ec74dbc354
f 1628/4876/1219 1631/4875/1219 1629/4874/1219 1626/4873/1219
f 1627/4880/1220 1628/4879/1220 1626/4878/1220 1625/4877/1220
f 1632/4884/1221 1627/4883/1221 1625/4882/1221 1630/4881/1221
f 1631/4888/1222 1632/4887/1222 1630/4886/1222 1629/4885/1222
f 1630/4892/1223 1625/4891/1223 1626/4890/1223 1629/4889/1223
f 1631/4896/1224 1628/4895/1224 1627/4894/1224 1632/4893/1224
o cube
v 0.47022629150668727 2.7782282069529414 3.879663026436854
v 0.4701660793449095 2.8216802748039367 3.6822837017075183
v 0.44407089651100085 2.7227900276584744 3.8674665683799367
v 0.4440106843492231 2.7662420955094698 3.670087243650601
v 0.337966834887127 2.8811614024147874 3.695418501913415
v 0.33802704704890485 2.8377093345637916 3.8927978266427505
v 0.31181143989144056 2.82572322312032 3.6832220438564978
v 0.31187165205321843 2.7822711552693247 3.8806013685858334
vt 0.52880859375 0.84765625
vt 0.52978515625 0.84765625
vt 0.52978515625 0.84716796875
vt 0.52880859375 0.84716796875
vt 0.52734375 0.84765625
vt 0.52880859375 0.84765625
vt 0.52880859375 0.84716796875
vt 0.52734375 0.84716796875
vt 0.53125 0.84765625
vt 0.5322265625 0.84765625
vt 0.5322265625 0.84716796875
vt 0.53125 0.84716796875
vt 0.52978515625 0.84765625
vt 0.53125 0.84765625
vt 0.53125 0.84716796875
vt 0.52978515625 0.84716796875
vt 0.52978515625 0.84765625
vt 0.52880859375 0.84765625
vt 0.52880859375 0.84912109375
vt 0.52978515625 0.84912109375
vt 0.53076171875 0.84912109375
vt 0.52978515625 0.84912109375
vt 0.52978515625 0.84765625
vt 0.53076171875 0.84765625
vn -0.00029792422540353414 0.21499682579836943 -0.9766147019873199
vn 0.9082230514976921 -0.4086417547000581 -0.09023749245118748
vn 0.00029792422540353414 -0.21499682579836943 0.9766147019873199
vn -0.9082230514976921 0.4086417547000581 0.09023749245118748
vn 0.41848631993098234 0.8870108687114737 0.19514332891067623
vn -0.41848631993098234 -0.8870108687114737 -0.19514332891067623
usemtl m_9cf4343c-91f0-92da-4b25-54ec74dbc354
f 1636/4900/1225 1639/4899/1225 1637/4898/1225 1634/4897/1225
f 1635/4904/1226 1636/4903/1226 1634/4902/1226 1633/4901/1226
f 1640/4908/1227 1635/4907/1227 1633/4906/1227 1638/4905/1227
f 1639/4912/1228 1640/4911/1228 1638/4910/1228 1637/4909/1228
f 1638/4916/1229 1633/4915/1229 1634/4914/1229 1637/4913/1229
f 1639/4920/1230 1636/4919/1230 1635/4918/1230 1640/4917/1230
o cube
v 0.40079486740040293 4.6112228911532664 -0.7236878164833485
v 2.5245290064572656 3.732047496562807 -7.4016897768118355
v 0.4007948651307376 4.5492575869329475 -0.7155299323898294
v 2.5245290041876003 3.6700821923424876 -7.3935318927183165
v 1.6304193412765535 3.6952506927503217 -7.681189601247595
v -0.4933147977803092 4.574426087340781 -1.0031876409191085
v 1.6304193390068882 3.6332853885300023 -7.6730317171540765
v -0.4933148000499745 4.512460783120462 -0.9950297568255895
vt 0.36279296875 0.46630859375
vt 0.3701171875 0.46630859375
vt 0.3701171875 0.4658203125
vt 0.36279296875 0.4658203125
vt 0.3076171875 0.46630859375
vt 0.36279296875 0.46630859375
vt 0.36279296875 0.4658203125
vt 0.3076171875 0.4658203125
vt 0.42529296875 0.46630859375
vt 0.4326171875 0.46630859375
vt 0.4326171875 0.4658203125
vt 0.42529296875 0.4658203125
vt 0.3701171875 0.46630859375
vt 0.42529296875 0.46630859375
vt 0.42529296875 0.4658203125
vt 0.3701171875 0.4658203125
vt 0.3701171875 0.46630859375
vt 0.36279296875 0.46630859375
vt 0.36279296875 0.521484375
vt 0.3701171875 0.521484375
vt 0.37744140625 0.521484375
vt 0.3701171875 0.521484375
vt 0.3701171875 0.46630859375
vt 0.37744140625 0.46630859375
vn 0.30070571880451163 -0.12448501162342791 -0.9455577996925293
vn 0.9537169761927597 0.03924992406665099 0.2981331460648102
vn -0.30070571880451163 0.12448501162342791 0.9455577996925293
vn -0.9537169761927597 -0.03924992406665099 -0.2981331460648102
vn 3.6314645665558316e-8 0.9914448675251072 -0.13052614549630095
vn -3.6314645665558316e-8 -0.9914448675251072 0.13052614549630095
usemtl m_9cf4343c-91f0-92da-4b25-54ec74dbc354
f 1644/4924/1231 1647/4923/1231 1645/4922/1231 1642/4921/1231
f 1643/4928/1232 1644/4927/1232 1642/4926/1232 1641/4925/1232
f 1648/4932/1233 1643/4931/1233 1641/4930/1233 1646/4929/1233
f 1647/4936/1234 1648/4935/1234 1646/4934/1234 1645/4933/1234
f 1646/4940/1235 1641/4939/1235 1642/4938/1235 1645/4937/1235
f 1647/4944/1236 1644/4943/1236 1643/4942/1236 1648/4941/1236
o cube
v 2.5245285226988807 3.73204776669347 -7.401689932195998
v 0.0755138681543101 3.3831991983763805 -10.051455374307631
v 2.5245285295107527 3.670082463041063 -7.39353204378876
v 0.07551387496618206 3.3212338947239735 -10.043297485900393
v -0.47744410564803147 3.4493358170012787 -9.549097506960782
v 1.9715705488965392 3.7981843853183683 -6.899332064849149
v -0.4774440988361604 3.3873705133488716 -9.540939618553544
v 1.9715705557084102 3.7362190816659613 -6.891174176441911
vt 0.51171875 0.916015625
vt 0.517578125 0.916015625
vt 0.517578125 0.91552734375
vt 0.51171875 0.91552734375
vt 0.4833984375 0.916015625
vt 0.51171875 0.916015625
vt 0.51171875 0.91552734375
vt 0.4833984375 0.91552734375
vt 0.5458984375 0.916015625
vt 0.5517578125 0.916015625
vt 0.5517578125 0.91552734375
vt 0.5458984375 0.91552734375
vt 0.517578125 0.916015625
vt 0.5458984375 0.916015625
vt 0.5458984375 0.91552734375
vt 0.517578125 0.91552734375
vt 0.517578125 0.916015625
vt 0.51171875 0.916015625
vt 0.51171875 0.9443359375
vt 0.517578125 0.9443359375
vt 0.5234375 0.9443359375
vt 0.517578125 0.9443359375
vt 0.517578125 0.916015625
vt 0.5234375 0.916015625
vn -0.6755902495295367 -0.09623408781161095 -0.7309697771342434
vn 0.7372772984031222 -0.08818215816653106 -0.6698104897957978
vn 0.6755902495295367 0.09623408781161095 0.7309697771342434
vn -0.7372772984031222 0.08818215816653106 0.6698104897957978
vn -1.0898994111385732e-7 0.9914448584385116 -0.13052621451581317
vn 1.0898994111385732e-7 -0.9914448584385116 0.13052621451581317
usemtl m_9cf4343c-91f0-92da-4b25-54ec74dbc354
f 1652/4948/1237 1655/4947/1237 1653/4946/1237 1650/4945/1237
f 1651/4952/1238 1652/4951/1238 1650/4950/1238 1649/4949/1238
f 1656/4956/1239 1651/4955/1239 1649/4954/1239 1654/4953/1239
f 1655/4960/1240 1656/4959/1240 1654/4958/1240 1653/4957/1240
f 1654/4964/1241 1649/4963/1241 1650/4962/1241 1653/4961/1241
f 1655/4968/1242 1652/4967/1242 1651/4966/1242 1656/4965/1242
o cube
v -1.971570533300943 3.7981847548301424 -6.899332050920041
v 0.47744412124362823 3.4493361865130527 -9.549097493031672
v -1.971570540112814 3.7362194511777354 -6.891174162512803
v 0.47744411443175716 3.3873708828606457 -9.540939604624434
v -0.07551385255871332 3.3831995678881546 -10.05145536037852
v -2.524528507103285 3.7320481362052442 -7.401689918266889
v -0.07551385937058527 3.3212342642357475 -10.043297471971282
v -2.5245285139151568 3.670082832552837 -7.393532029859651
vt 0.216796875 0.353515625
vt 0.22265625 0.353515625
vt 0.22265625 0.35302734375
vt 0.216796875 0.35302734375
vt 0.1884765625 0.353515625
vt 0.216796875 0.353515625
vt 0.216796875 0.35302734375
vt 0.1884765625 0.35302734375
vt 0.2509765625 0.353515625
vt 0.2568359375 0.353515625
vt 0.2568359375 0.35302734375
vt 0.2509765625 0.35302734375
vt 0.22265625 0.353515625
vt 0.2509765625 0.353515625
vt 0.2509765625 0.35302734375
vt 0.22265625 0.35302734375
vt 0.22265625 0.353515625
vt 0.216796875 0.353515625
vt 0.216796875 0.3818359375
vt 0.22265625 0.3818359375
vt 0.228515625 0.3818359375
vt 0.22265625 0.3818359375
vt 0.22265625 0.353515625
vt 0.228515625 0.353515625
vn 0.6755902495295367 -0.09623408781161095 -0.7309697771342434
vn 0.7372772984031222 0.08818215816653106 0.6698104897957978
vn -0.6755902495295367 0.09623408781161095 0.7309697771342434
vn -0.7372772984031222 -0.08818215816653106 -0.6698104897957978
vn 1.0898994111385732e-7 0.9914448584385116 -0.13052621451581317
vn -1.0898994111385732e-7 -0.9914448584385116 0.13052621451581317
usemtl m_9cf4343c-91f0-92da-4b25-54ec74dbc354
f 1660/4972/1243 1663/4971/1243 1661/4970/1243 1658/4969/1243
f 1659/4976/1244 1660/4975/1244 1658/4974/1244 1657/4973/1244
f 1664/4980/1245 1659/4979/1245 1657/4978/1245 1662/4977/1245
f 1663/4984/1246 1664/4983/1246 1662/4982/1246 1661/4981/1246
f 1662/4988/1247 1657/4987/1247 1658/4986/1247 1661/4985/1247
f 1663/4992/1248 1660/4991/1248 1659/4990/1248 1664/4989/1248
o cube
v 0.4933147977803092 4.574426087340781 -1.0031876409191085
v -1.6304193412765535 3.6952506927503217 -7.681189601247595
v 0.4933148000499745 4.512460783120462 -0.9950297568255895
v -1.6304193390068882 3.6332853885300023 -7.6730317171540765
v -2.5245290064572656 3.732047496562807 -7.4016897768118355
v -0.40079486740040293 4.6112228911532664 -0.7236878164833485
v -2.5245290041876003 3.6700821923424876 -7.3935318927183165
v -0.4007948651307376 4.5492575869329475 -0.7155299323898294
vt 0.53857421875 0.94482421875
vt 0.5458984375 0.94482421875
vt 0.5458984375 0.9443359375
vt 0.53857421875 0.9443359375
vt 0.4833984375 0.94482421875
vt 0.53857421875 0.94482421875
vt 0.53857421875 0.9443359375
vt 0.4833984375 0.9443359375
vt 0.60107421875 0.94482421875
vt 0.6083984375 0.94482421875
vt 0.6083984375 0.9443359375
vt 0.60107421875 0.9443359375
vt 0.5458984375 0.94482421875
vt 0.60107421875 0.94482421875
vt 0.60107421875 0.9443359375
vt 0.5458984375 0.9443359375
vt 0.5458984375 0.94482421875
vt 0.53857421875 0.94482421875
vt 0.53857421875 1
vt 0.5458984375 1
vt 0.55322265625 1
vt 0.5458984375 1
vt 0.5458984375 0.94482421875
vt 0.55322265625 0.94482421875
vn -0.30070571880451163 -0.12448501162342791 -0.9455577996925293
vn 0.9537169761927597 -0.03924992406665099 -0.2981331460648102
vn 0.30070571880451163 0.12448501162342791 0.9455577996925293
vn -0.9537169761927597 0.03924992406665099 0.2981331460648102
vn -3.6314645665558316e-8 0.9914448675251072 -0.13052614549630095
vn 3.6314645665558316e-8 -0.9914448675251072 0.13052614549630095
usemtl m_9cf4343c-91f0-92da-4b25-54ec74dbc354
f 1668/4996/1249 1671/4995/1249 1669/4994/1249 1666/4993/1249
f 1667/5000/1250 1668/4999/1250 1666/4998/1250 1665/4997/1250
f 1672/5004/1251 1667/5003/1251 1665/5002/1251 1670/5001/1251
f 1671/5008/1252 1672/5007/1252 1670/5006/1252 1669/5005/1252
f 1670/5012/1253 1665/5011/1253 1666/5010/1253 1669/5009/1253
f 1671/5016/1254 1668/5015/1254 1667/5014/1254 1672/5013/1254
o cube
v -0.6533321078857582 3.510164783415032 1.5773418763403608
v -2.572368494103661 3.3688399824128528 -6.495115999214415
v -0.6030598088438834 3.474801910639644 1.5660099224878232
v -2.522096195061786 3.333477109637465 -6.506447953066953
v -3.1542769925873344 2.492345273250311 -6.341436160741899
v -1.235240606369432 2.63367007425249 1.7310217148128775
v -3.10400469354546 2.456982400474923 -6.352768114594436
v -1.184968307327557 2.598307201477102 1.7196897609603399
vt 0.3876953125 0.52197265625
vt 0.39599609375 0.52197265625
vt 0.39599609375 0.521484375
vt 0.3876953125 0.521484375
vt 0.3232421875 0.52197265625
vt 0.3876953125 0.52197265625
vt 0.3876953125 0.521484375
vt 0.3232421875 0.521484375
vt 0.46044921875 0.52197265625
vt 0.46875 0.52197265625
vt 0.46875 0.521484375
vt 0.46044921875 0.521484375
vt 0.39599609375 0.52197265625
vt 0.46044921875 0.52197265625
vt 0.46044921875 0.521484375
vt 0.39599609375 0.521484375
vt 0.39599609375 0.52197265625
vt 0.3876953125 0.52197265625
vt 0.3876953125 0.58642578125
vt 0.39599609375 0.58642578125
vt 0.404296875 0.58642578125
vt 0.39599609375 0.58642578125
vt 0.39599609375 0.52197265625
vt 0.404296875 0.52197265625
vn -0.23124739032195935 -0.017029896699318408 -0.9727459211364979
vn 0.5472977319746776 0.824362537516579 -0.1445392656498606
vn 0.23124739032195935 0.017029896699318408 0.9727459211364979
vn -0.5472977319746776 -0.824362537516579 0.1445392656498606
vn -0.804356784669998 0.5658059644062065 0.18131126164059724
vn 0.804356784669998 -0.5658059644062065 -0.18131126164059724
usemtl m_9cf4343c-91f0-92da-4b25-54ec74dbc354
f 1676/5020/1255 1679/5019/1255 1677/5018/1255 1674/5017/1255
f 1675/5024/1256 1676/5023/1256 1674/5022/1256 1673/5021/1256
f 1680/5028/1257 1675/5027/1257 1673/5026/1257 1678/5025/1257
f 1679/5032/1258 1680/5031/1258 1678/5030/1258 1677/5029/1258
f 1678/5036/1259 1673/5035/1259 1674/5034/1259 1677/5033/1259
f 1679/5040/1260 1676/5039/1260 1675/5038/1260 1680/5037/1260
o cube
v -0.5276538924289329 4.554019029013243 -1.1225955513218409
v -2.317793543332213 3.812943694227157 -6.751618969647668
v -0.47738159668424696 4.5186561539331995 -1.133927512609813
v -2.2675212475875273 3.7775808191471136 -6.76295093093564
v -2.990360122087431 2.743141835784286 -6.3968874784974155
v -1.2002204711841509 3.4842171705703717 -0.7678640601715894
v -2.9400878263427455 2.7077789607042426 -6.408219439785388
v -1.149948175439465 3.4488542954903285 -0.7791960214595615
vt 0.58056640625 0.41845703125
vt 0.5908203125 0.41845703125
vt 0.5908203125 0.41796875
vt 0.58056640625 0.41796875
vt 0.5341796875 0.41845703125
vt 0.58056640625 0.41845703125
vt 0.58056640625 0.41796875
vt 0.5341796875 0.41796875
vt 0.63720703125 0.41845703125
vt 0.6474609375 0.41845703125
vt 0.6474609375 0.41796875
vt 0.63720703125 0.41796875
vt 0.5908203125 0.41845703125
vt 0.63720703125 0.41845703125
vt 0.63720703125 0.41796875
vt 0.5908203125 0.41796875
vt 0.5908203125 0.41845703125
vt 0.58056640625 0.41845703125
vt 0.58056640625 0.46484375
vt 0.5908203125 0.46484375
vt 0.60107421875 0.46484375
vt 0.5908203125 0.46484375
vt 0.5908203125 0.41845703125
vt 0.60107421875 0.41845703125
vn -0.3007058731176114 -0.12448509560711143 -0.9455577395612937
vn 0.5124316790515947 0.8150871302421874 -0.2702716123049536
vn 0.3007058731176114 0.12448509560711143 0.9455577395612937
vn -0.5124316790515947 -0.8150871302421874 0.2702716123049536
vn -0.8043567319149747 0.5658060012806898 0.1813113806075547
vn 0.8043567319149747 -0.5658060012806898 -0.1813113806075547
usemtl m_9cf4343c-91f0-92da-4b25-54ec74dbc354
f 1684/5044/1261 1687/5043/1261 1685/5042/1261 1682/5041/1261
f 1683/5048/1262 1684/5047/1262 1682/5046/1262 1681/5045/1262
f 1688/5052/1263 1683/5051/1263 1681/5050/1263 1686/5049/1263
f 1687/5056/1264 1688/5055/1264 1686/5054/1264 1685/5053/1264
f 1686/5060/1265 1681/5059/1265 1682/5058/1265 1685/5057/1265
f 1687/5064/1266 1684/5063/1266 1683/5062/1266 1688/5061/1266
o cube
v 2.5941765824186316 3.4048631001440732 -8.36413492071336
v 0.6096304679203128 3.122175416999299 -10.511358859483574
v 2.5822502469054465 3.3464356658184444 -8.34542002185306
v 0.5977041324071279 3.0637479826736698 -10.492643960623273
v 0.07551401353111742 3.378512137062566 -10.051455501050608
v 2.060060128029436 3.6611998202073406 -7.904231562280395
v 0.06358767801793253 3.320084702736937 -10.032740602190307
v 2.048133792516251 3.602772385881712 -7.885516663420095
vt 0.21826171875 0.330078125
vt 0.22412109375 0.330078125
vt 0.22412109375 0.32958984375
vt 0.21826171875 0.32958984375
vt 0.1953125 0.330078125
vt 0.21826171875 0.330078125
vt 0.21826171875 0.32958984375
vt 0.1953125 0.32958984375
vt 0.2470703125 0.330078125
vt 0.2529296875 0.330078125
vt 0.2529296875 0.32958984375
vt 0.2470703125 0.32958984375
vt 0.22412109375 0.330078125
vt 0.2470703125 0.330078125
vt 0.2470703125 0.32958984375
vt 0.22412109375 0.32958984375
vt 0.22412109375 0.330078125
vt 0.21826171875 0.330078125
vt 0.21826171875 0.35302734375
vt 0.22412109375 0.35302734375
vt 0.22998046875 0.35302734375
vt 0.22412109375 0.35302734375
vt 0.22412109375 0.330078125
vt 0.22998046875 0.330078125
vn -0.6755901666377255 -0.0962341049003488 -0.7309698514962427
vn 0.7121552725189274 -0.34178229341768956 -0.6132044779106205
vn 0.6755901666377255 0.0962341049003488 0.7309698514962427
vn -0.7121552725189274 0.34178229341768956 0.6132044779106205
vn 0.19082136821095952 0.9348389492100622 -0.2994383817648038
vn -0.19082136821095952 -0.9348389492100622 0.2994383817648038
usemtl m_9cf4343c-91f0-92da-4b25-54ec74dbc354
f 1692/5068/1267 1695/5067/1267 1693/5066/1267 1690/5065/1267
f 1691/5072/1268 1692/5071/1268 1690/5070/1268 1689/5069/1268
f 1696/5076/1269 1691/5075/1269 1689/5074/1269 1694/5073/1269
f 1695/5080/1270 1696/5079/1270 1694/5078/1270 1693/5077/1270
f 1694/5084/1271 1689/5083/1271 1690/5082/1271 1693/5081/1271
f 1695/5088/1272 1692/5087/1272 1691/5086/1272 1696/5085/1272
o cube
v 2.632567500065906 2.9449736748287054 -9.775432858949573
v 1.3658359376201707 2.7645347281405517 -11.146001330505028
v 2.620641164552721 2.8865462405030766 -9.756717960089272
v 1.3539096021069859 2.7061072938149224 -11.127286431644727
v 0.6091709605688105 3.1276784148968466 -10.494471572724994
v 1.8759025230145459 3.3081173615850004 -9.123903101169539
v 0.5972446250556256 3.069250980571218 -10.475756673864693
v 1.8639761875013607 3.2496899272593716 -9.105188202309238
vt 0.3740234375 0.33056640625
vt 0.38232421875 0.33056640625
vt 0.38232421875 0.330078125
vt 0.3740234375 0.330078125
vt 0.359375 0.33056640625
vt 0.3740234375 0.33056640625
vt 0.3740234375 0.330078125
vt 0.359375 0.330078125
vt 0.39697265625 0.33056640625
vt 0.4052734375 0.33056640625
vt 0.4052734375 0.330078125
vt 0.39697265625 0.330078125
vt 0.38232421875 0.33056640625
vt 0.39697265625 0.33056640625
vt 0.39697265625 0.330078125
vt 0.38232421875 0.330078125
vt 0.38232421875 0.33056640625
vt 0.3740234375 0.33056640625
vt 0.3740234375 0.34521484375
vt 0.38232421875 0.34521484375
vt 0.390625 0.34521484375
vt 0.38232421875 0.34521484375
vt 0.38232421875 0.33056640625
vt 0.390625 0.33056640625
vn -0.6755901666377255 -0.0962341049003488 -0.7309698514962427
vn 0.7121552725189274 -0.34178229341768956 -0.6132044779106205
vn 0.6755901666377255 0.0962341049003488 0.7309698514962427
vn -0.7121552725189274 0.34178229341768956 0.6132044779106205
vn 0.19082136821095952 0.9348389492100622 -0.2994383817648038
vn -0.19082136821095952 -0.9348389492100622 0.2994383817648038
usemtl m_9cf4343c-91f0-92da-4b25-54ec74dbc354
f 1700/5092/1273 1703/5091/1273 1701/5090/1273 1698/5089/1273
f 1699/5096/1274 1700/5095/1274 1698/5094/1274 1697/5093/1274
f 1704/5100/1275 1699/5099/1275 1697/5098/1275 1702/5097/1275
f 1703/5104/1276 1704/5103/1276 1702/5102/1276 1701/5101/1276
f 1702/5108/1277 1697/5107/1277 1698/5106/1277 1701/5105/1277
f 1703/5112/1278 1700/5111/1278 1699/5110/1278 1704/5109/1278
o cube
v -3.534273059699094 2.9301312138527593 -3.582994769475243
v -3.1444663098311434 2.9597878125965935 -7.249713661605963
v -3.4351038961681937 2.8546870355484533 -3.5730623496004235
v -3.045297146300243 2.8843436342922875 -7.239781241731143
v -3.479881104192959 2.5137254784241154 -7.288979186655098
v -3.8696878540609094 2.4840688796802812 -3.6222602945243785
v -3.3807119406620587 2.43828130011981 -7.279046766780279
v -3.770518690530009 2.4086247013759756 -3.6123278746495595
vt 0.42431640625 0.34619140625
vt 0.42822265625 0.34619140625
vt 0.42822265625 0.34521484375
vt 0.42431640625 0.34521484375
vt 0.3955078125 0.34619140625
vt 0.42431640625 0.34619140625
vt 0.42431640625 0.34521484375
vt 0.3955078125 0.34521484375
vt 0.45703125 0.34619140625
vt 0.4609375 0.34619140625
vt 0.4609375 0.34521484375
vt 0.45703125 0.34521484375
vt 0.42822265625 0.34619140625
vt 0.45703125 0.34619140625
vt 0.45703125 0.34521484375
vt 0.42822265625 0.34521484375
vt 0.42822265625 0.34619140625
vt 0.42431640625 0.34619140625
vt 0.42431640625 0.375
vt 0.42822265625 0.375
vt 0.43212890625 0.375
vt 0.42822265625 0.375
vt 0.42822265625 0.34619140625
vt 0.43212890625 0.34619140625
vn 0.10571030504893573 0.008042467455955056 -0.9943644453235851
vn 0.5995130187908216 0.7972819953795883 0.07018233498436824
vn -0.10571030504893573 -0.008042467455955056 0.9943644453235851
vn -0.5995130187908216 -0.7972819953795883 -0.07018233498436824
vn -0.7933533082472002 0.6035534264344476 -0.0794593589985539
vn 0.7933533082472002 -0.6035534264344476 0.0794593589985539
usemtl m_9cf4343c-91f0-92da-4b25-54ec74dbc354
f 1708/5116/1279 1711/5115/1279 1709/5114/1279 1706/5113/1279
f 1707/5120/1280 1708/5119/1280 1706/5118/1280 1705/5117/1280
f 1712/5124/1281 1707/5123/1281 1705/5122/1281 1710/5121/1281
f 1711/5128/1282 1712/5127/1282 1710/5126/1282 1709/5125/1282
f 1710/5132/1283 1705/5131/1283 1706/5130/1283 1709/5129/1283
f 1711/5136/1284 1708/5135/1284 1707/5134/1284 1712/5133/1284
o cube
v 0.4147585463083513 2.5539953710903784 -12.409386531698294
v -0.014702280636645387 2.6334790759012727 -12.434920602843613
v 0.40283220498375805 2.4955679388183145 -12.390671630130221
v -0.02662862196123858 2.575051643629209 -12.41620570127554
v -0.015100954983758047 3.3961620611816854 -10.054098369869777
v 0.4143598719612386 3.316678356370791 -10.028564298724458
v -0.02702729630835124 3.3377346289096215 -10.035383468301704
v 0.40243353063664544 3.258250924098727 -10.009849397156385
vt 0.24755859375 0.59130859375
vt 0.26708984375 0.59130859375
vt 0.26708984375 0.5908203125
vt 0.24755859375 0.5908203125
vt 0.244140625 0.59130859375
vt 0.24755859375 0.59130859375
vt 0.24755859375 0.5908203125
vt 0.244140625 0.5908203125
vt 0.2705078125 0.59130859375
vt 0.2900390625 0.59130859375
vt 0.2900390625 0.5908203125
vt 0.2705078125 0.5908203125
vt 0.26708984375 0.59130859375
vt 0.2705078125 0.59130859375
vt 0.2705078125 0.5908203125
vt 0.26708984375 0.5908203125
vt 0.26708984375 0.59130859375
vt 0.24755859375 0.59130859375
vt 0.24755859375 0.5947265625
vt 0.26708984375 0.5947265625
vt 0.28662109375 0.5947265625
vt 0.26708984375 0.5947265625
vt 0.26708984375 0.59130859375
vt 0.28662109375 0.59130859375
vn -0.9816247473028495 0.1816770395677581 -0.05836359118930199
vn 0.0001594697388450778 -0.30507319411216527 -0.9523288931895344
vn 0.9816247473028495 -0.1816770395677581 0.05836359118930199
vn -0.0001594697388450778 0.30507319411216527 0.9523288931895344
vn 0.1908214611934913 0.9348389163530241 -0.2994384250891733
vn -0.1908214611934913 -0.9348389163530241 0.2994384250891733
usemtl m_9cf4343c-91f0-92da-4b25-54ec74dbc354
f 1716/5140/1285 1719/5139/1285 1717/5138/1285 1714/5137/1285
f 1715/5144/1286 1716/5143/1286 1714/5142/1286 1713/5141/1286
f 1720/5148/1287 1715/5147/1287 1713/5146/1287 1718/5145/1287
f 1719/5152/1288 1720/5151/1288 1718/5150/1288 1717/5149/1288
f 1718/5156/1289 1713/5155/1289 1714/5154/1289 1717/5153/1289
f 1719/5160/1290 1716/5159/1290 1715/5158/1290 1720/5157/1290
o cube
v 1.3658359376201707 2.7645347281405517 -11.146001330505028
v 0.3102263022487246 2.614168939233757 -12.288141723467906
v 1.3539096021069859 2.706107293814923 -11.127286431644727
v 0.2982999667355397 2.5557415049081276 -12.269426824607606
v 0.17669718865142592 2.6782531192495735 -12.173165883859665
v 1.2323068240228718 2.8286189081563684 -11.031025490896786
v 0.1647708531382408 2.6198256849239447 -12.154450984999364
v 1.220380488509687 2.7701914738307396 -11.012310592036485
vt 0.69189453125 0.5029296875
vt 0.693359375 0.5029296875
vt 0.693359375 0.50244140625
vt 0.69189453125 0.50244140625
vt 0.6796875 0.5029296875
vt 0.69189453125 0.5029296875
vt 0.69189453125 0.50244140625
vt 0.6796875 0.50244140625
vt 0.70556640625 0.5029296875
vt 0.70703125 0.5029296875
vt 0.70703125 0.50244140625
vt 0.70556640625 0.50244140625
vt 0.693359375 0.5029296875
vt 0.70556640625 0.5029296875
vt 0.70556640625 0.50244140625
vt 0.693359375 0.50244140625
vt 0.693359375 0.5029296875
vt 0.69189453125 0.5029296875
vt 0.69189453125 0.51513671875
vt 0.693359375 0.51513671875
vt 0.69482421875 0.51513671875
vt 0.693359375 0.51513671875
vt 0.693359375 0.5029296875
vt 0.69482421875 0.5029296875
vn -0.6755901666377255 -0.0962341049003488 -0.7309698514962427
vn 0.7121552725189274 -0.34178229341768956 -0.6132044779106205
vn 0.6755901666377255 0.0962341049003488 0.7309698514962427
vn -0.7121552725189274 0.34178229341768956 0.6132044779106205
vn 0.19082136821095952 0.9348389492100622 -0.2994383817648038
vn -0.19082136821095952 -0.9348389492100622 0.2994383817648038
usemtl m_9cf4343c-91f0-92da-4b25-54ec74dbc354
f 1724/5164/1291 1727/5163/1291 1725/5162/1291 1722/5161/1291
f 1723/5168/1292 1724/5167/1292 1722/5166/1292 1721/5165/1292
f 1728/5172/1293 1723/5171/1293 1721/5170/1293 1726/5169/1293
f 1727/5176/1294 1728/5175/1294 1726/5174/1294 1725/5173/1294
f 1726/5180/1295 1721/5179/1295 1722/5178/1295 1725/5177/1295
f 1727/5184/1296 1724/5183/1296 1723/5182/1296 1728/5181/1296
o cube
v -1.2323068240228718 2.8286189081563684 -11.031025490896786
v -0.17669718865142592 2.6782531192495735 -12.173165883859665
v -1.220380488509687 2.7701914738307396 -11.012310592036485
v -0.1647708531382408 2.6198256849239447 -12.154450984999364
v -0.3102263022487246 2.614168939233757 -12.288141723467906
v -1.3658359376201707 2.7645347281405517 -11.146001330505028
v -0.2982999667355397 2.5557415049081276 -12.269426824607606
v -1.3539096021069859 2.706107293814923 -11.127286431644727
vt 0.69287109375 0.98779296875
vt 0.6943359375 0.98779296875
vt 0.6943359375 0.9873046875
vt 0.69287109375 0.9873046875
vt 0.6806640625 0.98779296875
vt 0.69287109375 0.98779296875
vt 0.69287109375 0.9873046875
vt 0.6806640625 0.9873046875
vt 0.70654296875 0.98779296875
vt 0.7080078125 0.98779296875
vt 0.7080078125 0.9873046875
vt 0.70654296875 0.9873046875
vt 0.6943359375 0.98779296875
vt 0.70654296875 0.98779296875
vt 0.70654296875 0.9873046875
vt 0.6943359375 0.9873046875
vt 0.6943359375 0.98779296875
vt 0.69287109375 0.98779296875
vt 0.69287109375 1
vt 0.6943359375 1
vt 0.69580078125 1
vt 0.6943359375 1
vt 0.6943359375 0.98779296875
vt 0.69580078125 0.98779296875
vn 0.6755901666377255 -0.0962341049003488 -0.7309698514962427
vn 0.7121552725189274 0.34178229341768956 0.6132044779106205
vn -0.6755901666377255 0.0962341049003488 0.7309698514962427
vn -0.7121552725189274 -0.34178229341768956 -0.6132044779106205
vn -0.19082136821095952 0.9348389492100622 -0.2994383817648038
vn 0.19082136821095952 -0.9348389492100622 0.2994383817648038
usemtl m_9cf4343c-91f0-92da-4b25-54ec74dbc354
f 1732/5188/1297 1735/5187/1297 1733/5186/1297 1730/5185/1297
f 1731/5192/1298 1732/5191/1298 1730/5190/1298 1729/5189/1298
f 1736/5196/1299 1731/5195/1299 1729/5194/1299 1734/5193/1299
f 1735/5200/1300 1736/5199/1300 1734/5198/1300 1733/5197/1300
f 1734/5204/1301 1729/5203/1301 1730/5202/1301 1733/5201/1301
f 1735/5208/1302 1732/5207/1302 1731/5206/1302 1736/5205/1302
o cube
v -2.060060128029436 3.6611998202073406 -7.904231562280395
v -0.07551401353111742 3.378512137062566 -10.051455501050608
v -2.048133792516251 3.602772385881712 -7.885516663420095
v -0.06358767801793253 3.320084702736937 -10.032740602190307
v -0.6096304679203128 3.122175416999299 -10.511358859483574
v -2.5941765824186316 3.4048631001440732 -8.36413492071336
v -0.5977041324071279 3.0637479826736698 -10.492643960623273
v -2.5822502469054465 3.3464356658184444 -8.34542002185306
vt 0.67041015625 0.443359375
vt 0.67626953125 0.443359375
vt 0.67626953125 0.44287109375
vt 0.67041015625 0.44287109375
vt 0.6474609375 0.443359375
vt 0.67041015625 0.443359375
vt 0.67041015625 0.44287109375
vt 0.6474609375 0.44287109375
vt 0.69921875 0.443359375
vt 0.705078125 0.443359375
vt 0.705078125 0.44287109375
vt 0.69921875 0.44287109375
vt 0.67626953125 0.443359375
vt 0.69921875 0.443359375
vt 0.69921875 0.44287109375
vt 0.67626953125 0.44287109375
vt 0.67626953125 0.443359375
vt 0.67041015625 0.443359375
vt 0.67041015625 0.46630859375
vt 0.67626953125 0.46630859375
vt 0.68212890625 0.46630859375
vt 0.67626953125 0.46630859375
vt 0.67626953125 0.443359375
vt 0.68212890625 0.443359375
vn 0.6755901666377255 -0.0962341049003488 -0.7309698514962427
vn 0.7121552725189274 0.34178229341768956 0.6132044779106205
vn -0.6755901666377255 0.0962341049003488 0.7309698514962427
vn -0.7121552725189274 -0.34178229341768956 -0.6132044779106205
vn -0.19082136821095952 0.9348389492100622 -0.2994383817648038
vn 0.19082136821095952 -0.9348389492100622 0.2994383817648038
usemtl m_9cf4343c-91f0-92da-4b25-54ec74dbc354
f 1740/5212/1303 1743/5211/1303 1741/5210/1303 1738/5209/1303
f 1739/5216/1304 1740/5215/1304 1738/5214/1304 1737/5213/1304
f 1744/5220/1305 1739/5219/1305 1737/5218/1305 1742/5217/1305
f 1743/5224/1306 1744/5223/1306 1742/5222/1306 1741/5221/1306
f 1742/5228/1307 1737/5227/1307 1738/5226/1307 1741/5225/1307
f 1743/5232/1308 1740/5231/1308 1739/5230/1308 1744/5229/1308
o cube
v -0.4143598719612386 3.316678356370791 -10.028564298724458
v 0.015100954983758047 3.3961620611816854 -10.054098369869777
v -0.40243353063664544 3.258250924098727 -10.009849397156385
v 0.02702729630835124 3.3377346289096215 -10.035383468301704
v 0.014702280636645387 2.6334790759012727 -12.434920602843613
v -0.4147585463083513 2.5539953710903784 -12.409386531698294
v 0.02662862196123858 2.575051643629209 -12.41620570127554
v -0.40283220498375805 2.4955679388183145 -12.390671630130221
vt 0.24755859375 0.58740234375
vt 0.26708984375 0.58740234375
vt 0.26708984375 0.5869140625
vt 0.24755859375 0.5869140625
vt 0.244140625 0.58740234375
vt 0.24755859375 0.58740234375
vt 0.24755859375 0.5869140625
vt 0.244140625 0.5869140625
vt 0.2705078125 0.58740234375
vt 0.2900390625 0.58740234375
vt 0.2900390625 0.5869140625
vt 0.2705078125 0.5869140625
vt 0.26708984375 0.58740234375
vt 0.2705078125 0.58740234375
vt 0.2705078125 0.5869140625
vt 0.26708984375 0.5869140625
vt 0.26708984375 0.58740234375
vt 0.24755859375 0.58740234375
vt 0.24755859375 0.5908203125
vt 0.26708984375 0.5908203125
vt 0.28662109375 0.5908203125
vt 0.26708984375 0.5908203125
vt 0.26708984375 0.58740234375
vt 0.28662109375 0.58740234375
vn 0.9816247473028495 0.1816770395677581 -0.05836359118930199
vn 0.0001594697388450778 0.30507319411216527 0.9523288931895344
vn -0.9816247473028495 -0.1816770395677581 0.05836359118930199
vn -0.0001594697388450778 -0.30507319411216527 -0.9523288931895344
vn -0.1908214611934913 0.9348389163530241 -0.2994384250891733
vn 0.1908214611934913 -0.9348389163530241 0.2994384250891733
usemtl m_9cf4343c-91f0-92da-4b25-54ec74dbc354
f 1748/5236/1309 1751/5235/1309 1749/5234/1309 1746/5233/1309
f 1747/5240/1310 1748/5239/1310 1746/5238/1310 1745/5237/1310
f 1752/5244/1311 1747/5243/1311 1745/5242/1311 1750/5241/1311
f 1751/5248/1312 1752/5247/1312 1750/5246/1312 1749/5245/1312
f 1750/5252/1313 1745/5251/1313 1746/5250/1313 1749/5249/1313
f 1751/5256/1314 1748/5255/1314 1747/5254/1314 1752/5253/1314
o cube
v 0.17838549284059813 2.625 1.504817744277727
v 4.655066896665572 2.625 -8.095456507141373
v 0.17838549284059813 2.375 1.504817744277727
v 4.655066896665572 2.375 -8.095456507141373
v 3.9000598309239205 2.625 -8.447522083857839
v -0.5766215729010529 2.625 1.1527521675612604
v 3.9000598309239205 2.375 -8.447522083857839
v -0.5766215729010529 2.375 1.1527521675612604
vt 0.38818359375 0.91748046875
vt 0.39453125 0.91748046875
vt 0.39453125 0.91552734375
vt 0.38818359375 0.91552734375
vt 0.3056640625 0.91748046875
vt 0.38818359375 0.91748046875
vt 0.38818359375 0.91552734375
vt 0.3056640625 0.91552734375
vt 0.47705078125 0.91748046875
vt 0.4833984375 0.91748046875
vt 0.4833984375 0.91552734375
vt 0.47705078125 0.91552734375
vt 0.39453125 0.91748046875
vt 0.47705078125 0.91748046875
vt 0.47705078125 0.91552734375
vt 0.39453125 0.91552734375
vt 0.39453125 0.91748046875
vt 0.38818359375 0.91748046875
vt 0.38818359375 1
vt 0.39453125 1
vt 0.40087890625 1
vt 0.39453125 1
vt 0.39453125 0.91748046875
vt 0.40087890625 0.91748046875
vn 0.42261826174069944 0 -0.9063077870366499
vn 0.9063077870366499 0 0.42261826174069944
vn -0.42261826174069944 0 0.9063077870366499
vn -0.9063077870366499 0 -0.42261826174069944
vn 0 1 0
vn 0 -1 0
usemtl m_9cf4343c-91f0-92da-4b25-54ec74dbc354
f 1756/5260/1315 1759/5259/1315 1757/5258/1315 1754/5257/1315
f 1755/5264/1316 1756/5263/1316 1754/5262/1316 1753/5261/1316
f 1760/5268/1317 1755/5267/1317 1753/5266/1317 1758/5265/1317
f 1759/5272/1318 1760/5271/1318 1758/5270/1318 1757/5269/1318
f 1758/5276/1319 1753/5275/1319 1754/5274/1319 1757/5273/1319
f 1759/5280/1320 1756/5279/1320 1755/5278/1320 1760/5277/1320
o cube
v 0.07593780848436937 2.625 -0.1980212739415661
v 3.654555406110356 2.625 -7.872391477907785
v 0.07593780848436937 2.375 -0.1980212739415661
v 3.654555406110356 2.375 -7.872391477907785
v 2.899548340368705 2.625 -8.224457054624251
v -0.6790692572572814 2.625 -0.5500868506580323
v 2.899548340368705 2.375 -8.224457054624251
v -0.6790692572572814 2.375 -0.5500868506580323
vt 0.37158203125 0.849609375
vt 0.3779296875 0.849609375
vt 0.3779296875 0.84765625
vt 0.37158203125 0.84765625
vt 0.3056640625 0.849609375
vt 0.37158203125 0.849609375
vt 0.37158203125 0.84765625
vt 0.3056640625 0.84765625
vt 0.44384765625 0.849609375
vt 0.4501953125 0.849609375
vt 0.4501953125 0.84765625
vt 0.44384765625 0.84765625
vt 0.3779296875 0.849609375
vt 0.44384765625 0.849609375
vt 0.44384765625 0.84765625
vt 0.3779296875 0.84765625
vt 0.3779296875 0.849609375
vt 0.37158203125 0.849609375
vt 0.37158203125 0.91552734375
vt 0.3779296875 0.91552734375
vt 0.38427734375 0.91552734375
vt 0.3779296875 0.91552734375
vt 0.3779296875 0.849609375
vt 0.38427734375 0.849609375
vn 0.42261826174069944 0 -0.9063077870366499
vn 0.9063077870366499 0 0.42261826174069944
vn -0.42261826174069944 0 0.9063077870366499
vn -0.9063077870366499 0 -0.42261826174069944
vn 0 1 0
vn 0 -1 0
usemtl m_9cf4343c-91f0-92da-4b25-54ec74dbc354
f 1764/5284/1321 1767/5283/1321 1765/5282/1321 1762/5281/1321
f 1763/5288/1322 1764/5287/1322 1762/5286/1322 1761/5285/1322
f 1768/5292/1323 1763/5291/1323 1761/5290/1323 1766/5289/1323
f 1767/5296/1324 1768/5295/1324 1766/5294/1324 1765/5293/1324
f 1766/5300/1325 1761/5299/1325 1762/5298/1325 1765/5297/1325
f 1767/5304/1326 1764/5303/1326 1763/5302/1326 1768/5301/1326
o cube
v 0.05273104820452179 2.625 -2.070793002230231
v 3.2351440254486024 2.625 -8.89549965584959
v 0.05273104820452179 2.375 -2.070793002230231
v 3.2351440254486024 2.375 -8.89549965584959
v 2.4801369597069516 2.625 -9.247565232566057
v -0.702276017537129 2.625 -2.4228585789466983
v 2.4801369597069516 2.375 -9.247565232566057
v -0.702276017537129 2.375 -2.4228585789466983
vt 0.52734375 0.466796875
vt 0.53369140625 0.466796875
vt 0.53369140625 0.46484375
vt 0.52734375 0.46484375
vt 0.46875 0.466796875
vt 0.52734375 0.466796875
vt 0.52734375 0.46484375
vt 0.46875 0.46484375
vt 0.59228515625 0.466796875
vt 0.5986328125 0.466796875
vt 0.5986328125 0.46484375
vt 0.59228515625 0.46484375
vt 0.53369140625 0.466796875
vt 0.59228515625 0.466796875
vt 0.59228515625 0.46484375
vt 0.53369140625 0.46484375
vt 0.53369140625 0.466796875
vt 0.52734375 0.466796875
vt 0.52734375 0.525390625
vt 0.53369140625 0.525390625
vt 0.5400390625 0.525390625
vt 0.53369140625 0.525390625
vt 0.53369140625 0.466796875
vt 0.5400390625 0.466796875
vn 0.42261826174069944 0 -0.9063077870366499
vn 0.9063077870366499 0 0.42261826174069944
vn -0.42261826174069944 0 0.9063077870366499
vn -0.9063077870366499 0 -0.42261826174069944
vn 0 1 0
vn 0 -1 0
usemtl m_9cf4343c-91f0-92da-4b25-54ec74dbc354
f 1772/5308/1327 1775/5307/1327 1773/5306/1327 1770/5305/1327
f 1771/5312/1328 1772/5311/1328 1770/5310/1328 1769/5309/1328
f 1776/5316/1329 1771/5315/1329 1769/5314/1329 1774/5313/1329
f 1775/5320/1330 1776/5319/1330 1774/5318/1330 1773/5317/1330
f 1774/5324/1331 1769/5323/1331 1770/5322/1331 1773/5321/1331
f 1775/5328/1332 1772/5327/1332 1771/5326/1332 1776/5325/1332
o cube
v 0.702276017537129 2.625 -2.4228585789466983
v -2.4801369597069516 2.625 -9.247565232566057
v 0.702276017537129 2.375 -2.4228585789466983
v -2.4801369597069516 2.375 -9.247565232566057
v -3.2351440254486024 2.625 -8.89549965584959
v -0.05273104820452179 2.625 -2.070793002230231
v -3.2351440254486024 2.375 -8.89549965584959
v -0.05273104820452179 2.375 -2.070793002230231
vt 0.236328125 0.462890625
vt 0.24267578125 0.462890625
vt 0.24267578125 0.4609375
vt 0.236328125 0.4609375
vt 0.177734375 0.462890625
vt 0.236328125 0.462890625
vt 0.236328125 0.4609375
vt 0.177734375 0.4609375
vt 0.30126953125 0.462890625
vt 0.3076171875 0.462890625
vt 0.3076171875 0.4609375
vt 0.30126953125 0.4609375
vt 0.24267578125 0.462890625
vt 0.30126953125 0.462890625
vt 0.30126953125 0.4609375
vt 0.24267578125 0.4609375
vt 0.24267578125 0.462890625
vt 0.236328125 0.462890625
vt 0.236328125 0.521484375
vt 0.24267578125 0.521484375
vt 0.2490234375 0.521484375
vt 0.24267578125 0.521484375
vt 0.24267578125 0.462890625
vt 0.2490234375 0.462890625
vn -0.42261826174069944 0 -0.9063077870366499
vn 0.9063077870366499 0 -0.42261826174069944
vn 0.42261826174069944 0 0.9063077870366499
vn -0.9063077870366499 0 0.42261826174069944
vn 0 1 0
vn 0 -1 0
usemtl m_9cf4343c-91f0-92da-4b25-54ec74dbc354
f 1780/5332/1333 1783/5331/1333 1781/5330/1333 1778/5329/1333
f 1779/5336/1334 1780/5335/1334 1778/5334/1334 1777/5333/1334
f 1784/5340/1335 1779/5339/1335 1777/5338/1335 1782/5337/1335
f 1783/5344/1336 1784/5343/1336 1782/5342/1336 1781/5341/1336
f 1782/5348/1337 1777/5347/1337 1778/5346/1337 1781/5345/1337
f 1783/5352/1338 1780/5351/1338 1779/5350/1338 1784/5349/1338
o cube
v 0.6424248997683928 2.625 -4.325860902566358
v -1.8004061194294643 2.625 -9.564528928871582
v 0.6424248997683928 2.375 -4.325860902566358
v -1.8004061194294643 2.375 -9.564528928871582
v -2.555413185171115 2.625 -9.212463352155115
v -0.11258216597325799 2.625 -3.973795325849892
v -2.555413185171115 2.375 -9.212463352155115
v -0.11258216597325799 2.375 -3.973795325849892
vt 0.158203125 0.416015625
vt 0.16455078125 0.416015625
vt 0.16455078125 0.4140625
vt 0.158203125 0.4140625
vt 0.11328125 0.416015625
vt 0.158203125 0.416015625
vt 0.158203125 0.4140625
vt 0.11328125 0.4140625
vt 0.20947265625 0.416015625
vt 0.2158203125 0.416015625
vt 0.2158203125 0.4140625
vt 0.20947265625 0.4140625
vt 0.16455078125 0.416015625
vt 0.20947265625 0.416015625
vt 0.20947265625 0.4140625
vt 0.16455078125 0.4140625
vt 0.16455078125 0.416015625
vt 0.158203125 0.416015625
vt 0.158203125 0.4609375
vt 0.16455078125 0.4609375
vt 0.1708984375 0.4609375
vt 0.16455078125 0.4609375
vt 0.16455078125 0.416015625
vt 0.1708984375 0.416015625
vn -0.42261826174069944 0 -0.9063077870366499
vn 0.9063077870366499 0 -0.42261826174069944
vn 0.42261826174069944 0 0.9063077870366499
vn -0.9063077870366499 0 0.42261826174069944
vn 0 1 0
vn 0 -1 0
usemtl m_9cf4343c-91f0-92da-4b25-54ec74dbc354
f 1788/5356/1339 1791/5355/1339 1789/5354/1339 1786/5353/1339
f 1787/5360/1340 1788/5359/1340 1786/5358/1340 1785/5357/1340
f 1792/5364/1341 1787/5363/1341 1785/5362/1341 1790/5361/1341
f 1791/5368/1342 1792/5367/1342 1790/5366/1342 1789/5365/1342
f 1790/5372/1343 1785/5371/1343 1786/5370/1343 1789/5369/1343
f 1791/5376/1344 1788/5375/1344 1787/5374/1344 1792/5373/1344
o cube
v 1.110846609175531 2.625 -5.095978492390207
v -1.1206752791519765 2.625 -9.881492625177106
v 1.110846609175531 2.375 -5.095978492390207
v -1.1206752791519765 2.375 -9.881492625177106
v -1.8756823448936286 2.625 -9.52942704846064
v 0.3558395434338788 2.625 -4.743912915673741
v -1.8756823448936286 2.375 -9.52942704846064
v 0.3558395434338788 2.375 -4.743912915673741
vt 0.4619140625 0.376953125
vt 0.46826171875 0.376953125
vt 0.46826171875 0.375
vt 0.4619140625 0.375
vt 0.4208984375 0.376953125
vt 0.4619140625 0.376953125
vt 0.4619140625 0.375
vt 0.4208984375 0.375
vt 0.50927734375 0.376953125
vt 0.515625 0.376953125
vt 0.515625 0.375
vt 0.50927734375 0.375
vt 0.46826171875 0.376953125
vt 0.50927734375 0.376953125
vt 0.50927734375 0.375
vt 0.46826171875 0.375
vt 0.46826171875 0.376953125
vt 0.4619140625 0.376953125
vt 0.4619140625 0.41796875
vt 0.46826171875 0.41796875
vt 0.474609375 0.41796875
vt 0.46826171875 0.41796875
vt 0.46826171875 0.376953125
vt 0.474609375 0.376953125
vn -0.42261826174069944 0 -0.9063077870366499
vn 0.9063077870366499 0 -0.42261826174069944
vn 0.42261826174069944 0 0.9063077870366499
vn -0.9063077870366499 0 0.42261826174069944
vn 0 1 0
vn 0 -1 0
usemtl m_9cf4343c-91f0-92da-4b25-54ec74dbc354
f 1796/5380/1345 1799/5379/1345 1797/5378/1345 1794/5377/1345
f 1795/5384/1346 1796/5383/1346 1794/5382/1346 1793/5381/1346
f 1800/5388/1347 1795/5387/1347 1793/5386/1347 1798/5385/1347
f 1799/5392/1348 1800/5391/1348 1798/5390/1348 1797/5389/1348
f 1798/5396/1349 1793/5395/1349 1794/5394/1349 1797/5393/1349
f 1799/5400/1350 1796/5399/1350 1795/5398/1350 1800/5397/1350
o cube
v 1.2432198524161286 2.625 -5.847316348799669
v -0.7241656223234418 2.625 -10.066388114688662
v 1.2432198524161286 2.375 -5.847316348799669
v -0.7241656223234418 2.375 -10.066388114688662
v -1.1959515046161409 2.625 -9.846390744766165
v 0.7714339701234296 2.625 -5.627318978877172
v -1.1959515046161409 2.375 -9.846390744766165
v 0.7714339701234296 2.375 -5.627318978877172
vt 0.623046875 0.81298828125
vt 0.626953125 0.81298828125
vt 0.626953125 0.81103515625
vt 0.623046875 0.81103515625
vt 0.5869140625 0.81298828125
vt 0.623046875 0.81298828125
vt 0.623046875 0.81103515625
vt 0.5869140625 0.81103515625
vt 0.6630859375 0.81298828125
vt 0.6669921875 0.81298828125
vt 0.6669921875 0.81103515625
vt 0.6630859375 0.81103515625
vt 0.626953125 0.81298828125
vt 0.6630859375 0.81298828125
vt 0.6630859375 0.81103515625
vt 0.626953125 0.81103515625
vt 0.626953125 0.81298828125
vt 0.623046875 0.81298828125
vt 0.623046875 0.84912109375
vt 0.626953125 0.84912109375
vt 0.630859375 0.84912109375
vt 0.626953125 0.84912109375
vt 0.626953125 0.81298828125
vt 0.630859375 0.81298828125
vn -0.42261826174069944 0 -0.9063077870366499
vn 0.9063077870366499 0 -0.42261826174069944
vn 0.42261826174069944 0 0.9063077870366499
vn -0.9063077870366499 0 0.42261826174069944
vn 0 1 0
vn 0 -1 0
usemtl m_9cf4343c-91f0-92da-4b25-54ec74dbc354
f 1804/5404/1351 1807/5403/1351 1805/5402/1351 1802/5401/1351
f 1803/5408/1352 1804/5407/1352 1802/5406/1352 1801/5405/1352
f 1808/5412/1353 1803/5411/1353 1801/5410/1353 1806/5409/1353
f 1807/5416/1354 1808/5415/1354 1806/5414/1354 1805/5413/1354
f 1806/5420/1355 1801/5419/1355 1802/5418/1355 1805/5417/1355
f 1807/5424/1356 1804/5423/1356 1803/5422/1356 1808/5421/1356
o cube
v 0.11258216597325799 2.625 -3.973795325849892
v 2.555413185171115 2.625 -9.212463352155115
v 0.11258216597325799 2.375 -3.973795325849892
v 2.555413185171115 2.375 -9.212463352155115
v 1.8004061194294643 2.625 -9.564528928871582
v -0.6424248997683928 2.625 -4.325860902566358
v 1.8004061194294643 2.375 -9.564528928871582
v -0.6424248997683928 2.375 -4.325860902566358
vt 0.5849609375 0.65478515625
vt 0.59130859375 0.65478515625
vt 0.59130859375 0.65283203125
vt 0.5849609375 0.65283203125
vt 0.5400390625 0.65478515625
vt 0.5849609375 0.65478515625
vt 0.5849609375 0.65283203125
vt 0.5400390625 0.65283203125
vt 0.63623046875 0.65478515625
vt 0.642578125 0.65478515625
vt 0.642578125 0.65283203125
vt 0.63623046875 0.65283203125
vt 0.59130859375 0.65478515625
vt 0.63623046875 0.65478515625
vt 0.63623046875 0.65283203125
vt 0.59130859375 0.65283203125
vt 0.59130859375 0.65478515625
vt 0.5849609375 0.65478515625
vt 0.5849609375 0.69970703125
vt 0.59130859375 0.69970703125
vt 0.59765625 0.69970703125
vt 0.59130859375 0.69970703125
vt 0.59130859375 0.65478515625
vt 0.59765625 0.65478515625
vn 0.42261826174069944 0 -0.9063077870366499
vn 0.9063077870366499 0 0.42261826174069944
vn -0.42261826174069944 0 0.9063077870366499
vn -0.9063077870366499 0 -0.42261826174069944
vn 0 1 0
vn 0 -1 0
usemtl m_9cf4343c-91f0-92da-4b25-54ec74dbc354
f 1812/5428/1357 1815/5427/1357 1813/5426/1357 1810/5425/1357
f 1811/5432/1358 1812/5431/1358 1810/5430/1358 1809/5429/1358
f 1816/5436/1359 1811/5435/1359 1809/5434/1359 1814/5433/1359
f 1815/5440/1360 1816/5439/1360 1814/5438/1360 1813/5437/1360
f 1814/5444/1361 1809/5443/1361 1810/5442/1361 1813/5441/1361
f 1815/5448/1362 1812/5447/1362 1811/5446/1362 1816/5445/1362
o cube
v -0.3558395434338788 2.625 -4.743912915673741
v 1.8756823448936286 2.625 -9.52942704846064
v -0.3558395434338788 2.375 -4.743912915673741
v 1.8756823448936286 2.375 -9.52942704846064
v 1.1206752791519765 2.625 -9.881492625177106
v -1.110846609175531 2.625 -5.095978492390207
v 1.1206752791519765 2.375 -9.881492625177106
v -1.110846609175531 2.375 -5.095978492390207
vt 0.556640625 0.376953125
vt 0.56298828125 0.376953125
vt 0.56298828125 0.375
vt 0.556640625 0.375
vt 0.515625 0.376953125
vt 0.556640625 0.376953125
vt 0.556640625 0.375
vt 0.515625 0.375
vt 0.60400390625 0.376953125
vt 0.6103515625 0.376953125
vt 0.6103515625 0.375
vt 0.60400390625 0.375
vt 0.56298828125 0.376953125
vt 0.60400390625 0.376953125
vt 0.60400390625 0.375
vt 0.56298828125 0.375
vt 0.56298828125 0.376953125
vt 0.556640625 0.376953125
vt 0.556640625 0.41796875
vt 0.56298828125 0.41796875
vt 0.5693359375 0.41796875
vt 0.56298828125 0.41796875
vt 0.56298828125 0.376953125
vt 0.5693359375 0.376953125
vn 0.42261826174069944 0 -0.9063077870366499
vn 0.9063077870366499 0 0.42261826174069944
vn -0.42261826174069944 0 0.9063077870366499
vn -0.9063077870366499 0 -0.42261826174069944
vn 0 1 0
vn 0 -1 0
usemtl m_9cf4343c-91f0-92da-4b25-54ec74dbc354
f 1820/5452/1363 1823/5451/1363 1821/5450/1363 1818/5449/1363
f 1819/5456/1364 1820/5455/1364 1818/5454/1364 1817/5453/1364
f 1824/5460/1365 1819/5459/1365 1817/5458/1365 1822/5457/1365
f 1823/5464/1366 1824/5463/1366 1822/5462/1366 1821/5461/1366
f 1822/5468/1367 1817/5467/1367 1818/5466/1367 1821/5465/1367
f 1823/5472/1368 1820/5471/1368 1819/5470/1368 1824/5469/1368
o cube
v -0.7714339701234296 2.625 -5.627318978877172
v 1.1959515046161409 2.625 -9.846390744766165
v -0.7714339701234296 2.375 -5.627318978877172
v 1.1959515046161409 2.375 -9.846390744766165
v 0.7241656223234418 2.625 -10.066388114688662
v -1.2432198524161286 2.625 -5.847316348799669
v 0.7241656223234418 2.375 -10.066388114688662
v -1.2432198524161286 2.375 -5.847316348799669
vt 0.623046875 0.77490234375
vt 0.626953125 0.77490234375
vt 0.626953125 0.77294921875
vt 0.623046875 0.77294921875
vt 0.5869140625 0.77490234375
vt 0.623046875 0.77490234375
vt 0.623046875 0.77294921875
vt 0.5869140625 0.77294921875
vt 0.6630859375 0.77490234375
vt 0.6669921875 0.77490234375
vt 0.6669921875 0.77294921875
vt 0.6630859375 0.77294921875
vt 0.626953125 0.77490234375
vt 0.6630859375 0.77490234375
vt 0.6630859375 0.77294921875
vt 0.626953125 0.77294921875
vt 0.626953125 0.77490234375
vt 0.623046875 0.77490234375
vt 0.623046875 0.81103515625
vt 0.626953125 0.81103515625
vt 0.630859375 0.81103515625
vt 0.626953125 0.81103515625
vt 0.626953125 0.77490234375
vt 0.630859375 0.77490234375
vn 0.42261826174069944 0 -0.9063077870366499
vn 0.9063077870366499 0 0.42261826174069944
vn -0.42261826174069944 0 0.9063077870366499
vn -0.9063077870366499 0 -0.42261826174069944
vn 0 1 0
vn 0 -1 0
usemtl m_9cf4343c-91f0-92da-4b25-54ec74dbc354
f 1828/5476/1369 1831/5475/1369 1829/5474/1369 1826/5473/1369
f 1827/5480/1370 1828/5479/1370 1826/5478/1370 1825/5477/1370
f 1832/5484/1371 1827/5483/1371 1825/5482/1371 1830/5481/1371
f 1831/5488/1372 1832/5487/1372 1830/5486/1372 1829/5485/1372
f 1830/5492/1373 1825/5491/1373 1826/5490/1373 1829/5489/1373
f 1831/5496/1374 1828/5495/1374 1827/5494/1374 1832/5493/1374
o cube
v 3.0611131260201034 2.625 -9.843207390761371
v 0.0420693857376222 2.625 -13.137915489631615
v 3.0611131260201034 2.375 -9.843207390761371
v 0.0420693857376222 2.375 -13.137915489631615
v -1.0177667859269313 2.625 -12.166754566184103
v 2.00127695435555 2.625 -8.87204646731386
v -1.0177667859269313 2.375 -12.166754566184103
v 2.00127695435555 2.375 -8.87204646731386
vt 0.34033203125 0.3798828125
vt 0.3515625 0.3798828125
vt 0.3515625 0.3779296875
vt 0.34033203125 0.3779296875
vt 0.3056640625 0.3798828125
vt 0.34033203125 0.3798828125
vt 0.34033203125 0.3779296875
vt 0.3056640625 0.3779296875
vt 0.38623046875 0.3798828125
vt 0.3974609375 0.3798828125
vt 0.3974609375 0.3779296875
vt 0.38623046875 0.3779296875
vt 0.3515625 0.3798828125
vt 0.38623046875 0.3798828125
vt 0.38623046875 0.3779296875
vt 0.3515625 0.3779296875
vt 0.3515625 0.3798828125
vt 0.34033203125 0.3798828125
vt 0.34033203125 0.41455078125
vt 0.3515625 0.41455078125
vt 0.36279296875 0.41455078125
vt 0.3515625 0.41455078125
vt 0.3515625 0.3798828125
vt 0.36279296875 0.3798828125
vn -0.6755902076156601 0 -0.7372773368101242
vn 0.7372773368101242 0 -0.6755902076156601
vn 0.6755902076156601 0 0.7372773368101242
vn -0.7372773368101242 0 0.6755902076156601
vn 0 1 0
vn 0 -1 0
usemtl m_9cf4343c-91f0-92da-4b25-54ec74dbc354
f 1836/5500/1375 1839/5499/1375 1837/5498/1375 1834/5497/1375
f 1835/5504/1376 1836/5503/1376 1834/5502/1376 1833/5501/1376
f 1840/5508/1377 1835/5507/1377 1833/5506/1377 1838/5505/1377
f 1839/5512/1378 1840/5511/1378 1838/5510/1378 1837/5509/1378
f 1838/5516/1379 1833/5515/1379 1834/5514/1379 1837/5513/1379
f 1839/5520/1380 1836/5519/1380 1835/5518/1380 1840/5517/1380
o cube
v -2.00127695435555 2.625 -8.87204646731386
v 1.0177667859269313 2.625 -12.166754566184103
v -2.00127695435555 2.375 -8.87204646731386
v 1.0177667859269313 2.375 -12.166754566184103
v -0.0420693857376222 2.625 -13.137915489631615
v -3.0611131260201034 2.625 -9.843207390761371
v -0.0420693857376222 2.375 -13.137915489631615
v -3.0611131260201034 2.375 -9.843207390761371
vt 0.13134765625 0.37939453125
vt 0.142578125 0.37939453125
vt 0.142578125 0.37744140625
vt 0.13134765625 0.37744140625
vt 0.0966796875 0.37939453125
vt 0.13134765625 0.37939453125
vt 0.13134765625 0.37744140625
vt 0.0966796875 0.37744140625
vt 0.17724609375 0.37939453125
vt 0.1884765625 0.37939453125
vt 0.1884765625 0.37744140625
vt 0.17724609375 0.37744140625
vt 0.142578125 0.37939453125
vt 0.17724609375 0.37939453125
vt 0.17724609375 0.37744140625
vt 0.142578125 0.37744140625
vt 0.142578125 0.37939453125
vt 0.13134765625 0.37939453125
vt 0.13134765625 0.4140625
vt 0.142578125 0.4140625
vt 0.15380859375 0.4140625
vt 0.142578125 0.4140625
vt 0.142578125 0.37939453125
vt 0.15380859375 0.37939453125
vn 0.6755902076156601 0 -0.7372773368101242
vn 0.7372773368101242 0 0.6755902076156601
vn -0.6755902076156601 0 0.7372773368101242
vn -0.7372773368101242 0 -0.6755902076156601
vn 0 1 0
vn 0 -1 0
usemtl m_9cf4343c-91f0-92da-4b25-54ec74dbc354
f 1844/5524/1381 1847/5523/1381 1845/5522/1381 1842/5521/1381
f 1843/5528/1382 1844/5527/1382 1842/5526/1382 1841/5525/1382
f 1848/5532/1383 1843/5531/1383 1841/5530/1383 1846/5529/1383
f 1847/5536/1384 1848/5535/1384 1846/5534/1384 1845/5533/1384
f 1846/5540/1385 1841/5539/1385 1842/5538/1385 1845/5537/1385
f 1847/5544/1386 1844/5543/1386 1843/5542/1386 1848/5541/1386
o cube
v 1.04375 2.625 -9.833205
v 1.04375 2.625 -10.989455
v 1.04375 2.375 -9.833205
v 1.04375 2.375 -10.989455
v -1.04375 2.625 -10.989455
v -1.04375 2.625 -9.833205
v -1.04375 2.375 -10.989455
v -1.04375 2.375 -9.833205
vt 0.6455078125 0.61328125
vt 0.66162109375 0.61328125
vt 0.66162109375 0.611328125
vt 0.6455078125 0.611328125
vt 0.63671875 0.61328125
vt 0.6455078125 0.61328125
vt 0.6455078125 0.611328125
vt 0.63671875 0.611328125
vt 0.67041015625 0.61328125
vt 0.6865234375 0.61328125
vt 0.6865234375 0.611328125
vt 0.67041015625 0.611328125
vt 0.66162109375 0.61328125
vt 0.67041015625 0.61328125
vt 0.67041015625 0.611328125
vt 0.66162109375 0.611328125
vt 0.66162109375 0.61328125
vt 0.6455078125 0.61328125
vt 0.6455078125 0.6220703125
vt 0.66162109375 0.6220703125
vt 0.677734375 0.6220703125
vt 0.66162109375 0.6220703125
vt 0.66162109375 0.61328125
vt 0.677734375 0.61328125
vn 0 0 -1
vn 1 0 0
vn 0 0 1
vn -1 0 0
vn 0 1 0
vn 0 -1 0
usemtl m_9cf4343c-91f0-92da-4b25-54ec74dbc354
f 1852/5548/1387 1855/5547/1387 1853/5546/1387 1850/5545/1387
f 1851/5552/1388 1852/5551/1388 1850/5550/1388 1849/5549/1388
f 1856/5556/1389 1851/5555/1389 1849/5554/1389 1854/5553/1389
f 1855/5560/1390 1856/5559/1390 1854/5558/1390 1853/5557/1390
f 1854/5564/1391 1849/5563/1391 1850/5562/1391 1853/5561/1391
f 1855/5568/1392 1852/5567/1392 1851/5566/1392 1856/5565/1392
o cube
v 7.852369476718131 2.625 -12.559741406976922
v 8.045912981639747 2.625 -12.770957079224624
v 7.852369476718131 2.375 -12.559741406976922
v 8.045912981639747 2.375 -12.770957079224624
v 7.477797939382344 2.625 -13.29153860287331
v 7.284254434460728 2.625 -13.080322930625607
v 7.477797939382344 2.375 -13.29153860287331
v 7.284254434460728 2.375 -13.080322930625607
vt 0.2587890625 0.3798828125
vt 0.2646484375 0.3798828125
vt 0.2646484375 0.3779296875
vt 0.2587890625 0.3779296875
vt 0.2568359375 0.3798828125
vt 0.2587890625 0.3798828125
vt 0.2587890625 0.3779296875
vt 0.2568359375 0.3779296875
vt 0.2666015625 0.3798828125
vt 0.2724609375 0.3798828125
vt 0.2724609375 0.3779296875
vt 0.2666015625 0.3779296875
vt 0.2646484375 0.3798828125
vt 0.2666015625 0.3798828125
vt 0.2666015625 0.3779296875
vt 0.2646484375 0.3779296875
vt 0.2646484375 0.3798828125
vt 0.2587890625 0.3798828125
vt 0.2587890625 0.3818359375
vt 0.2646484375 0.3818359375
vt 0.2705078125 0.3818359375
vt 0.2646484375 0.3818359375
vt 0.2646484375 0.3798828125
vt 0.2705078125 0.3798828125
vn 0.6755902076156601 0 -0.7372773368101242
vn 0.7372773368101242 0 0.6755902076156601
vn -0.6755902076156601 0 0.7372773368101242
vn -0.7372773368101242 0 -0.6755902076156601
vn 0 1 0
vn 0 -1 0
usemtl m_9cf4343c-91f0-92da-4b25-54ec74dbc354
f 1860/5572/1393 1863/5571/1393 1861/5570/1393 1858/5569/1393
f 1859/5576/1394 1860/5575/1394 1858/5574/1394 1857/5573/1394
f 1864/5580/1395 1859/5579/1395 1857/5578/1395 1862/5577/1395
f 1863/5584/1396 1864/5583/1396 1862/5582/1396 1861/5581/1396
f 1862/5588/1397 1857/5587/1397 1858/5586/1397 1861/5585/1397
f 1863/5592/1398 1860/5591/1398 1859/5590/1398 1864/5589/1398
o cube
v 1.0625 4.221006112585862 -3.6876804505765968
v 1.0625 3.5683751514856032 -8.644904757445648
v 1.0625 4.159040808749998 -3.679522563562844
v 1.0625 3.5064098476497403 -8.636746870431896
v 0.3125 3.5683751514856032 -8.644904757445648
v 0.3125 4.221006112585862 -3.6876804505765968
v 0.3125 3.5064098476497403 -8.636746870431896
v 0.3125 4.159040808749998 -3.679522563562844
vt 0.2548828125 0.421875
vt 0.2607421875 0.421875
vt 0.2607421875 0.42138671875
vt 0.2548828125 0.42138671875
vt 0.2158203125 0.421875
vt 0.2548828125 0.421875
vt 0.2548828125 0.42138671875
vt 0.2158203125 0.42138671875
vt 0.2998046875 0.421875
vt 0.3056640625 0.421875
vt 0.3056640625 0.42138671875
vt 0.2998046875 0.42138671875
vt 0.2607421875 0.421875
vt 0.2998046875 0.421875
vt 0.2998046875 0.42138671875
vt 0.2607421875 0.42138671875
vt 0.2607421875 0.421875
vt 0.2548828125 0.421875
vt 0.2548828125 0.4609375
vt 0.2607421875 0.4609375
vt 0.2666015625 0.4609375
vt 0.2607421875 0.4609375
vt 0.2607421875 0.421875
vt 0.2666015625 0.421875
vn 0 -0.13052619222005157 -0.9914448613738104
vn 1 0 0
vn 0 0.13052619222005157 0.9914448613738104
vn -1 0 0
vn 0 0.9914448613738104 -0.13052619222005157
vn 0 -0.9914448613738104 0.13052619222005157
usemtl m_9cf4343c-91f0-92da-4b25-54ec74dbc354
f 1868/5596/1399 1871/5595/1399 1869/5594/1399 1866/5593/1399
f 1867/5600/1400 1868/5599/1400 1866/5598/1400 1865/5597/1400
f 1872/5604/1401 1867/5603/1401 1865/5602/1401 1870/5601/1401
f 1871/5608/1402 1872/5607/1402 1870/5606/1402 1869/5605/1402
f 1870/5612/1403 1865/5611/1403 1866/5610/1403 1869/5609/1403
f 1871/5616/1404 1868/5615/1404 1867/5614/1404 1872/5613/1404
o cube
v 1.625 4.033374711269537 -5.112882438801449
v 1.625 3.625480360581876 -8.211147630594606
v 1.625 3.971409407433674 -5.104724551787696
v 1.625 3.563515056746013 -8.202989743580854
v 0.875 3.625480360581876 -8.211147630594606
v 0.875 4.033374711269537 -5.112882438801449
v 0.875 3.563515056746013 -8.202989743580854
v 0.875 3.971409407433674 -5.104724551787696
vt 0.564453125 0.5869140625
vt 0.5703125 0.5869140625
vt 0.5703125 0.58642578125
vt 0.564453125 0.58642578125
vt 0.5400390625 0.5869140625
vt 0.564453125 0.5869140625
vt 0.564453125 0.58642578125
vt 0.5400390625 0.58642578125
vt 0.5947265625 0.5869140625
vt 0.6005859375 0.5869140625
vt 0.6005859375 0.58642578125
vt 0.5947265625 0.58642578125
vt 0.5703125 0.5869140625
vt 0.5947265625 0.5869140625
vt 0.5947265625 0.58642578125
vt 0.5703125 0.58642578125
vt 0.5703125 0.5869140625
vt 0.564453125 0.5869140625
vt 0.564453125 0.611328125
vt 0.5703125 0.611328125
vt 0.576171875 0.611328125
vt 0.5703125 0.611328125
vt 0.5703125 0.5869140625
vt 0.576171875 0.5869140625
vn 0 -0.13052619222005157 -0.9914448613738104
vn 1 0 0
vn 0 0.13052619222005157 0.9914448613738104
vn -1 0 0
vn 0 0.9914448613738104 -0.13052619222005157
vn 0 -0.9914448613738104 0.13052619222005157
usemtl m_9cf4343c-91f0-92da-4b25-54ec74dbc354
f 1876/5620/1405 1879/5619/1405 1877/5618/1405 1874/5617/1405
f 1875/5624/1406 1876/5623/1406 1874/5622/1406 1873/5621/1406
f 1880/5628/1407 1875/5627/1407 1873/5626/1407 1878/5625/1407
f 1879/5632/1408 1880/5631/1408 1878/5630/1408 1877/5629/1408
f 1878/5636/1409 1873/5635/1409 1874/5634/1409 1877/5633/1409
f 1879/5640/1410 1876/5639/1410 1875/5638/1410 1880/5637/1410
o cube
v -0.3125 4.221006112585862 -3.6876804505765968
v -0.3125 3.5683751514856032 -8.644904757445648
v -0.3125 4.159040808749998 -3.679522563562844
v -0.3125 3.5064098476497403 -8.636746870431896
v -1.0625 3.5683751514856032 -8.644904757445648
v -1.0625 4.221006112585862 -3.6876804505765968
v -1.0625 3.5064098476497403 -8.636746870431896
v -1.0625 4.159040808749998 -3.679522563562844
vt 0.2548828125 0.38232421875
vt 0.2607421875 0.38232421875
vt 0.2607421875 0.3818359375
vt 0.2548828125 0.3818359375
vt 0.2158203125 0.38232421875
vt 0.2548828125 0.38232421875
vt 0.2548828125 0.3818359375
vt 0.2158203125 0.3818359375
vt 0.2998046875 0.38232421875
vt 0.3056640625 0.38232421875
vt 0.3056640625 0.3818359375
vt 0.2998046875 0.3818359375
vt 0.2607421875 0.38232421875
vt 0.2998046875 0.38232421875
vt 0.2998046875 0.3818359375
vt 0.2607421875 0.3818359375
vt 0.2607421875 0.38232421875
vt 0.2548828125 0.38232421875
vt 0.2548828125 0.42138671875
vt 0.2607421875 0.42138671875
vt 0.2666015625 0.42138671875
vt 0.2607421875 0.42138671875
vt 0.2607421875 0.38232421875
vt 0.2666015625 0.38232421875
vn 0 -0.13052619222005157 -0.9914448613738104
vn 1 0 0
vn 0 0.13052619222005157 0.9914448613738104
vn -1 0 0
vn 0 0.9914448613738104 -0.13052619222005157
vn 0 -0.9914448613738104 0.13052619222005157
usemtl m_9cf4343c-91f0-92da-4b25-54ec74dbc354
f 1884/5644/1411 1887/5643/1411 1885/5642/1411 1882/5641/1411
f 1883/5648/1412 1884/5647/1412 1882/5646/1412 1881/5645/1412
f 1888/5652/1413 1883/5651/1413 1881/5650/1413 1886/5649/1413
f 1887/5656/1414 1888/5655/1414 1886/5654/1414 1885/5653/1414
f 1886/5660/1415 1881/5659/1415 1882/5658/1415 1885/5657/1415
f 1887/5664/1416 1884/5663/1416 1883/5662/1416 1888/5661/1416
o cube
v -0.875 4.033374711269537 -5.112882438801449
v -0.875 3.625480360581876 -8.211147630594606
v -0.875 3.971409407433674 -5.104724551787696
v -0.875 3.563515056746013 -8.202989743580854
v -1.625 3.625480360581876 -8.211147630594606
v -1.625 4.033374711269537 -5.112882438801449
v -1.625 3.563515056746013 -8.202989743580854
v -1.625 3.971409407433674 -5.104724551787696
vt 0.6328125 0.94580078125
vt 0.638671875 0.94580078125
vt 0.638671875 0.9453125
vt 0.6328125 0.9453125
vt 0.6083984375 0.94580078125
vt 0.6328125 0.94580078125
vt 0.6328125 0.9453125
vt 0.6083984375 0.9453125
vt 0.6630859375 0.94580078125
vt 0.6689453125 0.94580078125
vt 0.6689453125 0.9453125
vt 0.6630859375 0.9453125
vt 0.638671875 0.94580078125
vt 0.6630859375 0.94580078125
vt 0.6630859375 0.9453125
vt 0.638671875 0.9453125
vt 0.638671875 0.94580078125
vt 0.6328125 0.94580078125
vt 0.6328125 0.97021484375
vt 0.638671875 0.97021484375
vt 0.64453125 0.97021484375
vt 0.638671875 0.97021484375
vt 0.638671875 0.94580078125
vt 0.64453125 0.94580078125
vn 0 -0.13052619222005157 -0.9914448613738104
vn 1 0 0
vn 0 0.13052619222005157 0.9914448613738104
vn -1 0 0
vn 0 0.9914448613738104 -0.13052619222005157
vn 0 -0.9914448613738104 0.13052619222005157
usemtl m_9cf4343c-91f0-92da-4b25-54ec74dbc354
f 1892/5668/1417 1895/5667/1417 1893/5666/1417 1890/5665/1417
f 1891/5672/1418 1892/5671/1418 1890/5670/1418 1889/5669/1418
f 1896/5676/1419 1891/5675/1419 1889/5674/1419 1894/5673/1419
f 1895/5680/1420 1896/5679/1420 1894/5678/1420 1893/5677/1420
f 1894/5684/1421 1889/5683/1421 1890/5682/1421 1893/5681/1421
f 1895/5688/1422 1892/5687/1422 1891/5686/1422 1896/5685/1422
o cube
v -2.9104704279639284 3.3154344474512514 -7.160365298580668
v -2.6156195373162996 3.2618571563932504 -8.757493166400646
v -2.860569472737698 3.2792756784511434 -7.149939940461806
v -2.565718582090069 3.225698387393143 -8.747067808281782
v -2.8524427278050433 2.9256749573129475 -8.789936277661175
v -3.147293618452672 2.979252248370948 -7.192808409841198
v -2.8025417725788127 2.8895161883128395 -8.77951091954231
v -3.0973926632264415 2.94309347937084 -7.182383051722335
vt 0.689453125 0.55029296875
vt 0.6923828125 0.55029296875
vt 0.6923828125 0.5498046875
vt 0.689453125 0.5498046875
vt 0.6767578125 0.55029296875
vt 0.689453125 0.55029296875
vt 0.689453125 0.5498046875
vt 0.6767578125 0.5498046875
vt 0.705078125 0.55029296875
vt 0.7080078125 0.55029296875
vt 0.7080078125 0.5498046875
vt 0.705078125 0.5498046875
vt 0.6923828125 0.55029296875
vt 0.705078125 0.55029296875
vt 0.705078125 0.5498046875
vt 0.6923828125 0.5498046875
vt 0.6923828125 0.55029296875
vt 0.689453125 0.55029296875
vt 0.689453125 0.56298828125
vt 0.6923828125 0.56298828125
vt 0.6953125 0.56298828125
vt 0.6923828125 0.56298828125
vt 0.6923828125 0.55029296875
vt 0.6953125 0.55029296875
vn 0.18144670193700238 -0.03297064065107745 -0.9828479186584476
vn 0.5741168254272583 0.814987149285585 0.07864996669219165
vn -0.18144670193700238 0.03297064065107745 0.9828479186584476
vn -0.5741168254272583 -0.814987149285585 -0.07864996669219165
vn -0.7984152836196912 0.5785403040017293 -0.1668057299018082
vn 0.7984152836196912 -0.5785403040017293 0.1668057299018082
usemtl m_9cf4343c-91f0-92da-4b25-54ec74dbc354
f 1900/5692/1423 1903/5691/1423 1901/5690/1423 1898/5689/1423
f 1899/5696/1424 1900/5695/1424 1898/5694/1424 1897/5693/1424
f 1904/5700/1425 1899/5699/1425 1897/5698/1425 1902/5697/1425
f 1903/5704/1426 1904/5703/1426 1902/5702/1426 1901/5701/1426
f 1902/5708/1427 1897/5707/1427 1898/5706/1427 1901/5705/1427
f 1903/5712/1428 1900/5711/1428 1899/5710/1428 1904/5709/1428
o cube
v -2.6234120152502993 3.7229280220940435 -7.121040315234573
v -2.5667099208949864 3.7126246968905816 -7.428180289815338
v -2.5735110600240687 3.6867692530939355 -7.110614957115711
v -2.516808965668756 3.676465927890474 -7.417754931696475
v -2.8752977145621372 3.27456910414958 -7.470454646912391
v -2.9319998089174506 3.284872429353042 -7.1633146723316266
v -2.8253967593359066 3.2384103351494726 -7.460029288793528
v -2.88209885369122 3.248713660352934 -7.152889314212763
vt 0.59619140625 0.849609375
vt 0.60009765625 0.849609375
vt 0.60009765625 0.84912109375
vt 0.59619140625 0.84912109375
vt 0.59375 0.849609375
vt 0.59619140625 0.849609375
vt 0.59619140625 0.84912109375
vt 0.59375 0.84912109375
vt 0.6025390625 0.849609375
vt 0.6064453125 0.849609375
vt 0.6064453125 0.84912109375
vt 0.6025390625 0.84912109375
vt 0.60009765625 0.849609375
vt 0.6025390625 0.849609375
vt 0.6025390625 0.84912109375
vt 0.60009765625 0.84912109375
vt 0.60009765625 0.849609375
vt 0.59619140625 0.849609375
vt 0.59619140625 0.85205078125
vt 0.60009765625 0.85205078125
vt 0.60400390625 0.85205078125
vt 0.60009765625 0.85205078125
vt 0.60009765625 0.849609375
vt 0.60400390625 0.849609375
vn 0.18144670193700238 -0.03297064065107745 -0.9828479186584476
vn 0.5741168254272583 0.814987149285585 0.07864996669219165
vn -0.18144670193700238 0.03297064065107745 0.9828479186584476
vn -0.5741168254272583 -0.814987149285585 -0.07864996669219165
vn -0.7984152836196912 0.5785403040017293 -0.1668057299018082
vn 0.7984152836196912 -0.5785403040017293 0.1668057299018082
usemtl m_9cf4343c-91f0-92da-4b25-54ec74dbc354
f 1908/5716/1429 1911/5715/1429 1909/5714/1429 1906/5713/1429
f 1907/5720/1430 1908/5719/1430 1906/5718/1430 1905/5717/1430
f 1912/5724/1431 1907/5723/1431 1905/5722/1431 1910/5721/1431
f 1911/5728/1432 1912/5727/1432 1910/5726/1432 1909/5725/1432
f 1910/5732/1433 1905/5731/1433 1906/5730/1433 1909/5729/1433
f 1911/5736/1434 1908/5735/1434 1907/5734/1434 1912/5733/1434
o cube
v 3.907157417735336 2.434238754969057 -3.6266466904609014
v 3.5173506678673854 2.4638953537128914 -7.293365582591622
v 3.857572835969886 2.396516665816904 -3.621680480523492
v 3.4677660861019355 2.4261732645607386 -7.288399372654212
v 3.1444663098311434 2.9597878125965935 -7.249713661605963
v 3.534273059699094 2.9301312138527593 -3.582994769475243
v 3.094881728065693 2.9220657234444407 -7.2447474516685535
v 3.484688477933644 2.8924091247006065 -3.578028559537833
vt 0.10302734375 0.3486328125
vt 0.107421875 0.3486328125
vt 0.107421875 0.34814453125
vt 0.10302734375 0.34814453125
vt 0.07421875 0.3486328125
vt 0.10302734375 0.3486328125
vt 0.10302734375 0.34814453125
vt 0.07421875 0.34814453125
vt 0.13623046875 0.3486328125
vt 0.140625 0.3486328125
vt 0.140625 0.34814453125
vt 0.13623046875 0.34814453125
vt 0.107421875 0.3486328125
vt 0.13623046875 0.3486328125
vt 0.13623046875 0.34814453125
vt 0.107421875 0.34814453125
vt 0.107421875 0.3486328125
vt 0.10302734375 0.3486328125
vt 0.10302734375 0.37744140625
vt 0.107421875 0.37744140625
vt 0.11181640625 0.37744140625
vt 0.107421875 0.37744140625
vt 0.107421875 0.3486328125
vt 0.11181640625 0.3486328125
vn -0.10571030504893573 0.008042467455955056 -0.9943644453235851
vn 0.5995130187908216 -0.7972819953795883 -0.07018233498436824
vn 0.10571030504893573 -0.008042467455955056 0.9943644453235851
vn -0.5995130187908216 0.7972819953795883 0.07018233498436824
vn 0.7933533082472002 0.6035534264344476 -0.0794593589985539
vn -0.7933533082472002 -0.6035534264344476 0.0794593589985539
usemtl m_9cf4343c-91f0-92da-4b25-54ec74dbc354
f 1916/5740/1435 1919/5739/1435 1917/5738/1435 1914/5737/1435
f 1915/5744/1436 1916/5743/1436 1914/5742/1436 1913/5741/1436
f 1920/5748/1437 1915/5747/1437 1913/5746/1437 1918/5745/1437
f 1919/5752/1438 1920/5751/1438 1918/5750/1438 1917/5749/1438
f 1918/5756/1439 1913/5755/1439 1914/5754/1439 1917/5753/1439
f 1919/5760/1440 1916/5759/1440 1915/5758/1440 1920/5757/1440
o cube
v -1.6973439916110877 3.5362536052691724 -0.17909491279788414
v -2.0199687444451753 3.46847224286602 -0.41649335059711756
v -1.5532016522589016 3.353713532696937 -0.3228661697223897
v -1.875826405092989 3.2859321702937847 -0.5602646075216232
v -2.3979453333368936 2.561463315495041 0.356144018366568
v -2.0753205805028063 2.6292446778981935 0.5935424561658015
v -2.2538029939847073 2.3789232429228058 0.21237276144206246
v -1.9311782411506198 2.446704605325958 0.44977119924129594
vt 0.619140625 0.70263671875
vt 0.62890625 0.70263671875
vt 0.62890625 0.70068359375
vt 0.619140625 0.70068359375
vt 0.6162109375 0.70263671875
vt 0.619140625 0.70263671875
vt 0.619140625 0.70068359375
vt 0.6162109375 0.70068359375
vt 0.6318359375 0.70263671875
vt 0.6416015625 0.70263671875
vt 0.6416015625 0.70068359375
vt 0.6318359375 0.70068359375
vt 0.62890625 0.70263671875
vt 0.6318359375 0.70263671875
vt 0.6318359375 0.70068359375
vt 0.62890625 0.70068359375
vt 0.62890625 0.70263671875
vt 0.619140625 0.70263671875
vt 0.619140625 0.70556640625
vt 0.62890625 0.70556640625
vt 0.638671875 0.70556640625
vt 0.62890625 0.70556640625
vt 0.62890625 0.70263671875
vt 0.638671875 0.70263671875
vn -0.794153237745446 -0.1668464305308366 -0.5843653853519594
vn 0.30238127111337476 0.7256071418967833 -0.6181098951709486
vn 0.794153237745446 0.1668464305308366 0.5843653853519594
vn -0.30238127111337476 -0.7256071418967833 0.6181098951709486
vn -0.5271491267737101 0.6675751225498895 0.525792025323906
vn 0.5271491267737101 -0.6675751225498895 -0.525792025323906
usemtl m_9cf4343c-91f0-92da-4b25-54ec74dbc354
f 1924/5764/1441 1927/5763/1441 1925/5762/1441 1922/5761/1441
f 1923/5768/1442 1924/5767/1442 1922/5766/1442 1921/5765/1442
f 1928/5772/1443 1923/5771/1443 1921/5770/1443 1926/5769/1443
f 1927/5776/1444 1928/5775/1444 1926/5774/1444 1925/5773/1444
f 1926/5780/1445 1921/5779/1445 1922/5778/1445 1925/5777/1445
f 1927/5784/1446 1924/5783/1446 1923/5782/1446 1928/5781/1446
o cube
v -0.889940585212814 3.43055284845418 0.7645929123432239
v -1.7780605052262561 3.346586658598352 -0.019211231966061892
v -0.8446387027987059 3.3731831129360286 0.719407662509172
v -1.732758622812148 3.289216923080201 -0.06439648180011381
v -2.257159887810176 2.466438601584877 0.6179382240826041
v -1.3690399677967338 2.5504047914407044 1.40174236839189
v -2.211858005396068 2.409068866066726 0.5727529742485522
v -1.3237380853826257 2.4930350559225536 1.356557118557838
vt 0.46435546875 0.31640625
vt 0.4736328125 0.31640625
vt 0.4736328125 0.31591796875
vt 0.46435546875 0.31591796875
vt 0.455078125 0.31640625
vt 0.46435546875 0.31640625
vt 0.46435546875 0.31591796875
vt 0.455078125 0.31591796875
vt 0.48291015625 0.31640625
vt 0.4921875 0.31640625
vt 0.4921875 0.31591796875
vt 0.48291015625 0.31591796875
vt 0.4736328125 0.31640625
vt 0.48291015625 0.31640625
vt 0.48291015625 0.31591796875
vt 0.4736328125 0.31591796875
vt 0.4736328125 0.31640625
vt 0.46435546875 0.31640625
vt 0.46435546875 0.32568359375
vt 0.4736328125 0.32568359375
vt 0.48291015625 0.32568359375
vt 0.4736328125 0.32568359375
vt 0.4736328125 0.31640625
vt 0.48291015625 0.31640625
vn -0.7478904589586882 -0.07070837040490742 -0.6600455952078198
vn 0.4034521116496168 0.7411773111692423 -0.5365469103567716
vn 0.7478904589586882 0.07070837040490742 0.6600455952078198
vn -0.4034521116496168 -0.7411773111692423 0.5365469103567716
vn -0.5271491771823492 0.6675751042112149 0.525791998068968
vn 0.5271491771823492 -0.6675751042112149 -0.525791998068968
usemtl m_9cf4343c-91f0-92da-4b25-54ec74dbc354
f 1932/5788/1447 1935/5787/1447 1933/5786/1447 1930/5785/1447
f 1931/5792/1448 1932/5791/1448 1930/5790/1448 1929/5789/1448
f 1936/5796/1449 1931/5795/1449 1929/5794/1449 1934/5793/1449
f 1935/5800/1450 1936/5799/1450 1934/5798/1450 1933/5797/1450
f 1934/5804/1451 1929/5803/1451 1930/5802/1451 1933/5801/1451
f 1935/5808/1452 1932/5807/1452 1931/5806/1452 1936/5805/1452
o cube
v -0.8899414252931432 3.4305541709664533 0.7645934639691563
v -1.6237993791472154 3.577248123261381 -0.1574095934689459
v -0.8446395507384121 3.373184426679435 0.7194082173888892
v -1.5784975045924843 3.5198783789743633 -0.20259484004921308
v -2.3528908338409185 2.6594695118540574 0.27688071397051806
v -1.6190328799868465 2.5127755595591292 1.1988837714086202
v -2.3075889592861873 2.602099767567039 0.23169546739025088
v -1.5737310054321154 2.455405815272111 1.1536985248283531
vt 0.67724609375 0.70654296875
vt 0.68701171875 0.70654296875
vt 0.68701171875 0.7060546875
vt 0.67724609375 0.7060546875
vt 0.66796875 0.70654296875
vt 0.67724609375 0.70654296875
vt 0.67724609375 0.7060546875
vt 0.66796875 0.7060546875
vt 0.6962890625 0.70654296875
vt 0.7060546875 0.70654296875
vt 0.7060546875 0.7060546875
vt 0.6962890625 0.7060546875
vt 0.68701171875 0.70654296875
vt 0.6962890625 0.70654296875
vt 0.6962890625 0.7060546875
vt 0.68701171875 0.7060546875
vt 0.68701171875 0.70654296875
vt 0.67724609375 0.70654296875
vt 0.67724609375 0.7158203125
vt 0.68701171875 0.7158203125
vt 0.69677734375 0.7158203125
vt 0.68701171875 0.7158203125
vt 0.68701171875 0.70654296875
vt 0.69677734375 0.70654296875
vn -0.6179856453507976 0.12353174930099173 -0.7764236273162967
vn 0.5832731637549626 0.7342228891258592 -0.34743224595157096
vn 0.6179856453507976 -0.12353174930099173 0.7764236273162967
vn -0.5832731637549626 -0.7342228891258592 0.34743224595157096
vn -0.5271490857277804 0.667575206248939 0.5257919602067455
vn 0.5271490857277804 -0.667575206248939 -0.5257919602067455
usemtl m_9cf4343c-91f0-92da-4b25-54ec74dbc354
f 1940/5812/1453 1943/5811/1453 1941/5810/1453 1938/5809/1453
f 1939/5816/1454 1940/5815/1454 1938/5814/1454 1937/5813/1454
f 1944/5820/1455 1939/5819/1455 1937/5818/1455 1942/5817/1455
f 1943/5824/1456 1944/5823/1456 1942/5822/1456 1941/5821/1456
f 1942/5828/1457 1937/5827/1457 1938/5826/1457 1941/5825/1457
f 1943/5832/1458 1940/5831/1458 1939/5830/1458 1944/5829/1458
o cube
v -1.9327922033084945 3.639014129781606 -0.5456207607041493
v -2.178614626880158 3.446747440293237 -0.8522330666909393
v -1.841835405667156 3.5699812289179906 -0.5752558827924215
v -2.087657829238819 3.377714539429622 -0.8818681887792115
v -2.6272710840162095 2.4265576347881797 0.14719953342036463
v -2.381448660444546 2.6188243242765483 0.45381183940715464
v -2.536314286374871 2.3575247339245644 0.11756441133209261
v -2.290491862803208 2.549791423412933 0.4241767173188826
vt 0.59716796875 0.8525390625
vt 0.6083984375 0.8525390625
vt 0.6083984375 0.85205078125
vt 0.59716796875 0.85205078125
vt 0.59375 0.8525390625
vt 0.59716796875 0.8525390625
vt 0.59716796875 0.85205078125
vt 0.59375 0.85205078125
vt 0.61181640625 0.8525390625
vt 0.623046875 0.8525390625
vt 0.623046875 0.85205078125
vt 0.61181640625 0.85205078125
vt 0.6083984375 0.8525390625
vt 0.61181640625 0.8525390625
vt 0.61181640625 0.85205078125
vt 0.6083984375 0.85205078125
vt 0.6083984375 0.8525390625
vt 0.59716796875 0.8525390625
vt 0.59716796875 0.85595703125
vt 0.6083984375 0.85595703125
vt 0.61962890625 0.85595703125
vt 0.6083984375 0.85595703125
vt 0.6083984375 0.8525390625
vt 0.61962890625 0.8525390625
vn -0.561879825306659 -0.4394667188305569 -0.700828127969806
vn 0.2997079665533339 0.6814991899551397 -0.6676331244590505
vn 0.561879825306659 0.4394667188305569 0.700828127969806
vn -0.2997079665533339 -0.6814991899551397 0.6676331244590505
vn -0.7710163400978115 0.5851733564772004 0.2512089691300515
vn 0.7710163400978115 -0.5851733564772004 -0.2512089691300515
usemtl m_9cf4343c-91f0-92da-4b25-54ec74dbc354
f 1948/5836/1459 1951/5835/1459 1949/5834/1459 1946/5833/1459
f 1947/5840/1460 1948/5839/1460 1946/5838/1460 1945/5837/1460
f 1952/5844/1461 1947/5843/1461 1945/5842/1461 1950/5841/1461
f 1951/5848/1462 1952/5847/1462 1950/5846/1462 1949/5845/1462
f 1950/5852/1463 1945/5851/1463 1946/5850/1463 1949/5849/1463
f 1951/5856/1464 1948/5855/1464 1947/5854/1464 1952/5853/1464
o cube
v 0.9396729450344128 2.949458329219379 2.056798365638123
v 1.0557023348357886 2.9409135040446976 1.5687188439444801
v 0.8894006459925379 2.9140954564439907 2.0454664117855863
v 1.0054300357939137 2.9055506312693096 1.5573868900919434
v 0.8158549188362884 3.3021816272593774 1.5053760465031267
v 0.6998255290349126 3.310726452434058 1.9934555681967696
v 0.7655826197944134 3.2668187544839893 1.4940440926505891
v 0.6495532299930377 3.2753635796586704 1.982123614344232
vt 0.6728515625 0.947265625
vt 0.67626953125 0.947265625
vt 0.67626953125 0.94677734375
vt 0.6728515625 0.94677734375
vt 0.6689453125 0.947265625
vt 0.6728515625 0.947265625
vt 0.6728515625 0.94677734375
vt 0.6689453125 0.94677734375
vt 0.68017578125 0.947265625
vt 0.68359375 0.947265625
vt 0.68359375 0.94677734375
vt 0.68017578125 0.94677734375
vt 0.67626953125 0.947265625
vt 0.68017578125 0.947265625
vt 0.68017578125 0.94677734375
vt 0.67626953125 0.94677734375
vt 0.67626953125 0.947265625
vt 0.6728515625 0.947265625
vt 0.6728515625 0.951171875
vt 0.67626953125 0.951171875
vt 0.6796875 0.951171875
vt 0.67626953125 0.951171875
vt 0.67626953125 0.947265625
vt 0.6796875 0.947265625
vn 0.23124739032195935 -0.017029896699318408 -0.9727459211364979
vn 0.5472977319746776 -0.824362537516579 0.1445392656498606
vn -0.23124739032195935 0.017029896699318408 0.9727459211364979
vn -0.5472977319746776 0.824362537516579 -0.1445392656498606
vn 0.804356784669998 0.5658059644062065 0.18131126164059724
vn -0.804356784669998 -0.5658059644062065 -0.18131126164059724
usemtl m_9cf4343c-91f0-92da-4b25-54ec74dbc354
f 1956/5860/1465 1959/5859/1465 1957/5858/1465 1954/5857/1465
f 1955/5864/1466 1956/5863/1466 1954/5862/1466 1953/5861/1466
f 1960/5868/1467 1955/5867/1467 1953/5866/1467 1958/5865/1467
f 1959/5872/1468 1960/5871/1468 1958/5870/1468 1957/5869/1468
f 1958/5876/1469 1953/5875/1469 1954/5874/1469 1957/5873/1469
f 1959/5880/1470 1956/5879/1470 1955/5878/1470 1960/5877/1470
o cube
v -0.6998255290349126 3.310726452434058 1.9934555681967696
v -0.8158549188362884 3.3021816272593774 1.5053760465031267
v -0.6495532299930377 3.2753635796586704 1.982123614344232
v -0.7655826197944134 3.2668187544839893 1.4940440926505891
v -1.0557023348357886 2.9409135040446976 1.5687188439444801
v -0.9396729450344128 2.949458329219379 2.056798365638123
v -1.0054300357939137 2.9055506312693096 1.5573868900919434
v -0.8894006459925379 2.9140954564439907 2.0454664117855863
vt 0.427734375 0.326171875
vt 0.43115234375 0.326171875
vt 0.43115234375 0.32568359375
vt 0.427734375 0.32568359375
vt 0.423828125 0.326171875
vt 0.427734375 0.326171875
vt 0.427734375 0.32568359375
vt 0.423828125 0.32568359375
vt 0.43505859375 0.326171875
vt 0.4384765625 0.326171875
vt 0.4384765625 0.32568359375
vt 0.43505859375 0.32568359375
vt 0.43115234375 0.326171875
vt 0.43505859375 0.326171875
vt 0.43505859375 0.32568359375
vt 0.43115234375 0.32568359375
vt 0.43115234375 0.326171875
vt 0.427734375 0.326171875
vt 0.427734375 0.330078125
vt 0.43115234375 0.330078125
vt 0.4345703125 0.330078125
vt 0.43115234375 0.330078125
vt 0.43115234375 0.326171875
vt 0.4345703125 0.326171875
vn -0.23124739032195935 -0.017029896699318408 -0.9727459211364979
vn 0.5472977319746776 0.824362537516579 -0.1445392656498606
vn 0.23124739032195935 0.017029896699318408 0.9727459211364979
vn -0.5472977319746776 -0.824362537516579 0.1445392656498606
vn -0.804356784669998 0.5658059644062065 0.18131126164059724
vn 0.804356784669998 -0.5658059644062065 -0.18131126164059724
usemtl m_9cf4343c-91f0-92da-4b25-54ec74dbc354
f 1964/5884/1471 1967/5883/1471 1965/5882/1471 1962/5881/1471
f 1963/5888/1472 1964/5887/1472 1962/5886/1472 1961/5885/1472
f 1968/5892/1473 1963/5891/1473 1961/5890/1473 1966/5889/1473
f 1967/5896/1474 1968/5895/1474 1966/5894/1474 1965/5893/1474
f 1966/5900/1475 1961/5899/1475 1962/5898/1475 1965/5897/1475
f 1967/5904/1476 1964/5903/1476 1963/5902/1476 1968/5901/1476
o cube
v 3.326649072139098 2.625 -7.805807660112442
v 3.8537652420709443 2.625 -8.38105401741014
v 3.326649072139098 2.375 -7.805807660112442
v 3.8537652420709443 2.375 -8.38105401741014
v 3.1474106991616426 2.625 -9.028308704986761
v 2.6202945292297963 2.625 -8.453062347689063
v 3.1474106991616426 2.375 -9.028308704986761
v 2.6202945292297963 2.375 -8.453062347689063
vt 0.5576171875 0.9189453125
vt 0.56494140625 0.9189453125
vt 0.56494140625 0.9169921875
vt 0.5576171875 0.9169921875
vt 0.5517578125 0.9189453125
vt 0.5576171875 0.9189453125
vt 0.5576171875 0.9169921875
vt 0.5517578125 0.9169921875
vt 0.57080078125 0.9189453125
vt 0.578125 0.9189453125
vt 0.578125 0.9169921875
vt 0.57080078125 0.9169921875
vt 0.56494140625 0.9189453125
vt 0.57080078125 0.9189453125
vt 0.57080078125 0.9169921875
vt 0.56494140625 0.9169921875
vt 0.56494140625 0.9189453125
vt 0.5576171875 0.9189453125
vt 0.5576171875 0.9248046875
vt 0.56494140625 0.9248046875
vt 0.572265625 0.9248046875
vt 0.56494140625 0.9248046875
vt 0.56494140625 0.9189453125
vt 0.572265625 0.9189453125
vn 0.6755902076156601 0 -0.7372773368101242
vn 0.7372773368101242 0 0.6755902076156601
vn -0.6755902076156601 0 0.7372773368101242
vn -0.7372773368101242 0 -0.6755902076156601
vn 0 1 0
vn 0 -1 0
usemtl m_9cf4343c-91f0-92da-4b25-54ec74dbc354
f 1972/5908/1477 1975/5907/1477 1973/5906/1477 1970/5905/1477
f 1971/5912/1478 1972/5911/1478 1970/5910/1478 1969/5909/1478
f 1976/5916/1479 1971/5915/1479 1969/5914/1479 1974/5913/1479
f 1975/5920/1480 1976/5919/1480 1974/5918/1480 1973/5917/1480
f 1974/5924/1481 1969/5923/1481 1970/5922/1481 1973/5921/1481
f 1975/5928/1482 1972/5927/1482 1971/5926/1482 1976/5925/1482
o cube
v 3.6378270836147806 2.625 -6.7577233385170645
v 7.922913783408737 2.625 -11.434074881821081
v 3.6378270836147806 2.375 -6.7577233385170645
v 7.922913783408737 2.375 -11.434074881821081
v 7.216559240499436 2.625 -12.0813295693977
v 2.931472540705479 2.625 -7.404978026093685
v 7.216559240499436 2.375 -12.0813295693977
v 2.931472540705479 2.375 -7.404978026093685
vt 0.04931640625 0.453125
vt 0.056640625 0.453125
vt 0.056640625 0.451171875
vt 0.04931640625 0.451171875
vt 0 0.453125
vt 0.04931640625 0.453125
vt 0.04931640625 0.451171875
vt 0 0.451171875
vt 0.10595703125 0.453125
vt 0.11328125 0.453125
vt 0.11328125 0.451171875
vt 0.10595703125 0.451171875
vt 0.056640625 0.453125
vt 0.10595703125 0.453125
vt 0.10595703125 0.451171875
vt 0.056640625 0.451171875
vt 0.056640625 0.453125
vt 0.04931640625 0.453125
vt 0.04931640625 0.50244140625
vt 0.056640625 0.50244140625
vt 0.06396484375 0.50244140625
vt 0.056640625 0.50244140625
vt 0.056640625 0.453125
vt 0.06396484375 0.453125
vn 0.6755902076156601 0 -0.7372773368101242
vn 0.7372773368101242 0 0.6755902076156601
vn -0.6755902076156601 0 0.7372773368101242
vn -0.7372773368101242 0 -0.6755902076156601
vn 0 1 0
vn 0 -1 0
usemtl m_9cf4343c-91f0-92da-4b25-54ec74dbc354
f 1980/5932/1483 1983/5931/1483 1981/5930/1483 1978/5929/1483
f 1979/5936/1484 1980/5935/1484 1978/5934/1484 1977/5933/1484
f 1984/5940/1485 1979/5939/1485 1977/5938/1485 1982/5937/1485
f 1983/5944/1486 1984/5943/1486 1982/5942/1486 1981/5941/1486
f 1982/5948/1487 1977/5947/1487 1978/5946/1487 1981/5945/1487
f 1983/5952/1488 1980/5951/1488 1979/5950/1488 1984/5949/1488
o cube
v 7.626011267884838 2.625 -11.665132854986846
v 7.899781109960813 2.625 -11.96390021098075
v 7.626011267884838 2.375 -11.665132854986846
v 7.899781109960813 2.375 -11.96390021098075
v 7.654224902557838 2.625 -12.188911018797583
v 7.380455060481864 2.625 -11.890143662803679
v 7.654224902557838 2.375 -12.188911018797583
v 7.380455060481864 2.375 -11.890143662803679
vt 0.5634765625 0.3125
vt 0.56591796875 0.3125
vt 0.56591796875 0.310546875
vt 0.5634765625 0.310546875
vt 0.560546875 0.3125
vt 0.5634765625 0.3125
vt 0.5634765625 0.310546875
vt 0.560546875 0.310546875
vt 0.56884765625 0.3125
vt 0.5712890625 0.3125
vt 0.5712890625 0.310546875
vt 0.56884765625 0.310546875
vt 0.56591796875 0.3125
vt 0.56884765625 0.3125
vt 0.56884765625 0.310546875
vt 0.56591796875 0.310546875
vt 0.56591796875 0.3125
vt 0.5634765625 0.3125
vt 0.5634765625 0.3154296875
vt 0.56591796875 0.3154296875
vt 0.568359375 0.3154296875
vt 0.56591796875 0.3154296875
vt 0.56591796875 0.3125
vt 0.568359375 0.3125
vn 0.6755902076156601 0 -0.7372773368101242
vn 0.7372773368101242 0 0.6755902076156601
vn -0.6755902076156601 0 0.7372773368101242
vn -0.7372773368101242 0 -0.6755902076156601
vn 0 1 0
vn 0 -1 0
usemtl m_9cf4343c-91f0-92da-4b25-54ec74dbc354
f 1988/5956/1489 1991/5955/1489 1989/5954/1489 1986/5953/1489
f 1987/5960/1490 1988/5959/1490 1986/5958/1490 1985/5957/1490
f 1992/5964/1491 1987/5963/1491 1985/5962/1491 1990/5961/1491
f 1991/5968/1492 1992/5967/1492 1990/5966/1492 1989/5965/1492
f 1990/5972/1493 1985/5971/1493 1986/5970/1493 1989/5969/1493
f 1991/5976/1494 1988/5975/1494 1987/5974/1494 1992/5973/1494
o cube
v 7.441691933682307 2.625 -11.834030406890761
v 8.053256879566112 2.625 -12.501436431289727
v 7.441691933682307 2.375 -11.834030406890761
v 8.053256879566112 2.375 -12.501436431289727
v 7.807700672163138 2.625 -12.72644723910656
v 7.196135726279333 2.625 -12.059041214707594
v 7.807700672163138 2.375 -12.72644723910656
v 7.196135726279333 2.375 -12.059041214707594
vt 0.4287109375 0.30224609375
vt 0.43115234375 0.30224609375
vt 0.43115234375 0.30029296875
vt 0.4287109375 0.30029296875
vt 0.421875 0.30224609375
vt 0.4287109375 0.30224609375
vt 0.4287109375 0.30029296875
vt 0.421875 0.30029296875
vt 0.43798828125 0.30224609375
vt 0.4404296875 0.30224609375
vt 0.4404296875 0.30029296875
vt 0.43798828125 0.30029296875
vt 0.43115234375 0.30224609375
vt 0.43798828125 0.30224609375
vt 0.43798828125 0.30029296875
vt 0.43115234375 0.30029296875
vt 0.43115234375 0.30224609375
vt 0.4287109375 0.30224609375
vt 0.4287109375 0.30908203125
vt 0.43115234375 0.30908203125
vt 0.43359375 0.30908203125
vt 0.43115234375 0.30908203125
vt 0.43115234375 0.30224609375
vt 0.43359375 0.30224609375
vn 0.6755902076156601 0 -0.7372773368101242
vn 0.7372773368101242 0 0.6755902076156601
vn -0.6755902076156601 0 0.7372773368101242
vn -0.7372773368101242 0 -0.6755902076156601
vn 0 1 0
vn 0 -1 0
usemtl m_9cf4343c-91f0-92da-4b25-54ec74dbc354
f 1996/5980/1495 1999/5979/1495 1997/5978/1495 1994/5977/1495
f 1995/5984/1496 1996/5983/1496 1994/5982/1496 1993/5981/1496
f 2000/5988/1497 1995/5987/1497 1993/5986/1497 1998/5985/1497
f 1999/5992/1498 2000/5991/1498 1998/5990/1498 1997/5989/1498
f 1998/5996/1499 1993/5995/1499 1994/5994/1499 1997/5993/1499
f 1999/6000/1500 1996/5999/1500 1995/5998/1500 2000/5997/1500
o cube
v -2.6202945292297963 2.625 -8.453062347689063
v -3.1474106991616426 2.625 -9.028308704986761
v -2.6202945292297963 2.375 -8.453062347689063
v -3.1474106991616426 2.375 -9.028308704986761
v -3.8537652420709443 2.625 -8.38105401741014
v -3.326649072139098 2.625 -7.805807660112442
v -3.8537652420709443 2.375 -8.38105401741014
v -3.326649072139098 2.375 -7.805807660112442
vt 0.607421875 0.52734375
vt 0.61474609375 0.52734375
vt 0.61474609375 0.525390625
vt 0.607421875 0.525390625
vt 0.6015625 0.52734375
vt 0.607421875 0.52734375
vt 0.607421875 0.525390625
vt 0.6015625 0.525390625
vt 0.62060546875 0.52734375
vt 0.6279296875 0.52734375
vt 0.6279296875 0.525390625
vt 0.62060546875 0.525390625
vt 0.61474609375 0.52734375
vt 0.62060546875 0.52734375
vt 0.62060546875 0.525390625
vt 0.61474609375 0.525390625
vt 0.61474609375 0.52734375
vt 0.607421875 0.52734375
vt 0.607421875 0.533203125
vt 0.61474609375 0.533203125
vt 0.6220703125 0.533203125
vt 0.61474609375 0.533203125
vt 0.61474609375 0.52734375
vt 0.6220703125 0.52734375
vn -0.6755902076156601 0 -0.7372773368101242
vn 0.7372773368101242 0 -0.6755902076156601
vn 0.6755902076156601 0 0.7372773368101242
vn -0.7372773368101242 0 0.6755902076156601
vn 0 1 0
vn 0 -1 0
usemtl m_9cf4343c-91f0-92da-4b25-54ec74dbc354
f 2004/6004/1501 2007/6003/1501 2005/6002/1501 2002/6001/1501
f 2003/6008/1502 2004/6007/1502 2002/6006/1502 2001/6005/1502
f 2008/6012/1503 2003/6011/1503 2001/6010/1503 2006/6009/1503
f 2007/6016/1504 2008/6015/1504 2006/6014/1504 2005/6013/1504
f 2006/6020/1505 2001/6019/1505 2002/6018/1505 2005/6017/1505
f 2007/6024/1506 2004/6023/1506 2003/6022/1506 2008/6021/1506
o cube
v -7.196135726279333 2.625 -12.059041214707594
v -7.807700672163138 2.625 -12.72644723910656
v -7.196135726279333 2.375 -12.059041214707594
v -7.807700672163138 2.375 -12.72644723910656
v -8.053256879566112 2.625 -12.501436431289727
v -7.441691933682307 2.625 -11.834030406890761
v -8.053256879566112 2.375 -12.501436431289727
v -7.441691933682307 2.375 -11.834030406890761
vt 0.033203125 0.3017578125
vt 0.03564453125 0.3017578125
vt 0.03564453125 0.2998046875
vt 0.033203125 0.2998046875
vt 0.0263671875 0.3017578125
vt 0.033203125 0.3017578125
vt 0.033203125 0.2998046875
vt 0.0263671875 0.2998046875
vt 0.04248046875 0.3017578125
vt 0.044921875 0.3017578125
vt 0.044921875 0.2998046875
vt 0.04248046875 0.2998046875
vt 0.03564453125 0.3017578125
vt 0.04248046875 0.3017578125
vt 0.04248046875 0.2998046875
vt 0.03564453125 0.2998046875
vt 0.03564453125 0.3017578125
vt 0.033203125 0.3017578125
vt 0.033203125 0.30859375
vt 0.03564453125 0.30859375
vt 0.0380859375 0.30859375
vt 0.03564453125 0.30859375
vt 0.03564453125 0.3017578125
vt 0.0380859375 0.3017578125
vn -0.6755902076156601 0 -0.7372773368101242
vn 0.7372773368101242 0 -0.6755902076156601
vn 0.6755902076156601 0 0.7372773368101242
vn -0.7372773368101242 0 0.6755902076156601
vn 0 1 0
vn 0 -1 0
usemtl m_9cf4343c-91f0-92da-4b25-54ec74dbc354
f 2012/6028/1507 2015/6027/1507 2013/6026/1507 2010/6025/1507
f 2011/6032/1508 2012/6031/1508 2010/6030/1508 2009/6029/1508
f 2016/6036/1509 2011/6035/1509 2009/6034/1509 2014/6033/1509
f 2015/6040/1510 2016/6039/1510 2014/6038/1510 2013/6037/1510
f 2014/6044/1511 2009/6043/1511 2010/6042/1511 2013/6041/1511
f 2015/6048/1512 2012/6047/1512 2011/6046/1512 2016/6045/1512
o cube
v -7.380455060481864 2.625 -11.890143662803679
v -7.654224902557838 2.625 -12.188911018797583
v -7.380455060481864 2.375 -11.890143662803679
v -7.654224902557838 2.375 -12.188911018797583
v -7.899781109960813 2.625 -11.96390021098075
v -7.626011267884838 2.625 -11.665132854986846
v -7.899781109960813 2.375 -11.96390021098075
v -7.626011267884838 2.375 -11.665132854986846
vt 0.09765625 0.31201171875
vt 0.10009765625 0.31201171875
vt 0.10009765625 0.31005859375
vt 0.09765625 0.31005859375
vt 0.0947265625 0.31201171875
vt 0.09765625 0.31201171875
vt 0.09765625 0.31005859375
vt 0.0947265625 0.31005859375
vt 0.10302734375 0.31201171875
vt 0.10546875 0.31201171875
vt 0.10546875 0.31005859375
vt 0.10302734375 0.31005859375
vt 0.10009765625 0.31201171875
vt 0.10302734375 0.31201171875
vt 0.10302734375 0.31005859375
vt 0.10009765625 0.31005859375
vt 0.10009765625 0.31201171875
vt 0.09765625 0.31201171875
vt 0.09765625 0.31494140625
vt 0.10009765625 0.31494140625
vt 0.1025390625 0.31494140625
vt 0.10009765625 0.31494140625
vt 0.10009765625 0.31201171875
vt 0.1025390625 0.31201171875
vn -0.6755902076156601 0 -0.7372773368101242
vn 0.7372773368101242 0 -0.6755902076156601
vn 0.6755902076156601 0 0.7372773368101242
vn -0.7372773368101242 0 0.6755902076156601
vn 0 1 0
vn 0 -1 0
usemtl m_9cf4343c-91f0-92da-4b25-54ec74dbc354
f 2020/6052/1513 2023/6051/1513 2021/6050/1513 2018/6049/1513
f 2019/6056/1514 2020/6055/1514 2018/6054/1514 2017/6053/1514
f 2024/6060/1515 2019/6059/1515 2017/6058/1515 2022/6057/1515
f 2023/6064/1516 2024/6063/1516 2022/6062/1516 2021/6061/1516
f 2022/6068/1517 2017/6067/1517 2018/6066/1517 2021/6065/1517
f 2023/6072/1518 2020/6071/1518 2019/6070/1518 2024/6069/1518
o cube
v -2.931472540705479 2.625 -7.404978026093685
v -7.216559240499436 2.625 -12.0813295693977
v -2.931472540705479 2.375 -7.404978026093685
v -7.216559240499436 2.375 -12.0813295693977
v -7.922913783408737 2.625 -11.434074881821081
v -3.6378270836147806 2.625 -6.7577233385170645
v -7.922913783408737 2.375 -11.434074881821081
v -3.6378270836147806 2.375 -6.7577233385170645
vt 0.35693359375 0.41650390625
vt 0.3642578125 0.41650390625
vt 0.3642578125 0.41455078125
vt 0.35693359375 0.41455078125
vt 0.3076171875 0.41650390625
vt 0.35693359375 0.41650390625
vt 0.35693359375 0.41455078125
vt 0.3076171875 0.41455078125
vt 0.41357421875 0.41650390625
vt 0.4208984375 0.41650390625
vt 0.4208984375 0.41455078125
vt 0.41357421875 0.41455078125
vt 0.3642578125 0.41650390625
vt 0.41357421875 0.41650390625
vt 0.41357421875 0.41455078125
vt 0.3642578125 0.41455078125
vt 0.3642578125 0.41650390625
vt 0.35693359375 0.41650390625
vt 0.35693359375 0.4658203125
vt 0.3642578125 0.4658203125
vt 0.37158203125 0.4658203125
vt 0.3642578125 0.4658203125
vt 0.3642578125 0.41650390625
vt 0.37158203125 0.41650390625
vn -0.6755902076156601 0 -0.7372773368101242
vn 0.7372773368101242 0 -0.6755902076156601
vn 0.6755902076156601 0 0.7372773368101242
vn -0.7372773368101242 0 0.6755902076156601
vn 0 1 0
vn 0 -1 0
usemtl m_9cf4343c-91f0-92da-4b25-54ec74dbc354
f 2028/6076/1519 2031/6075/1519 2029/6074/1519 2026/6073/1519
f 2027/6080/1520 2028/6079/1520 2026/6078/1520 2025/6077/1520
f 2032/6084/1521 2027/6083/1521 2025/6082/1521 2030/6081/1521
f 2031/6088/1522 2032/6087/1522 2030/6086/1522 2029/6085/1522
f 2030/6092/1523 2025/6091/1523 2026/6090/1523 2029/6089/1523
f 2031/6096/1524 2028/6095/1524 2027/6094/1524 2032/6093/1524
o cube
v -7.284254434460728 2.625 -13.080322930625607
v -7.477797939382344 2.625 -13.29153860287331
v -7.284254434460728 2.375 -13.080322930625607
v -7.477797939382344 2.375 -13.29153860287331
v -8.045912981639747 2.625 -12.770957079224624
v -7.852369476718131 2.625 -12.559741406976922
v -8.045912981639747 2.375 -12.770957079224624
v -7.852369476718131 2.375 -12.559741406976922
vt 0.2744140625 0.3798828125
vt 0.2802734375 0.3798828125
vt 0.2802734375 0.3779296875
vt 0.2744140625 0.3779296875
vt 0.2724609375 0.3798828125
vt 0.2744140625 0.3798828125
vt 0.2744140625 0.3779296875
vt 0.2724609375 0.3779296875
vt 0.2822265625 0.3798828125
vt 0.2880859375 0.3798828125
vt 0.2880859375 0.3779296875
vt 0.2822265625 0.3779296875
vt 0.2802734375 0.3798828125
vt 0.2822265625 0.3798828125
vt 0.2822265625 0.3779296875
vt 0.2802734375 0.3779296875
vt 0.2802734375 0.3798828125
vt 0.2744140625 0.3798828125
vt 0.2744140625 0.3818359375
vt 0.2802734375 0.3818359375
vt 0.2861328125 0.3818359375
vt 0.2802734375 0.3818359375
vt 0.2802734375 0.3798828125
vt 0.2861328125 0.3798828125
vn -0.6755902076156601 0 -0.7372773368101242
vn 0.7372773368101242 0 -0.6755902076156601
vn 0.6755902076156601 0 0.7372773368101242
vn -0.7372773368101242 0 0.6755902076156601
vn 0 1 0
vn 0 -1 0
usemtl m_9cf4343c-91f0-92da-4b25-54ec74dbc354
f 2036/6100/1525 2039/6099/1525 2037/6098/1525 2034/6097/1525
f 2035/6104/1526 2036/6103/1526 2034/6102/1526 2033/6101/1526
f 2040/6108/1527 2035/6107/1527 2033/6106/1527 2038/6105/1527
f 2039/6112/1528 2040/6111/1528 2038/6110/1528 2037/6109/1528
f 2038/6116/1529 2033/6115/1529 2034/6114/1529 2037/6113/1529
f 2039/6120/1530 2036/6119/1530 2035/6118/1530 2040/6117/1530
o cube
v -7.583406391706749 2.625 -11.582189113862619
v -7.794863095627212 2.625 -12.781419674443022
v -7.583406391706749 2.375 -11.582189113862619
v -7.794863095627212 2.375 -12.781419674443022
v -8.184411803894184 2.625 -12.712731726875424
v -7.972955099973722 2.625 -11.51350116629502
v -8.184411803894184 2.375 -12.712731726875424
v -7.972955099973722 2.375 -11.51350116629502
vt 0.51318359375 0.306640625
vt 0.51611328125 0.306640625
vt 0.51611328125 0.3046875
vt 0.51318359375 0.3046875
vt 0.50390625 0.306640625
vt 0.51318359375 0.306640625
vt 0.51318359375 0.3046875
vt 0.50390625 0.3046875
vt 0.525390625 0.306640625
vt 0.5283203125 0.306640625
vt 0.5283203125 0.3046875
vt 0.525390625 0.3046875
vt 0.51611328125 0.306640625
vt 0.525390625 0.306640625
vt 0.525390625 0.3046875
vt 0.51611328125 0.3046875
vt 0.51611328125 0.306640625
vt 0.51318359375 0.306640625
vt 0.51318359375 0.31591796875
vt 0.51611328125 0.31591796875
vt 0.51904296875 0.31591796875
vt 0.51611328125 0.31591796875
vt 0.51611328125 0.306640625
vt 0.51904296875 0.306640625
vn -0.17364817766693033 0 -0.984807753012208
vn 0.984807753012208 0 -0.17364817766693033
vn 0.17364817766693033 0 0.984807753012208
vn -0.984807753012208 0 0.17364817766693033
vn 0 1 0
vn 0 -1 0
usemtl m_9cf4343c-91f0-92da-4b25-54ec74dbc354
f 2044/6124/1531 2047/6123/1531 2045/6122/1531 2042/6121/1531
f 2043/6128/1532 2044/6127/1532 2042/6126/1532 2041/6125/1532
f 2048/6132/1533 2043/6131/1533 2041/6130/1533 2046/6129/1533
f 2047/6136/1534 2048/6135/1534 2046/6134/1534 2045/6133/1534
f 2046/6140/1535 2041/6139/1535 2042/6138/1535 2045/6137/1535
f 2047/6144/1536 2044/6143/1536 2043/6142/1536 2048/6141/1536
o cube
v -8.019348281837743 2.625 -12.586074439615109
v -7.2780408464150605 2.625 -13.552165098533795
v -8.019348281837743 2.375 -12.586074439615109
v -7.2780408464150605 2.375 -13.552165098533795
v -7.443104454858542 2.625 -13.678822860025669
v -8.184411890281226 2.625 -12.712732201106984
v -7.443104454858542 2.375 -13.678822860025669
v -8.184411890281226 2.375 -12.712732201106984
vt 0.18310546875 0.3154296875
vt 0.1845703125 0.3154296875
vt 0.1845703125 0.3134765625
vt 0.18310546875 0.3134765625
vt 0.173828125 0.3154296875
vt 0.18310546875 0.3154296875
vt 0.18310546875 0.3134765625
vt 0.173828125 0.3134765625
vt 0.19384765625 0.3154296875
vt 0.1953125 0.3154296875
vt 0.1953125 0.3134765625
vt 0.19384765625 0.3134765625
vt 0.1845703125 0.3154296875
vt 0.19384765625 0.3154296875
vt 0.19384765625 0.3134765625
vt 0.1845703125 0.3134765625
vt 0.1845703125 0.3154296875
vt 0.18310546875 0.3154296875
vt 0.18310546875 0.32470703125
vt 0.1845703125 0.32470703125
vt 0.18603515625 0.32470703125
vt 0.1845703125 0.32470703125
vt 0.1845703125 0.3154296875
vt 0.18603515625 0.3154296875
vn 0.6087614290087207 0 -0.7933533402912352
vn 0.7933533402912352 0 0.6087614290087207
vn -0.6087614290087207 0 0.7933533402912352
vn -0.7933533402912352 0 -0.6087614290087207
vn 0 1 0
vn 0 -1 0
usemtl m_9cf4343c-91f0-92da-4b25-54ec74dbc354
f 2052/6148/1537 2055/6147/1537 2053/6146/1537 2050/6145/1537
f 2051/6152/1538 2052/6151/1538 2050/6150/1538 2049/6149/1538
f 2056/6156/1539 2051/6155/1539 2049/6154/1539 2054/6153/1539
f 2055/6160/1540 2056/6159/1540 2054/6158/1540 2053/6157/1540
f 2054/6164/1541 2049/6163/1541 2050/6162/1541 2053/6161/1541
f 2055/6168/1542 2052/6167/1542 2051/6166/1542 2056/6165/1542
o cube
v -6.800508938851693 2.625 -13.014965869201705
v -7.285400720807561 2.625 -13.544132392948772
v -6.800508938851693 2.375 -13.014965869201705
v -7.285400720807561 2.375 -13.544132392948772
v -7.991755263716863 2.625 -12.896877705372152
v -7.506863481760995 2.625 -12.367711181625085
v -7.991755263716863 2.375 -12.896877705372152
v -7.506863481760995 2.375 -12.367711181625085
vt 0.67236328125 0.77587890625
vt 0.6796875 0.77587890625
vt 0.6796875 0.77392578125
vt 0.67236328125 0.77392578125
vt 0.6669921875 0.77587890625
vt 0.67236328125 0.77587890625
vt 0.67236328125 0.77392578125
vt 0.6669921875 0.77392578125
vt 0.68505859375 0.77587890625
vt 0.6923828125 0.77587890625
vt 0.6923828125 0.77392578125
vt 0.68505859375 0.77392578125
vt 0.6796875 0.77587890625
vt 0.68505859375 0.77587890625
vt 0.68505859375 0.77392578125
vt 0.6796875 0.77392578125
vt 0.6796875 0.77587890625
vt 0.67236328125 0.77587890625
vt 0.67236328125 0.78125
vt 0.6796875 0.78125
vt 0.68701171875 0.78125
vt 0.6796875 0.78125
vt 0.6796875 0.77587890625
vt 0.68701171875 0.77587890625
vn -0.6755902076156601 0 -0.7372773368101242
vn 0.7372773368101242 0 -0.6755902076156601
vn 0.6755902076156601 0 0.7372773368101242
vn -0.7372773368101242 0 0.6755902076156601
vn 0 1 0
vn 0 -1 0
usemtl m_9cf4343c-91f0-92da-4b25-54ec74dbc354
f 2060/6172/1543 2063/6171/1543 2061/6170/1543 2058/6169/1543
f 2059/6176/1544 2060/6175/1544 2058/6174/1544 2057/6173/1544
f 2064/6180/1545 2059/6179/1545 2057/6178/1545 2062/6177/1545
f 2063/6184/1546 2064/6183/1546 2062/6182/1546 2061/6181/1546
f 2062/6188/1547 2057/6187/1547 2058/6186/1547 2061/6185/1547
f 2063/6192/1548 2060/6191/1548 2059/6190/1548 2064/6189/1548
o cube
v 0.33950887356516635 2.625 -1.4261640423636859
v -2.8693177450377085 2.625 -8.307514932672836
v 0.33950887356516635 2.375 -1.4261640423636859
v -2.8693177450377085 2.375 -8.307514932672836
v -3.7376132841589405 2.625 -7.902622073238783
v -0.5287866655560656 2.625 -1.021271182929632
v -3.7376132841589405 2.375 -7.902622073238783
v -0.5287866655560656 2.375 -1.021271182929632
vt 0.52783203125 0.52734375
vt 0.53515625 0.52734375
vt 0.53515625 0.525390625
vt 0.52783203125 0.525390625
vt 0.46875 0.52734375
vt 0.52783203125 0.52734375
vt 0.52783203125 0.525390625
vt 0.46875 0.525390625
vt 0.59423828125 0.52734375
vt 0.6015625 0.52734375
vt 0.6015625 0.525390625
vt 0.59423828125 0.525390625
vt 0.53515625 0.52734375
vt 0.59423828125 0.52734375
vt 0.59423828125 0.525390625
vt 0.53515625 0.525390625
vt 0.53515625 0.52734375
vt 0.52783203125 0.52734375
vt 0.52783203125 0.58642578125
vt 0.53515625 0.58642578125
vt 0.54248046875 0.58642578125
vt 0.53515625 0.58642578125
vt 0.53515625 0.52734375
vt 0.54248046875 0.52734375
vn -0.42261826174069944 0 -0.9063077870366499
vn 0.9063077870366499 0 -0.42261826174069944
vn 0.42261826174069944 0 0.9063077870366499
vn -0.9063077870366499 0 0.42261826174069944
vn 0 1 0
vn 0 -1 0
usemtl m_9cf4343c-91f0-92da-4b25-54ec74dbc354
f 2068/6196/1549 2071/6195/1549 2069/6194/1549 2066/6193/1549
f 2067/6200/1550 2068/6199/1550 2066/6198/1550 2065/6197/1550
f 2072/6204/1551 2067/6203/1551 2065/6202/1551 2070/6201/1551
f 2071/6208/1552 2072/6207/1552 2070/6206/1552 2069/6205/1552
f 2070/6212/1553 2065/6211/1553 2066/6210/1553 2069/6209/1553
f 2071/6216/1554 2068/6215/1554 2067/6214/1554 2072/6213/1554
o cube
v 6.680873330415941 2.625 -9.186285247097143
v 7.670954074880144 2.625 -11.309520255463882
v 6.680873330415941 2.375 -9.186285247097143
v 7.670954074880144 2.375 -11.309520255463882
v 7.085879719207864 2.625 -11.582344908103968
v 6.095798974743661 2.625 -9.459109899737228
v 7.085879719207864 2.375 -11.582344908103968
v 6.095798974743661 2.375 -9.459109899737228
vt 0.26220703125 0.6181640625
vt 0.26708984375 0.6181640625
vt 0.26708984375 0.6162109375
vt 0.26220703125 0.6162109375
vt 0.244140625 0.6181640625
vt 0.26220703125 0.6181640625
vt 0.26220703125 0.6162109375
vt 0.244140625 0.6162109375
vt 0.28515625 0.6181640625
vt 0.2900390625 0.6181640625
vt 0.2900390625 0.6162109375
vt 0.28515625 0.6162109375
vt 0.26708984375 0.6181640625
vt 0.28515625 0.6181640625
vt 0.28515625 0.6162109375
vt 0.26708984375 0.6162109375
vt 0.26708984375 0.6181640625
vt 0.26220703125 0.6181640625
vt 0.26220703125 0.63623046875
vt 0.26708984375 0.63623046875
vt 0.27197265625 0.63623046875
vt 0.26708984375 0.63623046875
vt 0.26708984375 0.6181640625
vt 0.27197265625 0.6181640625
vn 0.42261826174069944 0 -0.9063077870366499
vn 0.9063077870366499 0 0.42261826174069944
vn -0.42261826174069944 0 0.9063077870366499
vn -0.9063077870366499 0 -0.42261826174069944
vn 0 1 0
vn 0 -1 0
usemtl m_9cf4343c-91f0-92da-4b25-54ec74dbc354
f 2076/6220/1555 2079/6219/1555 2077/6218/1555 2074/6217/1555
f 2075/6224/1556 2076/6223/1556 2074/6222/1556 2073/6221/1556
f 2080/6228/1557 2075/6227/1557 2073/6226/1557 2078/6225/1557
f 2079/6232/1558 2080/6231/1558 2078/6230/1558 2077/6229/1558
f 2078/6236/1559 2073/6235/1559 2074/6234/1559 2077/6233/1559
f 2079/6240/1560 2076/6239/1560 2075/6238/1560 2080/6237/1560
o cube
v -6.095798974743661 2.625 -9.459109899737228
v -7.085879719207864 2.625 -11.582344908103968
v -6.095798974743661 2.375 -9.459109899737228
v -7.085879719207864 2.375 -11.582344908103968
v -7.727598311569934 2.625 -11.283106614105089
v -6.737517567105731 2.625 -9.15987160573835
v -7.727598311569934 2.375 -11.283106614105089
v -6.737517567105731 2.375 -9.15987160573835
vt 0.26220703125 0.63818359375
vt 0.267578125 0.63818359375
vt 0.267578125 0.63623046875
vt 0.26220703125 0.63623046875
vt 0.244140625 0.63818359375
vt 0.26220703125 0.63818359375
vt 0.26220703125 0.63623046875
vt 0.244140625 0.63623046875
vt 0.28564453125 0.63818359375
vt 0.291015625 0.63818359375
vt 0.291015625 0.63623046875
vt 0.28564453125 0.63623046875
vt 0.267578125 0.63818359375
vt 0.28564453125 0.63818359375
vt 0.28564453125 0.63623046875
vt 0.267578125 0.63623046875
vt 0.267578125 0.63818359375
vt 0.26220703125 0.63818359375
vt 0.26220703125 0.65625
vt 0.267578125 0.65625
vt 0.27294921875 0.65625
vt 0.267578125 0.65625
vt 0.267578125 0.63818359375
vt 0.27294921875 0.63818359375
vn -0.42261826174069944 0 -0.9063077870366499
vn 0.9063077870366499 0 -0.42261826174069944
vn 0.42261826174069944 0 0.9063077870366499
vn -0.9063077870366499 0 0.42261826174069944
vn 0 1 0
vn 0 -1 0
usemtl m_9cf4343c-91f0-92da-4b25-54ec74dbc354
f 2084/6244/1561 2087/6243/1561 2085/6242/1561 2082/6241/1561
f 2083/6248/1562 2084/6247/1562 2082/6246/1562 2081/6245/1562
f 2088/6252/1563 2083/6251/1563 2081/6250/1563 2086/6249/1563
f 2087/6256/1564 2088/6255/1564 2086/6254/1564 2085/6253/1564
f 2086/6260/1565 2081/6259/1565 2082/6258/1565 2085/6257/1565
f 2087/6264/1566 2084/6263/1566 2083/6262/1566 2088/6261/1566
o cube
v -2.7933441493012707 3.4090651809491797 -7.396246032408757
v -2.7309718455104264 3.3977315232253718 -7.7341000044475985
v -2.74344319407504 3.3729064119490717 -7.385820674289894
v -2.6810708902841958 3.3615727542252642 -7.723674646328735
v -2.8242658296423553 3.2652961114664647 -7.74688062403508
v -2.8866381334332 3.2766297691902726 -7.409026651996238
v -2.7743648744161247 3.229137342466357 -7.7364552659162165
v -2.8367371782069695 3.2404710001901647 -7.398601293877375
vt 0.40576171875 0.30126953125
vt 0.40673828125 0.30126953125
vt 0.40673828125 0.30078125
vt 0.40576171875 0.30078125
vt 0.4033203125 0.30126953125
vt 0.40576171875 0.30126953125
vt 0.40576171875 0.30078125
vt 0.4033203125 0.30078125
vt 0.4091796875 0.30126953125
vt 0.41015625 0.30126953125
vt 0.41015625 0.30078125
vt 0.4091796875 0.30078125
vt 0.40673828125 0.30126953125
vt 0.4091796875 0.30126953125
vt 0.4091796875 0.30078125
vt 0.40673828125 0.30078125
vt 0.40673828125 0.30126953125
vt 0.40576171875 0.30126953125
vt 0.40576171875 0.3037109375
vt 0.40673828125 0.3037109375
vt 0.40771484375 0.3037109375
vt 0.40673828125 0.3037109375
vt 0.40673828125 0.30126953125
vt 0.40771484375 0.30126953125
vn 0.18144670193700238 -0.03297064065107745 -0.9828479186584476
vn 0.5741168254272583 0.814987149285585 0.07864996669219165
vn -0.18144670193700238 0.03297064065107745 0.9828479186584476
vn -0.5741168254272583 -0.814987149285585 -0.07864996669219165
vn -0.7984152836196912 0.5785403040017293 -0.1668057299018082
vn 0.7984152836196912 -0.5785403040017293 0.1668057299018082
usemtl m_9cf4343c-91f0-92da-4b25-54ec74dbc354
f 2092/6268/1567 2095/6267/1567 2093/6266/1567 2090/6265/1567
f 2091/6272/1568 2092/6271/1568 2090/6270/1568 2089/6269/1568
f 2096/6276/1569 2091/6275/1569 2089/6274/1569 2094/6273/1569
f 2095/6280/1570 2096/6279/1570 2094/6278/1570 2093/6277/1570
f 2094/6284/1571 2089/6283/1571 2090/6282/1571 2093/6281/1571
f 2095/6288/1572 2092/6287/1572 2091/6286/1572 2096/6285/1572
o cube
v 2.8866381334332 3.2766297691902726 -7.409026651996238
v 2.8242658296423553 3.2652961114664647 -7.74688062403508
v 2.8367371782069695 3.2404710001901647 -7.398601293877375
v 2.7743648744161247 3.229137342466357 -7.7364552659162165
v 2.7309718455104264 3.3977315232253718 -7.7341000044475985
v 2.7933441493012707 3.4090651809491797 -7.396246032408757
v 2.6810708902841958 3.3615727542252642 -7.723674646328735
v 2.74344319407504 3.3729064119490717 -7.385820674289894
vt 0.41259765625 0.30126953125
vt 0.41357421875 0.30126953125
vt 0.41357421875 0.30078125
vt 0.41259765625 0.30078125
vt 0.41015625 0.30126953125
vt 0.41259765625 0.30126953125
vt 0.41259765625 0.30078125
vt 0.41015625 0.30078125
vt 0.416015625 0.30126953125
vt 0.4169921875 0.30126953125
vt 0.4169921875 0.30078125
vt 0.416015625 0.30078125
vt 0.41357421875 0.30126953125
vt 0.416015625 0.30126953125
vt 0.416015625 0.30078125
vt 0.41357421875 0.30078125
vt 0.41357421875 0.30126953125
vt 0.41259765625 0.30126953125
vt 0.41259765625 0.3037109375
vt 0.41357421875 0.3037109375
vt 0.41455078125 0.3037109375
vt 0.41357421875 0.3037109375
vt 0.41357421875 0.30126953125
vt 0.41455078125 0.30126953125
vn -0.18144670193700238 -0.03297064065107745 -0.9828479186584476
vn 0.5741168254272583 -0.814987149285585 -0.07864996669219165
vn 0.18144670193700238 0.03297064065107745 0.9828479186584476
vn -0.5741168254272583 0.814987149285585 0.07864996669219165
vn 0.7984152836196912 0.5785403040017293 -0.1668057299018082
vn -0.7984152836196912 -0.5785403040017293 0.1668057299018082
usemtl m_9cf4343c-91f0-92da-4b25-54ec74dbc354
f 2100/6292/1573 2103/6291/1573 2101/6290/1573 2098/6289/1573
f 2099/6296/1574 2100/6295/1574 2098/6294/1574 2097/6293/1574
f 2104/6300/1575 2099/6299/1575 2097/6298/1575 2102/6297/1575
f 2103/6304/1576 2104/6303/1576 2102/6302/1576 2101/6301/1576
f 2102/6308/1577 2097/6307/1577 2098/6306/1577 2101/6305/1577
f 2103/6312/1578 2100/6311/1578 2099/6310/1578 2104/6309/1578
o cube
v 2.9319998089174506 3.284872429353042 -7.1633146723316266
v 2.8752977145621372 3.27456910414958 -7.470454646912391
v 2.88209885369122 3.248713660352934 -7.152889314212763
v 2.8253967593359066 3.2384103351494726 -7.460029288793528
v 2.5667099208949864 3.7126246968905816 -7.428180289815338
v 2.6234120152502993 3.7229280220940435 -7.121040315234573
v 2.516808965668756 3.676465927890474 -7.417754931696475
v 2.5735110600240687 3.6867692530939355 -7.110614957115711
vt 0.60888671875 0.849609375
vt 0.61279296875 0.849609375
vt 0.61279296875 0.84912109375
vt 0.60888671875 0.84912109375
vt 0.6064453125 0.849609375
vt 0.60888671875 0.849609375
vt 0.60888671875 0.84912109375
vt 0.6064453125 0.84912109375
vt 0.615234375 0.849609375
vt 0.619140625 0.849609375
vt 0.619140625 0.84912109375
vt 0.615234375 0.84912109375
vt 0.61279296875 0.849609375
vt 0.615234375 0.849609375
vt 0.615234375 0.84912109375
vt 0.61279296875 0.84912109375
vt 0.61279296875 0.849609375
vt 0.60888671875 0.849609375
vt 0.60888671875 0.85205078125
vt 0.61279296875 0.85205078125
vt 0.61669921875 0.85205078125
vt 0.61279296875 0.85205078125
vt 0.61279296875 0.849609375
vt 0.61669921875 0.849609375
vn -0.18144670193700238 -0.03297064065107745 -0.9828479186584476
vn 0.5741168254272583 -0.814987149285585 -0.07864996669219165
vn 0.18144670193700238 0.03297064065107745 0.9828479186584476
vn -0.5741168254272583 0.814987149285585 0.07864996669219165
vn 0.7984152836196912 0.5785403040017293 -0.1668057299018082
vn -0.7984152836196912 -0.5785403040017293 0.1668057299018082
usemtl m_9cf4343c-91f0-92da-4b25-54ec74dbc354
f 2108/6316/1579 2111/6315/1579 2109/6314/1579 2106/6313/1579
f 2107/6320/1580 2108/6319/1580 2106/6318/1580 2105/6317/1580
f 2112/6324/1581 2107/6323/1581 2105/6322/1581 2110/6321/1581
f 2111/6328/1582 2112/6327/1582 2110/6326/1582 2109/6325/1582
f 2110/6332/1583 2105/6331/1583 2106/6330/1583 2109/6329/1583
f 2111/6336/1584 2108/6335/1584 2107/6334/1584 2112/6333/1584
o cube
v 3.147293618452672 2.979252248370948 -7.192808409841198
v 2.8524427278050433 2.9256749573129475 -8.789936277661175
v 3.0973926632264415 2.94309347937084 -7.182383051722335
v 2.8025417725788127 2.8895161883128395 -8.77951091954231
v 2.6156195373162996 3.2618571563932504 -8.757493166400646
v 2.9104704279639284 3.3154344474512514 -7.160365298580668
v 2.565718582090069 3.225698387393143 -8.747067808281782
v 2.860569472737698 3.2792756784511434 -7.149939940461806
vt 0.5419921875 0.310546875
vt 0.544921875 0.310546875
vt 0.544921875 0.31005859375
vt 0.5419921875 0.31005859375
vt 0.529296875 0.310546875
vt 0.5419921875 0.310546875
vt 0.5419921875 0.31005859375
vt 0.529296875 0.31005859375
vt 0.5576171875 0.310546875
vt 0.560546875 0.310546875
vt 0.560546875 0.31005859375
vt 0.5576171875 0.31005859375
vt 0.544921875 0.310546875
vt 0.5576171875 0.310546875
vt 0.5576171875 0.31005859375
vt 0.544921875 0.31005859375
vt 0.544921875 0.310546875
vt 0.5419921875 0.310546875
vt 0.5419921875 0.3232421875
vt 0.544921875 0.3232421875
vt 0.5478515625 0.3232421875
vt 0.544921875 0.3232421875
vt 0.544921875 0.310546875
vt 0.5478515625 0.310546875
vn -0.18144670193700238 -0.03297064065107745 -0.9828479186584476
vn 0.5741168254272583 -0.814987149285585 -0.07864996669219165
vn 0.18144670193700238 0.03297064065107745 0.9828479186584476
vn -0.5741168254272583 0.814987149285585 0.07864996669219165
vn 0.7984152836196912 0.5785403040017293 -0.1668057299018082
vn -0.7984152836196912 -0.5785403040017293 0.1668057299018082
usemtl m_9cf4343c-91f0-92da-4b25-54ec74dbc354
f 2116/6340/1585 2119/6339/1585 2117/6338/1585 2114/6337/1585
f 2115/6344/1586 2116/6343/1586 2114/6342/1586 2113/6341/1586
f 2120/6348/1587 2115/6347/1587 2113/6346/1587 2118/6345/1587
f 2119/6352/1588 2120/6351/1588 2118/6350/1588 2117/6349/1588
f 2118/6356/1589 2113/6355/1589 2114/6354/1589 2117/6353/1589
f 2119/6360/1590 2116/6359/1590 2115/6358/1590 2120/6357/1590
o cube
v 2.828268152303008 3.423181883987159 -7.180117645185469
v 2.897754489521973 2.59079789745865 -9.73451870960562
v 2.7783672028449082 3.3870231077321606 -7.169692284619946
v 2.8478535400638734 2.5546391212036514 -9.724093349040096
v 2.6345755357742613 2.9209182055666396 -9.849251749654883
v 2.565089198555296 3.753302192095149 -7.2948506852347315
v 2.5846745863161615 2.884759429311641 -9.838826389089359
v 2.5151882490971964 3.7171434158401504 -7.284425324669209
vt 0.26513671875 0.67822265625
vt 0.2685546875 0.67822265625
vt 0.2685546875 0.677734375
vt 0.26513671875 0.677734375
vt 0.244140625 0.67822265625
vt 0.26513671875 0.67822265625
vt 0.26513671875 0.677734375
vt 0.244140625 0.677734375
vt 0.28955078125 0.67822265625
vt 0.29296875 0.67822265625
vt 0.29296875 0.677734375
vt 0.28955078125 0.677734375
vt 0.2685546875 0.67822265625
vt 0.28955078125 0.67822265625
vt 0.28955078125 0.677734375
vt 0.2685546875 0.677734375
vt 0.2685546875 0.67822265625
vt 0.26513671875 0.67822265625
vt 0.26513671875 0.69921875
vt 0.2685546875 0.69921875
vt 0.27197265625 0.69921875
vt 0.2685546875 0.69921875
vt 0.2685546875 0.67822265625
vt 0.27197265625 0.67822265625
vn 0.02585538129077778 -0.3097242740571198 -0.9504748146679631
vn 0.6015518942804841 -0.7545607042468336 0.26224694868402887
vn -0.02585538129077778 0.3097242740571198 0.9504748146679631
vn -0.6015518942804841 0.7545607042468336 -0.26224694868402887
vn 0.7984151913295924 0.5785404200799739 -0.16680576904836847
vn -0.7984151913295924 -0.5785404200799739 0.16680576904836847
usemtl m_9cf4343c-91f0-92da-4b25-54ec74dbc354
f 2124/6364/1591 2127/6363/1591 2125/6362/1591 2122/6361/1591
f 2123/6368/1592 2124/6367/1592 2122/6366/1592 2121/6365/1592
f 2128/6372/1593 2123/6371/1593 2121/6370/1593 2126/6369/1593
f 2127/6376/1594 2128/6375/1594 2126/6374/1594 2125/6373/1594
f 2126/6380/1595 2121/6379/1595 2122/6378/1595 2125/6377/1595
f 2127/6384/1596 2124/6383/1596 2123/6382/1596 2128/6381/1596
o cube
v 3.398469729577098 2.622695370558505 -7.227217770269031
v 2.842789204895028 2.5217227835645804 -10.237189521160527
v 3.348568774350867 2.5865366015583966 -7.216792412150168
v 2.7928882496687972 2.4855640145644724 -10.226764163041663
v 2.5700837128170804 2.9088416794752328 -10.199830786981735
v 3.1257642374991503 3.0098142664691574 -7.18985903609024
v 2.5201827575908498 2.872682910475125 -10.189405428862873
v 3.0758632822729197 2.973655497469049 -7.179433677971377
vt 0.67138671875 0.4189453125
vt 0.6748046875 0.4189453125
vt 0.6748046875 0.41845703125
vt 0.67138671875 0.41845703125
vt 0.6474609375 0.4189453125
vt 0.67138671875 0.4189453125
vt 0.67138671875 0.41845703125
vt 0.6474609375 0.41845703125
vt 0.69873046875 0.4189453125
vt 0.7021484375 0.4189453125
vt 0.7021484375 0.41845703125
vt 0.69873046875 0.41845703125
vt 0.6748046875 0.4189453125
vt 0.69873046875 0.4189453125
vt 0.69873046875 0.41845703125
vt 0.6748046875 0.41845703125
vt 0.6748046875 0.4189453125
vt 0.67138671875 0.4189453125
vt 0.67138671875 0.44287109375
vt 0.6748046875 0.44287109375
vt 0.67822265625 0.44287109375
vt 0.6748046875 0.44287109375
vt 0.6748046875 0.4189453125
vt 0.67822265625 0.4189453125
vn -0.18144670193700238 -0.03297064065107745 -0.9828479186584476
vn 0.5741168254272583 -0.814987149285585 -0.07864996669219165
vn 0.18144670193700238 0.03297064065107745 0.9828479186584476
vn -0.5741168254272583 0.814987149285585 0.07864996669219165
vn 0.7984152836196912 0.5785403040017293 -0.1668057299018082
vn -0.7984152836196912 -0.5785403040017293 0.1668057299018082
usemtl m_9cf4343c-91f0-92da-4b25-54ec74dbc354
f 2132/6388/1597 2135/6387/1597 2133/6386/1597 2130/6385/1597
f 2131/6392/1598 2132/6391/1598 2130/6390/1598 2129/6389/1598
f 2136/6396/1599 2131/6395/1599 2129/6394/1599 2134/6393/1599
f 2135/6400/1600 2136/6399/1600 2134/6398/1600 2133/6397/1600
f 2134/6404/1601 2129/6403/1601 2130/6402/1601 2133/6401/1601
f 2135/6408/1602 2132/6407/1602 2131/6406/1602 2136/6405/1602
o cube
v 0.6617259567261131 3.214510562313869 1.7057636274012866
v 0.6617259408031804 3.536890350840416 1.1997287748964633
v 0.3146338799058112 2.9898874739879635 1.562662934183182
v 0.31463386398287835 3.3122672625145104 1.056628081678359
v 0.28125002987977005 3.955082459461301 1.4661465698993856
v 0.2812500458027029 3.632702670934754 1.972181422404209
v -0.06584204694053186 3.7304593711353955 1.3230458766812814
v -0.06584203101759911 3.4080795826088486 1.8290807291861044
vt 0.04931640625 0.30419921875
vt 0.05419921875 0.30419921875
vt 0.05419921875 0.30078125
vt 0.04931640625 0.30078125
vt 0.044921875 0.30419921875
vt 0.04931640625 0.30419921875
vt 0.04931640625 0.30078125
vt 0.044921875 0.30078125
vt 0.05859375 0.30419921875
vt 0.0634765625 0.30419921875
vt 0.0634765625 0.30078125
vt 0.05859375 0.30078125
vt 0.05419921875 0.30419921875
vt 0.05859375 0.30419921875
vt 0.05859375 0.30078125
vt 0.05419921875 0.30078125
vt 0.05419921875 0.30419921875
vt 0.04931640625 0.30419921875
vt 0.04931640625 0.30859375
vt 0.05419921875 0.30859375
vt 0.05908203125 0.30859375
vt 0.05419921875 0.30859375
vt 0.05419921875 0.30419921875
vt 0.05908203125 0.30419921875
vn -2.653822137044238e-8 0.5372996475442454 -0.8433914208413726
vn 0.6087614574774566 -0.6691073737934159 -0.4262684720046759
vn 2.653822137044238e-8 -0.5372996475442454 0.8433914208413726
vn -0.6087614574774566 0.6691073737934159 0.4262684720046759
vn 0.7933533184464047 0.5134242018877838 0.3270872987842389
vn -0.7933533184464047 -0.5134242018877838 -0.3270872987842389
usemtl m_9cf4343c-91f0-92da-4b25-54ec74dbc354
f 2140/6412/1603 2143/6411/1603 2141/6410/1603 2138/6409/1603
f 2139/6416/1604 2140/6415/1604 2138/6414/1604 2137/6413/1604
f 2144/6420/1605 2139/6419/1605 2137/6418/1605 2142/6417/1605
f 2143/6424/1606 2144/6423/1606 2142/6422/1606 2141/6421/1606
f 2142/6428/1607 2137/6427/1607 2138/6426/1607 2141/6425/1607
f 2143/6432/1608 2140/6431/1608 2139/6430/1608 2144/6429/1608
o cube
v 0.661725625 3.315254290138132 1.5476279419590258
v 0.661725625 3.5368903785811967 1.1997289705612104
v 0.661725625 2.7881346365050783 1.211815686742261
v 0.661725625 3.0097707249481434 0.8639167153444455
v 0.286725625 3.5368903785811967 1.1997289705612104
v 0.286725625 3.315254290138132 1.5476279419590258
v 0.286725625 3.0097707249481434 0.8639167153444455
v 0.286725625 2.7881346365050783 1.211815686742261
vt 0.0625 0.35400390625
vt 0.0654296875 0.35400390625
vt 0.0654296875 0.34912109375
vt 0.0625 0.34912109375
vt 0.0595703125 0.35400390625
vt 0.0625 0.35400390625
vt 0.0625 0.34912109375
vt 0.0595703125 0.34912109375
vt 0.068359375 0.35400390625
vt 0.0712890625 0.35400390625
vt 0.0712890625 0.34912109375
vt 0.068359375 0.34912109375
vt 0.0654296875 0.35400390625
vt 0.068359375 0.35400390625
vt 0.068359375 0.34912109375
vt 0.0654296875 0.34912109375
vt 0.0654296875 0.35400390625
vt 0.0625 0.35400390625
vt 0.0625 0.35693359375
vt 0.0654296875 0.35693359375
vt 0.068359375 0.35693359375
vt 0.0654296875 0.35693359375
vt 0.0654296875 0.35400390625
vt 0.068359375 0.35400390625
vn 0 0.5372996083468239 -0.8433914458128857
vn 1 0 0
vn 0 -0.5372996083468239 0.8433914458128857
vn -1 0 0
vn 0 0.8433914458128857 0.5372996083468239
vn 0 -0.8433914458128857 -0.5372996083468239
usemtl m_9cf4343c-91f0-92da-4b25-54ec74dbc354
f 2148/6436/1609 2151/6435/1609 2149/6434/1609 2146/6433/1609
f 2147/6440/1610 2148/6439/1610 2146/6438/1610 2145/6437/1610
f 2152/6444/1611 2147/6443/1611 2145/6442/1611 2150/6441/1611
f 2151/6448/1612 2152/6447/1612 2150/6446/1612 2149/6445/1612
f 2150/6452/1613 2145/6451/1613 2146/6450/1613 2149/6449/1613
f 2151/6456/1614 2148/6455/1614 2147/6454/1614 2152/6453/1614
o cube
v -0.286725625 3.315254290138132 1.5476279419590258
v -0.286725625 3.5368903785811967 1.1997289705612104
v -0.286725625 2.7881346365050783 1.211815686742261
v -0.286725625 3.0097707249481434 0.8639167153444455
v -0.661725625 3.5368903785811967 1.1997289705612104
v -0.661725625 3.315254290138132 1.5476279419590258
v -0.661725625 3.0097707249481434 0.8639167153444455
v -0.661725625 2.7881346365050783 1.211815686742261
vt 0.029296875 0.31884765625
vt 0.0322265625 0.31884765625
vt 0.0322265625 0.31396484375
vt 0.029296875 0.31396484375
vt 0.0263671875 0.31884765625
vt 0.029296875 0.31884765625
vt 0.029296875 0.31396484375
vt 0.0263671875 0.31396484375
vt 0.03515625 0.31884765625
vt 0.0380859375 0.31884765625
vt 0.0380859375 0.31396484375
vt 0.03515625 0.31396484375
vt 0.0322265625 0.31884765625
vt 0.03515625 0.31884765625
vt 0.03515625 0.31396484375
vt 0.0322265625 0.31396484375
vt 0.0322265625 0.31884765625
vt 0.029296875 0.31884765625
vt 0.029296875 0.32177734375
vt 0.0322265625 0.32177734375
vt 0.03515625 0.32177734375
vt 0.0322265625 0.32177734375
vt 0.0322265625 0.31884765625
vt 0.03515625 0.31884765625
vn 0 0.5372996083468239 -0.8433914458128857
vn 1 0 0
vn 0 -0.5372996083468239 0.8433914458128857
vn -1 0 0
vn 0 0.8433914458128857 0.5372996083468239
vn 0 -0.8433914458128857 -0.5372996083468239
usemtl m_9cf4343c-91f0-92da-4b25-54ec74dbc354
f 2156/6460/1615 2159/6459/1615 2157/6458/1615 2154/6457/1615
f 2155/6464/1616 2156/6463/1616 2154/6462/1616 2153/6461/1616
f 2160/6468/1617 2155/6467/1617 2153/6466/1617 2158/6465/1617
f 2159/6472/1618 2160/6471/1618 2158/6470/1618 2157/6469/1618
f 2158/6476/1619 2153/6475/1619 2154/6474/1619 2157/6473/1619
f 2159/6480/1620 2156/6479/1620 2155/6478/1620 2160/6477/1620
o cube
v -0.2812500458027029 3.632702670934754 1.972181422404209
v -0.28125002987977005 3.955082459461301 1.4661465698993856
v 0.06584203101759911 3.4080795826088486 1.8290807291861044
v 0.06584204694053186 3.7304593711353955 1.3230458766812814
v -0.6617259408031804 3.536890350840416 1.1997287748964633
v -0.6617259567261131 3.214510562313869 1.7057636274012866
v -0.31463386398287835 3.3122672625145104 1.056628081678359
v -0.3146338799058112 2.9898874739879635 1.562662934183182
vt 0.00439453125 0.30322265625
vt 0.00927734375 0.30322265625
vt 0.00927734375 0.2998046875
vt 0.00439453125 0.2998046875
vt 0 0.30322265625
vt 0.00439453125 0.30322265625
vt 0.00439453125 0.2998046875
vt 0 0.2998046875
vt 0.013671875 0.30322265625
vt 0.0185546875 0.30322265625
vt 0.0185546875 0.2998046875
vt 0.013671875 0.2998046875
vt 0.00927734375 0.30322265625
vt 0.013671875 0.30322265625
vt 0.013671875 0.2998046875
vt 0.00927734375 0.2998046875
vt 0.00927734375 0.30322265625
vt 0.00439453125 0.30322265625
vt 0.00439453125 0.3076171875
vt 0.00927734375 0.3076171875
vt 0.01416015625 0.3076171875
vt 0.00927734375 0.3076171875
vt 0.00927734375 0.30322265625
vt 0.01416015625 0.30322265625
vn 2.653822137044238e-8 0.5372996475442454 -0.8433914208413726
vn 0.6087614574774566 0.6691073737934159 0.4262684720046759
vn -2.653822137044238e-8 -0.5372996475442454 0.8433914208413726
vn -0.6087614574774566 -0.6691073737934159 -0.4262684720046759
vn -0.7933533184464047 0.5134242018877838 0.3270872987842389
vn 0.7933533184464047 -0.5134242018877838 -0.3270872987842389
usemtl m_9cf4343c-91f0-92da-4b25-54ec74dbc354
f 2164/6484/1621 2167/6483/1621 2165/6482/1621 2162/6481/1621
f 2163/6488/1622 2164/6487/1622 2162/6486/1622 2161/6485/1622
f 2168/6492/1623 2163/6491/1623 2161/6490/1623 2166/6489/1623
f 2167/6496/1624 2168/6495/1624 2166/6494/1624 2165/6493/1624
f 2166/6500/1625 2161/6499/1625 2162/6498/1625 2165/6497/1625
f 2167/6504/1626 2164/6503/1626 2163/6502/1626 2168/6501/1626
o cube
v 0.7906313074049427 2.625 3.4453795347261638
v 6.772890268681158 2.625 -9.383616208011002
v 0.7906313074049427 2.375 3.4453795347261638
v 6.772890268681158 2.375 -9.383616208011002
v 5.394796599351809 2.625 -10.0262318396742
v -0.5874623619244052 2.625 2.8027639030629663
v 5.394796599351809 2.375 -10.0262318396742
v -0.5874623619244052 2.375 2.8027639030629663
vt 0.1103515625 0.5888671875
vt 0.1220703125 0.5888671875
vt 0.1220703125 0.5869140625
vt 0.1103515625 0.5869140625
vt 0 0.5888671875
vt 0.1103515625 0.5888671875
vt 0.1103515625 0.5869140625
vt 0 0.5869140625
vt 0.232421875 0.5888671875
vt 0.244140625 0.5888671875
vt 0.244140625 0.5869140625
vt 0.232421875 0.5869140625
vt 0.1220703125 0.5888671875
vt 0.232421875 0.5888671875
vt 0.232421875 0.5869140625
vt 0.1220703125 0.5869140625
vt 0.1220703125 0.5888671875
vt 0.1103515625 0.5888671875
vt 0.1103515625 0.69921875
vt 0.1220703125 0.69921875
vt 0.1337890625 0.69921875
vt 0.1220703125 0.69921875
vt 0.1220703125 0.5888671875
vt 0.1337890625 0.5888671875
vn 0.42261826174069944 0 -0.9063077870366499
vn 0.9063077870366499 0 0.42261826174069944
vn -0.42261826174069944 0 0.9063077870366499
vn -0.9063077870366499 0 -0.42261826174069944
vn 0 1 0
vn 0 -1 0
usemtl m_9cf4343c-91f0-92da-4b25-54ec74dbc354
f 2172/6508/1627 2175/6507/1627 2173/6506/1627 2170/6505/1627
f 2171/6512/1628 2172/6511/1628 2170/6510/1628 2169/6509/1628
f 2176/6516/1629 2171/6515/1629 2169/6514/1629 2174/6513/1629
f 2175/6520/1630 2176/6519/1630 2174/6518/1630 2173/6517/1630
f 2174/6524/1631 2169/6523/1631 2170/6522/1631 2173/6521/1631
f 2175/6528/1632 2172/6527/1632 2171/6526/1632 2176/6525/1632
o cube
v 0.661725625 3.3122787500000004 -0.7167962499999996
v 0.661725625 2.8997787500000003 -0.7167962499999998
v 0.661725625 3.31227875 1.0957037500000002
v 0.661725625 2.89977875 1.0957037500000002
v 0.286725625 2.8997787500000003 -0.7167962499999998
v 0.286725625 3.3122787500000004 -0.7167962499999996
v 0.286725625 2.89977875 1.0957037500000002
v 0.286725625 3.31227875 1.0957037500000002
vt 0.099609375 0.4482421875
vt 0.1025390625 0.4482421875
vt 0.1025390625 0.43408203125
vt 0.099609375 0.43408203125
vt 0.0966796875 0.4482421875
vt 0.099609375 0.4482421875
vt 0.099609375 0.43408203125
vt 0.0966796875 0.43408203125
vt 0.10546875 0.4482421875
vt 0.1083984375 0.4482421875
vt 0.1083984375 0.43408203125
vt 0.10546875 0.43408203125
vt 0.1025390625 0.4482421875
vt 0.10546875 0.4482421875
vt 0.10546875 0.43408203125
vt 0.1025390625 0.43408203125
vt 0.1025390625 0.4482421875
vt 0.099609375 0.4482421875
vt 0.099609375 0.451171875
vt 0.1025390625 0.451171875
vt 0.10546875 0.451171875
vt 0.1025390625 0.451171875
vt 0.1025390625 0.4482421875
vt 0.10546875 0.4482421875
vn 0 -1 -2.220446049250313e-16
vn 1 0 0
vn 0 1 2.220446049250313e-16
vn -1 0 0
vn 0 2.220446049250313e-16 -1
vn 0 -2.220446049250313e-16 1
usemtl m_9cf4343c-91f0-92da-4b25-54ec74dbc354
f 2180/6532/1633 2183/6531/1633 2181/6530/1633 2178/6529/1633
f 2179/6536/1634 2180/6535/1634 2178/6534/1634 2177/6533/1634
f 2184/6540/1635 2179/6539/1635 2177/6538/1635 2182/6537/1635
f 2183/6544/1636 2184/6543/1636 2182/6542/1636 2181/6541/1636
f 2182/6548/1637 2177/6547/1637 2178/6546/1637 2181/6545/1637
f 2183/6552/1638 2180/6551/1638 2179/6550/1638 2184/6549/1638
o cube
v -0.286725625 3.3122787500000004 -0.7167962499999996
v -0.286725625 2.8997787500000003 -0.7167962499999998
v -0.286725625 3.31227875 1.0957037500000002
v -0.286725625 2.89977875 1.0957037500000002
v -0.661725625 2.8997787500000003 -0.7167962499999998
v -0.661725625 3.3122787500000004 -0.7167962499999996
v -0.661725625 2.89977875 1.0957037500000002
v -0.661725625 3.31227875 1.0957037500000002
vt 0.099609375 0.43115234375
vt 0.1025390625 0.43115234375
vt 0.1025390625 0.4169921875
vt 0.099609375 0.4169921875
vt 0.0966796875 0.43115234375
vt 0.099609375 0.43115234375
vt 0.099609375 0.4169921875
vt 0.0966796875 0.4169921875
vt 0.10546875 0.43115234375
vt 0.1083984375 0.43115234375
vt 0.1083984375 0.4169921875
vt 0.10546875 0.4169921875
vt 0.1025390625 0.43115234375
vt 0.10546875 0.43115234375
vt 0.10546875 0.4169921875
vt 0.1025390625 0.4169921875
vt 0.1025390625 0.43115234375
vt 0.099609375 0.43115234375
vt 0.099609375 0.43408203125
vt 0.1025390625 0.43408203125
vt 0.10546875 0.43408203125
vt 0.1025390625 0.43408203125
vt 0.1025390625 0.43115234375
vt 0.10546875 0.43115234375
vn 0 -1 -2.220446049250313e-16
vn 1 0 0
vn 0 1 2.220446049250313e-16
vn -1 0 0
vn 0 2.220446049250313e-16 -1
vn 0 -2.220446049250313e-16 1
usemtl m_9cf4343c-91f0-92da-4b25-54ec74dbc354
f 2188/6556/1639 2191/6555/1639 2189/6554/1639 2186/6553/1639
f 2187/6560/1640 2188/6559/1640 2186/6558/1640 2185/6557/1640
f 2192/6564/1641 2187/6563/1641 2185/6562/1641 2190/6561/1641
f 2191/6568/1642 2192/6567/1642 2190/6566/1642 2189/6565/1642
f 2190/6572/1643 2185/6571/1643 2186/6570/1643 2189/6569/1643
f 2191/6576/1644 2188/6575/1644 2187/6574/1644 2192/6573/1644
o cube
v 0.4007743749999997 4.562278750000001 -0.7167962499999995
v 0.40077437500000007 2.8997787500000003 -0.7167962499999998
v -0.4117256250000003 4.56227875 -0.7167962499999995
v -0.41172562499999993 2.8997787500000003 -0.7167962499999998
v 0.40077437500000007 2.8997787500000003 -1.0292962499999998
v 0.4007743749999997 4.562278750000001 -1.0292962499999994
v -0.41172562499999993 2.8997787500000003 -1.0292962499999998
v -0.4117256250000003 4.56227875 -1.0292962499999994
vt 0.6806640625 0.88037109375
vt 0.68310546875 0.88037109375
vt 0.68310546875 0.8740234375
vt 0.6806640625 0.8740234375
vt 0.66796875 0.88037109375
vt 0.6806640625 0.88037109375
vt 0.6806640625 0.8740234375
vt 0.66796875 0.8740234375
vt 0.69580078125 0.88037109375
vt 0.6982421875 0.88037109375
vt 0.6982421875 0.8740234375
vt 0.69580078125 0.8740234375
vt 0.68310546875 0.88037109375
vt 0.69580078125 0.88037109375
vt 0.69580078125 0.8740234375
vt 0.68310546875 0.8740234375
vt 0.68310546875 0.88037109375
vt 0.6806640625 0.88037109375
vt 0.6806640625 0.89306640625
vt 0.68310546875 0.89306640625
vt 0.685546875 0.89306640625
vt 0.68310546875 0.89306640625
vt 0.68310546875 0.88037109375
vt 0.685546875 0.88037109375
vn 2.220446049250313e-16 -1 -2.220446049250313e-16
vn 4.930380657631324e-32 -2.220446049250313e-16 1
vn -2.220446049250313e-16 1 2.220446049250313e-16
vn -4.930380657631324e-32 2.220446049250313e-16 -1
vn 1 2.220446049250313e-16 4.930380657631324e-32
vn -1 -2.220446049250313e-16 -4.930380657631324e-32
usemtl m_9cf4343c-91f0-92da-4b25-54ec74dbc354
f 2196/6580/1645 2199/6579/1645 2197/6578/1645 2194/6577/1645
f 2195/6584/1646 2196/6583/1646 2194/6582/1646 2193/6581/1646
f 2200/6588/1647 2195/6587/1647 2193/6586/1647 2198/6585/1647
f 2199/6592/1648 2200/6591/1648 2198/6590/1648 2197/6589/1648
f 2198/6596/1649 2193/6595/1649 2194/6594/1649 2197/6593/1649
f 2199/6600/1650 2196/6599/1650 2195/6598/1650 2200/6597/1650
o cube
v 0.2735299492997826 4.125723048441063 -0.7167962499999997
v -0.619730649576812 2.723584769777141 -0.7167962499999999
v -0.4117256004231873 4.5622789802228585 -0.7167962499999997
v -1.304986199299782 3.1601407015589356 -0.7167962499999999
v -0.619730649576812 2.7235847697771414 -1.0292962499999998
v 0.2735299492997826 4.125723048441063 -1.0292962499999998
v -1.3049861992997818 3.1601407015589356 -1.0292962499999998
v -0.4117256004231872 4.5622789802228585 -1.0292962499999998
vt 0.6806640625 0.72216796875
vt 0.68310546875 0.72216796875
vt 0.68310546875 0.7158203125
vt 0.6806640625 0.7158203125
vt 0.66796875 0.72216796875
vt 0.6806640625 0.72216796875
vt 0.6806640625 0.7158203125
vt 0.66796875 0.7158203125
vt 0.69580078125 0.72216796875
vt 0.6982421875 0.72216796875
vt 0.6982421875 0.7158203125
vt 0.69580078125 0.7158203125
vt 0.68310546875 0.72216796875
vt 0.69580078125 0.72216796875
vt 0.69580078125 0.7158203125
vt 0.68310546875 0.7158203125
vt 0.68310546875 0.72216796875
vt 0.6806640625 0.72216796875
vt 0.6806640625 0.73486328125
vt 0.68310546875 0.73486328125
vt 0.685546875 0.73486328125
vt 0.68310546875 0.73486328125
vt 0.68310546875 0.72216796875
vt 0.685546875 0.72216796875
vn -0.5372996083468239 -0.8433914458128858 -2.5975736954874946e-16
vn -5.965223963087227e-17 -9.363526019133657e-17 1
vn 0.5372996083468239 0.8433914458128858 2.5975736954874946e-16
vn 5.965223963087227e-17 9.363526019133657e-17 -1
vn 0.8433914458128858 -0.5372996083468238 9.779216093636478e-17
vn -0.8433914458128858 0.5372996083468238 -9.779216093636478e-17
usemtl m_9cf4343c-91f0-92da-4b25-54ec74dbc354
f 2204/6604/1651 2207/6603/1651 2205/6602/1651 2202/6601/1651
f 2203/6608/1652 2204/6607/1652 2202/6606/1652 2201/6605/1652
f 2208/6612/1653 2203/6611/1653 2201/6610/1653 2206/6609/1653
f 2207/6616/1654 2208/6615/1654 2206/6614/1654 2205/6613/1654
f 2206/6620/1655 2201/6619/1655 2202/6618/1655 2205/6617/1655
f 2207/6624/1656 2204/6623/1656 2203/6622/1656 2208/6621/1656
o cube
v -0.2735299492997826 4.125723048441063 -1.0292962499999998
v 0.619730649576812 2.7235847697771414 -1.0292962499999998
v 0.4117256004231872 4.5622789802228585 -1.0292962499999998
v 1.3049861992997818 3.1601407015589356 -1.0292962499999998
v 0.619730649576812 2.723584769777141 -0.7167962499999999
v -0.2735299492997826 4.125723048441063 -0.7167962499999997
v 1.304986199299782 3.1601407015589356 -0.7167962499999999
v 0.4117256004231873 4.5622789802228585 -0.7167962499999997
vt 0.681640625 0.95751953125
vt 0.68408203125 0.95751953125
vt 0.68408203125 0.951171875
vt 0.681640625 0.951171875
vt 0.6689453125 0.95751953125
vt 0.681640625 0.95751953125
vt 0.681640625 0.951171875
vt 0.6689453125 0.951171875
vt 0.69677734375 0.95751953125
vt 0.69921875 0.95751953125
vt 0.69921875 0.951171875
vt 0.69677734375 0.951171875
vt 0.68408203125 0.95751953125
vt 0.69677734375 0.95751953125
vt 0.69677734375 0.951171875
vt 0.68408203125 0.951171875
vt 0.68408203125 0.95751953125
vt 0.681640625 0.95751953125
vt 0.681640625 0.97021484375
vt 0.68408203125 0.97021484375
vt 0.6865234375 0.97021484375
vt 0.68408203125 0.97021484375
vt 0.68408203125 0.95751953125
vt 0.6865234375 0.95751953125
vn 0.5372996083468239 -0.8433914458128858 -2.5975736954874946e-16
vn -5.965223963087227e-17 9.363526019133657e-17 -1
vn -0.5372996083468239 0.8433914458128858 2.5975736954874946e-16
vn 5.965223963087227e-17 -9.363526019133657e-17 1
vn -0.8433914458128858 -0.5372996083468238 9.779216093636478e-17
vn 0.8433914458128858 0.5372996083468238 -9.779216093636478e-17
usemtl m_9cf4343c-91f0-92da-4b25-54ec74dbc354
f 2212/6628/1657 2215/6627/1657 2213/6626/1657 2210/6625/1657
f 2211/6632/1658 2212/6631/1658 2210/6630/1658 2209/6629/1658
f 2216/6636/1659 2211/6635/1659 2209/6634/1659 2214/6633/1659
f 2215/6640/1660 2216/6639/1660 2214/6638/1660 2213/6637/1660
f 2214/6644/1661 2209/6643/1661 2210/6642/1661 2213/6641/1661
f 2215/6648/1662 2212/6647/1662 2211/6646/1662 2216/6645/1662
o cube
v 1.825774375 2.63727875 -0.7167962499999994
v -1.8367256250000001 2.63727875 -0.7167962500000002
v 1.825774375 3.44977875 -0.7167962499999994
v -1.8367256250000001 3.44977875 -0.7167962500000002
v -1.836725625 2.63727875 -1.0292962500000002
v 1.8257743750000002 2.63727875 -1.0292962499999994
v -1.8367256250000001 3.44977875 -1.0292962500000002
v 1.825774375 3.44977875 -1.0292962499999994
vt 0.1416015625 0.47412109375
vt 0.14404296875 0.47412109375
vt 0.14404296875 0.4677734375
vt 0.1416015625 0.4677734375
vt 0.11328125 0.47412109375
vt 0.1416015625 0.47412109375
vt 0.1416015625 0.4677734375
vt 0.11328125 0.4677734375
vt 0.17236328125 0.47412109375
vt 0.1748046875 0.47412109375
vt 0.1748046875 0.4677734375
vt 0.17236328125 0.4677734375
vt 0.14404296875 0.47412109375
vt 0.17236328125 0.47412109375
vt 0.17236328125 0.4677734375
vt 0.14404296875 0.4677734375
vt 0.14404296875 0.47412109375
vt 0.1416015625 0.47412109375
vt 0.1416015625 0.50244140625
vt 0.14404296875 0.50244140625
vt 0.146484375 0.50244140625
vt 0.14404296875 0.50244140625
vt 0.14404296875 0.47412109375
vt 0.146484375 0.47412109375
vn -1 -1.2246467991473532e-16 -2.220446049250313e-16
vn -2.220446049250313e-16 -2.719262146893782e-32 1
vn 1 1.2246467991473532e-16 2.220446049250313e-16
vn 2.220446049250313e-16 2.719262146893782e-32 -1
vn 1.2246467991473532e-16 -1 2.5407181807812022e-33
vn -1.2246467991473532e-16 1 -2.5407181807812022e-33
usemtl m_9cf4343c-91f0-92da-4b25-54ec74dbc354
f 2220/6652/1663 2223/6651/1663 2221/6650/1663 2218/6649/1663
f 2219/6656/1664 2220/6655/1664 2218/6654/1664 2217/6653/1664
f 2224/6660/1665 2219/6659/1665 2217/6658/1665 2222/6657/1665
f 2223/6664/1666 2224/6663/1666 2222/6662/1666 2221/6661/1666
f 2222/6668/1667 2217/6667/1667 2218/6666/1667 2221/6665/1667
f 2223/6672/1668 2220/6671/1668 2219/6670/1668 2224/6669/1668
o cube
v -0.7474584762288785 2.5549764524312506 1.0558233654291833
v -0.9517903658581588 2.9176223150705534 -0.9642367097149008
v -0.8949154665916015 2.56088372518728 1.0717993326300674
v -1.0992473562208818 2.9235295878265832 -0.9482607425140165
v -0.9101736995381757 3.624596396886179 -0.8415286691251955
v -0.7058418099088954 3.2619505342468758 1.1785314060188885
v -1.0576306899008985 3.630503669642209 -0.8255527019243112
v -0.8532988002716183 3.2678578070029056 1.1945073732197728
vt 0.46728515625 0.32666015625
vt 0.47265625 0.32666015625
vt 0.47265625 0.32568359375
vt 0.46728515625 0.32568359375
vt 0.451171875 0.32666015625
vt 0.46728515625 0.32666015625
vt 0.46728515625 0.32568359375
vt 0.451171875 0.32568359375
vt 0.48876953125 0.32666015625
vt 0.494140625 0.32666015625
vt 0.494140625 0.32568359375
vt 0.48876953125 0.32568359375
vt 0.47265625 0.32666015625
vt 0.48876953125 0.32666015625
vt 0.48876953125 0.32568359375
vt 0.47265625 0.32568359375
vt 0.47265625 0.32666015625
vt 0.46728515625 0.32666015625
vt 0.46728515625 0.3427734375
vt 0.47265625 0.3427734375
vt 0.47802734375 0.3427734375
vt 0.47265625 0.3427734375
vt 0.47265625 0.32666015625
vt 0.47802734375 0.32666015625
vn -0.09907000709298434 0.17582829703723793 -0.9794230667365257
vn -0.05790144879301997 -0.9836161138304353 -0.17072423038567694
vn 0.09907000709298434 -0.17582829703723793 0.9794230667365257
vn 0.05790144879301997 0.9836161138304353 0.17072423038567694
vn 0.9933944613909751 -0.039796363830094286 -0.10762756851122052
vn -0.9933944613909751 0.039796363830094286 0.10762756851122052
usemtl m_9cf4343c-91f0-92da-4b25-54ec74dbc354
f 2228/6676/1669 2231/6675/1669 2229/6674/1669 2226/6673/1669
f 2227/6680/1670 2228/6679/1670 2226/6678/1670 2225/6677/1670
f 2232/6684/1671 2227/6683/1671 2225/6682/1671 2230/6681/1671
f 2231/6688/1672 2232/6687/1672 2230/6686/1672 2229/6685/1672
f 2230/6692/1673 2225/6691/1673 2226/6690/1673 2229/6689/1673
f 2231/6696/1674 2228/6695/1674 2227/6694/1674 2232/6693/1674
o cube
v 0.7058418099088954 3.2619505342468758 1.1785314060188885
v 0.9101736995381757 3.624596396886179 -0.8415286691251955
v 0.8532988002716183 3.2678578070029056 1.1945073732197728
v 1.0576306899008985 3.630503669642209 -0.8255527019243112
v 0.9517903658581588 2.9176223150705534 -0.9642367097149008
v 0.7474584762288785 2.5549764524312506 1.0558233654291833
v 1.0992473562208818 2.9235295878265832 -0.9482607425140165
v 0.8949154665916015 2.56088372518728 1.0717993326300674
vt 0.51025390625 0.32666015625
vt 0.515625 0.32666015625
vt 0.515625 0.32568359375
vt 0.51025390625 0.32568359375
vt 0.494140625 0.32666015625
vt 0.51025390625 0.32666015625
vt 0.51025390625 0.32568359375
vt 0.494140625 0.32568359375
vt 0.53173828125 0.32666015625
vt 0.537109375 0.32666015625
vt 0.537109375 0.32568359375
vt 0.53173828125 0.32568359375
vt 0.515625 0.32666015625
vt 0.53173828125 0.32666015625
vt 0.53173828125 0.32568359375
vt 0.515625 0.32568359375
vt 0.515625 0.32666015625
vt 0.51025390625 0.32666015625
vt 0.51025390625 0.3427734375
vt 0.515625 0.3427734375
vt 0.52099609375 0.3427734375
vt 0.515625 0.3427734375
vt 0.515625 0.32666015625
vt 0.52099609375 0.32666015625
vn 0.09907000709298434 0.17582829703723793 -0.9794230667365257
vn -0.05790144879301997 0.9836161138304353 0.17072423038567694
vn -0.09907000709298434 -0.17582829703723793 0.9794230667365257
vn 0.05790144879301997 -0.9836161138304353 -0.17072423038567694
vn -0.9933944613909751 -0.039796363830094286 -0.10762756851122052
vn 0.9933944613909751 0.039796363830094286 0.10762756851122052
usemtl m_9cf4343c-91f0-92da-4b25-54ec74dbc354
f 2236/6700/1675 2239/6699/1675 2237/6698/1675 2234/6697/1675
f 2235/6704/1676 2236/6703/1676 2234/6702/1676 2233/6701/1676
f 2240/6708/1677 2235/6707/1677 2233/6706/1677 2238/6705/1677
f 2239/6712/1678 2240/6711/1678 2238/6710/1678 2237/6709/1678
f 2238/6716/1679 2233/6715/1679 2234/6714/1679 2237/6713/1679
f 2239/6720/1680 2236/6719/1680 2235/6718/1680 2240/6717/1680
o cube
v 0.09375 3.273849375 0.503689375
v 0.09375 2.798849375 0.5036893749999999
v 0.09375 3.2738493749999997 1.128689375
v 0.09375 2.7988493749999996 1.128689375
v -0.09375 2.798849375 0.5036893749999999
v -0.09375 3.273849375 0.503689375
v -0.09375 2.7988493749999996 1.128689375
v -0.09375 3.2738493749999997 1.128689375
vt 0.44384765625 0.3056640625
vt 0.4453125 0.3056640625
vt 0.4453125 0.30078125
vt 0.44384765625 0.30078125
vt 0.4404296875 0.3056640625
vt 0.44384765625 0.3056640625
vt 0.44384765625 0.30078125
vt 0.4404296875 0.30078125
vt 0.44873046875 0.3056640625
vt 0.4501953125 0.3056640625
vt 0.4501953125 0.30078125
vt 0.44873046875 0.30078125
vt 0.4453125 0.3056640625
vt 0.44873046875 0.3056640625
vt 0.44873046875 0.30078125
vt 0.4453125 0.30078125
vt 0.4453125 0.3056640625
vt 0.44384765625 0.3056640625
vt 0.44384765625 0.30908203125
vt 0.4453125 0.30908203125
vt 0.44677734375 0.30908203125
vt 0.4453125 0.30908203125
vt 0.4453125 0.3056640625
vt 0.44677734375 0.3056640625
vn 0 -1 -2.220446049250313e-16
vn 1 0 0
vn 0 1 2.220446049250313e-16
vn -1 0 0
vn 0 2.220446049250313e-16 -1
vn 0 -2.220446049250313e-16 1
usemtl m_9cf4343c-91f0-92da-4b25-54ec74dbc354
f 2244/6724/1681 2247/6723/1681 2245/6722/1681 2242/6721/1681
f 2243/6728/1682 2244/6727/1682 2242/6726/1682 2241/6725/1682
f 2248/6732/1683 2243/6731/1683 2241/6730/1683 2246/6729/1683
f 2247/6736/1684 2248/6735/1684 2246/6734/1684 2245/6733/1684
f 2246/6740/1685 2241/6739/1685 2242/6738/1685 2245/6737/1685
f 2247/6744/1686 2244/6743/1686 2243/6742/1686 2248/6741/1686
o cube
v 0.10402937499999998 2.625 6.105755000000001
v 0.10402937499999998 2.625 -13.299475625000001
v 0.10402937499999998 2.375 6.105755000000001
v 0.10402937499999998 2.375 -13.299475625000001
v -0.10402875 2.625 -13.299475625000001
v -0.10402875 2.625 6.105755000000001
v -0.10402875 2.375 -13.299475625000001
v -0.10402875 2.375 6.105755000000001
vt 0.1513671875 0.8486328125
vt 0.15283203125 0.8486328125
vt 0.15283203125 0.8466796875
vt 0.1513671875 0.8466796875
vt 0 0.8486328125
vt 0.1513671875 0.8486328125
vt 0.1513671875 0.8466796875
vt 0 0.8466796875
vt 0.30419921875 0.8486328125
vt 0.3056640625 0.8486328125
vt 0.3056640625 0.8466796875
vt 0.30419921875 0.8466796875
vt 0.15283203125 0.8486328125
vt 0.30419921875 0.8486328125
vt 0.30419921875 0.8466796875
vt 0.15283203125 0.8466796875
vt 0.15283203125 0.8486328125
vt 0.1513671875 0.8486328125
vt 0.1513671875 1
vt 0.15283203125 1
vt 0.154296875 1
vt 0.15283203125 1
vt 0.15283203125 0.8486328125
vt 0.154296875 0.8486328125
vn 0 0 -1
vn 1 0 0
vn 0 0 1
vn -1 0 0
vn 0 1 0
vn 0 -1 0
usemtl m_9cf4343c-91f0-92da-4b25-54ec74dbc354
f 2252/6748/1687 2255/6747/1687 2253/6746/1687 2250/6745/1687
f 2251/6752/1688 2252/6751/1688 2250/6750/1688 2249/6749/1688
f 2256/6756/1689 2251/6755/1689 2249/6754/1689 2254/6753/1689
f 2255/6760/1690 2256/6759/1690 2254/6758/1690 2253/6757/1690
f 2254/6764/1691 2249/6763/1691 2250/6762/1691 2253/6761/1691
f 2255/6768/1692 2252/6767/1692 2251/6766/1692 2256/6765/1692
o cube
v 0.277217464223401 2.625 4.947305952883975
v -0.554381432088039 2.625 3.163936364655981
v 0.277217464223401 2.375 4.947305952883975
v -0.554381432088039 2.375 3.163936364655981
v -0.8562346043113649 2.625 3.3046928105020976
v -0.024635707999924955 2.625 5.0880623987300915
v -0.8562346043113649 2.375 3.3046928105020976
v -0.024635707999924955 2.375 5.0880623987300915
vt 0.68212890625 0.783203125
vt 0.6845703125 0.783203125
vt 0.6845703125 0.78125
vt 0.68212890625 0.78125
vt 0.6669921875 0.783203125
vt 0.68212890625 0.783203125
vt 0.68212890625 0.78125
vt 0.6669921875 0.78125
vt 0.69970703125 0.783203125
vt 0.7021484375 0.783203125
vt 0.7021484375 0.78125
vt 0.69970703125 0.78125
vt 0.6845703125 0.783203125
vt 0.69970703125 0.783203125
vt 0.69970703125 0.78125
vt 0.6845703125 0.78125
vt 0.6845703125 0.783203125
vt 0.68212890625 0.783203125
vt 0.68212890625 0.79833984375
vt 0.6845703125 0.79833984375
vt 0.68701171875 0.79833984375
vt 0.6845703125 0.79833984375
vt 0.6845703125 0.783203125
vt 0.68701171875 0.783203125
vn -0.42261826174069944 0 -0.9063077870366499
vn 0.9063077870366499 0 -0.42261826174069944
vn 0.42261826174069944 0 0.9063077870366499
vn -0.9063077870366499 0 0.42261826174069944
vn 0 1 0
vn 0 -1 0
usemtl m_9cf4343c-91f0-92da-4b25-54ec74dbc354
f 2260/6772/1693 2263/6771/1693 2261/6770/1693 2258/6769/1693
f 2259/6776/1694 2260/6775/1694 2258/6774/1694 2257/6773/1694
f 2264/6780/1695 2259/6779/1695 2257/6778/1695 2262/6777/1695
f 2263/6784/1696 2264/6783/1696 2262/6782/1696 2261/6781/1696
f 2262/6788/1697 2257/6787/1697 2258/6786/1697 2261/6785/1697
f 2263/6792/1698 2260/6791/1698 2259/6790/1698 2264/6789/1698
o cube
v 0.024635707999924955 2.625 5.0880623987300915
v 0.8562346043113649 2.625 3.3046928105020976
v 0.024635707999924955 2.375 5.0880623987300915
v 0.8562346043113649 2.375 3.3046928105020976
v 0.554381432088039 2.625 3.163936364655981
v -0.277217464223401 2.625 4.947305952883975
v 0.554381432088039 2.375 3.163936364655981
v -0.277217464223401 2.375 4.947305952883975
vt 0.68310546875 0.93017578125
vt 0.685546875 0.93017578125
vt 0.685546875 0.92822265625
vt 0.68310546875 0.92822265625
vt 0.66796875 0.93017578125
vt 0.68310546875 0.93017578125
vt 0.68310546875 0.92822265625
vt 0.66796875 0.92822265625
vt 0.70068359375 0.93017578125
vt 0.703125 0.93017578125
vt 0.703125 0.92822265625
vt 0.70068359375 0.92822265625
vt 0.685546875 0.93017578125
vt 0.70068359375 0.93017578125
vt 0.70068359375 0.92822265625
vt 0.685546875 0.92822265625
vt 0.685546875 0.93017578125
vt 0.68310546875 0.93017578125
vt 0.68310546875 0.9453125
vt 0.685546875 0.9453125
vt 0.68798828125 0.9453125
vt 0.685546875 0.9453125
vt 0.685546875 0.93017578125
vt 0.68798828125 0.93017578125
vn 0.42261826174069944 0 -0.9063077870366499
vn 0.9063077870366499 0 0.42261826174069944
vn -0.42261826174069944 0 0.9063077870366499
vn -0.9063077870366499 0 -0.42261826174069944
vn 0 1 0
vn 0 -1 0
usemtl m_9cf4343c-91f0-92da-4b25-54ec74dbc354
f 2268/6796/1699 2271/6795/1699 2269/6794/1699 2266/6793/1699
f 2267/6800/1700 2268/6799/1700 2266/6798/1700 2265/6797/1700
f 2272/6804/1701 2267/6803/1701 2265/6802/1701 2270/6801/1701
f 2271/6808/1702 2272/6807/1702 2270/6806/1702 2269/6805/1702
f 2270/6812/1703 2265/6811/1703 2266/6810/1703 2269/6809/1703
f 2271/6816/1704 2268/6815/1704 2267/6814/1704 2272/6813/1704
o cube
v 0.058378220856496466 2.625 4.276263351658636
v 0.5730134208624118 2.625 3.172624603708129
v 0.058378220856496466 2.375 4.276263351658636
v 0.5730134208624118 2.375 3.172624603708129
v 0.101227538569714 2.625 2.9526272337856314
v -0.4134076614362014 2.625 4.0562659817361375
v 0.101227538569714 2.375 2.9526272337856314
v -0.4134076614362014 2.375 4.0562659817361375
vt 0.68994140625 0.3955078125
vt 0.69384765625 0.3955078125
vt 0.69384765625 0.3935546875
vt 0.68994140625 0.3935546875
vt 0.6806640625 0.3955078125
vt 0.68994140625 0.3955078125
vt 0.68994140625 0.3935546875
vt 0.6806640625 0.3935546875
vt 0.703125 0.3955078125
vt 0.70703125 0.3955078125
vt 0.70703125 0.3935546875
vt 0.703125 0.3935546875
vt 0.69384765625 0.3955078125
vt 0.703125 0.3955078125
vt 0.703125 0.3935546875
vt 0.69384765625 0.3935546875
vt 0.69384765625 0.3955078125
vt 0.68994140625 0.3955078125
vt 0.68994140625 0.40478515625
vt 0.69384765625 0.40478515625
vt 0.69775390625 0.40478515625
vt 0.69384765625 0.40478515625
vt 0.69384765625 0.3955078125
vt 0.69775390625 0.3955078125
vn 0.42261826174069944 0 -0.9063077870366499
vn 0.9063077870366499 0 0.42261826174069944
vn -0.42261826174069944 0 0.9063077870366499
vn -0.9063077870366499 0 -0.42261826174069944
vn 0 1 0
vn 0 -1 0
usemtl m_9cf4343c-91f0-92da-4b25-54ec74dbc354
f 2276/6820/1705 2279/6819/1705 2277/6818/1705 2274/6817/1705
f 2275/6824/1706 2276/6823/1706 2274/6822/1706 2273/6821/1706
f 2280/6828/1707 2275/6827/1707 2273/6826/1707 2278/6825/1707
f 2279/6832/1708 2280/6831/1708 2278/6830/1708 2277/6829/1708
f 2278/6836/1709 2273/6835/1709 2274/6834/1709 2277/6833/1709
f 2279/6840/1710 2276/6839/1710 2275/6838/1710 2280/6837/1710
o cube
v 0.4134076614362014 2.625 4.0562659817361375
v -0.101227538569714 2.625 2.9526272337856314
v 0.4134076614362014 2.375 4.0562659817361375
v -0.101227538569714 2.375 2.9526272337856314
v -0.5730134208624118 2.625 3.172624603708129
v -0.058378220856496466 2.625 4.276263351658636
v -0.5730134208624118 2.375 3.172624603708129
v -0.058378220856496466 2.375 4.276263351658636
vt 0.68994140625 0.38427734375
vt 0.69384765625 0.38427734375
vt 0.69384765625 0.38232421875
vt 0.68994140625 0.38232421875
vt 0.6806640625 0.38427734375
vt 0.68994140625 0.38427734375
vt 0.68994140625 0.38232421875
vt 0.6806640625 0.38232421875
vt 0.703125 0.38427734375
vt 0.70703125 0.38427734375
vt 0.70703125 0.38232421875
vt 0.703125 0.38232421875
vt 0.69384765625 0.38427734375
vt 0.703125 0.38427734375
vt 0.703125 0.38232421875
vt 0.69384765625 0.38232421875
vt 0.69384765625 0.38427734375
vt 0.68994140625 0.38427734375
vt 0.68994140625 0.3935546875
vt 0.69384765625 0.3935546875
vt 0.69775390625 0.3935546875
vt 0.69384765625 0.3935546875
vt 0.69384765625 0.38427734375
vt 0.69775390625 0.38427734375
vn -0.42261826174069944 0 -0.9063077870366499
vn 0.9063077870366499 0 -0.42261826174069944
vn 0.42261826174069944 0 0.9063077870366499
vn -0.9063077870366499 0 0.42261826174069944
vn 0 1 0
vn 0 -1 0
usemtl m_9cf4343c-91f0-92da-4b25-54ec74dbc354
f 2284/6844/1711 2287/6843/1711 2285/6842/1711 2282/6841/1711
f 2283/6848/1712 2284/6847/1712 2282/6846/1712 2281/6845/1712
f 2288/6852/1713 2283/6851/1713 2281/6850/1713 2286/6849/1713
f 2287/6856/1714 2288/6855/1714 2286/6854/1714 2285/6853/1714
f 2286/6860/1715 2281/6859/1715 2282/6858/1715 2285/6857/1715
f 2287/6864/1716 2284/6863/1716 2283/6862/1716 2288/6861/1716
o cube
v 0.46623787563863406 4.513495864614532 -0.7236761017098563
v 0.583701107325201 4.464868874143003 -1.0930345937259867
v 0.4159655798939481 4.478132989534489 -0.7350080629978284
v 0.533428811580515 4.42950599906296 -1.1043665550139588
v 0.5276538924289328 4.554019029013243 -1.1225955513218409
v 0.4101906607423659 4.602646019484771 -0.7532370593057105
v 0.47738159668424685 4.5186561539331995 -1.133927512609813
v 0.35991836499767993 4.567283144404728 -0.7645690205936826
vt 0.69921875 0.970703125
vt 0.69970703125 0.970703125
vt 0.69970703125 0.97021484375
vt 0.69921875 0.97021484375
vt 0.6962890625 0.970703125
vt 0.69921875 0.970703125
vt 0.69921875 0.97021484375
vt 0.6962890625 0.97021484375
vt 0.70263671875 0.970703125
vt 0.703125 0.970703125
vt 0.703125 0.97021484375
vt 0.70263671875 0.97021484375
vt 0.69970703125 0.970703125
vt 0.70263671875 0.970703125
vt 0.70263671875 0.97021484375
vt 0.69970703125 0.97021484375
vt 0.69970703125 0.970703125
vt 0.69921875 0.970703125
vt 0.69921875 0.9736328125
vt 0.69970703125 0.9736328125
vt 0.7001953125 0.9736328125
vt 0.69970703125 0.9736328125
vt 0.69970703125 0.970703125
vt 0.7001953125 0.970703125
vn 0.3007058731176114 -0.12448509560711143 -0.9455577395612937
vn 0.5124316790515947 -0.8150871302421874 0.2702716123049536
vn -0.3007058731176114 0.12448509560711143 0.9455577395612937
vn -0.5124316790515947 0.8150871302421874 -0.2702716123049536
vn 0.8043567319149747 0.5658060012806898 0.1813113806075547
vn -0.8043567319149747 -0.5658060012806898 -0.1813113806075547
usemtl m_9cf4343c-91f0-92da-4b25-54ec74dbc354
f 2292/6868/1717 2295/6867/1717 2293/6866/1717 2290/6865/1717
f 2291/6872/1718 2292/6871/1718 2290/6870/1718 2289/6869/1718
f 2296/6876/1719 2291/6875/1719 2289/6874/1719 2294/6873/1719
f 2295/6880/1720 2296/6879/1720 2294/6878/1720 2293/6877/1720
f 2294/6884/1721 2289/6883/1721 2290/6882/1721 2293/6881/1721
f 2295/6888/1722 2292/6887/1722 2291/6886/1722 2296/6885/1722
o cube
v -0.4101906607423659 4.602646019484771 -0.7532370593057105
v -0.5276538924289328 4.554019029013243 -1.1225955513218409
v -0.35991836499767993 4.567283144404728 -0.7645690205936826
v -0.47738159668424685 4.5186561539331995 -1.133927512609813
v -0.583701107325201 4.464868874143003 -1.0930345937259867
v -0.46623787563863406 4.513495864614532 -0.7236761017098563
v -0.533428811580515 4.42950599906296 -1.1043665550139588
v -0.4159655798939481 4.478132989534489 -0.7350080629978284
vt 0.3857421875 0.30078125
vt 0.38623046875 0.30078125
vt 0.38623046875 0.30029296875
vt 0.3857421875 0.30029296875
vt 0.3828125 0.30078125
vt 0.3857421875 0.30078125
vt 0.3857421875 0.30029296875
vt 0.3828125 0.30029296875
vt 0.38916015625 0.30078125
vt 0.3896484375 0.30078125
vt 0.3896484375 0.30029296875
vt 0.38916015625 0.30029296875
vt 0.38623046875 0.30078125
vt 0.38916015625 0.30078125
vt 0.38916015625 0.30029296875
vt 0.38623046875 0.30029296875
vt 0.38623046875 0.30078125
vt 0.3857421875 0.30078125
vt 0.3857421875 0.3037109375
vt 0.38623046875 0.3037109375
vt 0.38671875 0.3037109375
vt 0.38623046875 0.3037109375
vt 0.38623046875 0.30078125
vt 0.38671875 0.30078125
vn -0.3007058731176114 -0.12448509560711143 -0.9455577395612937
vn 0.5124316790515947 0.8150871302421874 -0.2702716123049536
vn 0.3007058731176114 0.12448509560711143 0.9455577395612937
vn -0.5124316790515947 -0.8150871302421874 0.2702716123049536
vn -0.8043567319149747 0.5658060012806898 0.1813113806075547
vn 0.8043567319149747 -0.5658060012806898 -0.1813113806075547
usemtl m_9cf4343c-91f0-92da-4b25-54ec74dbc354
f 2300/6892/1723 2303/6891/1723 2301/6890/1723 2298/6889/1723
f 2299/6896/1724 2300/6895/1724 2298/6894/1724 2297/6893/1724
f 2304/6900/1725 2299/6899/1725 2297/6898/1725 2302/6897/1725
f 2303/6904/1726 2304/6903/1726 2302/6902/1726 2301/6901/1726
f 2302/6908/1727 2297/6907/1727 2298/6906/1727 2301/6905/1727
f 2303/6912/1728 2300/6911/1728 2299/6910/1728 2304/6909/1728
o cube
v -0.45128936136925435 4.539082149819 -0.7372027386922709
v -0.5416203732137697 4.532429846420829 -1.1171816141362154
v -0.40101706232737944 4.503719277043612 -0.7485346925448082
v -0.49134807417189474 4.497066973645441 -1.1285135679887528
v -1.44979254720925 3.1645032607292554 -0.8773367701984779
v -1.3594615353647348 3.1711555641274263 -0.4973578947545334
v -1.3995202481673752 3.1291403879538673 -0.8886687240510152
v -1.3091892363228599 3.1357926913520386 -0.5086898486070708
vt 0.1474609375 0.46484375
vt 0.16015625 0.46484375
vt 0.16015625 0.46435546875
vt 0.1474609375 0.46435546875
vt 0.14453125 0.46484375
vt 0.1474609375 0.46484375
vt 0.1474609375 0.46435546875
vt 0.14453125 0.46435546875
vt 0.1630859375 0.46484375
vt 0.17578125 0.46484375
vt 0.17578125 0.46435546875
vt 0.1630859375 0.46435546875
vt 0.16015625 0.46484375
vt 0.1630859375 0.46484375
vt 0.1630859375 0.46435546875
vt 0.16015625 0.46435546875
vt 0.16015625 0.46484375
vt 0.1474609375 0.46484375
vt 0.1474609375 0.4677734375
vt 0.16015625 0.4677734375
vt 0.1728515625 0.4677734375
vt 0.16015625 0.4677734375
vt 0.16015625 0.46484375
vt 0.1728515625 0.46484375
vn -0.23124739032195935 -0.017029896699318408 -0.9727459211364979
vn 0.5472977319746776 0.824362537516579 -0.1445392656498606
vn 0.23124739032195935 0.017029896699318408 0.9727459211364979
vn -0.5472977319746776 -0.824362537516579 0.1445392656498606
vn -0.804356784669998 0.5658059644062065 0.18131126164059724
vn 0.804356784669998 -0.5658059644062065 -0.18131126164059724
usemtl m_9cf4343c-91f0-92da-4b25-54ec74dbc354
f 2308/6916/1729 2311/6915/1729 2309/6914/1729 2306/6913/1729
f 2307/6920/1730 2308/6919/1730 2306/6918/1730 2305/6917/1730
f 2312/6924/1731 2307/6923/1731 2305/6922/1731 2310/6921/1731
f 2311/6928/1732 2312/6927/1732 2310/6926/1732 2309/6925/1732
f 2310/6932/1733 2305/6931/1733 2306/6930/1733 2309/6929/1733
f 2311/6936/1734 2308/6935/1734 2307/6934/1734 2312/6933/1734
o cube
v -1.8759025230145456 3.3081173615850004 -9.123903101169539
v -0.6091709605688105 3.1276784148968466 -10.494471572724994
v -1.8639761875013607 3.2496899272593716 -9.105188202309238
v -0.5972446250556256 3.069250980571218 -10.475756673864693
v -1.3658359376201707 2.7645347281405517 -11.146001330505028
v -2.632567500065906 2.9449736748287054 -9.775432858949571
v -1.3539096021069859 2.706107293814923 -11.127286431644727
v -2.620641164552721 2.8865462405030766 -9.756717960089272
vt 0.419921875 0.33056640625
vt 0.42822265625 0.33056640625
vt 0.42822265625 0.330078125
vt 0.419921875 0.330078125
vt 0.4052734375 0.33056640625
vt 0.419921875 0.33056640625
vt 0.419921875 0.330078125
vt 0.4052734375 0.330078125
vt 0.44287109375 0.33056640625
vt 0.451171875 0.33056640625
vt 0.451171875 0.330078125
vt 0.44287109375 0.330078125
vt 0.42822265625 0.33056640625
vt 0.44287109375 0.33056640625
vt 0.44287109375 0.330078125
vt 0.42822265625 0.330078125
vt 0.42822265625 0.33056640625
vt 0.419921875 0.33056640625
vt 0.419921875 0.34521484375
vt 0.42822265625 0.34521484375
vt 0.4365234375 0.34521484375
vt 0.42822265625 0.34521484375
vt 0.42822265625 0.33056640625
vt 0.4365234375 0.33056640625
vn 0.6755901666377255 -0.0962341049003488 -0.7309698514962427
vn 0.7121552725189274 0.34178229341768956 0.6132044779106205
vn -0.6755901666377255 0.0962341049003488 0.7309698514962427
vn -0.7121552725189274 -0.34178229341768956 -0.6132044779106205
vn -0.19082136821095952 0.9348389492100622 -0.2994383817648038
vn 0.19082136821095952 -0.9348389492100622 0.2994383817648038
usemtl m_9cf4343c-91f0-92da-4b25-54ec74dbc354
f 2316/6940/1735 2319/6939/1735 2317/6938/1735 2314/6937/1735
f 2315/6944/1736 2316/6943/1736 2314/6942/1736 2313/6941/1736
f 2320/6948/1737 2315/6947/1737 2313/6946/1737 2318/6945/1737
f 2319/6952/1738 2320/6951/1738 2318/6950/1738 2317/6949/1738
f 2318/6956/1739 2313/6955/1739 2314/6954/1739 2317/6953/1739
f 2319/6960/1740 2316/6959/1740 2315/6958/1740 2320/6957/1740
o cube
v 2.5804413357451503 3.5694034473712977 -7.859195475722275
v 2.6329599554764176 2.9402760671133423 -9.78984746313256
v 2.5685149931460085 3.5109760123966884 -7.8404805834037035
v 2.6210336128772753 2.881848632138733 -9.77113257081399
v 2.1116527287203524 3.032516442346779 -9.834086032375872
v 2.059134108989085 3.6616438226047348 -7.903434044965586
v 2.09972638612121 2.9740890073721697 -9.8153711400573
v 2.0472077663899433 3.6032163876301255 -7.884719152647015
vt 0.6826171875 0.83349609375
vt 0.6865234375 0.83349609375
vt 0.6865234375 0.8330078125
vt 0.6826171875 0.8330078125
vt 0.6669921875 0.83349609375
vt 0.6826171875 0.83349609375
vt 0.6826171875 0.8330078125
vt 0.6669921875 0.8330078125
vt 0.7021484375 0.83349609375
vt 0.7060546875 0.83349609375
vt 0.7060546875 0.8330078125
vt 0.7021484375 0.8330078125
vt 0.6865234375 0.83349609375
vt 0.7021484375 0.83349609375
vt 0.7021484375 0.8330078125
vt 0.6865234375 0.8330078125
vt 0.6865234375 0.83349609375
vt 0.6826171875 0.83349609375
vt 0.6826171875 0.84912109375
vt 0.6865234375 0.84912109375
vt 0.6904296875 0.84912109375
vt 0.6865234375 0.84912109375
vt 0.6865234375 0.83349609375
vt 0.6904296875 0.83349609375
vn 0.025855320483085253 -0.3097242487423782 -0.9504748245712175
vn 0.9812841915408286 -0.17362894161588113 0.08327260092858559
vn -0.025855320483085253 0.3097242487423782 0.9504748245712175
vn -0.9812841915408286 0.17362894161588113 -0.08327260092858559
vn 0.19082148158627077 0.9348389595937465 -0.2994382770971375
vn -0.19082148158627077 -0.9348389595937465 0.2994382770971375
usemtl m_9cf4343c-91f0-92da-4b25-54ec74dbc354
f 2324/6964/1741 2327/6963/1741 2325/6962/1741 2322/6961/1741
f 2323/6968/1742 2324/6967/1742 2322/6966/1742 2321/6965/1742
f 2328/6972/1743 2323/6971/1743 2321/6970/1743 2326/6969/1743
f 2327/6976/1744 2328/6975/1744 2326/6974/1744 2325/6973/1744
f 2326/6980/1745 2321/6979/1745 2322/6978/1745 2325/6977/1745
f 2327/6984/1746 2324/6983/1746 2323/6982/1746 2328/6981/1746
o cube
v -2.5667527530077305 3.733375398882602 -7.356004173658213
v -2.0600601280294364 3.6611998202073406 -7.904231562280394
v -2.554826417494546 3.6749479645569734 -7.337289274797913
v -2.0481337925162513 3.602772385881712 -7.885516663420095
v -2.1045698325618694 3.639838426868735 -7.942556842149808
v -2.6112624575401635 3.7120140055439963 -7.394329453527626
v -2.0926434970486842 3.581410992543106 -7.923841943289508
v -2.599336122026979 3.6535865712183675 -7.375614554667326
vt 0.5537109375 0.30419921875
vt 0.55419921875 0.30419921875
vt 0.55419921875 0.3037109375
vt 0.5537109375 0.3037109375
vt 0.5478515625 0.30419921875
vt 0.5537109375 0.30419921875
vt 0.5537109375 0.3037109375
vt 0.5478515625 0.3037109375
vt 0.56005859375 0.30419921875
vt 0.560546875 0.30419921875
vt 0.560546875 0.3037109375
vt 0.56005859375 0.3037109375
vt 0.55419921875 0.30419921875
vt 0.56005859375 0.30419921875
vt 0.56005859375 0.3037109375
vt 0.55419921875 0.3037109375
vt 0.55419921875 0.30419921875
vt 0.5537109375 0.30419921875
vt 0.5537109375 0.31005859375
vt 0.55419921875 0.31005859375
vt 0.5546875 0.31005859375
vt 0.55419921875 0.31005859375
vt 0.55419921875 0.30419921875
vt 0.5546875 0.30419921875
vn 0.6755901666377255 -0.0962341049003488 -0.7309698514962427
vn 0.7121552725189274 0.34178229341768956 0.6132044779106205
vn -0.6755901666377255 0.0962341049003488 0.7309698514962427
vn -0.7121552725189274 -0.34178229341768956 -0.6132044779106205
vn -0.19082136821095952 0.9348389492100622 -0.2994383817648038
vn 0.19082136821095952 -0.9348389492100622 0.2994383817648038
usemtl m_9cf4343c-91f0-92da-4b25-54ec74dbc354
f 2332/6988/1747 2335/6987/1747 2333/6986/1747 2330/6985/1747
f 2331/6992/1748 2332/6991/1748 2330/6990/1748 2329/6989/1748
f 2336/6996/1749 2331/6995/1749 2329/6994/1749 2334/6993/1749
f 2335/7000/1750 2336/6999/1750 2334/6998/1750 2333/6997/1750
f 2334/7004/1751 2329/7003/1751 2330/7002/1751 2333/7001/1751
f 2335/7008/1752 2332/7007/1752 2331/7006/1752 2336/7005/1752
o cube
v -2.477134240076848 3.7211855194725767 -7.451169546309423
v -2.4892539215532943 3.5760022778745872 -7.896704620327181
v -2.465207897477706 3.6627580844979675 -7.432454653990852
v -2.477327578954152 3.517574842899978 -7.877989728008609
v -2.581249314510247 3.559724564598098 -7.888897813990126
v -2.5691296330338007 3.704907806196088 -7.443362739972368
v -2.569322971911105 3.501297129623489 -7.870182921671555
v -2.557203290434659 3.646480371221479 -7.424647847653796
vt 0.69970703125 0.623046875
vt 0.7001953125 0.623046875
vt 0.7001953125 0.62255859375
vt 0.69970703125 0.62255859375
vt 0.6962890625 0.623046875
vt 0.69970703125 0.623046875
vt 0.69970703125 0.62255859375
vt 0.6962890625 0.62255859375
vt 0.70361328125 0.623046875
vt 0.7041015625 0.623046875
vt 0.7041015625 0.62255859375
vt 0.70361328125 0.62255859375
vt 0.7001953125 0.623046875
vt 0.70361328125 0.623046875
vt 0.70361328125 0.62255859375
vt 0.7001953125 0.62255859375
vt 0.7001953125 0.623046875
vt 0.69970703125 0.623046875
vt 0.69970703125 0.62646484375
vt 0.7001953125 0.62646484375
vt 0.70068359375 0.62646484375
vt 0.7001953125 0.62646484375
vt 0.7001953125 0.623046875
vt 0.70068359375 0.623046875
vn -0.025855320483085253 -0.3097242487423782 -0.9504748245712175
vn 0.9812841915408286 0.17362894161588113 -0.08327260092858559
vn 0.025855320483085253 0.3097242487423782 0.9504748245712175
vn -0.9812841915408286 -0.17362894161588113 0.08327260092858559
vn -0.19082148158627077 0.9348389595937465 -0.2994382770971375
vn 0.19082148158627077 -0.9348389595937465 0.2994382770971375
usemtl m_9cf4343c-91f0-92da-4b25-54ec74dbc354
f 2340/7012/1753 2343/7011/1753 2341/7010/1753 2338/7009/1753
f 2339/7016/1754 2340/7015/1754 2338/7014/1754 2337/7013/1754
f 2344/7020/1755 2339/7019/1755 2337/7018/1755 2342/7017/1755
f 2343/7024/1756 2344/7023/1756 2342/7022/1756 2341/7021/1756
f 2342/7028/1757 2337/7027/1757 2338/7026/1757 2341/7025/1757
f 2343/7032/1758 2340/7031/1758 2339/7030/1758 2344/7029/1758
o cube
v -2.48458930129559 3.6939701108751812 -7.531386300683172
v -2.146794217976727 3.645853058425007 -7.896871226431293
v -2.472662965782405 3.6355426765495524 -7.512671401822871
v -2.134867882463542 3.587425624099378 -7.878156327570993
v -2.235813627041593 3.6031302717477955 -7.973521786170121
v -2.573608710360456 3.65124732419797 -7.608036860422
v -2.223887291528408 3.5447028374221667 -7.954806887309821
v -2.561682374847271 3.592819889872341 -7.5893219615617
vt 0.693359375 0.5791015625
vt 0.6943359375 0.5791015625
vt 0.6943359375 0.57861328125
vt 0.693359375 0.57861328125
vt 0.689453125 0.5791015625
vt 0.693359375 0.5791015625
vt 0.693359375 0.57861328125
vt 0.689453125 0.57861328125
vt 0.6982421875 0.5791015625
vt 0.69921875 0.5791015625
vt 0.69921875 0.57861328125
vt 0.6982421875 0.57861328125
vt 0.6943359375 0.5791015625
vt 0.6982421875 0.5791015625
vt 0.6982421875 0.57861328125
vt 0.6943359375 0.57861328125
vt 0.6943359375 0.5791015625
vt 0.693359375 0.5791015625
vt 0.693359375 0.5830078125
vt 0.6943359375 0.5830078125
vt 0.6953125 0.5830078125
vt 0.6943359375 0.5830078125
vt 0.6943359375 0.5791015625
vt 0.6953125 0.5791015625
vn 0.6755901666377255 -0.0962341049003488 -0.7309698514962427
vn 0.7121552725189274 0.34178229341768956 0.6132044779106205
vn -0.6755901666377255 0.0962341049003488 0.7309698514962427
vn -0.7121552725189274 -0.34178229341768956 -0.6132044779106205
vn -0.19082136821095952 0.9348389492100622 -0.2994383817648038
vn 0.19082136821095952 -0.9348389492100622 0.2994383817648038
usemtl m_9cf4343c-91f0-92da-4b25-54ec74dbc354
f 2348/7036/1759 2351/7035/1759 2349/7034/1759 2346/7033/1759
f 2347/7040/1760 2348/7039/1760 2346/7038/1760 2345/7037/1760
f 2352/7044/1761 2347/7043/1761 2345/7042/1761 2350/7041/1761
f 2351/7048/1762 2352/7047/1762 2350/7046/1762 2349/7045/1762
f 2350/7052/1763 2345/7051/1763 2346/7050/1763 2349/7049/1763
f 2351/7056/1764 2348/7055/1764 2347/7054/1764 2352/7053/1764
o cube
v -2.48915993953074 3.6392180610854266 -7.69940809185903
v -2.320262397871309 3.6151595348603394 -7.882150554733091
v -2.477233604017555 3.5807906267597973 -7.68069319299873
v -2.3083360623581237 3.55673210053471 -7.86343565587279
v -2.4092818069361748 3.572436748183128 -7.9588011144719175
v -2.578179348595606 3.5964952744082153 -7.776058651597857
v -2.3973554714229897 3.5140093138574993 -7.940086215611617
v -2.566253013082421 3.5380678400825865 -7.757343752737557
vt 0.5029296875 0.84716796875
vt 0.50390625 0.84716796875
vt 0.50390625 0.8466796875
vt 0.5029296875 0.8466796875
vt 0.5009765625 0.84716796875
vt 0.5029296875 0.84716796875
vt 0.5029296875 0.8466796875
vt 0.5009765625 0.8466796875
vt 0.505859375 0.84716796875
vt 0.5068359375 0.84716796875
vt 0.5068359375 0.8466796875
vt 0.505859375 0.8466796875
vt 0.50390625 0.84716796875
vt 0.505859375 0.84716796875
vt 0.505859375 0.8466796875
vt 0.50390625 0.8466796875
vt 0.50390625 0.84716796875
vt 0.5029296875 0.84716796875
vt 0.5029296875 0.84912109375
vt 0.50390625 0.84912109375
vt 0.5048828125 0.84912109375
vt 0.50390625 0.84912109375
vt 0.50390625 0.84716796875
vt 0.5048828125 0.84716796875
vn 0.6755901666377255 -0.0962341049003488 -0.7309698514962427
vn 0.7121552725189274 0.34178229341768956 0.6132044779106205
vn -0.6755901666377255 0.0962341049003488 0.7309698514962427
vn -0.7121552725189274 -0.34178229341768956 -0.6132044779106205
vn -0.19082136821095952 0.9348389492100622 -0.2994383817648038
vn 0.19082136821095952 -0.9348389492100622 0.2994383817648038
usemtl m_9cf4343c-91f0-92da-4b25-54ec74dbc354
f 2356/7060/1765 2359/7059/1765 2357/7058/1765 2354/7057/1765
f 2355/7064/1766 2356/7063/1766 2354/7062/1766 2353/7061/1766
f 2360/7068/1767 2355/7067/1767 2353/7066/1767 2358/7065/1767
f 2359/7072/1768 2360/7071/1768 2358/7070/1768 2357/7069/1768
f 2358/7076/1769 2353/7075/1769 2354/7074/1769 2357/7073/1769
f 2359/7080/1770 2356/7079/1770 2355/7078/1770 2360/7077/1770
o cube
v 2.5691296330338007 3.704907806196088 -7.443362739972368
v 2.581249314510247 3.559724564598098 -7.888897813990126
v 2.557203290434659 3.646480371221479 -7.424647847653796
v 2.569322971911105 3.501297129623489 -7.870182921671555
v 2.4892539215532943 3.5760022778745872 -7.896704620327181
v 2.477134240076848 3.7211855194725767 -7.451169546309423
v 2.477327578954152 3.517574842899978 -7.877989728008609
v 2.465207897477706 3.6627580844979675 -7.432454653990852
vt 0.37841796875 0.30029296875
vt 0.37890625 0.30029296875
vt 0.37890625 0.2998046875
vt 0.37841796875 0.2998046875
vt 0.375 0.30029296875
vt 0.37841796875 0.30029296875
vt 0.37841796875 0.2998046875
vt 0.375 0.2998046875
vt 0.38232421875 0.30029296875
vt 0.3828125 0.30029296875
vt 0.3828125 0.2998046875
vt 0.38232421875 0.2998046875
vt 0.37890625 0.30029296875
vt 0.38232421875 0.30029296875
vt 0.38232421875 0.2998046875
vt 0.37890625 0.2998046875
vt 0.37890625 0.30029296875
vt 0.37841796875 0.30029296875
vt 0.37841796875 0.3037109375
vt 0.37890625 0.3037109375
vt 0.37939453125 0.3037109375
vt 0.37890625 0.3037109375
vt 0.37890625 0.30029296875
vt 0.37939453125 0.30029296875
vn 0.025855320483085253 -0.3097242487423782 -0.9504748245712175
vn 0.9812841915408286 -0.17362894161588113 0.08327260092858559
vn -0.025855320483085253 0.3097242487423782 0.9504748245712175
vn -0.9812841915408286 0.17362894161588113 -0.08327260092858559
vn 0.19082148158627077 0.9348389595937465 -0.2994382770971375
vn -0.19082148158627077 -0.9348389595937465 0.2994382770971375
usemtl m_9cf4343c-91f0-92da-4b25-54ec74dbc354
f 2364/7084/1771 2367/7083/1771 2365/7082/1771 2362/7081/1771
f 2363/7088/1772 2364/7087/1772 2362/7086/1772 2361/7085/1772
f 2368/7092/1773 2363/7091/1773 2361/7090/1773 2366/7089/1773
f 2367/7096/1774 2368/7095/1774 2366/7094/1774 2365/7093/1774
f 2366/7100/1775 2361/7099/1775 2362/7098/1775 2365/7097/1775
f 2367/7104/1776 2364/7103/1776 2363/7102/1776 2368/7101/1776
o cube
v 2.6112624575401635 3.7120140055439963 -7.394329453527626
v 2.1045698325618694 3.639838426868735 -7.942556842149808
v 2.599336122026979 3.6535865712183675 -7.375614554667326
v 2.0926434970486842 3.581410992543106 -7.923841943289508
v 2.0600601280294364 3.6611998202073406 -7.904231562280394
v 2.5667527530077305 3.733375398882602 -7.356004173658213
v 2.0481337925162513 3.602772385881712 -7.885516663420095
v 2.554826417494546 3.6749479645569734 -7.337289274797913
vt 0.3447265625 0.30322265625
vt 0.34521484375 0.30322265625
vt 0.34521484375 0.302734375
vt 0.3447265625 0.302734375
vt 0.3388671875 0.30322265625
vt 0.3447265625 0.30322265625
vt 0.3447265625 0.302734375
vt 0.3388671875 0.302734375
vt 0.35107421875 0.30322265625
vt 0.3515625 0.30322265625
vt 0.3515625 0.302734375
vt 0.35107421875 0.302734375
vt 0.34521484375 0.30322265625
vt 0.35107421875 0.30322265625
vt 0.35107421875 0.302734375
vt 0.34521484375 0.302734375
vt 0.34521484375 0.30322265625
vt 0.3447265625 0.30322265625
vt 0.3447265625 0.30908203125
vt 0.34521484375 0.30908203125
vt 0.345703125 0.30908203125
vt 0.34521484375 0.30908203125
vt 0.34521484375 0.30322265625
vt 0.345703125 0.30322265625
vn -0.6755901666377255 -0.0962341049003488 -0.7309698514962427
vn 0.7121552725189274 -0.34178229341768956 -0.6132044779106205
vn 0.6755901666377255 0.0962341049003488 0.7309698514962427
vn -0.7121552725189274 0.34178229341768956 0.6132044779106205
vn 0.19082136821095952 0.9348389492100622 -0.2994383817648038
vn -0.19082136821095952 -0.9348389492100622 0.2994383817648038
usemtl m_9cf4343c-91f0-92da-4b25-54ec74dbc354
f 2372/7108/1777 2375/7107/1777 2373/7106/1777 2370/7105/1777
f 2371/7112/1778 2372/7111/1778 2370/7110/1778 2369/7109/1778
f 2376/7116/1779 2371/7115/1779 2369/7114/1779 2374/7113/1779
f 2375/7120/1780 2376/7119/1780 2374/7118/1780 2373/7117/1780
f 2374/7124/1781 2369/7123/1781 2370/7122/1781 2373/7121/1781
f 2375/7128/1782 2372/7127/1782 2371/7126/1782 2376/7125/1782
o cube
v 2.578179348595606 3.5964952744082153 -7.776058651597857
v 2.4092818069361748 3.572436748183128 -7.9588011144719175
v 2.566253013082421 3.5380678400825865 -7.757343752737557
v 2.3973554714229897 3.5140093138574993 -7.940086215611617
v 2.320262397871309 3.6151595348603394 -7.882150554733091
v 2.48915993953074 3.6392180610854266 -7.69940809185903
v 2.3083360623581237 3.55673210053471 -7.86343565587279
v 2.477233604017555 3.5807906267597973 -7.68069319299873
vt 0.5087890625 0.84716796875
vt 0.509765625 0.84716796875
vt 0.509765625 0.8466796875
vt 0.5087890625 0.8466796875
vt 0.5068359375 0.84716796875
vt 0.5087890625 0.84716796875
vt 0.5087890625 0.8466796875
vt 0.5068359375 0.8466796875
vt 0.51171875 0.84716796875
vt 0.5126953125 0.84716796875
vt 0.5126953125 0.8466796875
vt 0.51171875 0.8466796875
vt 0.509765625 0.84716796875
vt 0.51171875 0.84716796875
vt 0.51171875 0.8466796875
vt 0.509765625 0.8466796875
vt 0.509765625 0.84716796875
vt 0.5087890625 0.84716796875
vt 0.5087890625 0.84912109375
vt 0.509765625 0.84912109375
vt 0.5107421875 0.84912109375
vt 0.509765625 0.84912109375
vt 0.509765625 0.84716796875
vt 0.5107421875 0.84716796875
vn -0.6755901666377255 -0.0962341049003488 -0.7309698514962427
vn 0.7121552725189274 -0.34178229341768956 -0.6132044779106205
vn 0.6755901666377255 0.0962341049003488 0.7309698514962427
vn -0.7121552725189274 0.34178229341768956 0.6132044779106205
vn 0.19082136821095952 0.9348389492100622 -0.2994383817648038
vn -0.19082136821095952 -0.9348389492100622 0.2994383817648038
usemtl m_9cf4343c-91f0-92da-4b25-54ec74dbc354
f 2380/7132/1783 2383/7131/1783 2381/7130/1783 2378/7129/1783
f 2379/7136/1784 2380/7135/1784 2378/7134/1784 2377/7133/1784
f 2384/7140/1785 2379/7139/1785 2377/7138/1785 2382/7137/1785
f 2383/7144/1786 2384/7143/1786 2382/7142/1786 2381/7141/1786
f 2382/7148/1787 2377/7147/1787 2378/7146/1787 2381/7145/1787
f 2383/7152/1788 2380/7151/1788 2379/7150/1788 2384/7149/1788
o cube
v 2.573608710360456 3.65124732419797 -7.608036860422
v 2.235813627041593 3.6031302717477955 -7.973521786170121
v 2.561682374847271 3.592819889872341 -7.5893219615617
v 2.223887291528408 3.5447028374221667 -7.954806887309821
v 2.146794217976727 3.645853058425007 -7.896871226431293
v 2.48458930129559 3.6939701108751812 -7.531386300683172
v 2.134867882463542 3.587425624099378 -7.878156327570993
v 2.472662965782405 3.6355426765495524 -7.512671401822871
vt 0.7001953125 0.947265625
vt 0.701171875 0.947265625
vt 0.701171875 0.94677734375
vt 0.7001953125 0.94677734375
vt 0.6962890625 0.947265625
vt 0.7001953125 0.947265625
vt 0.7001953125 0.94677734375
vt 0.6962890625 0.94677734375
vt 0.705078125 0.947265625
vt 0.7060546875 0.947265625
vt 0.7060546875 0.94677734375
vt 0.705078125 0.94677734375
vt 0.701171875 0.947265625
vt 0.705078125 0.947265625
vt 0.705078125 0.94677734375
vt 0.701171875 0.94677734375
vt 0.701171875 0.947265625
vt 0.7001953125 0.947265625
vt 0.7001953125 0.951171875
vt 0.701171875 0.951171875
vt 0.7021484375 0.951171875
vt 0.701171875 0.951171875
vt 0.701171875 0.947265625
vt 0.7021484375 0.947265625
vn -0.6755901666377255 -0.0962341049003488 -0.7309698514962427
vn 0.7121552725189274 -0.34178229341768956 -0.6132044779106205
vn 0.6755901666377255 0.0962341049003488 0.7309698514962427
vn -0.7121552725189274 0.34178229341768956 0.6132044779106205
vn 0.19082136821095952 0.9348389492100622 -0.2994383817648038
vn -0.19082136821095952 -0.9348389492100622 0.2994383817648038
usemtl m_9cf4343c-91f0-92da-4b25-54ec74dbc354
f 2388/7156/1789 2391/7155/1789 2389/7154/1789 2386/7153/1789
f 2387/7160/1790 2388/7159/1790 2386/7158/1790 2385/7157/1790
f 2392/7164/1791 2387/7163/1791 2385/7162/1791 2390/7161/1791
f 2391/7168/1792 2392/7167/1792 2390/7166/1792 2389/7165/1792
f 2390/7172/1793 2385/7171/1793 2386/7170/1793 2389/7169/1793
f 2391/7176/1794 2388/7175/1794 2387/7174/1794 2392/7173/1794
o cube
v -1.7186238151745525 3.3976726614219133 -8.944540771420725
v -1.73720732677177 3.175058357638329 -9.627694551581286
v -1.7066974725754107 3.339245226447304 -8.925825879102153
v -1.7252809841726282 3.11663092266372 -9.608979659262715
v -2.2585145535278355 3.082817982404892 -9.583455982337975
v -2.239931041930618 3.3054322861884766 -8.900302202177413
v -2.246588210928693 3.024390547430283 -9.564741090019403
v -2.2280046993314757 3.2470048512138674 -8.881587309858842
vt 0.17138671875 0.353515625
vt 0.17529296875 0.353515625
vt 0.17529296875 0.35302734375
vt 0.17138671875 0.35302734375
vt 0.166015625 0.353515625
vt 0.17138671875 0.353515625
vt 0.17138671875 0.35302734375
vt 0.166015625 0.35302734375
vt 0.1806640625 0.353515625
vt 0.1845703125 0.353515625
vt 0.1845703125 0.35302734375
vt 0.1806640625 0.35302734375
vt 0.17529296875 0.353515625
vt 0.1806640625 0.353515625
vt 0.1806640625 0.35302734375
vt 0.17529296875 0.35302734375
vt 0.17529296875 0.353515625
vt 0.17138671875 0.353515625
vt 0.17138671875 0.35888671875
vt 0.17529296875 0.35888671875
vt 0.17919921875 0.35888671875
vt 0.17529296875 0.35888671875
vt 0.17529296875 0.353515625
vt 0.17919921875 0.353515625
vn -0.025855320483085253 -0.3097242487423782 -0.9504748245712175
vn 0.9812841915408286 0.17362894161588113 -0.08327260092858559
vn 0.025855320483085253 0.3097242487423782 0.9504748245712175
vn -0.9812841915408286 -0.17362894161588113 0.08327260092858559
vn -0.19082148158627077 0.9348389595937465 -0.2994382770971375
vn 0.19082148158627077 -0.9348389595937465 0.2994382770971375
usemtl m_9cf4343c-91f0-92da-4b25-54ec74dbc354
f 2396/7180/1795 2399/7179/1795 2397/7178/1795 2394/7177/1795
f 2395/7184/1796 2396/7183/1796 2394/7182/1796 2393/7181/1796
f 2400/7188/1797 2395/7187/1797 2393/7186/1797 2398/7185/1797
f 2399/7192/1798 2400/7191/1798 2398/7190/1798 2397/7189/1798
f 2398/7196/1799 2393/7195/1799 2394/7194/1799 2397/7193/1799
f 2399/7200/1800 2396/7199/1800 2395/7198/1800 2400/7197/1800
o cube
v 2.239931041930618 3.3054322861884766 -8.900302202177413
v 2.2585145535278355 3.082817982404892 -9.583455982337975
v 2.2280046993314757 3.2470048512138674 -8.881587309858842
v 2.246588210928693 3.024390547430283 -9.564741090019403
v 1.73720732677177 3.175058357638329 -9.627694551581286
v 1.7186238151745525 3.3976726614219133 -8.944540771420725
v 1.7252809841726282 3.11663092266372 -9.608979659262715
v 1.7066974725754107 3.339245226447304 -8.925825879102153
vt 0.36474609375 0.34619140625
vt 0.36865234375 0.34619140625
vt 0.36865234375 0.345703125
vt 0.36474609375 0.345703125
vt 0.359375 0.34619140625
vt 0.36474609375 0.34619140625
vt 0.36474609375 0.345703125
vt 0.359375 0.345703125
vt 0.3740234375 0.34619140625
vt 0.3779296875 0.34619140625
vt 0.3779296875 0.345703125
vt 0.3740234375 0.345703125
vt 0.36865234375 0.34619140625
vt 0.3740234375 0.34619140625
vt 0.3740234375 0.345703125
vt 0.36865234375 0.345703125
vt 0.36865234375 0.34619140625
vt 0.36474609375 0.34619140625
vt 0.36474609375 0.3515625
vt 0.36865234375 0.3515625
vt 0.37255859375 0.3515625
vt 0.36865234375 0.3515625
vt 0.36865234375 0.34619140625
vt 0.37255859375 0.34619140625
vn 0.025855320483085253 -0.3097242487423782 -0.9504748245712175
vn 0.9812841915408286 -0.17362894161588113 0.08327260092858559
vn -0.025855320483085253 0.3097242487423782 0.9504748245712175
vn -0.9812841915408286 0.17362894161588113 -0.08327260092858559
vn 0.19082148158627077 0.9348389595937465 -0.2994382770971375
vn -0.19082148158627077 -0.9348389595937465 0.2994382770971375
usemtl m_9cf4343c-91f0-92da-4b25-54ec74dbc354
f 2404/7204/1801 2407/7203/1801 2405/7202/1801 2402/7201/1801
f 2403/7208/1802 2404/7207/1802 2402/7206/1802 2401/7205/1802
f 2408/7212/1803 2403/7211/1803 2401/7210/1803 2406/7209/1803
f 2407/7216/1804 2408/7215/1804 2406/7214/1804 2405/7213/1804
f 2406/7220/1805 2401/7219/1805 2402/7218/1805 2405/7217/1805
f 2407/7224/1806 2404/7223/1806 2403/7222/1806 2408/7221/1806
o cube
v -1.098777710425573 2.892703088172185 -10.916049651288544
v -0.25429000212841624 2.772410457046749 -11.829761965658848
v -1.086851374912388 2.8342756538465563 -10.897334752428245
v -0.24236366661523134 2.7139830227211204 -11.811047066798547
v -0.38781911572571515 2.7083262770309324 -11.944737805267089
v -1.2323068240228718 2.8286189081563684 -11.031025490896786
v -0.37589278021253003 2.6498988427053036 -11.92602290640679
v -1.220380488509687 2.7701914738307396 -11.012310592036485
vt 0.38671875 0.30419921875
vt 0.38818359375 0.30419921875
vt 0.38818359375 0.3037109375
vt 0.38671875 0.3037109375
vt 0.376953125 0.30419921875
vt 0.38671875 0.30419921875
vt 0.38671875 0.3037109375
vt 0.376953125 0.3037109375
vt 0.39794921875 0.30419921875
vt 0.3994140625 0.30419921875
vt 0.3994140625 0.3037109375
vt 0.39794921875 0.3037109375
vt 0.38818359375 0.30419921875
vt 0.39794921875 0.30419921875
vt 0.39794921875 0.3037109375
vt 0.38818359375 0.3037109375
vt 0.38818359375 0.30419921875
vt 0.38671875 0.30419921875
vt 0.38671875 0.31396484375
vt 0.38818359375 0.31396484375
vt 0.3896484375 0.31396484375
vt 0.38818359375 0.31396484375
vt 0.38818359375 0.30419921875
vt 0.3896484375 0.30419921875
vn 0.6755901666377255 -0.0962341049003488 -0.7309698514962427
vn 0.7121552725189274 0.34178229341768956 0.6132044779106205
vn -0.6755901666377255 0.0962341049003488 0.7309698514962427
vn -0.7121552725189274 -0.34178229341768956 -0.6132044779106205
vn -0.19082136821095952 0.9348389492100622 -0.2994383817648038
vn 0.19082136821095952 -0.9348389492100622 0.2994383817648038
usemtl m_9cf4343c-91f0-92da-4b25-54ec74dbc354
f 2412/7228/1807 2415/7227/1807 2413/7226/1807 2410/7225/1807
f 2411/7232/1808 2412/7231/1808 2410/7230/1808 2409/7229/1808
f 2416/7236/1809 2411/7235/1809 2409/7234/1809 2414/7233/1809
f 2415/7240/1810 2416/7239/1810 2414/7238/1810 2413/7237/1810
f 2414/7244/1811 2409/7243/1811 2410/7242/1811 2413/7241/1811
f 2415/7248/1812 2412/7247/1812 2411/7246/1812 2416/7245/1812
o cube
v -0.9652485968282741 2.956787268188002 -10.801073811680304
v -0.24743404477569086 2.8545385317313814 -11.577729278895061
v -0.9533222613150891 2.898359833862373 -10.782358912820003
v -0.23550770926250597 2.7961110974057526 -11.55901438003476
v -0.3809631583729898 2.7904543517155647 -11.692705118503302
v -1.098777710425573 2.892703088172185 -10.916049651288544
v -0.3690368228598049 2.732026917389936 -11.673990219643002
v -1.086851374912388 2.8342756538465563 -10.897334752428245
vt 0.15185546875 0.30126953125
vt 0.1533203125 0.30126953125
vt 0.1533203125 0.30078125
vt 0.15185546875 0.30078125
vt 0.1435546875 0.30126953125
vt 0.15185546875 0.30126953125
vt 0.15185546875 0.30078125
vt 0.1435546875 0.30078125
vt 0.16162109375 0.30126953125
vt 0.1630859375 0.30126953125
vt 0.1630859375 0.30078125
vt 0.16162109375 0.30078125
vt 0.1533203125 0.30126953125
vt 0.16162109375 0.30126953125
vt 0.16162109375 0.30078125
vt 0.1533203125 0.30078125
vt 0.1533203125 0.30126953125
vt 0.15185546875 0.30126953125
vt 0.15185546875 0.3095703125
vt 0.1533203125 0.3095703125
vt 0.15478515625 0.3095703125
vt 0.1533203125 0.3095703125
vt 0.1533203125 0.30126953125
vt 0.15478515625 0.30126953125
vn 0.6755901666377255 -0.0962341049003488 -0.7309698514962427
vn 0.7121552725189274 0.34178229341768956 0.6132044779106205
vn -0.6755901666377255 0.0962341049003488 0.7309698514962427
vn -0.7121552725189274 -0.34178229341768956 -0.6132044779106205
vn -0.19082136821095952 0.9348389492100622 -0.2994383817648038
vn 0.19082136821095952 -0.9348389492100622 0.2994383817648038
usemtl m_9cf4343c-91f0-92da-4b25-54ec74dbc354
f 2420/7252/1813 2423/7251/1813 2421/7250/1813 2418/7249/1813
f 2419/7256/1814 2420/7255/1814 2418/7254/1814 2417/7253/1814
f 2424/7260/1815 2419/7259/1815 2417/7258/1815 2422/7257/1815
f 2423/7264/1816 2424/7263/1816 2422/7262/1816 2421/7261/1816
f 2422/7268/1817 2417/7267/1817 2418/7266/1817 2421/7265/1817
f 2423/7272/1818 2420/7271/1818 2419/7270/1818 2424/7269/1818
o cube
v -0.9665736266124805 3.1191496484538757 -10.293337557802205
v -0.4144097062546277 3.22134298321074 -10.326167077846188
v -0.9546472852878873 3.0607222161818117 -10.274622656234133
v -0.4024833649300345 3.162915550938676 -10.307452176278113
v -0.41459907656950623 2.8590685652025436 -11.45705763850876
v -0.966762996927359 2.75687523044568 -11.424228118464777
v -0.402672735244913 2.8006411329304797 -11.438342736940687
v -0.9548366556027658 2.6984477981736155 -11.405513216896704
vt 0.19287109375 0.38330078125
vt 0.2021484375 0.38330078125
vt 0.2021484375 0.3828125
vt 0.19287109375 0.3828125
vt 0.1884765625 0.38330078125
vt 0.19287109375 0.38330078125
vt 0.19287109375 0.3828125
vt 0.1884765625 0.3828125
vt 0.20654296875 0.38330078125
vt 0.2158203125 0.38330078125
vt 0.2158203125 0.3828125
vt 0.20654296875 0.3828125
vt 0.2021484375 0.38330078125
vt 0.20654296875 0.38330078125
vt 0.20654296875 0.3828125
vt 0.2021484375 0.3828125
vt 0.2021484375 0.38330078125
vt 0.19287109375 0.38330078125
vt 0.19287109375 0.3876953125
vt 0.2021484375 0.3876953125
vt 0.21142578125 0.3876953125
vt 0.2021484375 0.3876953125
vt 0.2021484375 0.38330078125
vt 0.21142578125 0.38330078125
vn 0.9816247473028495 0.1816770395677581 -0.05836359118930199
vn 0.0001594697388450778 0.30507319411216527 0.9523288931895344
vn -0.9816247473028495 -0.1816770395677581 0.05836359118930199
vn -0.0001594697388450778 -0.30507319411216527 -0.9523288931895344
vn -0.1908214611934913 0.9348389163530241 -0.2994384250891733
vn 0.1908214611934913 -0.9348389163530241 0.2994384250891733
usemtl m_9cf4343c-91f0-92da-4b25-54ec74dbc354
f 2428/7276/1819 2431/7275/1819 2429/7274/1819 2426/7273/1819
f 2427/7280/1820 2428/7279/1820 2426/7278/1820 2425/7277/1820
f 2432/7284/1821 2427/7283/1821 2425/7282/1821 2430/7281/1821
f 2431/7288/1822 2432/7287/1822 2430/7286/1822 2429/7285/1822
f 2430/7292/1823 2425/7291/1823 2426/7290/1823 2429/7289/1823
f 2431/7296/1824 2428/7295/1824 2427/7294/1824 2432/7293/1824
o cube
v 1.2323068240228718 2.8286189081563684 -11.031025490896786
v 0.38781911572571515 2.7083262770309324 -11.944737805267089
v 1.220380488509687 2.7701914738307396 -11.012310592036485
v 0.37589278021253003 2.6498988427053036 -11.92602290640679
v 0.25429000212841624 2.772410457046749 -11.829761965658848
v 1.098777710425573 2.892703088172185 -10.916049651288544
v 0.24236366661523134 2.7139830227211204 -11.811047066798547
v 1.086851374912388 2.8342756538465563 -10.897334752428245
vt 0.4091796875 0.30419921875
vt 0.41064453125 0.30419921875
vt 0.41064453125 0.3037109375
vt 0.4091796875 0.3037109375
vt 0.3994140625 0.30419921875
vt 0.4091796875 0.30419921875
vt 0.4091796875 0.3037109375
vt 0.3994140625 0.3037109375
vt 0.42041015625 0.30419921875
vt 0.421875 0.30419921875
vt 0.421875 0.3037109375
vt 0.42041015625 0.3037109375
vt 0.41064453125 0.30419921875
vt 0.42041015625 0.30419921875
vt 0.42041015625 0.3037109375
vt 0.41064453125 0.3037109375
vt 0.41064453125 0.30419921875
vt 0.4091796875 0.30419921875
vt 0.4091796875 0.31396484375
vt 0.41064453125 0.31396484375
vt 0.412109375 0.31396484375
vt 0.41064453125 0.31396484375
vt 0.41064453125 0.30419921875
vt 0.412109375 0.30419921875
vn -0.6755901666377255 -0.0962341049003488 -0.7309698514962427
vn 0.7121552725189274 -0.34178229341768956 -0.6132044779106205
vn 0.6755901666377255 0.0962341049003488 0.7309698514962427
vn -0.7121552725189274 0.34178229341768956 0.6132044779106205
vn 0.19082136821095952 0.9348389492100622 -0.2994383817648038
vn -0.19082136821095952 -0.9348389492100622 0.2994383817648038
usemtl m_9cf4343c-91f0-92da-4b25-54ec74dbc354
f 2436/7300/1825 2439/7299/1825 2437/7298/1825 2434/7297/1825
f 2435/7304/1826 2436/7303/1826 2434/7302/1826 2433/7301/1826
f 2440/7308/1827 2435/7307/1827 2433/7306/1827 2438/7305/1827
f 2439/7312/1828 2440/7311/1828 2438/7310/1828 2437/7309/1828
f 2438/7316/1829 2433/7315/1829 2434/7314/1829 2437/7313/1829
f 2439/7320/1830 2436/7319/1830 2435/7318/1830 2440/7317/1830
o cube
v 1.098777710425573 2.892703088172185 -10.916049651288544
v 0.3809631583729898 2.7904543517155647 -11.692705118503302
v 1.086851374912388 2.8342756538465563 -10.897334752428245
v 0.3690368228598049 2.732026917389936 -11.673990219643002
v 0.24743404477569086 2.8545385317313814 -11.577729278895061
v 0.9652485968282741 2.956787268188002 -10.801073811680304
v 0.23550770926250597 2.7961110974057526 -11.55901438003476
v 0.9533222613150891 2.898359833862373 -10.782358912820003
vt 0.29052734375 0.30078125
vt 0.2919921875 0.30078125
vt 0.2919921875 0.30029296875
vt 0.29052734375 0.30029296875
vt 0.2822265625 0.30078125
vt 0.29052734375 0.30078125
vt 0.29052734375 0.30029296875
vt 0.2822265625 0.30029296875
vt 0.30029296875 0.30078125
vt 0.3017578125 0.30078125
vt 0.3017578125 0.30029296875
vt 0.30029296875 0.30029296875
vt 0.2919921875 0.30078125
vt 0.30029296875 0.30078125
vt 0.30029296875 0.30029296875
vt 0.2919921875 0.30029296875
vt 0.2919921875 0.30078125
vt 0.29052734375 0.30078125
vt 0.29052734375 0.30908203125
vt 0.2919921875 0.30908203125
vt 0.29345703125 0.30908203125
vt 0.2919921875 0.30908203125
vt 0.2919921875 0.30078125
vt 0.29345703125 0.30078125
vn -0.6755901666377255 -0.0962341049003488 -0.7309698514962427
vn 0.7121552725189274 -0.34178229341768956 -0.6132044779106205
vn 0.6755901666377255 0.0962341049003488 0.7309698514962427
vn -0.7121552725189274 0.34178229341768956 0.6132044779106205
vn 0.19082136821095952 0.9348389492100622 -0.2994383817648038
vn -0.19082136821095952 -0.9348389492100622 0.2994383817648038
usemtl m_9cf4343c-91f0-92da-4b25-54ec74dbc354
f 2444/7324/1831 2447/7323/1831 2445/7322/1831 2442/7321/1831
f 2443/7328/1832 2444/7327/1832 2442/7326/1832 2441/7325/1832
f 2448/7332/1833 2443/7331/1833 2441/7330/1833 2446/7329/1833
f 2447/7336/1834 2448/7335/1834 2446/7334/1834 2445/7333/1834
f 2446/7340/1835 2441/7339/1835 2442/7338/1835 2445/7337/1835
f 2447/7344/1836 2444/7343/1836 2443/7342/1836 2448/7341/1836
o cube
v 0.966762996927359 2.75687523044568 -11.424228118464777
v 0.41459907656950623 2.8590685652025436 -11.45705763850876
v 0.9548366556027658 2.6984477981736155 -11.405513216896704
v 0.402672735244913 2.8006411329304797 -11.438342736940687
v 0.4144097062546277 3.22134298321074 -10.326167077846188
v 0.9665736266124805 3.1191496484538757 -10.293337557802205
v 0.4024833649300345 3.162915550938676 -10.307452176278115
v 0.9546472852878873 3.0607222161818117 -10.274622656234133
vt 0.62744140625 0.8515625
vt 0.63671875 0.8515625
vt 0.63671875 0.85107421875
vt 0.62744140625 0.85107421875
vt 0.623046875 0.8515625
vt 0.62744140625 0.8515625
vt 0.62744140625 0.85107421875
vt 0.623046875 0.85107421875
vt 0.64111328125 0.8515625
vt 0.650390625 0.8515625
vt 0.650390625 0.85107421875
vt 0.64111328125 0.85107421875
vt 0.63671875 0.8515625
vt 0.64111328125 0.8515625
vt 0.64111328125 0.85107421875
vt 0.63671875 0.85107421875
vt 0.63671875 0.8515625
vt 0.62744140625 0.8515625
vt 0.62744140625 0.85595703125
vt 0.63671875 0.85595703125
vt 0.64599609375 0.85595703125
vt 0.63671875 0.85595703125
vt 0.63671875 0.8515625
vt 0.64599609375 0.8515625
vn -0.9816247473028495 0.1816770395677581 -0.05836359118930199
vn 0.0001594697388450778 -0.30507319411216527 -0.9523288931895344
vn 0.9816247473028495 -0.1816770395677581 0.05836359118930199
vn -0.0001594697388450778 0.30507319411216527 0.9523288931895344
vn 0.1908214611934913 0.9348389163530241 -0.2994384250891733
vn -0.1908214611934913 -0.9348389163530241 0.2994384250891733
usemtl m_9cf4343c-91f0-92da-4b25-54ec74dbc354
f 2452/7348/1837 2455/7347/1837 2453/7346/1837 2450/7345/1837
f 2451/7352/1838 2452/7351/1838 2450/7350/1838 2449/7349/1838
f 2456/7356/1839 2451/7355/1839 2449/7354/1839 2454/7353/1839
f 2455/7360/1840 2456/7359/1840 2454/7358/1840 2453/7357/1840
f 2454/7364/1841 2449/7363/1841 2450/7362/1841 2453/7361/1841
f 2455/7368/1842 2452/7367/1842 2451/7366/1842 2456/7365/1842
o cube
v -2.565089198555296 3.753302192095149 -7.2948506852347315
v -2.6345755357742613 2.9209182055666396 -9.849251749654883
v -2.5151882490971964 3.7171434158401504 -7.284425324669209
v -2.5846745863161615 2.884759429311641 -9.838826389089359
v -2.897754489521973 2.59079789745865 -9.73451870960562
v -2.828268152303008 3.423181883987159 -7.180117645185469
v -2.8478535400638734 2.5546391212036514 -9.724093349040096
v -2.7783672028449082 3.3870231077321606 -7.169692284619946
vt 0.26513671875 0.65673828125
vt 0.2685546875 0.65673828125
vt 0.2685546875 0.65625
vt 0.26513671875 0.65625
vt 0.244140625 0.65673828125
vt 0.26513671875 0.65673828125
vt 0.26513671875 0.65625
vt 0.244140625 0.65625
vt 0.28955078125 0.65673828125
vt 0.29296875 0.65673828125
vt 0.29296875 0.65625
vt 0.28955078125 0.65625
vt 0.2685546875 0.65673828125
vt 0.28955078125 0.65673828125
vt 0.28955078125 0.65625
vt 0.2685546875 0.65625
vt 0.2685546875 0.65673828125
vt 0.26513671875 0.65673828125
vt 0.26513671875 0.677734375
vt 0.2685546875 0.677734375
vt 0.27197265625 0.677734375
vt 0.2685546875 0.677734375
vt 0.2685546875 0.65673828125
vt 0.27197265625 0.65673828125
vn -0.02585538129077778 -0.3097242740571198 -0.9504748146679631
vn 0.6015518942804841 0.7545607042468336 -0.26224694868402887
vn 0.02585538129077778 0.3097242740571198 0.9504748146679631
vn -0.6015518942804841 -0.7545607042468336 0.26224694868402887
vn -0.7984151913295924 0.5785404200799739 -0.16680576904836847
vn 0.7984151913295924 -0.5785404200799739 0.16680576904836847
usemtl m_9cf4343c-91f0-92da-4b25-54ec74dbc354
f 2460/7372/1843 2463/7371/1843 2461/7370/1843 2458/7369/1843
f 2459/7376/1844 2460/7375/1844 2458/7374/1844 2457/7373/1844
f 2464/7380/1845 2459/7379/1845 2457/7378/1845 2462/7377/1845
f 2463/7384/1846 2464/7383/1846 2462/7382/1846 2461/7381/1846
f 2462/7388/1847 2457/7387/1847 2458/7386/1847 2461/7385/1847
f 2463/7392/1848 2460/7391/1848 2459/7390/1848 2464/7389/1848
o cube
v -3.1257642374991503 3.0098142664691574 -7.18985903609024
v -2.5700837128170804 2.9088416794752328 -10.199830786981735
v -3.0758632822729197 2.973655497469049 -7.179433677971377
v -2.5201827575908498 2.872682910475125 -10.189405428862873
v -2.842789204895028 2.5217227835645804 -10.237189521160527
v -3.398469729577098 2.622695370558505 -7.227217770269031
v -2.7928882496687972 2.4855640145644724 -10.226764163041663
v -3.348568774350867 2.5865366015583966 -7.216792412150168
vt 0.27685546875 0.32763671875
vt 0.2802734375 0.32763671875
vt 0.2802734375 0.3271484375
vt 0.27685546875 0.3271484375
vt 0.2529296875 0.32763671875
vt 0.27685546875 0.32763671875
vt 0.27685546875 0.3271484375
vt 0.2529296875 0.3271484375
vt 0.30419921875 0.32763671875
vt 0.3076171875 0.32763671875
vt 0.3076171875 0.3271484375
vt 0.30419921875 0.3271484375
vt 0.2802734375 0.32763671875
vt 0.30419921875 0.32763671875
vt 0.30419921875 0.3271484375
vt 0.2802734375 0.3271484375
vt 0.2802734375 0.32763671875
vt 0.27685546875 0.32763671875
vt 0.27685546875 0.3515625
vt 0.2802734375 0.3515625
vt 0.28369140625 0.3515625
vt 0.2802734375 0.3515625
vt 0.2802734375 0.32763671875
vt 0.28369140625 0.32763671875
vn 0.18144670193700238 -0.03297064065107745 -0.9828479186584476
vn 0.5741168254272583 0.814987149285585 0.07864996669219165
vn -0.18144670193700238 0.03297064065107745 0.9828479186584476
vn -0.5741168254272583 -0.814987149285585 -0.07864996669219165
vn -0.7984152836196912 0.5785403040017293 -0.1668057299018082
vn 0.7984152836196912 -0.5785403040017293 0.1668057299018082
usemtl m_9cf4343c-91f0-92da-4b25-54ec74dbc354
f 2468/7396/1849 2471/7395/1849 2469/7394/1849 2466/7393/1849
f 2467/7400/1850 2468/7399/1850 2466/7398/1850 2465/7397/1850
f 2472/7404/1851 2467/7403/1851 2465/7402/1851 2470/7401/1851
f 2471/7408/1852 2472/7407/1852 2470/7406/1852 2469/7405/1852
f 2470/7412/1853 2465/7411/1853 2466/7410/1853 2469/7409/1853
f 2471/7416/1854 2468/7415/1854 2467/7414/1854 2472/7413/1854
o cube
v -2.059134108989085 3.6616438226047348 -7.903434044965586
v -2.1116527287203524 3.032516442346779 -9.834086032375872
v -2.0472077663899433 3.6032163876301255 -7.884719152647015
v -2.09972638612121 2.9740890073721697 -9.8153711400573
v -2.6329599554764176 2.9402760671133423 -9.78984746313256
v -2.5804413357451503 3.5694034473712977 -7.859195475722275
v -2.6210336128772753 2.881848632138733 -9.77113257081399
v -2.5685149931460085 3.5109760123966884 -7.8404805834037035
vt 0.6826171875 0.8173828125
vt 0.6865234375 0.8173828125
vt 0.6865234375 0.81689453125
vt 0.6826171875 0.81689453125
vt 0.6669921875 0.8173828125
vt 0.6826171875 0.8173828125
vt 0.6826171875 0.81689453125
vt 0.6669921875 0.81689453125
vt 0.7021484375 0.8173828125
vt 0.7060546875 0.8173828125
vt 0.7060546875 0.81689453125
vt 0.7021484375 0.81689453125
vt 0.6865234375 0.8173828125
vt 0.7021484375 0.8173828125
vt 0.7021484375 0.81689453125
vt 0.6865234375 0.81689453125
vt 0.6865234375 0.8173828125
vt 0.6826171875 0.8173828125
vt 0.6826171875 0.8330078125
vt 0.6865234375 0.8330078125
vt 0.6904296875 0.8330078125
vt 0.6865234375 0.8330078125
vt 0.6865234375 0.8173828125
vt 0.6904296875 0.8173828125
vn -0.025855320483085253 -0.3097242487423782 -0.9504748245712175
vn 0.9812841915408286 0.17362894161588113 -0.08327260092858559
vn 0.025855320483085253 0.3097242487423782 0.9504748245712175
vn -0.9812841915408286 -0.17362894161588113 0.08327260092858559
vn -0.19082148158627077 0.9348389595937465 -0.2994382770971375
vn 0.19082148158627077 -0.9348389595937465 0.2994382770971375
usemtl m_9cf4343c-91f0-92da-4b25-54ec74dbc354
f 2476/7420/1855 2479/7419/1855 2477/7418/1855 2474/7417/1855
f 2475/7424/1856 2476/7423/1856 2474/7422/1856 2473/7421/1856
f 2480/7428/1857 2475/7427/1857 2473/7426/1857 2478/7425/1857
f 2479/7432/1858 2480/7431/1858 2478/7430/1858 2477/7429/1858
f 2478/7436/1859 2473/7435/1859 2474/7434/1859 2477/7433/1859
f 2479/7440/1860 2476/7439/1860 2475/7438/1860 2480/7437/1860
o cube
v 1.7696176700859558 3.3936924009799165 -0.07055153198105307
v 2.0786104927613547 3.4554582756304124 -0.4587633456392013
v 1.6254753419572658 3.2111523055212223 -0.21432277110008502
v 1.9344681646326647 3.272918180171718 -0.6025345847582333
v 1.932792201822614 3.639013997911877 -0.5456214071270942
v 1.6237993791472154 3.577248123261381 -0.1574095934689459
v 1.788649873693924 3.456473902453183 -0.6893926462461262
v 1.4796570510185252 3.394708027802687 -0.3011808325879779
vt 0.6962890625 0.49853515625
vt 0.6982421875 0.49853515625
vt 0.6982421875 0.49658203125
vt 0.6962890625 0.49658203125
vt 0.6923828125 0.49853515625
vt 0.6962890625 0.49853515625
vt 0.6962890625 0.49658203125
vt 0.6923828125 0.49658203125
vt 0.7021484375 0.49853515625
vt 0.7041015625 0.49853515625
vt 0.7041015625 0.49658203125
vt 0.7021484375 0.49658203125
vt 0.6982421875 0.49853515625
vt 0.7021484375 0.49853515625
vt 0.7021484375 0.49658203125
vt 0.6982421875 0.49658203125
vt 0.6982421875 0.49853515625
vt 0.6962890625 0.49853515625
vt 0.6962890625 0.50244140625
vt 0.6982421875 0.50244140625
vt 0.7001953125 0.50244140625
vt 0.6982421875 0.50244140625
vt 0.6982421875 0.49853515625
vt 0.7001953125 0.49853515625
vn 0.6179856453507976 0.12353174930099173 -0.7764236273162967
vn 0.5832731637549626 -0.7342228891258592 0.34743224595157096
vn -0.6179856453507976 -0.12353174930099173 0.7764236273162967
vn -0.5832731637549626 0.7342228891258592 -0.34743224595157096
vn 0.5271490857277804 0.667575206248939 0.5257919602067455
vn -0.5271490857277804 -0.667575206248939 -0.5257919602067455
usemtl m_9cf4343c-91f0-92da-4b25-54ec74dbc354
f 2484/7444/1861 2487/7443/1861 2485/7442/1861 2482/7441/1861
f 2483/7448/1862 2484/7447/1862 2482/7446/1862 2481/7445/1862
f 2488/7452/1863 2483/7451/1863 2481/7450/1863 2486/7449/1863
f 2487/7456/1864 2488/7455/1864 2486/7454/1864 2485/7453/1864
f 2486/7460/1865 2481/7459/1865 2482/7458/1865 2485/7457/1865
f 2487/7464/1866 2484/7463/1866 2483/7462/1866 2488/7461/1866
o cube
v 1.6190328799868465 2.5127755595591292 1.1988837714086202
v 2.3528908338409185 2.6594695118540574 0.27688071397051806
v 1.5737310054321154 2.455405815272111 1.1536985248283531
v 2.3075889592861873 2.602099767567039 0.23169546739025088
v 1.6237993791472154 3.577248123261381 -0.1574095934689459
v 0.8899414252931432 3.4305541709664533 0.7645934639691563
v 1.5784975045924843 3.5198783789743633 -0.20259484004921308
v 0.8446395507384121 3.373184426679435 0.7194082173888892
vt 0.68017578125 0.470703125
vt 0.68994140625 0.470703125
vt 0.68994140625 0.47021484375
vt 0.68017578125 0.47021484375
vt 0.6708984375 0.470703125
vt 0.68017578125 0.470703125
vt 0.68017578125 0.47021484375
vt 0.6708984375 0.47021484375
vt 0.69921875 0.470703125
vt 0.708984375 0.470703125
vt 0.708984375 0.47021484375
vt 0.69921875 0.47021484375
vt 0.68994140625 0.470703125
vt 0.69921875 0.470703125
vt 0.69921875 0.47021484375
vt 0.68994140625 0.47021484375
vt 0.68994140625 0.470703125
vt 0.68017578125 0.470703125
vt 0.68017578125 0.47998046875
vt 0.68994140625 0.47998046875
vt 0.69970703125 0.47998046875
vt 0.68994140625 0.47998046875
vt 0.68994140625 0.470703125
vt 0.69970703125 0.470703125
vn 0.6179856453507976 0.12353174930099173 -0.7764236273162967
vn 0.5832731637549626 -0.7342228891258592 0.34743224595157096
vn -0.6179856453507976 -0.12353174930099173 0.7764236273162967
vn -0.5832731637549626 0.7342228891258592 -0.34743224595157096
vn 0.5271490857277804 0.667575206248939 0.5257919602067455
vn -0.5271490857277804 -0.667575206248939 -0.5257919602067455
usemtl m_9cf4343c-91f0-92da-4b25-54ec74dbc354
f 2492/7468/1867 2495/7467/1867 2493/7466/1867 2490/7465/1867
f 2491/7472/1868 2492/7471/1868 2490/7470/1868 2489/7469/1868
f 2496/7476/1869 2491/7475/1869 2489/7474/1869 2494/7473/1869
f 2495/7480/1870 2496/7479/1870 2494/7478/1870 2493/7477/1870
f 2494/7484/1871 2489/7483/1871 2490/7482/1871 2493/7481/1871
f 2495/7488/1872 2492/7487/1872 2491/7486/1872 2496/7485/1872
o cube
v 2.0753205805028063 2.6292446778981935 0.5935424561658015
v 2.3979453333368936 2.561463315495041 0.356144018366568
v 1.9311782411506198 2.446704605325958 0.44977119924129594
v 2.2538029939847073 2.3789232429228058 0.21237276144206246
v 2.0199687444451753 3.46847224286602 -0.41649335059711756
v 1.6973439916110877 3.5362536052691724 -0.17909491279788414
v 1.875826405092989 3.2859321702937847 -0.5602646075216232
v 1.5532016522589016 3.353713532696937 -0.3228661697223897
vt 0.1435546875 0.35595703125
vt 0.1533203125 0.35595703125
vt 0.1533203125 0.35400390625
vt 0.1435546875 0.35400390625
vt 0.140625 0.35595703125
vt 0.1435546875 0.35595703125
vt 0.1435546875 0.35400390625
vt 0.140625 0.35400390625
vt 0.15625 0.35595703125
vt 0.166015625 0.35595703125
vt 0.166015625 0.35400390625
vt 0.15625 0.35400390625
vt 0.1533203125 0.35595703125
vt 0.15625 0.35595703125
vt 0.15625 0.35400390625
vt 0.1533203125 0.35400390625
vt 0.1533203125 0.35595703125
vt 0.1435546875 0.35595703125
vt 0.1435546875 0.35888671875
vt 0.1533203125 0.35888671875
vt 0.1630859375 0.35888671875
vt 0.1533203125 0.35888671875
vt 0.1533203125 0.35595703125
vt 0.1630859375 0.35595703125
vn 0.794153237745446 -0.1668464305308366 -0.5843653853519594
vn 0.30238127111337476 -0.7256071418967833 0.6181098951709486
vn -0.794153237745446 0.1668464305308366 0.5843653853519594
vn -0.30238127111337476 0.7256071418967833 -0.6181098951709486
vn 0.5271491267737101 0.6675751225498895 0.525792025323906
vn -0.5271491267737101 -0.6675751225498895 -0.525792025323906
usemtl m_9cf4343c-91f0-92da-4b25-54ec74dbc354
f 2500/7492/1873 2503/7491/1873 2501/7490/1873 2498/7489/1873
f 2499/7496/1874 2500/7495/1874 2498/7494/1874 2497/7493/1874
f 2504/7500/1875 2499/7499/1875 2497/7498/1875 2502/7497/1875
f 2503/7504/1876 2504/7503/1876 2502/7502/1876 2501/7501/1876
f 2502/7508/1877 2497/7507/1877 2498/7506/1877 2501/7505/1877
f 2503/7512/1878 2500/7511/1878 2499/7510/1878 2504/7509/1878
o cube
v 1.3690409562014412 2.550406043144025 1.4017433542518865
v 2.257160876214883 2.4664398532881977 0.6179392099426005
v 1.323739073787333 2.4930363076258737 1.3565581044178345
v 2.2118589938007753 2.409070117770046 0.5727539601085486
v 1.7780614936309636 3.3465879103016727 -0.019210246106065476
v 0.8899415736175214 3.4305541001575004 0.7645938982032203
v 1.7327596112168555 3.2892181747835214 -0.0643954959401174
v 0.8446396912034133 3.373184364639349 0.7194086483691684
vt 0.50146484375 0.31640625
vt 0.5107421875 0.31640625
vt 0.5107421875 0.31591796875
vt 0.50146484375 0.31591796875
vt 0.4921875 0.31640625
vt 0.50146484375 0.31640625
vt 0.50146484375 0.31591796875
vt 0.4921875 0.31591796875
vt 0.52001953125 0.31640625
vt 0.529296875 0.31640625
vt 0.529296875 0.31591796875
vt 0.52001953125 0.31591796875
vt 0.5107421875 0.31640625
vt 0.52001953125 0.31640625
vt 0.52001953125 0.31591796875
vt 0.5107421875 0.31591796875
vt 0.5107421875 0.31640625
vt 0.50146484375 0.31640625
vt 0.50146484375 0.32568359375
vt 0.5107421875 0.32568359375
vt 0.52001953125 0.32568359375
vt 0.5107421875 0.32568359375
vt 0.5107421875 0.31640625
vt 0.52001953125 0.31640625
vn 0.7478904589586882 -0.07070837040490742 -0.6600455952078198
vn 0.4034521116496168 -0.7411773111692423 0.5365469103567716
vn -0.7478904589586882 0.07070837040490742 0.6600455952078198
vn -0.4034521116496168 0.7411773111692423 -0.5365469103567716
vn 0.5271491771823492 0.6675751042112149 0.525791998068968
vn -0.5271491771823492 -0.6675751042112149 -0.525791998068968
usemtl m_9cf4343c-91f0-92da-4b25-54ec74dbc354
f 2508/7516/1879 2511/7515/1879 2509/7514/1879 2506/7513/1879
f 2507/7520/1880 2508/7519/1880 2506/7518/1880 2505/7517/1880
f 2512/7524/1881 2507/7523/1881 2505/7522/1881 2510/7521/1881
f 2511/7528/1882 2512/7527/1882 2510/7526/1882 2509/7525/1882
f 2510/7532/1883 2505/7531/1883 2506/7530/1883 2509/7529/1883
f 2511/7536/1884 2508/7535/1884 2507/7534/1884 2512/7533/1884
o cube
v 1.8299811828485184 2.603605339193435 0.9077281601360575
v 1.442555173653944 3.5332894780254858 0.11577484591629045
v 1.6858388440061933 2.4210652641730053 0.7639569058087401
v 1.2984128348116186 3.350749403005056 -0.027996408411026963
v 1.392920596321147 3.543717380181686 0.15229768246570624
v 1.7803466055157218 2.6140332413496354 0.9442509966854733
v 1.248778257478822 3.361177305161256 0.00852642813838883
v 1.6362042666733965 2.4314931663292056 0.8004797423581559
vt 0.6494140625 0.30322265625
vt 0.64990234375 0.30322265625
vt 0.64990234375 0.30126953125
vt 0.6494140625 0.30126953125
vt 0.6396484375 0.30322265625
vt 0.6494140625 0.30322265625
vt 0.6494140625 0.30126953125
vt 0.6396484375 0.30126953125
vt 0.65966796875 0.30322265625
vt 0.66015625 0.30322265625
vt 0.66015625 0.30126953125
vt 0.65966796875 0.30126953125
vt 0.64990234375 0.30322265625
vt 0.65966796875 0.30322265625
vt 0.65966796875 0.30126953125
vt 0.64990234375 0.30126953125
vt 0.64990234375 0.30322265625
vt 0.6494140625 0.30322265625
vt 0.6494140625 0.31298828125
vt 0.64990234375 0.31298828125
vt 0.650390625 0.31298828125
vt 0.64990234375 0.31298828125
vt 0.64990234375 0.30322265625
vt 0.650390625 0.30322265625
vn -0.30238127546893623 0.7256071327469665 -0.6181099037812818
vn 0.7941532373247471 -0.16684643449920164 -0.5843653847906527
vn 0.30238127546893623 -0.7256071327469665 0.6181099037812818
vn -0.7941532373247471 0.16684643449920164 0.5843653847906527
vn 0.5271491249090747 0.6675751315032862 0.5257920158256181
vn -0.5271491249090747 -0.6675751315032862 -0.5257920158256181
usemtl m_9cf4343c-91f0-92da-4b25-54ec74dbc354
f 2516/7540/1885 2519/7539/1885 2517/7538/1885 2514/7537/1885
f 2515/7544/1886 2516/7543/1886 2514/7542/1886 2513/7541/1886
f 2520/7548/1887 2515/7547/1887 2513/7546/1887 2518/7545/1887
f 2519/7552/1888 2520/7551/1888 2518/7550/1888 2517/7549/1888
f 2518/7556/1889 2513/7555/1889 2514/7554/1889 2517/7553/1889
f 2519/7560/1890 2516/7559/1890 2515/7558/1890 2520/7557/1890
o cube
v -1.7803466055157218 2.6140332413496354 0.9442509966854733
v -1.392920596321147 3.543717380181686 0.15229768246570624
v -1.6362042666733965 2.4314931663292056 0.8004797423581559
v -1.248778257478822 3.361177305161256 0.00852642813838883
v -1.442555173653944 3.5332894780254858 0.11577484591629045
v -1.8299811828485184 2.603605339193435 0.9077281601360575
v -1.2984128348116186 3.350749403005056 -0.027996408411026963
v -1.6858388440061933 2.4210652641730053 0.7639569058087401
vt 0.228515625 0.3017578125
vt 0.22900390625 0.3017578125
vt 0.22900390625 0.2998046875
vt 0.228515625 0.2998046875
vt 0.21875 0.3017578125
vt 0.228515625 0.3017578125
vt 0.228515625 0.2998046875
vt 0.21875 0.2998046875
vt 0.23876953125 0.3017578125
vt 0.2392578125 0.3017578125
vt 0.2392578125 0.2998046875
vt 0.23876953125 0.2998046875
vt 0.22900390625 0.3017578125
vt 0.23876953125 0.3017578125
vt 0.23876953125 0.2998046875
vt 0.22900390625 0.2998046875
vt 0.22900390625 0.3017578125
vt 0.228515625 0.3017578125
vt 0.228515625 0.3115234375
vt 0.22900390625 0.3115234375
vt 0.2294921875 0.3115234375
vt 0.22900390625 0.3115234375
vt 0.22900390625 0.3017578125
vt 0.2294921875 0.3017578125
vn 0.30238127546893623 0.7256071327469665 -0.6181099037812818
vn 0.7941532373247471 0.16684643449920164 0.5843653847906527
vn -0.30238127546893623 -0.7256071327469665 0.6181099037812818
vn -0.7941532373247471 -0.16684643449920164 -0.5843653847906527
vn -0.5271491249090747 0.6675751315032862 0.5257920158256181
vn 0.5271491249090747 -0.6675751315032862 -0.5257920158256181
usemtl m_9cf4343c-91f0-92da-4b25-54ec74dbc354
f 2524/7564/1891 2527/7563/1891 2525/7562/1891 2522/7561/1891
f 2523/7568/1892 2524/7567/1892 2522/7566/1892 2521/7565/1892
f 2528/7572/1893 2523/7571/1893 2521/7570/1893 2526/7569/1893
f 2527/7576/1894 2528/7575/1894 2526/7574/1894 2525/7573/1894
f 2526/7580/1895 2521/7579/1895 2522/7578/1895 2525/7577/1895
f 2527/7584/1896 2524/7583/1896 2523/7582/1896 2528/7581/1896
o cube
v 0.125 3.1793562399185173 2.6837929469170745
v 0.125 3.3959551445333305 2.3438007703237558
v 0.125 3.126644274555212 2.650211721395398
v 0.125 3.3432431791700252 2.310219544802079
v -0.4375 3.3959551445333305 2.3438007703237558
v -0.4375 3.1793562399185173 2.6837929469170745
v -0.4375 3.3432431791700252 2.310219544802079
v -0.4375 3.126644274555212 2.650211721395398
vt 0.291015625 0.37890625
vt 0.29541015625 0.37890625
vt 0.29541015625 0.37841796875
vt 0.291015625 0.37841796875
vt 0.2880859375 0.37890625
vt 0.291015625 0.37890625
vt 0.291015625 0.37841796875
vt 0.2880859375 0.37841796875
vt 0.29833984375 0.37890625
vt 0.302734375 0.37890625
vt 0.302734375 0.37841796875
vt 0.29833984375 0.37841796875
vt 0.29541015625 0.37890625
vt 0.29833984375 0.37890625
vt 0.29833984375 0.37841796875
vt 0.29541015625 0.37841796875
vt 0.29541015625 0.37890625
vt 0.291015625 0.37890625
vt 0.291015625 0.3818359375
vt 0.29541015625 0.3818359375
vt 0.2998046875 0.3818359375
vt 0.29541015625 0.3818359375
vt 0.29541015625 0.37890625
vt 0.2998046875 0.37890625
vn 0 0.5372996083468239 -0.8433914458128857
vn 1 0 0
vn 0 -0.5372996083468239 0.8433914458128857
vn -1 0 0
vn 0 0.8433914458128857 0.5372996083468239
vn 0 -0.8433914458128857 -0.5372996083468239
usemtl m_9cf4343c-91f0-92da-4b25-54ec74dbc354
f 2532/7588/1897 2535/7587/1897 2533/7586/1897 2530/7585/1897
f 2531/7592/1898 2532/7591/1898 2530/7590/1898 2529/7589/1898
f 2536/7596/1899 2531/7595/1899 2529/7594/1899 2534/7593/1899
f 2535/7600/1900 2536/7599/1900 2534/7598/1900 2533/7597/1900
f 2534/7604/1901 2529/7603/1901 2530/7602/1901 2533/7601/1901
f 2535/7608/1902 2532/7607/1902 2531/7606/1902 2536/7605/1902
o cube
v 0.390625 3.1793562399185173 2.6837929469170745
v 0.390625 3.3959551445333305 2.3438007703237558
v 0.390625 3.126644274555212 2.650211721395398
v 0.390625 3.3432431791700252 2.310219544802079
v -0.171875 3.3959551445333305 2.3438007703237558
v -0.171875 3.1793562399185173 2.6837929469170745
v -0.171875 3.3432431791700252 2.310219544802079
v -0.171875 3.126644274555212 2.650211721395398
vt 0.291015625 0.37890625
vt 0.29541015625 0.37890625
vt 0.29541015625 0.37841796875
vt 0.291015625 0.37841796875
vt 0.2880859375 0.37890625
vt 0.291015625 0.37890625
vt 0.291015625 0.37841796875
vt 0.2880859375 0.37841796875
vt 0.29833984375 0.37890625
vt 0.302734375 0.37890625
vt 0.302734375 0.37841796875
vt 0.29833984375 0.37841796875
vt 0.29541015625 0.37890625
vt 0.29833984375 0.37890625
vt 0.29833984375 0.37841796875
vt 0.29541015625 0.37841796875
vt 0.29541015625 0.37890625
vt 0.291015625 0.37890625
vt 0.291015625 0.3818359375
vt 0.29541015625 0.3818359375
vt 0.2998046875 0.3818359375
vt 0.29541015625 0.3818359375
vt 0.29541015625 0.37890625
vt 0.2998046875 0.37890625
vn 0 0.5372996083468239 -0.8433914458128857
vn 1 0 0
vn 0 -0.5372996083468239 0.8433914458128857
vn -1 0 0
vn 0 0.8433914458128857 0.5372996083468239
vn 0 -0.8433914458128857 -0.5372996083468239
usemtl m_9cf4343c-91f0-92da-4b25-54ec74dbc354
f 2540/7612/1903 2543/7611/1903 2541/7610/1903 2538/7609/1903
f 2539/7616/1904 2540/7615/1904 2538/7614/1904 2537/7613/1904
f 2544/7620/1905 2539/7619/1905 2537/7618/1905 2542/7617/1905
f 2543/7624/1906 2544/7623/1906 2542/7622/1906 2541/7621/1906
f 2542/7628/1907 2537/7627/1907 2538/7626/1907 2541/7625/1907
f 2543/7632/1908 2540/7631/1908 2539/7630/1908 2544/7629/1908
o cube
v 0.3125 3.288495222863966 2.512479059486332
v 0.3125 3.5050941274787792 2.172486882893013
v 0.3125 3.235783257500661 2.4788978339646555
v 0.3125 3.452382162115474 2.1389056573713368
v -0.25 3.5050941274787792 2.172486882893013
v -0.25 3.288495222863966 2.512479059486332
v -0.25 3.452382162115474 2.1389056573713368
v -0.25 3.235783257500661 2.4788978339646555
vt 0.291015625 0.37890625
vt 0.29541015625 0.37890625
vt 0.29541015625 0.37841796875
vt 0.291015625 0.37841796875
vt 0.2880859375 0.37890625
vt 0.291015625 0.37890625
vt 0.291015625 0.37841796875
vt 0.2880859375 0.37841796875
vt 0.29833984375 0.37890625
vt 0.302734375 0.37890625
vt 0.302734375 0.37841796875
vt 0.29833984375 0.37841796875
vt 0.29541015625 0.37890625
vt 0.29833984375 0.37890625
vt 0.29833984375 0.37841796875
vt 0.29541015625 0.37841796875
vt 0.29541015625 0.37890625
vt 0.291015625 0.37890625
vt 0.291015625 0.3818359375
vt 0.29541015625 0.3818359375
vt 0.2998046875 0.3818359375
vt 0.29541015625 0.3818359375
vt 0.29541015625 0.37890625
vt 0.2998046875 0.37890625
vn 0 0.5372996083468239 -0.8433914458128857
vn 1 0 0
vn 0 -0.5372996083468239 0.8433914458128857
vn -1 0 0
vn 0 0.8433914458128857 0.5372996083468239
vn 0 -0.8433914458128857 -0.5372996083468239
usemtl m_9cf4343c-91f0-92da-4b25-54ec74dbc354
f 2548/7636/1909 2551/7635/1909 2549/7634/1909 2546/7633/1909
f 2547/7640/1910 2548/7639/1910 2546/7638/1910 2545/7637/1910
f 2552/7644/1911 2547/7643/1911 2545/7642/1911 2550/7641/1911
f 2551/7648/1912 2552/7647/1912 2550/7646/1912 2549/7645/1912
f 2550/7652/1913 2545/7651/1913 2546/7650/1913 2549/7649/1913
f 2551/7656/1914 2548/7655/1914 2547/7654/1914 2552/7653/1914
o cube
v 2.6509678164752852 2.633662856836323 -9.755351855774936
v 0.3164320341354381 2.3313411457049833 -12.303050979779476
v 2.4666484701470033 2.633662850426888 -9.586454317103957
v 0.13211268780715624 2.3313411392955485 -12.134153441108497
v 0.29803152630617935 2.6426519870578415 -12.323131601478043
v 2.632567308646027 2.944973698189181 -9.775432477473501
v 0.1137121799778974 2.642651980648407 -12.154234062807063
v 2.448247962317745 2.9449736917797464 -9.606534938802524
vt 0.34033203125 0.3798828125
vt 0.3515625 0.3798828125
vt 0.3515625 0.3779296875
vt 0.34033203125 0.3779296875
vt 0.3056640625 0.3798828125
vt 0.34033203125 0.3798828125
vt 0.34033203125 0.3779296875
vt 0.3056640625 0.3779296875
vt 0.38623046875 0.3798828125
vt 0.3974609375 0.3798828125
vt 0.3974609375 0.3779296875
vt 0.38623046875 0.3779296875
vt 0.3515625 0.3798828125
vt 0.38623046875 0.3798828125
vt 0.38623046875 0.3779296875
vt 0.3515625 0.3779296875
vt 0.3515625 0.3798828125
vt 0.34033203125 0.3798828125
vt 0.34033203125 0.41455078125
vt 0.3515625 0.41455078125
vt 0.36279296875 0.41455078125
vt 0.3515625 0.41455078125
vt 0.3515625 0.3798828125
vt 0.36279296875 0.3798828125
vn -0.6730193246385144 -0.08715580861444017 -0.7344718195328401
vn 0.05888162505362819 -0.9961946923291463 0.06425798943541225
vn 0.6730193246385144 0.08715580861444017 0.7344718195328401
vn -0.05888162505362819 0.9961946923291463 -0.06425798943541225
vn 0.7372773853131275 2.5637738883255153e-8 -0.6755901546839159
vn -0.7372773853131275 -2.5637738883255153e-8 0.6755901546839159
usemtl m_9cf4343c-91f0-92da-4b25-54ec74dbc354
f 2556/7660/1915 2559/7659/1915 2557/7658/1915 2554/7657/1915
f 2555/7664/1916 2556/7663/1916 2554/7662/1916 2553/7661/1916
f 2560/7668/1917 2555/7667/1917 2553/7666/1917 2558/7665/1917
f 2559/7672/1918 2560/7671/1918 2558/7670/1918 2557/7669/1918
f 2558/7676/1919 2553/7675/1919 2554/7674/1919 2557/7673/1919
f 2559/7680/1920 2556/7679/1920 2555/7678/1920 2560/7677/1920
o cube
v -2.632567308646027 2.944973698189181 -9.775432477473501
v -0.29803152630617935 2.6426519870578415 -12.323131601478043
v -2.448247962317745 2.9449736917797464 -9.606534938802524
v -0.1137121799778974 2.642651980648407 -12.154234062807063
v -0.3164320341354381 2.3313411457049833 -12.303050979779476
v -2.6509678164752852 2.633662856836323 -9.755351855774936
v -0.13211268780715624 2.3313411392955485 -12.134153441108497
v -2.4666484701470033 2.633662850426888 -9.586454317103957
vt 0.3515625 0.3798828125
vt 0.34033203125 0.3798828125
vt 0.34033203125 0.3779296875
vt 0.3515625 0.3779296875
vt 0.38623046875 0.3798828125
vt 0.3515625 0.3798828125
vt 0.3515625 0.3779296875
vt 0.38623046875 0.3779296875
vt 0.3974609375 0.3798828125
vt 0.38623046875 0.3798828125
vt 0.38623046875 0.3779296875
vt 0.3974609375 0.3779296875
vt 0.34033203125 0.3798828125
vt 0.3056640625 0.3798828125
vt 0.3056640625 0.3779296875
vt 0.34033203125 0.3779296875
vt 0.34033203125 0.3798828125
vt 0.3515625 0.3798828125
vt 0.3515625 0.41455078125
vt 0.34033203125 0.41455078125
vt 0.3515625 0.41455078125
vt 0.36279296875 0.41455078125
vt 0.36279296875 0.3798828125
vt 0.3515625 0.3798828125
vn 0.6730193246385144 -0.08715580861444017 -0.7344718195328401
vn 0.05888162505362819 0.9961946923291463 -0.06425798943541225
vn -0.6730193246385144 0.08715580861444017 0.7344718195328401
vn -0.05888162505362819 -0.9961946923291463 0.06425798943541225
vn -0.7372773853131275 2.5637738883255153e-8 -0.6755901546839159
vn 0.7372773853131275 -2.5637738883255153e-8 0.6755901546839159
usemtl m_9cf4343c-91f0-92da-4b25-54ec74dbc354
f 2564/7684/1921 2567/7683/1921 2565/7682/1921 2562/7681/1921
f 2563/7688/1922 2564/7687/1922 2562/7686/1922 2561/7685/1922
f 2568/7692/1923 2563/7691/1923 2561/7690/1923 2566/7689/1923
f 2567/7696/1924 2568/7695/1924 2566/7694/1924 2565/7693/1924
f 2566/7700/1925 2561/7699/1925 2562/7698/1925 2565/7697/1925
f 2567/7704/1926 2564/7703/1926 2563/7702/1926 2568/7701/1926
o cube
v -0.8561637558768797 2.9561879613968722 2.4062720623270124
v -1.0552976765752096 2.941523017095874 1.5686119752249406
v -0.8058914568350047 2.920825088621484 2.394940108474475
v -1.0050253775333347 2.906160144320486 1.557280021372403
v -1.29514509257471 2.580254893881194 1.6319547726662949
v -1.09601117187638 2.5949198381821925 2.4696148597683667
v -1.2448727935328352 2.544892021105806 1.6206228188137572
v -1.0457388728345052 2.5595569654068044 2.458282905915829
vt 0.0478515625 0.3232421875
vt 0.04443359375 0.3232421875
vt 0.04443359375 0.32275390625
vt 0.0478515625 0.32275390625
vt 0.05419921875 0.3232421875
vt 0.0478515625 0.3232421875
vt 0.0478515625 0.32275390625
vt 0.05419921875 0.32275390625
vt 0.0576171875 0.3232421875
vt 0.05419921875 0.3232421875
vt 0.05419921875 0.32275390625
vt 0.0576171875 0.32275390625
vt 0.04443359375 0.3232421875
vt 0.0380859375 0.3232421875
vt 0.0380859375 0.32275390625
vt 0.04443359375 0.32275390625
vt 0.04443359375 0.3232421875
vt 0.0478515625 0.3232421875
vt 0.0478515625 0.32958984375
vt 0.04443359375 0.32958984375
vt 0.0478515625 0.32958984375
vt 0.05126953125 0.32958984375
vt 0.05126953125 0.3232421875
vt 0.0478515625 0.3232421875
vn -0.23124739032195935 -0.017029896699318408 -0.9727459211364979
vn 0.5472977319746776 0.824362537516579 -0.1445392656498606
vn 0.23124739032195935 0.017029896699318408 0.9727459211364979
vn -0.5472977319746776 -0.824362537516579 0.1445392656498606
vn -0.804356784669998 0.5658059644062065 0.18131126164059724
vn 0.804356784669998 -0.5658059644062065 -0.18131126164059724
usemtl m_9cf4343c-91f0-92da-4b25-54ec74dbc354
f 2572/7708/1927 2575/7707/1927 2573/7706/1927 2570/7705/1927
f 2571/7712/1928 2572/7711/1928 2570/7710/1928 2569/7709/1928
f 2576/7716/1929 2571/7715/1929 2569/7714/1929 2574/7713/1929
f 2575/7720/1930 2576/7719/1930 2574/7718/1930 2573/7717/1930
f 2574/7724/1931 2569/7723/1931 2570/7722/1931 2573/7721/1931
f 2575/7728/1932 2572/7727/1932 2571/7726/1932 2576/7725/1932
o cube
v -0.8692356690319814 3.4304686112518783 0.8211216097752729
v -1.9313984969786646 3.642788805362958 -0.5133564996746118
v -0.7250933409032914 3.247928515793184 0.6773503706562409
v -1.7872561688499746 3.460248709904264 -0.6571277387936438
v -1.9678530697133496 3.5968998747925918 -0.4916419843026386
v -0.9056902417666663 3.384579680681512 0.842836125147246
v -1.8237107415846596 3.4143597793338976 -0.6354132234216705
v -0.7615479136379764 3.202039585222818 0.6990648860282141
vt 0.228515625 0.3017578125
vt 0.22900390625 0.3017578125
vt 0.22900390625 0.2998046875
vt 0.228515625 0.2998046875
vt 0.21875 0.3017578125
vt 0.228515625 0.3017578125
vt 0.228515625 0.2998046875
vt 0.21875 0.2998046875
vt 0.23876953125 0.3017578125
vt 0.2392578125 0.3017578125
vt 0.2392578125 0.2998046875
vt 0.23876953125 0.2998046875
vt 0.22900390625 0.3017578125
vt 0.23876953125 0.3017578125
vt 0.23876953125 0.2998046875
vt 0.22900390625 0.2998046875
vt 0.22900390625 0.3017578125
vt 0.228515625 0.3017578125
vt 0.228515625 0.3115234375
vt 0.22900390625 0.3115234375
vt 0.2294921875 0.3115234375
vt 0.22900390625 0.3115234375
vt 0.22900390625 0.3017578125
vt 0.2294921875 0.3017578125
vn -0.6179856453507976 0.12353174930099173 -0.7764236273162967
vn 0.5832731637549626 0.7342228891258592 -0.34743224595157096
vn 0.6179856453507976 -0.12353174930099173 0.7764236273162967
vn -0.5832731637549626 -0.7342228891258592 0.34743224595157096
vn -0.5271490857277804 0.667575206248939 0.5257919602067455
vn 0.5271490857277804 -0.667575206248939 -0.5257919602067455
usemtl m_9cf4343c-91f0-92da-4b25-54ec74dbc354
f 2580/7732/1933 2583/7731/1933 2581/7730/1933 2578/7729/1933
f 2579/7736/1934 2580/7735/1934 2578/7734/1934 2577/7733/1934
f 2584/7740/1935 2579/7739/1935 2577/7738/1935 2582/7737/1935
f 2583/7744/1936 2584/7743/1936 2582/7742/1936 2581/7741/1936
f 2582/7748/1937 2577/7747/1937 2578/7746/1937 2581/7745/1937
f 2583/7752/1938 2580/7751/1938 2579/7750/1938 2584/7749/1938
o cube
v 0.9056902417666663 3.384579680681512 0.842836125147246
v 1.9678530697133496 3.5968998747925918 -0.4916419843026386
v 0.7615479136379764 3.202039585222818 0.6990648860282141
v 1.8237107415846596 3.4143597793338976 -0.6354132234216705
v 1.9313984969786646 3.642788805362958 -0.5133564996746118
v 0.8692356690319814 3.4304686112518783 0.8211216097752729
v 1.7872561688499746 3.460248709904264 -0.6571277387936438
v 0.7250933409032914 3.247928515793184 0.6773503706562409
vt 0.22900390625 0.3017578125
vt 0.228515625 0.3017578125
vt 0.228515625 0.2998046875
vt 0.22900390625 0.2998046875
vt 0.23876953125 0.3017578125
vt 0.22900390625 0.3017578125
vt 0.22900390625 0.2998046875
vt 0.23876953125 0.2998046875
vt 0.2392578125 0.3017578125
vt 0.23876953125 0.3017578125
vt 0.23876953125 0.2998046875
vt 0.2392578125 0.2998046875
vt 0.228515625 0.3017578125
vt 0.21875 0.3017578125
vt 0.21875 0.2998046875
vt 0.228515625 0.2998046875
vt 0.228515625 0.3017578125
vt 0.22900390625 0.3017578125
vt 0.22900390625 0.3115234375
vt 0.228515625 0.3115234375
vt 0.22900390625 0.3115234375
vt 0.2294921875 0.3115234375
vt 0.2294921875 0.3017578125
vt 0.22900390625 0.3017578125
vn 0.6179856453507976 0.12353174930099173 -0.7764236273162967
vn 0.5832731637549626 -0.7342228891258592 0.34743224595157096
vn -0.6179856453507976 -0.12353174930099173 0.7764236273162967
vn -0.5832731637549626 0.7342228891258592 -0.34743224595157096
vn 0.5271490857277804 0.667575206248939 0.5257919602067455
vn -0.5271490857277804 -0.667575206248939 -0.5257919602067455
usemtl m_9cf4343c-91f0-92da-4b25-54ec74dbc354
f 2588/7756/1939 2591/7755/1939 2589/7754/1939 2586/7753/1939
f 2587/7760/1940 2588/7759/1940 2586/7758/1940 2585/7757/1940
f 2592/7764/1941 2587/7763/1941 2585/7762/1941 2590/7761/1941
f 2591/7768/1942 2592/7767/1942 2590/7766/1942 2589/7765/1942
f 2590/7772/1943 2585/7771/1943 2586/7770/1943 2589/7769/1943
f 2591/7776/1944 2588/7775/1944 2587/7774/1944 2592/7773/1944
o cube
v 1.3009211171965052 2.636440322983294 1.3964650789314594
v 2.34355943027409 2.627860624714002 0.3620288559673096
v 1.1567787783076013 2.4539002426345284 1.2526938314159963
v 2.199417091385186 2.445320544365236 0.2182576084518465
v 2.314365694908127 2.6743930938340856 0.3322176981070291
v 1.2717273818305421 2.682972792103378 1.3666539210711788
v 2.170223356019223 2.49185301348532 0.188446450591566
v 1.1275850429416383 2.500432711754612 1.222882673555716
vt 0.22900390625 0.3017578125
vt 0.228515625 0.3017578125
vt 0.228515625 0.2998046875
vt 0.22900390625 0.2998046875
vt 0.23876953125 0.3017578125
vt 0.22900390625 0.3017578125
vt 0.22900390625 0.2998046875
vt 0.23876953125 0.2998046875
vt 0.2392578125 0.3017578125
vt 0.23876953125 0.3017578125
vt 0.23876953125 0.2998046875
vt 0.2392578125 0.2998046875
vt 0.228515625 0.3017578125
vt 0.21875 0.3017578125
vt 0.21875 0.2998046875
vt 0.228515625 0.2998046875
vt 0.228515625 0.3017578125
vt 0.22900390625 0.3017578125
vt 0.22900390625 0.3115234375
vt 0.228515625 0.3115234375
vt 0.22900390625 0.3115234375
vt 0.2294921875 0.3115234375
vt 0.2294921875 0.3017578125
vt 0.22900390625 0.3017578125
vn 0.7098814046485683 -0.00584149669398601 -0.7042970028692085
vn 0.4670997658554087 -0.7445195059213411 0.47697852576448824
vn -0.7098814046485683 0.00584149669398601 0.7042970028692085
vn -0.4670997658554087 0.7445195059213411 -0.47697852576448824
vn 0.52714912507942 0.6675751509897717 0.5257919909136937
vn -0.52714912507942 -0.6675751509897717 -0.5257919909136937
usemtl m_9cf4343c-91f0-92da-4b25-54ec74dbc354
f 2596/7780/1945 2599/7779/1945 2597/7778/1945 2594/7777/1945
f 2595/7784/1946 2596/7783/1946 2594/7782/1946 2593/7781/1946
f 2600/7788/1947 2595/7787/1947 2593/7786/1947 2598/7785/1947
f 2599/7792/1948 2600/7791/1948 2598/7790/1948 2597/7789/1948
f 2598/7796/1949 2593/7795/1949 2594/7794/1949 2597/7793/1949
f 2599/7800/1950 2596/7799/1950 2595/7798/1950 2600/7797/1950
o cube
v -1.2717273818305421 2.682972792103378 1.3666539210711788
v -2.314365694908127 2.6743930938340856 0.3322176981070291
v -1.1275850429416383 2.500432711754612 1.222882673555716
v -2.170223356019223 2.49185301348532 0.188446450591566
v -2.34355943027409 2.627860624714002 0.3620288559673096
v -1.3009211171965052 2.636440322983294 1.3964650789314594
v -2.199417091385186 2.445320544365236 0.2182576084518465
v -1.1567787783076013 2.4539002426345284 1.2526938314159963
vt 0.228515625 0.3017578125
vt 0.22900390625 0.3017578125
vt 0.22900390625 0.2998046875
vt 0.228515625 0.2998046875
vt 0.21875 0.3017578125
vt 0.228515625 0.3017578125
vt 0.228515625 0.2998046875
vt 0.21875 0.2998046875
vt 0.23876953125 0.3017578125
vt 0.2392578125 0.3017578125
vt 0.2392578125 0.2998046875
vt 0.23876953125 0.2998046875
vt 0.22900390625 0.3017578125
vt 0.23876953125 0.3017578125
vt 0.23876953125 0.2998046875
vt 0.22900390625 0.2998046875
vt 0.22900390625 0.3017578125
vt 0.228515625 0.3017578125
vt 0.228515625 0.3115234375
vt 0.22900390625 0.3115234375
vt 0.2294921875 0.3115234375
vt 0.22900390625 0.3115234375
vt 0.22900390625 0.3017578125
vt 0.2294921875 0.3017578125
vn -0.7098814046485683 -0.00584149669398601 -0.7042970028692085
vn 0.4670997658554087 0.7445195059213411 -0.47697852576448824
vn 0.7098814046485683 0.00584149669398601 0.7042970028692085
vn -0.4670997658554087 -0.7445195059213411 0.47697852576448824
vn -0.52714912507942 0.6675751509897717 0.5257919909136937
vn 0.52714912507942 -0.6675751509897717 -0.5257919909136937
usemtl m_9cf4343c-91f0-92da-4b25-54ec74dbc354
f 2604/7804/1951 2607/7803/1951 2605/7802/1951 2602/7801/1951
f 2603/7808/1952 2604/7807/1952 2602/7806/1952 2601/7805/1952
f 2608/7812/1953 2603/7811/1953 2601/7810/1953 2606/7809/1953
f 2607/7816/1954 2608/7815/1954 2606/7814/1954 2605/7813/1954
f 2606/7820/1955 2601/7819/1955 2602/7818/1955 2605/7817/1955
f 2607/7824/1956 2604/7823/1956 2603/7822/1956 2608/7821/1956
o cube
v -2.831938849869574 3.837931202790819 -3.797961043555641
v -2.7361265586781323 3.614740951177342 -6.474462933418856
v -2.7380089364892544 3.767162043222918 -3.7886972254217097
v -2.6421966452978127 3.543971791609441 -6.465199115284924
v -3.368457786557218 2.781596820507665 -6.427623981092963
v -3.4642700777486595 3.004787072121142 -3.7511220912297483
v -3.2745278731768983 2.710827660939764 -6.418360162959032
v -3.37034016436834 2.934017912553241 -3.7418582730958168
vt 0.95654296875 0.97412109375
vt 0.96435546875 0.97412109375
vt 0.96435546875 0.9736328125
vt 0.95654296875 0.9736328125
vt 0.935546875 0.97412109375
vt 0.95654296875 0.97412109375
vt 0.95654296875 0.9736328125
vt 0.935546875 0.9736328125
vt 0.9853515625 0.97412109375
vt 0.9931640625 0.97412109375
vt 0.9931640625 0.9736328125
vt 0.9853515625 0.9736328125
vt 0.96435546875 0.97412109375
vt 0.9853515625 0.97412109375
vt 0.9853515625 0.9736328125
vt 0.96435546875 0.9736328125
vt 0.96435546875 0.97412109375
vt 0.95654296875 0.97412109375
vt 0.95654296875 0.9951171875
vt 0.96435546875 0.9951171875
vt 0.97216796875 0.9951171875
vt 0.96435546875 0.9951171875
vt 0.96435546875 0.97412109375
vt 0.97216796875 0.97412109375
vn 0.035651085094489846 -0.08304753548408446 -0.9959076799491031
vn 0.6039576738358245 0.7957598311520482 -0.04473722543568962
vn -0.035651085094489846 0.08304753548408446 0.9959076799491031
vn -0.6039576738358245 -0.7957598311520482 0.04473722543568962
vn -0.7962186435561562 0.5998911551063939 -0.07852689780394428
vn 0.7962186435561562 -0.5998911551063939 0.07852689780394428
usemtl m_9cf4343c-91f0-92da-4b25-54ec74dbc354
f 2612/7828/1957 2615/7827/1957 2613/7826/1957 2610/7825/1957
f 2611/7832/1958 2612/7831/1958 2610/7830/1958 2609/7829/1958
f 2616/7836/1959 2611/7835/1959 2609/7834/1959 2614/7833/1959
f 2615/7840/1960 2616/7839/1960 2614/7838/1960 2613/7837/1960
f 2614/7844/1961 2609/7843/1961 2610/7842/1961 2613/7841/1961
f 2615/7848/1962 2612/7847/1962 2611/7846/1962 2616/7845/1962
o cube
v 6.132051824470417 2.646095625 -10.854842640643195
v 4.7321288324543485 2.646095625 -7.852698096084291
v 6.132051824470417 2.5281256250000004 -10.854842640643195
v 4.7321288324543485 2.5281256250000004 -7.852698096084291
v 5.635699003531782 2.646095625 -7.431356405630462
v 7.035621995547849 2.646095625 -10.433500950189366
v 5.635699003531782 2.5281256250000004 -7.431356405630462
v 7.035621995547849 2.5281256250000004 -10.433500950189366
vt 0.96630859375 0.00048828125
vt 0.95849609375 0.00048828125
vt 0.95849609375 0
vt 0.96630859375 0
vt 0.9921875 0.00048828125
vt 0.96630859375 0.00048828125
vt 0.96630859375 0
vt 0.9921875 0
vt 1 0.00048828125
vt 0.9921875 0.00048828125
vt 0.9921875 0
vt 1 0
vt 0.95849609375 0.00048828125
vt 0.9326171875 0.00048828125
vt 0.9326171875 0
vt 0.95849609375 0
vt 0.95849609375 0.00048828125
vt 0.96630859375 0.00048828125
vt 0.96630859375 0.0263671875
vt 0.95849609375 0.0263671875
vt 0.96630859375 0.0263671875
vt 0.97412109375 0.0263671875
vt 0.97412109375 0.00048828125
vt 0.96630859375 0.00048828125
vn -0.42261826174069983 0 0.9063077870366499
vn -0.9063077870366499 0 -0.42261826174069983
vn 0.42261826174069983 0 -0.9063077870366499
vn 0.9063077870366499 0 0.42261826174069983
vn 0 1 0
vn 0 -1 0
usemtl m_9cf4343c-91f0-92da-4b25-54ec74dbc354
f 2620/7852/1963 2623/7851/1963 2621/7850/1963 2618/7849/1963
f 2619/7856/1964 2620/7855/1964 2618/7854/1964 2617/7853/1964
f 2624/7860/1965 2619/7859/1965 2617/7858/1965 2622/7857/1965
f 2623/7864/1966 2624/7863/1966 2622/7862/1966 2621/7861/1966
f 2622/7868/1967 2617/7867/1967 2618/7866/1967 2621/7865/1967
f 2623/7872/1968 2620/7871/1968 2619/7870/1968 2624/7869/1968
o cube
v 3.4642700777486595 3.004787072121142 -3.7511220912297483
v 3.368457786557218 2.781596820507665 -6.427623981092963
v 3.37034016436834 2.934017912553241 -3.7418582730958168
v 3.2745278731768983 2.710827660939764 -6.418360162959032
v 2.7361265586781323 3.614740951177342 -6.474462933418856
v 2.831938849869574 3.837931202790819 -3.797961043555641
v 2.6421966452978127 3.543971791609441 -6.465199115284924
v 2.7380089364892544 3.767162043222918 -3.7886972254217097
vt 0.96435546875 0.97412109375
vt 0.95654296875 0.97412109375
vt 0.95654296875 0.9736328125
vt 0.96435546875 0.9736328125
vt 0.9853515625 0.97412109375
vt 0.96435546875 0.97412109375
vt 0.96435546875 0.9736328125
vt 0.9853515625 0.9736328125
vt 0.9931640625 0.97412109375
vt 0.9853515625 0.97412109375
vt 0.9853515625 0.9736328125
vt 0.9931640625 0.9736328125
vt 0.95654296875 0.97412109375
vt 0.935546875 0.97412109375
vt 0.935546875 0.9736328125
vt 0.95654296875 0.9736328125
vt 0.95654296875 0.97412109375
vt 0.96435546875 0.97412109375
vt 0.96435546875 0.9951171875
vt 0.95654296875 0.9951171875
vt 0.96435546875 0.9951171875
vt 0.97216796875 0.9951171875
vt 0.97216796875 0.97412109375
vt 0.96435546875 0.97412109375
vn -0.035651085094489846 -0.08304753548408446 -0.9959076799491031
vn 0.6039576738358245 -0.7957598311520482 0.04473722543568962
vn 0.035651085094489846 0.08304753548408446 0.9959076799491031
vn -0.6039576738358245 0.7957598311520482 -0.04473722543568962
vn 0.7962186435561562 0.5998911551063939 -0.07852689780394428
vn -0.7962186435561562 -0.5998911551063939 0.07852689780394428
usemtl m_9cf4343c-91f0-92da-4b25-54ec74dbc354
f 2628/7876/1969 2631/7875/1969 2629/7874/1969 2626/7873/1969
f 2627/7880/1970 2628/7879/1970 2626/7878/1970 2625/7877/1970
f 2632/7884/1971 2627/7883/1971 2625/7882/1971 2630/7881/1971
f 2631/7888/1972 2632/7887/1972 2630/7886/1972 2629/7885/1972
f 2630/7892/1973 2625/7891/1973 2626/7890/1973 2629/7889/1973
f 2631/7896/1974 2628/7895/1974 2627/7894/1974 2632/7893/1974
o cube
v -2.1299382406917795 3.456682291981733 -0.6831832353313785
v -2.7360089193532415 3.770535176841999 -3.2825737310306535
v -2.0397565017505164 3.3865791074822633 -0.7126742235237586
v -2.6458271804119784 3.7004319923425295 -3.3120647192230335
v -3.3456917344634833 2.9672320398405243 -3.2374124246586
v -2.7396210558020213 2.653379154980258 -0.6380219289593245
v -3.25550999552222 2.8971288553410544 -3.2669034128509793
v -2.649439316860758 2.5832759704807886 -0.6675129171517045
vt 0.02099609375 0.00048828125
vt 0.02880859375 0.00048828125
vt 0.02880859375 0
vt 0.02099609375 0
vt 0 0.00048828125
vt 0.02099609375 0.00048828125
vt 0.02099609375 0
vt 0 0
vt 0.0498046875 0.00048828125
vt 0.0576171875 0.00048828125
vt 0.0576171875 0
vt 0.0498046875 0
vt 0.02880859375 0.00048828125
vt 0.0498046875 0.00048828125
vt 0.0498046875 0
vt 0.02880859375 0
vt 0.02880859375 0.00048828125
vt 0.02099609375 0.00048828125
vt 0.02099609375 0.021484375
vt 0.02880859375 0.021484375
vt 0.03662109375 0.021484375
vt 0.02880859375 0.021484375
vt 0.02880859375 0.00048828125
vt 0.03662109375 0.00048828125
vn -0.22551467112984633 0.11678246878521532 -0.9672150681671723
vn 0.6039576738358245 0.7957598311520482 -0.044737225435689615
vn 0.22551467112984633 -0.11678246878521532 0.9672150681671723
vn -0.6039576738358245 -0.7957598311520482 0.044737225435689615
vn -0.7644463756994452 0.5942458633505951 0.24998718481291962
vn 0.7644463756994452 -0.5942458633505951 -0.24998718481291962
usemtl m_9cf4343c-91f0-92da-4b25-54ec74dbc354
f 2636/7900/1975 2639/7899/1975 2637/7898/1975 2634/7897/1975
f 2635/7904/1976 2636/7903/1976 2634/7902/1976 2633/7901/1976
f 2640/7908/1977 2635/7907/1977 2633/7906/1977 2638/7905/1977
f 2639/7912/1978 2640/7911/1978 2638/7910/1978 2637/7909/1978
f 2638/7916/1979 2633/7915/1979 2634/7914/1979 2637/7913/1979
f 2639/7920/1980 2636/7919/1980 2635/7918/1980 2640/7917/1980
o cube
v 2.7396210558020213 2.653379154980258 -0.6380219289593245
v 3.3456917344634833 2.9672320398405243 -3.2374124246586
v 2.649439316860758 2.5832759704807886 -0.6675129171517045
v 3.25550999552222 2.8971288553410544 -3.2669034128509793
v 2.7360089193532415 3.770535176841999 -3.2825737310306535
v 2.1299382406917795 3.456682291981733 -0.6831832353313785
v 2.6458271804119784 3.7004319923425295 -3.3120647192230335
v 2.0397565017505164 3.3865791074822633 -0.7126742235237586
vt 0.501953125 0.00048828125
vt 0.494140625 0.00048828125
vt 0.494140625 0
vt 0.501953125 0
vt 0.52294921875 0.00048828125
vt 0.501953125 0.00048828125
vt 0.501953125 0
vt 0.52294921875 0
vt 0.53076171875 0.00048828125
vt 0.52294921875 0.00048828125
vt 0.52294921875 0
vt 0.53076171875 0
vt 0.494140625 0.00048828125
vt 0.47314453125 0.00048828125
vt 0.47314453125 0
vt 0.494140625 0
vt 0.494140625 0.00048828125
vt 0.501953125 0.00048828125
vt 0.501953125 0.021484375
vt 0.494140625 0.021484375
vt 0.501953125 0.021484375
vt 0.509765625 0.021484375
vt 0.509765625 0.00048828125
vt 0.501953125 0.00048828125
vn 0.22551467112984633 0.11678246878521532 -0.9672150681671723
vn 0.6039576738358245 -0.7957598311520482 0.044737225435689615
vn -0.22551467112984633 -0.11678246878521532 0.9672150681671723
vn -0.6039576738358245 0.7957598311520482 -0.044737225435689615
vn 0.7644463756994452 0.5942458633505951 0.24998718481291962
vn -0.7644463756994452 -0.5942458633505951 -0.24998718481291962
usemtl m_9cf4343c-91f0-92da-4b25-54ec74dbc354
f 2644/7924/1981 2647/7923/1981 2645/7922/1981 2642/7921/1981
f 2643/7928/1982 2644/7927/1982 2642/7926/1982 2641/7925/1982
f 2648/7932/1983 2643/7931/1983 2641/7930/1983 2646/7929/1983
f 2647/7936/1984 2648/7935/1984 2646/7934/1984 2645/7933/1984
f 2646/7940/1985 2641/7939/1985 2642/7938/1985 2645/7937/1985
f 2647/7944/1986 2644/7943/1986 2643/7942/1986 2648/7941/1986
o cube
v -4.855975096959244 2.370313125000001 -7.838555776169775
v -7.093867659686118 2.370313125000001 -10.280786954353312
v -4.855975096959244 2.4882831250000006 -7.838555776169775
v -7.093867659686118 2.4882831250000006 -10.280786954353312
v -6.358817361231496 2.370313125000001 -10.954336457298092
v -4.120924798504623 2.370313125000001 -8.512105279114556
v -6.358817361231496 2.4882831250000006 -10.954336457298092
v -4.120924798504623 2.4882831250000006 -8.512105279114556
vt 0.95849609375 0.00048828125
vt 0.96630859375 0.00048828125
vt 0.96630859375 0
vt 0.95849609375 0
vt 0.9326171875 0.00048828125
vt 0.95849609375 0.00048828125
vt 0.95849609375 0
vt 0.9326171875 0
vt 0.9921875 0.00048828125
vt 1 0.00048828125
vt 1 0
vt 0.9921875 0
vt 0.96630859375 0.00048828125
vt 0.9921875 0.00048828125
vt 0.9921875 0
vt 0.96630859375 0
vt 0.96630859375 0.00048828125
vt 0.95849609375 0.00048828125
vt 0.95849609375 0.0263671875
vt 0.96630859375 0.0263671875
vt 0.97412109375 0.0263671875
vt 0.96630859375 0.0263671875
vt 0.96630859375 0.00048828125
vt 0.97412109375 0.00048828125
vn -0.6755902076156601 8.27359385291814e-17 -0.7372773368101242
vn -0.7372773368101242 9.029043306084037e-17 0.6755902076156601
vn 0.6755902076156601 -8.27359385291814e-17 0.7372773368101242
vn 0.7372773368101242 -9.029043306084037e-17 -0.6755902076156601
vn -1.2246467991473532e-16 -1 -1.232595164407831e-32
vn 1.2246467991473532e-16 1 1.232595164407831e-32
usemtl m_9cf4343c-91f0-92da-4b25-54ec74dbc354
f 2652/7948/1987 2655/7947/1987 2653/7946/1987 2650/7945/1987
f 2651/7952/1988 2652/7951/1988 2650/7950/1988 2649/7949/1988
f 2656/7956/1989 2651/7955/1989 2649/7954/1989 2654/7953/1989
f 2655/7960/1990 2656/7959/1990 2654/7958/1990 2653/7957/1990
f 2654/7964/1991 2649/7963/1991 2650/7962/1991 2653/7961/1991
f 2655/7968/1992 2652/7967/1992 2651/7966/1992 2656/7965/1992
o cube
v 1.3469391789281637 2.674389576869236 1.3021454206456387
v 0.9764934896854318 3.411777193660424 0.7373184613700656
v 1.2027968360280048 2.4918495040546444 1.1583741675859724
v 0.8323511467852729 3.2292371208458324 0.5935472083103995
v 0.92869493061559 3.4182128600170354 0.7770693097810523
v 1.299140619858322 2.6808252432258475 1.3418962690566252
v 0.7845525877154311 3.2356727872024433 0.6332980567213862
v 1.154998276958163 2.498285170411256 1.198125015996959
vt 0.64990234375 0.302734375
vt 0.650390625 0.302734375
vt 0.650390625 0.30078125
vt 0.64990234375 0.30078125
vt 0.64208984375 0.302734375
vt 0.64990234375 0.302734375
vt 0.64990234375 0.30078125
vt 0.64208984375 0.30078125
vt 0.658203125 0.302734375
vt 0.65869140625 0.302734375
vt 0.65869140625 0.30078125
vt 0.658203125 0.30078125
vt 0.650390625 0.302734375
vt 0.658203125 0.302734375
vt 0.658203125 0.30078125
vt 0.650390625 0.30078125
vt 0.650390625 0.302734375
vt 0.64990234375 0.302734375
vt 0.64990234375 0.310546875
vt 0.650390625 0.310546875
vt 0.65087890625 0.310546875
vt 0.650390625 0.310546875
vt 0.650390625 0.302734375
vt 0.65087890625 0.302734375
vn -0.3704456892427319 0.7373876167911878 -0.5648269592755729
vn 0.7647769451174676 -0.1029706617057809 -0.6360135745757852
vn 0.3704456892427319 -0.7373876167911878 0.5648269592755729
vn -0.7647769451174676 0.1029706617057809 0.6360135745757852
vn 0.5271491397491523 0.6675751234362213 0.5257920111896363
vn -0.5271491397491523 -0.6675751234362213 -0.5257920111896363
usemtl m_9cf4343c-91f0-92da-4b25-54ec74dbc354
f 2660/7972/1993 2663/7971/1993 2661/7970/1993 2658/7969/1993
f 2659/7976/1994 2660/7975/1994 2658/7974/1994 2657/7973/1994
f 2664/7980/1995 2659/7979/1995 2657/7978/1995 2662/7977/1995
f 2663/7984/1996 2664/7983/1996 2662/7982/1996 2661/7981/1996
f 2662/7988/1997 2657/7987/1997 2658/7986/1997 2661/7985/1997
f 2663/7992/1998 2660/7991/1998 2659/7990/1998 2664/7989/1998
o cube
v -1.299140619858322 2.6808252432258475 1.3418962690566252
v -0.92869493061559 3.4182128600170354 0.7770693097810523
v -1.154998276958163 2.498285170411256 1.198125015996959
v -0.7845525877154311 3.2356727872024433 0.6332980567213862
v -0.9764934896854318 3.411777193660424 0.7373184613700656
v -1.3469391789281637 2.674389576869236 1.3021454206456387
v -0.8323511467852729 3.2292371208458324 0.5935472083103995
v -1.2027968360280048 2.4918495040546444 1.1583741675859724
vt 0.650390625 0.302734375
vt 0.64990234375 0.302734375
vt 0.64990234375 0.30078125
vt 0.650390625 0.30078125
vt 0.658203125 0.302734375
vt 0.650390625 0.302734375
vt 0.650390625 0.30078125
vt 0.658203125 0.30078125
vt 0.65869140625 0.302734375
vt 0.658203125 0.302734375
vt 0.658203125 0.30078125
vt 0.65869140625 0.30078125
vt 0.64990234375 0.302734375
vt 0.64208984375 0.302734375
vt 0.64208984375 0.30078125
vt 0.64990234375 0.30078125
vt 0.64990234375 0.302734375
vt 0.650390625 0.302734375
vt 0.650390625 0.310546875
vt 0.64990234375 0.310546875
vt 0.650390625 0.310546875
vt 0.65087890625 0.310546875
vt 0.65087890625 0.302734375
vt 0.650390625 0.302734375
vn 0.3704456892427319 0.7373876167911878 -0.5648269592755729
vn 0.7647769451174676 0.1029706617057809 0.6360135745757852
vn -0.3704456892427319 -0.7373876167911878 0.5648269592755729
vn -0.7647769451174676 -0.1029706617057809 -0.6360135745757852
vn -0.5271491397491523 0.6675751234362213 0.5257920111896363
vn 0.5271491397491523 -0.6675751234362213 -0.5257920111896363
usemtl m_9cf4343c-91f0-92da-4b25-54ec74dbc354
f 2668/7996/1999 2671/7995/1999 2669/7994/1999 2666/7993/1999
f 2667/8000/2000 2668/7999/2000 2666/7998/2000 2665/7997/2000
f 2672/8004/2001 2667/8003/2001 2665/8002/2001 2670/8001/2001
f 2671/8008/2002 2672/8007/2002 2670/8006/2002 2669/8005/2002
f 2670/8012/2003 2665/8011/2003 2666/8010/2003 2669/8009/2003
f 2671/8016/2004 2668/8015/2004 2667/8014/2004 2672/8013/2004
o cube
v 2.3148856397885744 2.6294036656489763 0.3888164782375192
v 1.9471377723493648 3.61615701860458 -0.49532396672854406
v 2.1707432971809295 2.4468635975203354 0.24504521893503747
v 1.80299542974172 3.4336169504759386 -0.6390952260310258
v 1.8967260812557936 3.628553153823121 -0.460520989374157
v 2.264473948695003 2.6417998008675174 0.4236194555919063
v 1.7525837386481484 3.44601308569448 -0.6042922486766387
v 2.1203316060873583 2.4592597327388765 0.27984819628942453
vt 0.64990234375 0.302734375
vt 0.650390625 0.302734375
vt 0.650390625 0.30078125
vt 0.64990234375 0.30078125
vt 0.63916015625 0.302734375
vt 0.64990234375 0.302734375
vt 0.64990234375 0.30078125
vt 0.63916015625 0.30078125
vt 0.6611328125 0.302734375
vt 0.66162109375 0.302734375
vt 0.66162109375 0.30078125
vt 0.6611328125 0.30078125
vt 0.650390625 0.302734375
vt 0.6611328125 0.302734375
vt 0.6611328125 0.30078125
vt 0.650390625 0.30078125
vt 0.650390625 0.302734375
vt 0.64990234375 0.302734375
vt 0.64990234375 0.3134765625
vt 0.650390625 0.3134765625
vt 0.65087890625 0.3134765625
vt 0.650390625 0.3134765625
vt 0.650390625 0.302734375
vt 0.65087890625 0.302734375
vn -0.2674529945012434 0.7176388021495298 -0.6430112327025914
vn 0.8065870574971422 -0.19833816349665848 -0.5568476376701931
vn 0.2674529945012434 -0.7176388021495298 0.6430112327025914
vn -0.8065870574971422 0.19833816349665848 0.5568476376701931
vn 0.5271491386793872 0.6675751062990299 0.5257920340205046
vn -0.5271491386793872 -0.6675751062990299 -0.5257920340205046
usemtl m_9cf4343c-91f0-92da-4b25-54ec74dbc354
f 2676/8020/2005 2679/8019/2005 2677/8018/2005 2674/8017/2005
f 2675/8024/2006 2676/8023/2006 2674/8022/2006 2673/8021/2006
f 2680/8028/2007 2675/8027/2007 2673/8026/2007 2678/8025/2007
f 2679/8032/2008 2680/8031/2008 2678/8030/2008 2677/8029/2008
f 2678/8036/2009 2673/8035/2009 2674/8034/2009 2677/8033/2009
f 2679/8040/2010 2676/8039/2010 2675/8038/2010 2680/8037/2010
o cube
v -2.264473948695003 2.6417998008675174 0.4236194555919063
v -1.8967260812557936 3.628553153823121 -0.460520989374157
v -2.1203316060873583 2.4592597327388765 0.27984819628942453
v -1.7525837386481484 3.44601308569448 -0.6042922486766387
v -1.9471377723493648 3.61615701860458 -0.49532396672854406
v -2.3148856397885744 2.6294036656489763 0.3888164782375192
v -1.80299542974172 3.4336169504759386 -0.6390952260310258
v -2.1707432971809295 2.4468635975203354 0.24504521893503747
vt 0.650390625 0.302734375
vt 0.64990234375 0.302734375
vt 0.64990234375 0.30078125
vt 0.650390625 0.30078125
vt 0.6611328125 0.302734375
vt 0.650390625 0.302734375
vt 0.650390625 0.30078125
vt 0.6611328125 0.30078125
vt 0.66162109375 0.302734375
vt 0.6611328125 0.302734375
vt 0.6611328125 0.30078125
vt 0.66162109375 0.30078125
vt 0.64990234375 0.302734375
vt 0.63916015625 0.302734375
vt 0.63916015625 0.30078125
vt 0.64990234375 0.30078125
vt 0.64990234375 0.302734375
vt 0.650390625 0.302734375
vt 0.650390625 0.3134765625
vt 0.64990234375 0.3134765625
vt 0.650390625 0.3134765625
vt 0.65087890625 0.3134765625
vt 0.65087890625 0.302734375
vt 0.650390625 0.302734375
vn 0.2674529945012434 0.7176388021495298 -0.6430112327025914
vn 0.8065870574971422 0.19833816349665848 0.5568476376701931
vn -0.2674529945012434 -0.7176388021495298 0.6430112327025914
vn -0.8065870574971422 -0.19833816349665848 -0.5568476376701931
vn -0.5271491386793872 0.6675751062990299 0.5257920340205046
vn 0.5271491386793872 -0.6675751062990299 -0.5257920340205046
usemtl m_9cf4343c-91f0-92da-4b25-54ec74dbc354
f 2684/8044/2011 2687/8043/2011 2685/8042/2011 2682/8041/2011
f 2683/8048/2012 2684/8047/2012 2682/8046/2012 2681/8045/2012
f 2688/8052/2013 2683/8051/2013 2681/8050/2013 2686/8049/2013
f 2687/8056/2014 2688/8055/2014 2686/8054/2014 2685/8053/2014
f 2686/8060/2015 2681/8059/2015 2682/8058/2015 2685/8057/2015
f 2687/8064/2016 2684/8063/2016 2683/8062/2016 2688/8061/2016
o cube
v 2.546875 4.205924883420263 -3.750955693866645
v 2.546875 3.7246095496088225 -7.406908620182571
v 2.546875 3.6250001599590456 -3.6744755031127085
v 2.546875 3.1436848261476054 -7.330428429428634
v 1.359375 3.7246095496088225 -7.406908620182571
v 1.359375 4.205924883420263 -3.750955693866645
v 1.359375 3.1436848261476054 -7.330428429428634
v 1.359375 3.6250001599590456 -3.6744755031127085
vt 0.63037109375 0.58251953125
vt 0.6396484375 0.58251953125
vt 0.6396484375 0.578125
vt 0.63037109375 0.578125
vt 0.6015625 0.58251953125
vt 0.63037109375 0.58251953125
vt 0.63037109375 0.578125
vt 0.6015625 0.578125
vt 0.66845703125 0.58251953125
vt 0.677734375 0.58251953125
vt 0.677734375 0.578125
vt 0.66845703125 0.578125
vt 0.6396484375 0.58251953125
vt 0.66845703125 0.58251953125
vt 0.66845703125 0.578125
vt 0.6396484375 0.578125
vt 0.6396484375 0.58251953125
vt 0.63037109375 0.58251953125
vt 0.63037109375 0.611328125
vt 0.6396484375 0.611328125
vt 0.64892578125 0.611328125
vt 0.6396484375 0.611328125
vt 0.6396484375 0.58251953125
vt 0.64892578125 0.58251953125
vn 0 -0.13052619222005157 -0.9914448613738104
vn 1 0 0
vn 0 0.13052619222005157 0.9914448613738104
vn -1 0 0
vn 0 0.9914448613738104 -0.13052619222005157
vn 0 -0.9914448613738104 0.13052619222005157
usemtl m_9cf4343c-91f0-92da-4b25-54ec74dbc354
f 2692/8068/2017 2695/8067/2017 2693/8066/2017 2690/8065/2017
f 2691/8072/2018 2692/8071/2018 2690/8070/2018 2689/8069/2018
f 2696/8076/2019 2691/8075/2019 2689/8074/2019 2694/8073/2019
f 2695/8080/2020 2696/8079/2020 2694/8078/2020 2693/8077/2020
f 2694/8084/2021 2689/8083/2021 2690/8082/2021 2693/8081/2021
f 2695/8088/2022 2692/8087/2022 2691/8086/2022 2696/8085/2022
o cube
v 3.534273123993976 2.930130901259643 -3.5829941864156485
v 3.5342734558154603 2.456973491657196 -7.176981813792542
v 3.4351039617056935 2.8546867193668484 -3.573061781391326
v 3.4351042935271776 2.3815293097644012 -7.16704940876822
v 2.546874884919772 3.7327673931677205 -7.344943345064134
v 2.546874553098288 4.205924802770167 -3.7509557176872406
v 2.447705722631489 3.6573232112749263 -7.335010940039811
v 2.447705390810005 4.130480620877373 -3.741023312662918
vt 0.626953125 0.4970703125
vt 0.63916015625 0.4970703125
vt 0.63916015625 0.49609375
vt 0.626953125 0.49609375
vt 0.5986328125 0.4970703125
vt 0.626953125 0.4970703125
vt 0.626953125 0.49609375
vt 0.5986328125 0.49609375
vt 0.66748046875 0.4970703125
vt 0.6796875 0.4970703125
vt 0.6796875 0.49609375
vt 0.66748046875 0.49609375
vt 0.63916015625 0.4970703125
vt 0.66748046875 0.4970703125
vt 0.66748046875 0.49609375
vt 0.63916015625 0.49609375
vt 0.63916015625 0.4970703125
vt 0.626953125 0.4970703125
vt 0.626953125 0.525390625
vt 0.63916015625 0.525390625
vt 0.6513671875 0.525390625
vt 0.63916015625 0.525390625
vt 0.63916015625 0.4970703125
vt 0.6513671875 0.4970703125
vn 9.153696112207402e-8 -0.1305261819592957 -0.9914448627246604
vn 0.6087614837245933 -0.7865660446579503 0.1035534322201796
vn -9.153696112207402e-8 0.1305261819592957 0.9914448627246604
vn -0.6087614837245933 0.7865660446579503 -0.1035534322201796
vn 0.7933532983062612 0.6035534551423563 -0.07945924019458164
vn -0.7933532983062612 -0.6035534551423563 0.07945924019458164
usemtl m_9cf4343c-91f0-92da-4b25-54ec74dbc354
f 2700/8092/2023 2703/8091/2023 2701/8090/2023 2698/8089/2023
f 2699/8096/2024 2700/8095/2024 2698/8094/2024 2697/8093/2024
f 2704/8100/2025 2699/8099/2025 2697/8098/2025 2702/8097/2025
f 2703/8104/2026 2704/8103/2026 2702/8102/2026 2701/8101/2026
f 2702/8108/2027 2697/8107/2027 2698/8106/2027 2701/8105/2027
f 2703/8112/2028 2700/8111/2028 2699/8110/2028 2704/8109/2028
o cube
v 0.5308181252346144 2.625 2.82917754442176
v -5.504268118759188 2.625 -10.113106671694986
v 0.5308181252346144 2.375 2.82917754442176
v -5.504268118759188 2.375 -10.113106671694986
v -6.882361788088535 2.625 -9.470491040031789
v -0.8472755440947333 2.625 3.471793176084957
v -6.882361788088535 2.375 -9.470491040031789
v -0.8472755440947333 2.375 3.471793176084957
vt 0.4052734375 0.58837890625
vt 0.4169921875 0.58837890625
vt 0.4169921875 0.58642578125
vt 0.4052734375 0.58642578125
vt 0.2939453125 0.58837890625
vt 0.4052734375 0.58837890625
vt 0.4052734375 0.58642578125
vt 0.2939453125 0.58642578125
vt 0.5283203125 0.58837890625
vt 0.5400390625 0.58837890625
vt 0.5400390625 0.58642578125
vt 0.5283203125 0.58642578125
vt 0.4169921875 0.58837890625
vt 0.5283203125 0.58837890625
vt 0.5283203125 0.58642578125
vt 0.4169921875 0.58642578125
vt 0.4169921875 0.58837890625
vt 0.4052734375 0.58837890625
vt 0.4052734375 0.69970703125
vt 0.4169921875 0.69970703125
vt 0.4287109375 0.69970703125
vt 0.4169921875 0.69970703125
vt 0.4169921875 0.58837890625
vt 0.4287109375 0.58837890625
vn -0.42261826174069944 0 -0.9063077870366499
vn 0.9063077870366499 0 -0.42261826174069944
vn 0.42261826174069944 0 0.9063077870366499
vn -0.9063077870366499 0 0.42261826174069944
vn 0 1 0
vn 0 -1 0
usemtl m_9cf4343c-91f0-92da-4b25-54ec74dbc354
f 2708/8116/2029 2711/8115/2029 2709/8114/2029 2706/8113/2029
f 2707/8120/2030 2708/8119/2030 2706/8118/2030 2705/8117/2030
f 2712/8124/2031 2707/8123/2031 2705/8122/2031 2710/8121/2031
f 2711/8128/2032 2712/8127/2032 2710/8126/2032 2709/8125/2032
f 2710/8132/2033 2705/8131/2033 2706/8130/2033 2709/8129/2033
f 2711/8136/2034 2708/8135/2034 2707/8134/2034 2712/8133/2034
o cube
v 0.5766215729010529 2.625 1.1527521675612604
v -3.9000598309239205 2.625 -8.447522083857839
v 0.5766215729010529 2.375 1.1527521675612604
v -3.9000598309239205 2.375 -8.447522083857839
v -4.655066896665572 2.625 -8.095456507141373
v -0.17838549284059813 2.625 1.504817744277727
v -4.655066896665572 2.375 -8.095456507141373
v -0.17838549284059813 2.375 1.504817744277727
vt 0.08251953125 0.50439453125
vt 0.0888671875 0.50439453125
vt 0.0888671875 0.50244140625
vt 0.08251953125 0.50244140625
vt 0 0.50439453125
vt 0.08251953125 0.50439453125
vt 0.08251953125 0.50244140625
vt 0 0.50244140625
vt 0.17138671875 0.50439453125
vt 0.177734375 0.50439453125
vt 0.177734375 0.50244140625
vt 0.17138671875 0.50244140625
vt 0.0888671875 0.50439453125
vt 0.17138671875 0.50439453125
vt 0.17138671875 0.50244140625
vt 0.0888671875 0.50244140625
vt 0.0888671875 0.50439453125
vt 0.08251953125 0.50439453125
vt 0.08251953125 0.5869140625
vt 0.0888671875 0.5869140625
vt 0.09521484375 0.5869140625
vt 0.0888671875 0.5869140625
vt 0.0888671875 0.50439453125
vt 0.09521484375 0.50439453125
vn -0.42261826174069944 0 -0.9063077870366499
vn 0.9063077870366499 0 -0.42261826174069944
vn 0.42261826174069944 0 0.9063077870366499
vn -0.9063077870366499 0 0.42261826174069944
vn 0 1 0
vn 0 -1 0
usemtl m_9cf4343c-91f0-92da-4b25-54ec74dbc354
f 2716/8140/2035 2719/8139/2035 2717/8138/2035 2714/8137/2035
f 2715/8144/2036 2716/8143/2036 2714/8142/2036 2713/8141/2036
f 2720/8148/2037 2715/8147/2037 2713/8146/2037 2718/8145/2037
f 2719/8152/2038 2720/8151/2038 2718/8150/2038 2717/8149/2038
f 2718/8156/2039 2713/8155/2039 2714/8154/2039 2717/8153/2039
f 2719/8160/2040 2716/8159/2040 2715/8158/2040 2720/8157/2040
o cube
v 0.4375 2.492125 -0.32680249999999944
v 0.4375 2.367125 -0.32680249999999944
v 0.4375 2.4921249999999997 2.6731975000000006
v 0.4375 2.3671249999999997 2.6731975000000006
v -0.4375 2.367125 -0.32680249999999944
v -0.4375 2.492125 -0.32680249999999944
v -0.4375 2.3671249999999997 2.6731975000000006
v -0.4375 2.4921249999999997 2.6731975000000006
vt 0.03466796875 0.9990234375
vt 0.04150390625 0.9990234375
vt 0.04150390625 0.978515625
vt 0.03466796875 0.978515625
vt 0.03369140625 0.9990234375
vt 0.03466796875 0.9990234375
vt 0.03466796875 0.978515625
vt 0.03369140625 0.978515625
vt 0.04248046875 0.9990234375
vt 0.04931640625 0.9990234375
vt 0.04931640625 0.978515625
vt 0.04248046875 0.978515625
vt 0.04150390625 0.9990234375
vt 0.04248046875 0.9990234375
vt 0.04248046875 0.978515625
vt 0.04150390625 0.978515625
vt 0.04150390625 0.9990234375
vt 0.03466796875 0.9990234375
vt 0.03466796875 1
vt 0.04150390625 1
vt 0.04833984375 1
vt 0.04150390625 1
vt 0.04150390625 0.9990234375
vt 0.04833984375 0.9990234375
vn 0 -1 -2.220446049250313e-16
vn 1 0 0
vn 0 1 2.220446049250313e-16
vn -1 0 0
vn 0 2.220446049250313e-16 -1
vn 0 -2.220446049250313e-16 1
usemtl m_9cf4343c-91f0-92da-4b25-54ec74dbc354
f 2724/8164/2041 2727/8163/2041 2725/8162/2041 2722/8161/2041
f 2723/8168/2042 2724/8167/2042 2722/8166/2042 2721/8165/2042
f 2728/8172/2043 2723/8171/2043 2721/8170/2043 2726/8169/2043
f 2727/8176/2044 2728/8175/2044 2726/8174/2044 2725/8173/2044
f 2726/8180/2045 2721/8179/2045 2722/8178/2045 2725/8177/2045
f 2727/8184/2046 2724/8183/2046 2723/8182/2046 2728/8181/2046
o cube
v -2.015625 2.4890000000000008 -5.311177499999999
v -2.015625 2.3640000000000008 -5.311177499999999
v -2.015625 2.489 -1.7174275
v -2.015625 2.364 -1.7174275
v -2.859375 2.3640000000000008 -5.311177499999999
v -2.859375 2.4890000000000008 -5.311177499999999
v -2.859375 2.364 -1.7174275
v -2.859375 2.489 -1.7174275
vt 0.01953125 0.99853515625
vt 0.02587890625 0.99853515625
vt 0.02587890625 0.99169921875
vt 0.01953125 0.99169921875
vt 0.0185546875 0.99853515625
vt 0.01953125 0.99853515625
vt 0.01953125 0.99169921875
vt 0.0185546875 0.99169921875
vt 0.02685546875 0.99853515625
vt 0.033203125 0.99853515625
vt 0.033203125 0.99169921875
vt 0.02685546875 0.99169921875
vt 0.02587890625 0.99853515625
vt 0.02685546875 0.99853515625
vt 0.02685546875 0.99169921875
vt 0.02587890625 0.99169921875
vt 0.02587890625 0.99853515625
vt 0.01953125 0.99853515625
vt 0.01953125 0.99951171875
vt 0.02587890625 0.99951171875
vt 0.0322265625 0.99951171875
vt 0.02587890625 0.99951171875
vt 0.02587890625 0.99853515625
vt 0.0322265625 0.99853515625
vn 0 -1 -2.220446049250313e-16
vn 1 0 0
vn 0 1 2.220446049250313e-16
vn -1 0 0
vn 0 2.220446049250313e-16 -1
vn 0 -2.220446049250313e-16 1
usemtl m_9cf4343c-91f0-92da-4b25-54ec74dbc354
f 2732/8188/2047 2735/8187/2047 2733/8186/2047 2730/8185/2047
f 2731/8192/2048 2732/8191/2048 2730/8190/2048 2729/8189/2048
f 2736/8196/2049 2731/8195/2049 2729/8194/2049 2734/8193/2049
f 2735/8200/2050 2736/8199/2050 2734/8198/2050 2733/8197/2050
f 2734/8204/2051 2729/8203/2051 2730/8202/2051 2733/8201/2051
f 2735/8208/2052 2732/8207/2052 2731/8206/2052 2736/8205/2052
o cube
v 2.859375 2.4890000000000008 -5.311177499999999
v 2.859375 2.3640000000000008 -5.311177499999999
v 2.859375 2.489 -1.7174275
v 2.859375 2.364 -1.7174275
v 2.015625 2.3640000000000008 -5.311177499999999
v 2.015625 2.4890000000000008 -5.311177499999999
v 2.015625 2.364 -1.7174275
v 2.015625 2.489 -1.7174275
vt 0.02587890625 0.99853515625
vt 0.01953125 0.99853515625
vt 0.01953125 0.99169921875
vt 0.02587890625 0.99169921875
vt 0.02685546875 0.99853515625
vt 0.02587890625 0.99853515625
vt 0.02587890625 0.99169921875
vt 0.02685546875 0.99169921875
vt 0.033203125 0.99853515625
vt 0.02685546875 0.99853515625
vt 0.02685546875 0.99169921875
vt 0.033203125 0.99169921875
vt 0.01953125 0.99853515625
vt 0.0185546875 0.99853515625
vt 0.0185546875 0.99169921875
vt 0.01953125 0.99169921875
vt 0.01953125 0.99853515625
vt 0.02587890625 0.99853515625
vt 0.02587890625 0.99951171875
vt 0.01953125 0.99951171875
vt 0.02587890625 0.99951171875
vt 0.0322265625 0.99951171875
vt 0.0322265625 0.99853515625
vt 0.02587890625 0.99853515625
vn 0 -1 -2.220446049250313e-16
vn 1 0 0
vn 0 1 2.220446049250313e-16
vn -1 0 0
vn 0 2.220446049250313e-16 -1
vn 0 -2.220446049250313e-16 1
usemtl m_9cf4343c-91f0-92da-4b25-54ec74dbc354
f 2740/8212/2053 2743/8211/2053 2741/8210/2053 2738/8209/2053
f 2739/8216/2054 2740/8215/2054 2738/8214/2054 2737/8213/2054
f 2744/8220/2055 2739/8219/2055 2737/8218/2055 2742/8217/2055
f 2743/8224/2056 2744/8223/2056 2742/8222/2056 2741/8221/2056
f 2742/8228/2057 2737/8227/2057 2738/8226/2057 2741/8225/2057
f 2743/8232/2058 2740/8231/2058 2739/8230/2058 2744/8229/2058
o cube
v 0.28125 3.632702488573102 1.9721813380489412
v 0.28125 3.9550822535811965 1.4661464705612097
v 0.28125 2.8947349734868273 1.5020441807454703
v 0.28125 3.2171147384949217 0.9960093132577388
v -0.28125 3.9550822535811965 1.4661464705612097
v -0.28125 3.632702488573102 1.9721813380489412
v -0.28125 3.2171147384949217 0.9960093132577388
v -0.28125 2.8947349734868273 1.5020441807454703
vt 0.62646484375 0.30615234375
vt 0.630859375 0.30615234375
vt 0.630859375 0.29931640625
vt 0.62646484375 0.29931640625
vt 0.6220703125 0.30615234375
vt 0.62646484375 0.30615234375
vt 0.62646484375 0.29931640625
vt 0.6220703125 0.29931640625
vt 0.63525390625 0.30615234375
vt 0.6396484375 0.30615234375
vt 0.6396484375 0.29931640625
vt 0.63525390625 0.29931640625
vt 0.630859375 0.30615234375
vt 0.63525390625 0.30615234375
vt 0.63525390625 0.29931640625
vt 0.630859375 0.29931640625
vt 0.630859375 0.30615234375
vt 0.62646484375 0.30615234375
vt 0.62646484375 0.310546875
vt 0.630859375 0.310546875
vt 0.63525390625 0.310546875
vt 0.630859375 0.310546875
vt 0.630859375 0.30615234375
vt 0.63525390625 0.30615234375
vn 0 0.5372996083468239 -0.8433914458128857
vn 1 0 0
vn 0 -0.5372996083468239 0.8433914458128857
vn -1 0 0
vn 0 0.8433914458128857 0.5372996083468239
vn 0 -0.8433914458128857 -0.5372996083468239
usemtl m_9cf4343c-91f0-92da-4b25-54ec74dbc354
f 2748/8236/2059 2751/8235/2059 2749/8234/2059 2746/8233/2059
f 2747/8240/2060 2748/8239/2060 2746/8238/2060 2745/8237/2060
f 2752/8244/2061 2747/8243/2061 2745/8242/2061 2750/8241/2061
f 2751/8248/2062 2752/8247/2062 2750/8246/2062 2749/8245/2062
f 2750/8252/2063 2745/8251/2063 2746/8250/2063 2749/8249/2063
f 2751/8256/2064 2748/8255/2064 2747/8254/2064 2752/8253/2064
o cube
v 1.039439115425771 3.4387130184610712 0.5317922358464747
v 1.2173738672448884 3.653435629519227 -0.6867041426444246
v 1.0406399323167832 3.3540580082043134 0.51704974001054
v 1.2185746841359004 3.5687806192624696 -0.7014466384803593
v 1.062730419072707 3.6551229186898926 -0.70898910377682
v 0.8847956672535896 3.4404003076317364 0.5095072747140793
v 1.063931235963719 3.570467908433135 -0.7237315996127546
v 0.8859964841446016 3.355745297374979 0.49476477887814474
vt 0.20556640625 0.30419921875
vt 0.20751953125 0.30419921875
vt 0.20751953125 0.3037109375
vt 0.20556640625 0.3037109375
vt 0.1962890625 0.30419921875
vt 0.20556640625 0.30419921875
vt 0.20556640625 0.3037109375
vt 0.1962890625 0.3037109375
vt 0.216796875 0.30419921875
vt 0.21875 0.30419921875
vt 0.21875 0.3037109375
vt 0.216796875 0.3037109375
vt 0.20751953125 0.30419921875
vt 0.216796875 0.30419921875
vt 0.216796875 0.3037109375
vt 0.20751953125 0.3037109375
vt 0.20751953125 0.30419921875
vt 0.20556640625 0.30419921875
vt 0.20556640625 0.3134765625
vt 0.20751953125 0.3134765625
vt 0.20947265625 0.3134765625
vt 0.20751953125 0.3134765625
vt 0.20751953125 0.30419921875
vt 0.20947265625 0.30419921875
vn 0.1423478014552939 0.1717780888465249 -0.9747971027927196
vn 0.9897180683019616 -0.010798650692259094 0.14262375124733032
vn -0.1423478014552939 -0.1717780888465249 0.9747971027927196
vn -0.9897180683019616 0.010798650692259094 -0.14262375124733032
vn -0.013973142004503811 0.9850764829877233 0.1715490424545121
vn 0.013973142004503811 -0.9850764829877233 -0.1715490424545121
usemtl m_9cf4343c-91f0-92da-4b25-54ec74dbc354
f 2756/8260/2065 2759/8259/2065 2757/8258/2065 2754/8257/2065
f 2755/8264/2066 2756/8263/2066 2754/8262/2066 2753/8261/2066
f 2760/8268/2067 2755/8267/2067 2753/8266/2067 2758/8265/2067
f 2759/8272/2068 2760/8271/2068 2758/8270/2068 2757/8269/2068
f 2758/8276/2069 2753/8275/2069 2754/8274/2069 2757/8273/2069
f 2759/8280/2070 2756/8279/2070 2755/8278/2070 2760/8277/2070
o cube
v 1.063735222135396 3.457976563717962 0.4231559816195041
v 1.7668273908242245 3.6183208835333724 -0.44031150556885146
v 1.0649360391816514 3.373321553295908 0.4084134867453877
v 1.7680282078704799 3.5336658731113184 -0.4550540004429679
v 1.6448706644565356 3.6333971925684003 -0.5368170717272707
v 0.9417784957677071 3.4730528727529895 0.32665041546108475
v 1.646071481502791 3.5487421821463463 -0.5515595666013872
v 0.9429793128139625 3.3883978623309354 0.31190792058696837
vt 0.20556640625 0.30419921875
vt 0.20751953125 0.30419921875
vt 0.20751953125 0.3037109375
vt 0.20556640625 0.3037109375
vt 0.1962890625 0.30419921875
vt 0.20556640625 0.30419921875
vt 0.20556640625 0.3037109375
vt 0.1962890625 0.3037109375
vt 0.216796875 0.30419921875
vt 0.21875 0.30419921875
vt 0.21875 0.3037109375
vt 0.216796875 0.3037109375
vt 0.20751953125 0.30419921875
vt 0.216796875 0.30419921875
vt 0.216796875 0.3037109375
vt 0.20751953125 0.3037109375
vt 0.20751953125 0.30419921875
vt 0.20556640625 0.30419921875
vt 0.20556640625 0.3134765625
vt 0.20751953125 0.3134765625
vt 0.20947265625 0.3134765625
vt 0.20751953125 0.3134765625
vt 0.20751953125 0.30419921875
vt 0.20947265625 0.30419921875
vn 0.6249708166122921 0.14252828428036513 -0.7675266552785384
vn 0.7805230487532079 -0.09648837782417731 0.6176356234138833
vn -0.6249708166122921 -0.14252828428036513 0.7675266552785384
vn -0.7805230487532079 0.09648837782417731 -0.6176356234138833
vn -0.013973143810971783 0.9850764849111739 0.171549031262446
vn 0.013973143810971783 -0.9850764849111739 -0.171549031262446
usemtl m_9cf4343c-91f0-92da-4b25-54ec74dbc354
f 2764/8284/2071 2767/8283/2071 2765/8282/2071 2762/8281/2071
f 2763/8288/2072 2764/8287/2072 2762/8286/2072 2761/8285/2072
f 2768/8292/2073 2763/8291/2073 2761/8290/2073 2766/8289/2073
f 2767/8296/2074 2768/8295/2074 2766/8294/2074 2765/8293/2074
f 2766/8300/2075 2761/8299/2075 2762/8298/2075 2765/8297/2075
f 2767/8304/2076 2764/8303/2076 2763/8302/2076 2768/8301/2076
o cube
v 0.91721453249113 3.4074059512663366 0.7016102878574149
v 1.9327921094861047 3.63901441322193 -0.5456205269702097
v 0.9184153495373855 3.3227509408442826 0.6868677929832985
v 1.93399292653236 3.554359402799876 -0.5603630218443262
v 1.8596180736654917 3.6480601986429466 -0.6035238666652613
v 0.8440404966705167 3.4164517366873532 0.6437069481623634
v 1.860818890711747 3.5634051882208926 -0.6182663615393778
v 0.8452413137167721 3.331796726265299 0.6289644532882469
vt 0.20556640625 0.30419921875
vt 0.20751953125 0.30419921875
vt 0.20751953125 0.3037109375
vt 0.20556640625 0.3037109375
vt 0.1962890625 0.30419921875
vt 0.20556640625 0.30419921875
vt 0.20556640625 0.3037109375
vt 0.1962890625 0.3037109375
vt 0.216796875 0.30419921875
vt 0.21875 0.30419921875
vt 0.21875 0.3037109375
vt 0.216796875 0.3037109375
vt 0.20751953125 0.30419921875
vt 0.216796875 0.30419921875
vt 0.216796875 0.3037109375
vt 0.20751953125 0.3037109375
vt 0.20751953125 0.30419921875
vt 0.20556640625 0.30419921875
vt 0.20556640625 0.3134765625
vt 0.20751953125 0.3134765625
vt 0.20947265625 0.3134765625
vt 0.20751953125 0.3134765625
vt 0.20751953125 0.30419921875
vt 0.20947265625 0.30419921875
vn 0.6249708166122921 0.14252828428036513 -0.7675266552785384
vn 0.7805230487532079 -0.09648837782417731 0.6176356234138833
vn -0.6249708166122921 -0.14252828428036513 0.7675266552785384
vn -0.7805230487532079 0.09648837782417731 -0.6176356234138833
vn -0.013973143810971783 0.9850764849111739 0.171549031262446
vn 0.013973143810971783 -0.9850764849111739 -0.171549031262446
usemtl m_9cf4343c-91f0-92da-4b25-54ec74dbc354
f 2772/8308/2077 2775/8307/2077 2773/8306/2077 2770/8305/2077
f 2771/8312/2078 2772/8311/2078 2770/8310/2078 2769/8309/2078
f 2776/8316/2079 2771/8315/2079 2769/8314/2079 2774/8313/2079
f 2775/8320/2080 2776/8319/2080 2774/8318/2080 2773/8317/2080
f 2774/8324/2081 2769/8323/2081 2770/8322/2081 2773/8321/2081
f 2775/8328/2082 2772/8327/2082 2771/8326/2082 2776/8325/2082
o cube
v 1.8092574471607468 3.614478081177842 -0.41478984134120833
v 1.8359476599336144 3.6466864728365653 -0.5975642981148432
v 1.8104582640517588 3.5298230709210845 -0.42953233717714295
v 1.8371484768246265 3.562031462579808 -0.6123067939507778
v 1.2173738672448884 3.653435629519227 -0.6867041426444246
v 1.1906836544720207 3.621227237860504 -0.5039296858707898
v 1.2185746841359004 3.5687806192624696 -0.7014466384803593
v 1.1918844713630328 3.536572227603746 -0.5186721817067244
vt 0.20556640625 0.30419921875
vt 0.20751953125 0.30419921875
vt 0.20751953125 0.3037109375
vt 0.20556640625 0.3037109375
vt 0.1962890625 0.30419921875
vt 0.20556640625 0.30419921875
vt 0.20556640625 0.3037109375
vt 0.1962890625 0.3037109375
vt 0.216796875 0.30419921875
vt 0.21875 0.30419921875
vt 0.21875 0.3037109375
vt 0.216796875 0.3037109375
vt 0.20751953125 0.30419921875
vt 0.216796875 0.30419921875
vt 0.216796875 0.3037109375
vt 0.20751953125 0.3037109375
vt 0.20751953125 0.30419921875
vt 0.20556640625 0.30419921875
vt 0.20556640625 0.3134765625
vt 0.20751953125 0.3134765625
vt 0.20947265625 0.3134765625
vt 0.20751953125 0.3134765625
vt 0.20751953125 0.30419921875
vt 0.20947265625 0.30419921875
vn 0.1423478014552939 0.1717780888465249 -0.9747971027927196
vn 0.9897180683019616 -0.010798650692259094 0.14262375124733032
vn -0.1423478014552939 -0.1717780888465249 0.9747971027927196
vn -0.9897180683019616 0.010798650692259094 -0.14262375124733032
vn -0.013973142004503811 0.9850764829877233 0.1715490424545121
vn 0.013973142004503811 -0.9850764829877233 -0.1715490424545121
usemtl m_9cf4343c-91f0-92da-4b25-54ec74dbc354
f 2780/8332/2083 2783/8331/2083 2781/8330/2083 2778/8329/2083
f 2779/8336/2084 2780/8335/2084 2778/8334/2084 2777/8333/2084
f 2784/8340/2085 2779/8339/2085 2777/8338/2085 2782/8337/2085
f 2783/8344/2086 2784/8343/2086 2782/8342/2086 2781/8341/2086
f 2782/8348/2087 2777/8347/2087 2778/8346/2087 2781/8345/2087
f 2783/8352/2088 2780/8351/2088 2779/8350/2088 2784/8349/2088
o cube
v 1.1224125451943179 3.5056696820160753 0.15406986487313412
v 1.6302013336918053 3.621473912993872 -0.46954554254067826
v 1.1236133622405733 3.4210146715940213 0.13932736999901763
v 1.6314021507380607 3.536818902571818 -0.48428803741479476
v 1.5082446073241165 3.6365502220289 -0.5660511086990976
v 1.0004558188266293 3.520745991051103 0.05756429871471486
v 1.5094454243703719 3.551895211606846 -0.580793603573214
v 1.0016566358728844 3.436090980629049 0.042821803840598416
vt 0.20556640625 0.30419921875
vt 0.20751953125 0.30419921875
vt 0.20751953125 0.3037109375
vt 0.20556640625 0.3037109375
vt 0.1962890625 0.30419921875
vt 0.20556640625 0.30419921875
vt 0.20556640625 0.3037109375
vt 0.1962890625 0.3037109375
vt 0.216796875 0.30419921875
vt 0.21875 0.30419921875
vt 0.21875 0.3037109375
vt 0.216796875 0.3037109375
vt 0.20751953125 0.30419921875
vt 0.216796875 0.30419921875
vt 0.216796875 0.3037109375
vt 0.20751953125 0.3037109375
vt 0.20751953125 0.30419921875
vt 0.20556640625 0.30419921875
vt 0.20556640625 0.3134765625
vt 0.20751953125 0.3134765625
vt 0.20947265625 0.3134765625
vt 0.20751953125 0.3134765625
vt 0.20751953125 0.30419921875
vt 0.20947265625 0.30419921875
vn 0.6249708166122921 0.14252828428036513 -0.7675266552785384
vn 0.7805230487532079 -0.09648837782417731 0.6176356234138833
vn -0.6249708166122921 -0.14252828428036513 0.7675266552785384
vn -0.7805230487532079 0.09648837782417731 -0.6176356234138833
vn -0.013973143810971783 0.9850764849111739 0.171549031262446
vn 0.013973143810971783 -0.9850764849111739 -0.171549031262446
usemtl m_9cf4343c-91f0-92da-4b25-54ec74dbc354
f 2788/8356/2089 2791/8355/2089 2789/8354/2089 2786/8353/2089
f 2787/8360/2090 2788/8359/2090 2786/8358/2090 2785/8357/2090
f 2792/8364/2091 2787/8363/2091 2785/8362/2091 2790/8361/2091
f 2791/8368/2092 2792/8367/2092 2790/8366/2092 2789/8365/2092
f 2790/8372/2093 2785/8371/2093 2786/8370/2093 2789/8369/2093
f 2791/8376/2094 2788/8375/2094 2787/8374/2094 2792/8373/2094
o cube
v 1.1420291922149717 3.544454782546666 -0.06704583591832725
v 1.5326359525976543 3.633534960221894 -0.5467499954674137
v 1.143230009261227 3.459799772124612 -0.08178833079244369
v 1.5338367696439097 3.54887994979984 -0.5614924903415301
v 1.4106792262299654 3.648611269256922 -0.6432555616258329
v 1.0200724658472828 3.5595310915816936 -0.1635514020767465
v 1.4118800432762209 3.563956258834868 -0.6579980564999494
v 1.0212732828935382 3.4748760811596395 -0.17829389695086295
vt 0.20556640625 0.30419921875
vt 0.20751953125 0.30419921875
vt 0.20751953125 0.3037109375
vt 0.20556640625 0.3037109375
vt 0.1962890625 0.30419921875
vt 0.20556640625 0.30419921875
vt 0.20556640625 0.3037109375
vt 0.1962890625 0.3037109375
vt 0.216796875 0.30419921875
vt 0.21875 0.30419921875
vt 0.21875 0.3037109375
vt 0.216796875 0.3037109375
vt 0.20751953125 0.30419921875
vt 0.216796875 0.30419921875
vt 0.216796875 0.3037109375
vt 0.20751953125 0.3037109375
vt 0.20751953125 0.30419921875
vt 0.20556640625 0.30419921875
vt 0.20556640625 0.3134765625
vt 0.20751953125 0.3134765625
vt 0.20947265625 0.3134765625
vt 0.20751953125 0.3134765625
vt 0.20751953125 0.30419921875
vt 0.20947265625 0.30419921875
vn 0.6249708166122921 0.14252828428036513 -0.7675266552785384
vn 0.7805230487532079 -0.09648837782417731 0.6176356234138833
vn -0.6249708166122921 -0.14252828428036513 0.7675266552785384
vn -0.7805230487532079 0.09648837782417731 -0.6176356234138833
vn -0.013973143810971783 0.9850764849111739 0.171549031262446
vn 0.013973143810971783 -0.9850764849111739 -0.171549031262446
usemtl m_9cf4343c-91f0-92da-4b25-54ec74dbc354
f 2796/8380/2095 2799/8379/2095 2797/8378/2095 2794/8377/2095
f 2795/8384/2096 2796/8383/2096 2794/8382/2096 2793/8381/2096
f 2800/8388/2097 2795/8387/2097 2793/8386/2097 2798/8385/2097
f 2799/8392/2098 2800/8391/2098 2798/8390/2098 2797/8389/2098
f 2798/8396/2099 2793/8395/2099 2794/8394/2099 2797/8393/2099
f 2799/8400/2100 2796/8399/2100 2795/8398/2100 2800/8397/2100
o cube
v 1.2788114626459426 3.57693288431234 -0.24240244126669358
v 1.3321918881916777 3.641349667629787 -0.6079513548139635
v 1.2800122795369546 3.4922778740555827 -0.2571449371026282
v 1.3333927050826897 3.5566946573730296 -0.622693850649898
v 1.1775484400194962 3.6430369568004526 -0.6302363159463588
v 1.124168014473761 3.5786201734830057 -0.26468740239908894
v 1.1787492569105082 3.5583819465436948 -0.6449788117822934
v 1.125368831364773 3.4939651632262483 -0.2794298982350236
vt 0.20556640625 0.30419921875
vt 0.20751953125 0.30419921875
vt 0.20751953125 0.3037109375
vt 0.20556640625 0.3037109375
vt 0.1962890625 0.30419921875
vt 0.20556640625 0.30419921875
vt 0.20556640625 0.3037109375
vt 0.1962890625 0.3037109375
vt 0.216796875 0.30419921875
vt 0.21875 0.30419921875
vt 0.21875 0.3037109375
vt 0.216796875 0.3037109375
vt 0.20751953125 0.30419921875
vt 0.216796875 0.30419921875
vt 0.216796875 0.3037109375
vt 0.20751953125 0.3037109375
vt 0.20751953125 0.30419921875
vt 0.20556640625 0.30419921875
vt 0.20556640625 0.3134765625
vt 0.20751953125 0.3134765625
vt 0.20947265625 0.3134765625
vt 0.20751953125 0.3134765625
vt 0.20751953125 0.30419921875
vt 0.20947265625 0.30419921875
vn 0.1423478014552939 0.1717780888465249 -0.9747971027927196
vn 0.9897180683019616 -0.010798650692259094 0.14262375124733032
vn -0.1423478014552939 -0.1717780888465249 0.9747971027927196
vn -0.9897180683019616 0.010798650692259094 -0.14262375124733032
vn -0.013973142004503811 0.9850764829877233 0.1715490424545121
vn 0.013973142004503811 -0.9850764829877233 -0.1715490424545121
usemtl m_9cf4343c-91f0-92da-4b25-54ec74dbc354
f 2804/8404/2101 2807/8403/2101 2805/8402/2101 2802/8401/2101
f 2803/8408/2102 2804/8407/2102 2802/8406/2102 2801/8405/2102
f 2808/8412/2103 2803/8411/2103 2801/8410/2103 2806/8409/2103
f 2807/8416/2104 2808/8415/2104 2806/8414/2104 2805/8413/2104
f 2806/8420/2105 2801/8419/2105 2802/8418/2105 2805/8417/2105
f 2807/8424/2106 2804/8423/2106 2803/8422/2106 2808/8421/2106
o cube
v -1.0200724658472828 3.5595310915816936 -0.1635514020767465
v -1.4106792262299654 3.648611269256922 -0.6432555616258329
v -1.0212732828935382 3.4748760811596395 -0.17829389695086295
v -1.4118800432762209 3.563956258834868 -0.6579980564999494
v -1.5326359525976543 3.633534960221894 -0.5467499954674137
v -1.1420291922149717 3.544454782546666 -0.06704583591832725
v -1.5338367696439097 3.54887994979984 -0.5614924903415301
v -1.143230009261227 3.459799772124612 -0.08178833079244369
vt 0.20751953125 0.30419921875
vt 0.20556640625 0.30419921875
vt 0.20556640625 0.3037109375
vt 0.20751953125 0.3037109375
vt 0.216796875 0.30419921875
vt 0.20751953125 0.30419921875
vt 0.20751953125 0.3037109375
vt 0.216796875 0.3037109375
vt 0.21875 0.30419921875
vt 0.216796875 0.30419921875
vt 0.216796875 0.3037109375
vt 0.21875 0.3037109375
vt 0.20556640625 0.30419921875
vt 0.1962890625 0.30419921875
vt 0.1962890625 0.3037109375
vt 0.20556640625 0.3037109375
vt 0.20556640625 0.30419921875
vt 0.20751953125 0.30419921875
vt 0.20751953125 0.3134765625
vt 0.20556640625 0.3134765625
vt 0.20751953125 0.3134765625
vt 0.20947265625 0.3134765625
vt 0.20947265625 0.30419921875
vt 0.20751953125 0.30419921875
vn -0.6249708166122921 0.14252828428036513 -0.7675266552785384
vn 0.7805230487532079 0.09648837782417731 -0.6176356234138833
vn 0.6249708166122921 -0.14252828428036513 0.7675266552785384
vn -0.7805230487532079 -0.09648837782417731 0.6176356234138833
vn 0.013973143810971783 0.9850764849111739 0.171549031262446
vn -0.013973143810971783 -0.9850764849111739 -0.171549031262446
usemtl m_9cf4343c-91f0-92da-4b25-54ec74dbc354
f 2812/8428/2107 2815/8427/2107 2813/8426/2107 2810/8425/2107
f 2811/8432/2108 2812/8431/2108 2810/8430/2108 2809/8429/2108
f 2816/8436/2109 2811/8435/2109 2809/8434/2109 2814/8433/2109
f 2815/8440/2110 2816/8439/2110 2814/8438/2110 2813/8437/2110
f 2814/8444/2111 2809/8443/2111 2810/8442/2111 2813/8441/2111
f 2815/8448/2112 2812/8447/2112 2811/8446/2112 2816/8445/2112
o cube
v -0.9417784957677071 3.4730528727529895 0.32665041546108475
v -1.6448706644565356 3.6333971925684003 -0.5368170717272707
v -0.9429793128139625 3.3883978623309354 0.31190792058696837
v -1.646071481502791 3.5487421821463463 -0.5515595666013872
v -1.7668273908242245 3.6183208835333724 -0.44031150556885146
v -1.063735222135396 3.457976563717962 0.4231559816195041
v -1.7680282078704799 3.5336658731113184 -0.4550540004429679
v -1.0649360391816514 3.373321553295908 0.4084134867453877
vt 0.20751953125 0.30419921875
vt 0.20556640625 0.30419921875
vt 0.20556640625 0.3037109375
vt 0.20751953125 0.3037109375
vt 0.216796875 0.30419921875
vt 0.20751953125 0.30419921875
vt 0.20751953125 0.3037109375
vt 0.216796875 0.3037109375
vt 0.21875 0.30419921875
vt 0.216796875 0.30419921875
vt 0.216796875 0.3037109375
vt 0.21875 0.3037109375
vt 0.20556640625 0.30419921875
vt 0.1962890625 0.30419921875
vt 0.1962890625 0.3037109375
vt 0.20556640625 0.3037109375
vt 0.20556640625 0.30419921875
vt 0.20751953125 0.30419921875
vt 0.20751953125 0.3134765625
vt 0.20556640625 0.3134765625
vt 0.20751953125 0.3134765625
vt 0.20947265625 0.3134765625
vt 0.20947265625 0.30419921875
vt 0.20751953125 0.30419921875
vn -0.6249708166122921 0.14252828428036513 -0.7675266552785384
vn 0.7805230487532079 0.09648837782417731 -0.6176356234138833
vn 0.6249708166122921 -0.14252828428036513 0.7675266552785384
vn -0.7805230487532079 -0.09648837782417731 0.6176356234138833
vn 0.013973143810971783 0.9850764849111739 0.171549031262446
vn -0.013973143810971783 -0.9850764849111739 -0.171549031262446
usemtl m_9cf4343c-91f0-92da-4b25-54ec74dbc354
f 2820/8452/2113 2823/8451/2113 2821/8450/2113 2818/8449/2113
f 2819/8456/2114 2820/8455/2114 2818/8454/2114 2817/8453/2114
f 2824/8460/2115 2819/8459/2115 2817/8458/2115 2822/8457/2115
f 2823/8464/2116 2824/8463/2116 2822/8462/2116 2821/8461/2116
f 2822/8468/2117 2817/8467/2117 2818/8466/2117 2821/8465/2117
f 2823/8472/2118 2820/8471/2118 2819/8470/2118 2824/8469/2118
o cube
v -1.1906836544720207 3.621227237860504 -0.5039296858707898
v -1.2173738672448884 3.653435629519227 -0.6867041426444246
v -1.1918844713630328 3.536572227603746 -0.5186721817067244
v -1.2185746841359004 3.5687806192624696 -0.7014466384803593
v -1.8359476599336144 3.6466864728365653 -0.5975642981148432
v -1.8092574471607468 3.614478081177842 -0.41478984134120833
v -1.8371484768246265 3.562031462579808 -0.6123067939507778
v -1.8104582640517588 3.5298230709210845 -0.42953233717714295
vt 0.20751953125 0.30419921875
vt 0.20556640625 0.30419921875
vt 0.20556640625 0.3037109375
vt 0.20751953125 0.3037109375
vt 0.216796875 0.30419921875
vt 0.20751953125 0.30419921875
vt 0.20751953125 0.3037109375
vt 0.216796875 0.3037109375
vt 0.21875 0.30419921875
vt 0.216796875 0.30419921875
vt 0.216796875 0.3037109375
vt 0.21875 0.3037109375
vt 0.20556640625 0.30419921875
vt 0.1962890625 0.30419921875
vt 0.1962890625 0.3037109375
vt 0.20556640625 0.3037109375
vt 0.20556640625 0.30419921875
vt 0.20751953125 0.30419921875
vt 0.20751953125 0.3134765625
vt 0.20556640625 0.3134765625
vt 0.20751953125 0.3134765625
vt 0.20947265625 0.3134765625
vt 0.20947265625 0.30419921875
vt 0.20751953125 0.30419921875
vn -0.1423478014552939 0.1717780888465249 -0.9747971027927196
vn 0.9897180683019616 0.010798650692259094 -0.14262375124733032
vn 0.1423478014552939 -0.1717780888465249 0.9747971027927196
vn -0.9897180683019616 -0.010798650692259094 0.14262375124733032
vn 0.013973142004503811 0.9850764829877233 0.1715490424545121
vn -0.013973142004503811 -0.9850764829877233 -0.1715490424545121
usemtl m_9cf4343c-91f0-92da-4b25-54ec74dbc354
f 2828/8476/2119 2831/8475/2119 2829/8474/2119 2826/8473/2119
f 2827/8480/2120 2828/8479/2120 2826/8478/2120 2825/8477/2120
f 2832/8484/2121 2827/8483/2121 2825/8482/2121 2830/8481/2121
f 2831/8488/2122 2832/8487/2122 2830/8486/2122 2829/8485/2122
f 2830/8492/2123 2825/8491/2123 2826/8490/2123 2829/8489/2123
f 2831/8496/2124 2828/8495/2124 2827/8494/2124 2832/8493/2124
o cube
v -0.8847956672535896 3.4404003076317364 0.5095072747140793
v -1.062730419072707 3.6551229186898926 -0.70898910377682
v -0.8859964841446016 3.355745297374979 0.49476477887814474
v -1.063931235963719 3.570467908433135 -0.7237315996127546
v -1.2173738672448884 3.653435629519227 -0.6867041426444246
v -1.039439115425771 3.4387130184610712 0.5317922358464747
v -1.2185746841359004 3.5687806192624696 -0.7014466384803593
v -1.0406399323167832 3.3540580082043134 0.51704974001054
vt 0.20751953125 0.30419921875
vt 0.20556640625 0.30419921875
vt 0.20556640625 0.3037109375
vt 0.20751953125 0.3037109375
vt 0.216796875 0.30419921875
vt 0.20751953125 0.30419921875
vt 0.20751953125 0.3037109375
vt 0.216796875 0.3037109375
vt 0.21875 0.30419921875
vt 0.216796875 0.30419921875
vt 0.216796875 0.3037109375
vt 0.21875 0.3037109375
vt 0.20556640625 0.30419921875
vt 0.1962890625 0.30419921875
vt 0.1962890625 0.3037109375
vt 0.20556640625 0.3037109375
vt 0.20556640625 0.30419921875
vt 0.20751953125 0.30419921875
vt 0.20751953125 0.3134765625
vt 0.20556640625 0.3134765625
vt 0.20751953125 0.3134765625
vt 0.20947265625 0.3134765625
vt 0.20947265625 0.30419921875
vt 0.20751953125 0.30419921875
vn -0.1423478014552939 0.1717780888465249 -0.9747971027927196
vn 0.9897180683019616 0.010798650692259094 -0.14262375124733032
vn 0.1423478014552939 -0.1717780888465249 0.9747971027927196
vn -0.9897180683019616 -0.010798650692259094 0.14262375124733032
vn 0.013973142004503811 0.9850764829877233 0.1715490424545121
vn -0.013973142004503811 -0.9850764829877233 -0.1715490424545121
usemtl m_9cf4343c-91f0-92da-4b25-54ec74dbc354
f 2836/8500/2125 2839/8499/2125 2837/8498/2125 2834/8497/2125
f 2835/8504/2126 2836/8503/2126 2834/8502/2126 2833/8501/2126
f 2840/8508/2127 2835/8507/2127 2833/8506/2127 2838/8505/2127
f 2839/8512/2128 2840/8511/2128 2838/8510/2128 2837/8509/2128
f 2838/8516/2129 2833/8515/2129 2834/8514/2129 2837/8513/2129
f 2839/8520/2130 2836/8519/2130 2835/8518/2130 2840/8517/2130
o cube
v -1.124168014473761 3.5786201734830057 -0.26468740239908894
v -1.1775484400194962 3.6430369568004526 -0.6302363159463588
v -1.125368831364773 3.4939651632262483 -0.2794298982350236
v -1.1787492569105082 3.5583819465436948 -0.6449788117822934
v -1.3321918881916777 3.641349667629787 -0.6079513548139635
v -1.2788114626459426 3.57693288431234 -0.24240244126669358
v -1.3333927050826897 3.5566946573730296 -0.622693850649898
v -1.2800122795369546 3.4922778740555827 -0.2571449371026282
vt 0.20751953125 0.30419921875
vt 0.20556640625 0.30419921875
vt 0.20556640625 0.3037109375
vt 0.20751953125 0.3037109375
vt 0.216796875 0.30419921875
vt 0.20751953125 0.30419921875
vt 0.20751953125 0.3037109375
vt 0.216796875 0.3037109375
vt 0.21875 0.30419921875
vt 0.216796875 0.30419921875
vt 0.216796875 0.3037109375
vt 0.21875 0.3037109375
vt 0.20556640625 0.30419921875
vt 0.1962890625 0.30419921875
vt 0.1962890625 0.3037109375
vt 0.20556640625 0.3037109375
vt 0.20556640625 0.30419921875
vt 0.20751953125 0.30419921875
vt 0.20751953125 0.3134765625
vt 0.20556640625 0.3134765625
vt 0.20751953125 0.3134765625
vt 0.20947265625 0.3134765625
vt 0.20947265625 0.30419921875
vt 0.20751953125 0.30419921875
vn -0.1423478014552939 0.1717780888465249 -0.9747971027927196
vn 0.9897180683019616 0.010798650692259094 -0.14262375124733032
vn 0.1423478014552939 -0.1717780888465249 0.9747971027927196
vn -0.9897180683019616 -0.010798650692259094 0.14262375124733032
vn 0.013973142004503811 0.9850764829877233 0.1715490424545121
vn -0.013973142004503811 -0.9850764829877233 -0.1715490424545121
usemtl m_9cf4343c-91f0-92da-4b25-54ec74dbc354
f 2844/8524/2131 2847/8523/2131 2845/8522/2131 2842/8521/2131
f 2843/8528/2132 2844/8527/2132 2842/8526/2132 2841/8525/2132
f 2848/8532/2133 2843/8531/2133 2841/8530/2133 2846/8529/2133
f 2847/8536/2134 2848/8535/2134 2846/8534/2134 2845/8533/2134
f 2846/8540/2135 2841/8539/2135 2842/8538/2135 2845/8537/2135
f 2847/8544/2136 2844/8543/2136 2843/8542/2136 2848/8541/2136
o cube
v -0.8440404966705167 3.4164517366873532 0.6437069481623634
v -1.8596180736654917 3.6480601986429466 -0.6035238666652613
v -0.8452413137167721 3.331796726265299 0.6289644532882469
v -1.860818890711747 3.5634051882208926 -0.6182663615393778
v -1.9327921094861047 3.63901441322193 -0.5456205269702097
v -0.91721453249113 3.4074059512663366 0.7016102878574149
v -1.93399292653236 3.554359402799876 -0.5603630218443262
v -0.9184153495373855 3.3227509408442826 0.6868677929832985
vt 0.20751953125 0.30419921875
vt 0.20556640625 0.30419921875
vt 0.20556640625 0.3037109375
vt 0.20751953125 0.3037109375
vt 0.216796875 0.30419921875
vt 0.20751953125 0.30419921875
vt 0.20751953125 0.3037109375
vt 0.216796875 0.3037109375
vt 0.21875 0.30419921875
vt 0.216796875 0.30419921875
vt 0.216796875 0.3037109375
vt 0.21875 0.3037109375
vt 0.20556640625 0.30419921875
vt 0.1962890625 0.30419921875
vt 0.1962890625 0.3037109375
vt 0.20556640625 0.3037109375
vt 0.20556640625 0.30419921875
vt 0.20751953125 0.30419921875
vt 0.20751953125 0.3134765625
vt 0.20556640625 0.3134765625
vt 0.20751953125 0.3134765625
vt 0.20947265625 0.3134765625
vt 0.20947265625 0.30419921875
vt 0.20751953125 0.30419921875
vn -0.6249708166122921 0.14252828428036513 -0.7675266552785384
vn 0.7805230487532079 0.09648837782417731 -0.6176356234138833
vn 0.6249708166122921 -0.14252828428036513 0.7675266552785384
vn -0.7805230487532079 -0.09648837782417731 0.6176356234138833
vn 0.013973143810971783 0.9850764849111739 0.171549031262446
vn -0.013973143810971783 -0.9850764849111739 -0.171549031262446
usemtl m_9cf4343c-91f0-92da-4b25-54ec74dbc354
f 2852/8548/2137 2855/8547/2137 2853/8546/2137 2850/8545/2137
f 2851/8552/2138 2852/8551/2138 2850/8550/2138 2849/8549/2138
f 2856/8556/2139 2851/8555/2139 2849/8554/2139 2854/8553/2139
f 2855/8560/2140 2856/8559/2140 2854/8558/2140 2853/8557/2140
f 2854/8564/2141 2849/8563/2141 2850/8562/2141 2853/8561/2141
f 2855/8568/2142 2852/8567/2142 2851/8566/2142 2856/8565/2142
o cube
v -1.0004558188266293 3.520745991051103 0.05756429871471486
v -1.5082446073241165 3.6365502220289 -0.5660511086990976
v -1.0016566358728844 3.436090980629049 0.042821803840598416
v -1.5094454243703719 3.551895211606846 -0.580793603573214
v -1.6302013336918053 3.621473912993872 -0.46954554254067826
v -1.1224125451943179 3.5056696820160753 0.15406986487313412
v -1.6314021507380607 3.536818902571818 -0.48428803741479476
v -1.1236133622405733 3.4210146715940213 0.13932736999901763
vt 0.20751953125 0.30419921875
vt 0.20556640625 0.30419921875
vt 0.20556640625 0.3037109375
vt 0.20751953125 0.3037109375
vt 0.216796875 0.30419921875
vt 0.20751953125 0.30419921875
vt 0.20751953125 0.3037109375
vt 0.216796875 0.3037109375
vt 0.21875 0.30419921875
vt 0.216796875 0.30419921875
vt 0.216796875 0.3037109375
vt 0.21875 0.3037109375
vt 0.20556640625 0.30419921875
vt 0.1962890625 0.30419921875
vt 0.1962890625 0.3037109375
vt 0.20556640625 0.3037109375
vt 0.20556640625 0.30419921875
vt 0.20751953125 0.30419921875
vt 0.20751953125 0.3134765625
vt 0.20556640625 0.3134765625
vt 0.20751953125 0.3134765625
vt 0.20947265625 0.3134765625
vt 0.20947265625 0.30419921875
vt 0.20751953125 0.30419921875
vn -0.6249708166122921 0.14252828428036513 -0.7675266552785384
vn 0.7805230487532079 0.09648837782417731 -0.6176356234138833
vn 0.6249708166122921 -0.14252828428036513 0.7675266552785384
vn -0.7805230487532079 -0.09648837782417731 0.6176356234138833
vn 0.013973143810971783 0.9850764849111739 0.171549031262446
vn -0.013973143810971783 -0.9850764849111739 -0.171549031262446
usemtl m_9cf4343c-91f0-92da-4b25-54ec74dbc354
f 2860/8572/2143 2863/8571/2143 2861/8570/2143 2858/8569/2143
f 2859/8576/2144 2860/8575/2144 2858/8574/2144 2857/8573/2144
f 2864/8580/2145 2859/8579/2145 2857/8578/2145 2862/8577/2145
f 2863/8584/2146 2864/8583/2146 2862/8582/2146 2861/8581/2146
f 2862/8588/2147 2857/8587/2147 2858/8586/2147 2861/8585/2147
f 2863/8592/2148 2860/8591/2148 2859/8590/2148 2864/8589/2148
o cube
v -1.6237993791472154 3.577248123261381 -0.1574095934689459
v -1.932792201822614 3.639013997911877 -0.5456214071270942
v -1.4796570510185252 3.394708027802687 -0.3011808325879779
v -1.788649873693924 3.456473902453183 -0.6893926462461262
v -2.0786104927613547 3.4554582756304124 -0.4587633456392013
v -1.7696176700859558 3.3936924009799165 -0.07055153198105307
v -1.9344681646326647 3.272918180171718 -0.6025345847582333
v -1.6254753419572658 3.2111523055212223 -0.21432277110008502
vt 0.6982421875 0.49853515625
vt 0.6962890625 0.49853515625
vt 0.6962890625 0.49658203125
vt 0.6982421875 0.49658203125
vt 0.7021484375 0.49853515625
vt 0.6982421875 0.49853515625
vt 0.6982421875 0.49658203125
vt 0.7021484375 0.49658203125
vt 0.7041015625 0.49853515625
vt 0.7021484375 0.49853515625
vt 0.7021484375 0.49658203125
vt 0.7041015625 0.49658203125
vt 0.6962890625 0.49853515625
vt 0.6923828125 0.49853515625
vt 0.6923828125 0.49658203125
vt 0.6962890625 0.49658203125
vt 0.6962890625 0.49853515625
vt 0.6982421875 0.49853515625
vt 0.6982421875 0.50244140625
vt 0.6962890625 0.50244140625
vt 0.6982421875 0.50244140625
vt 0.7001953125 0.50244140625
vt 0.7001953125 0.49853515625
vt 0.6982421875 0.49853515625
vn -0.6179856453507976 0.12353174930099173 -0.7764236273162967
vn 0.5832731637549626 0.7342228891258592 -0.34743224595157096
vn 0.6179856453507976 -0.12353174930099173 0.7764236273162967
vn -0.5832731637549626 -0.7342228891258592 0.34743224595157096
vn -0.5271490857277804 0.667575206248939 0.5257919602067455
vn 0.5271490857277804 -0.667575206248939 -0.5257919602067455
usemtl m_9cf4343c-91f0-92da-4b25-54ec74dbc354
f 2868/8596/2149 2871/8595/2149 2869/8594/2149 2866/8593/2149
f 2867/8600/2150 2868/8599/2150 2866/8598/2150 2865/8597/2150
f 2872/8604/2151 2867/8603/2151 2865/8602/2151 2870/8601/2151
f 2871/8608/2152 2872/8607/2152 2870/8606/2152 2869/8605/2152
f 2870/8612/2153 2865/8611/2153 2866/8610/2153 2869/8609/2153
f 2871/8616/2154 2868/8615/2154 2867/8614/2154 2872/8613/2154