# Made in Blockbench 4.12.6
mtllib F-16.mtl

o cube
v 0.752675 2.27880625 -0.6544606250000005
v 0.752675 2.27880625 -4.794173125
v 0.752675 2.13768 -0.6544606250000005
v 0.752675 2.13768 -4.794173125
v -0.752675 2.27880625 -4.794173125
v -0.752675 2.27880625 -0.6544606250000005
v -0.752675 2.13768 -4.794173125
v -0.752675 2.13768 -0.6544606250000005
vt 0.451171875 0.91796875
vt 0.474609375 0.91796875
vt 0.474609375 0.916015625
vt 0.451171875 0.916015625
vt 0.38671875 0.91796875
vt 0.451171875 0.91796875
vt 0.451171875 0.916015625
vt 0.38671875 0.916015625
vt 0.5390625 0.91796875
vt 0.5625 0.91796875
vt 0.5625 0.916015625
vt 0.5390625 0.916015625
vt 0.474609375 0.91796875
vt 0.5390625 0.91796875
vt 0.5390625 0.916015625
vt 0.474609375 0.916015625
vt 0.474609375 0.91796875
vt 0.451171875 0.91796875
vt 0.451171875 0.982421875
vt 0.474609375 0.982421875
vt 0.498046875 0.982421875
vt 0.474609375 0.982421875
vt 0.474609375 0.91796875
vt 0.498046875 0.91796875
vn 0 0 -1
vn 1 0 0
vn 0 0 1
vn -1 0 0
vn 0 1 0
vn 0 -1 0
usemtl m_a520c05c-83fc-6d1a-7b60-0c8dd74607e0
f 4/4/1 7/3/1 5/2/1 2/1/1
f 3/8/2 4/7/2 2/6/2 1/5/2
f 8/12/3 3/11/3 1/10/3 6/9/3
f 7/16/4 8/15/4 6/14/4 5/13/4
f 6/20/5 1/19/5 2/18/5 5/17/5
f 7/24/6 4/23/6 3/22/6 8/21/6
o cube
v -0.6974487500000015 2.38874 -4.105158749999999
v -0.8856175000000006 2.38874 -4.105158749999999
v -0.6974487500000015 2.20057125 -4.105158749999999
v -0.8856175000000006 2.20057125 -4.105158749999999
v -0.8856175000000014 2.38874 -0.6240368749999989
v -0.6974487500000022 2.38874 -0.6240368749999989
v -0.8856175000000014 2.20057125 -0.6240368749999989
v -0.6974487500000022 2.20057125 -0.6240368749999989
vt 0.0029296875 0.51953125
vt 0.056640625 0.51953125
vt 0.056640625 0.5166015625
vt 0.0029296875 0.5166015625
vt 0 0.51953125
vt 0.0029296875 0.51953125
vt 0.0029296875 0.5166015625
vt 0 0.5166015625
vt 0.0595703125 0.51953125
vt 0.11328125 0.51953125
vt 0.11328125 0.5166015625
vt 0.0595703125 0.5166015625
vt 0.056640625 0.51953125
vt 0.0595703125 0.51953125
vt 0.0595703125 0.5166015625
vt 0.056640625 0.5166015625
vt 0.056640625 0.51953125
vt 0.0029296875 0.51953125
vt 0.0029296875 0.5224609375
vt 0.056640625 0.5224609375
vt 0.1103515625 0.5224609375
vt 0.056640625 0.5224609375
vt 0.056640625 0.51953125
vt 0.1103515625 0.51953125
vn -1 0 -2.220446049250313e-16
vn 2.220446049250313e-16 0 -1
vn 1 0 2.220446049250313e-16
vn -2.220446049250313e-16 0 1
vn 0 1 0
vn 0 -1 0
usemtl m_a520c05c-83fc-6d1a-7b60-0c8dd74607e0
f 12/28/7 15/27/7 13/26/7 10/25/7
f 11/32/8 12/31/8 10/30/8 9/29/8
f 16/36/9 11/35/9 9/34/9 14/33/9
f 15/40/10 16/39/10 14/38/10 13/37/10
f 14/44/11 9/43/11 10/42/11 13/41/11
f 15/48/12 12/47/12 11/46/12 16/45/12
o cube
v -0.5996300515189669 2.9067566687473496 -4.35515875
v -0.6605887779234773 2.9320065999690885 -4.35515875
v -0.82465843354403 2.3634900969435684 -4.35515875
v -0.8856171599485404 2.3887400281653073 -4.35515875
v -0.660588777923478 2.932006599969089 -0.8740368750000005
v -0.5996300515189676 2.90675666874735 -0.8740368750000005
v -0.8856171599485412 2.3887400281653077 -0.8740368750000005
v -0.8246584335440308 2.3634900969435684 -0.8740368750000005
vt 0.4345703125 0.4736328125
vt 0.48828125 0.4736328125
vt 0.48828125 0.46484375
vt 0.4345703125 0.46484375
vt 0.43359375 0.4736328125
vt 0.4345703125 0.4736328125
vt 0.4345703125 0.46484375
vt 0.43359375 0.46484375
vt 0.4892578125 0.4736328125
vt 0.54296875 0.4736328125
vt 0.54296875 0.46484375
vt 0.4892578125 0.46484375
vt 0.48828125 0.4736328125
vt 0.4892578125 0.4736328125
vt 0.4892578125 0.46484375
vt 0.48828125 0.46484375
vt 0.48828125 0.4736328125
vt 0.4345703125 0.4736328125
vt 0.4345703125 0.474609375
vt 0.48828125 0.474609375
vt 0.5419921875 0.474609375
vt 0.48828125 0.474609375
vt 0.48828125 0.4736328125
vt 0.5419921875 0.4736328125
vn -0.9238795325112868 0.3826834323650897 -2.370072626263643e-16
vn 1.9452086685093367e-16 -1.1061559977521022e-16 -1
vn 0.9238795325112868 -0.3826834323650897 2.370072626263643e-16
vn -1.9452086685093367e-16 1.1061559977521022e-16 1
vn 0.3826834323650897 0.9238795325112867 8.044366877814565e-18
vn -0.3826834323650897 -0.9238795325112867 -8.044366877814565e-18
usemtl m_a520c05c-83fc-6d1a-7b60-0c8dd74607e0
f 20/52/13 23/51/13 21/50/13 18/49/13
f 19/56/14 20/55/14 18/54/14 17/53/14
f 24/60/15 19/59/15 17/58/15 22/57/15
f 23/64/16 24/63/16 22/62/16 21/61/16
f 22/68/17 17/67/17 18/66/17 21/65/17
f 23/72/18 20/71/18 19/70/18 24/69/18
o cube
v 0.6974487500000022 2.38874 -0.6240368749999989
v 0.8856175000000014 2.38874 -0.6240368749999989
v 0.6974487500000022 2.20057125 -0.6240368749999989
v 0.8856175000000014 2.20057125 -0.6240368749999989
v 0.8856175000000006 2.38874 -4.105158749999999
v 0.6974487500000015 2.38874 -4.105158749999999
v 0.8856175000000006 2.20057125 -4.105158749999999
v 0.6974487500000015 2.20057125 -4.105158749999999
vt 0.5283203125 0.5263671875
vt 0.58203125 0.5263671875
vt 0.58203125 0.5234375
vt 0.5283203125 0.5234375
vt 0.525390625 0.5263671875
vt 0.5283203125 0.5263671875
vt 0.5283203125 0.5234375
vt 0.525390625 0.5234375
vt 0.5849609375 0.5263671875
vt 0.638671875 0.5263671875
vt 0.638671875 0.5234375
vt 0.5849609375 0.5234375
vt 0.58203125 0.5263671875
vt 0.5849609375 0.5263671875
vt 0.5849609375 0.5234375
vt 0.58203125 0.5234375
vt 0.58203125 0.5263671875
vt 0.5283203125 0.5263671875
vt 0.5283203125 0.529296875
vt 0.58203125 0.529296875
vt 0.6357421875 0.529296875
vt 0.58203125 0.529296875
vt 0.58203125 0.5263671875
vt 0.6357421875 0.5263671875
vn 1 0 -2.220446049250313e-16
vn 2.220446049250313e-16 0 1
vn -1 0 2.220446049250313e-16
vn -2.220446049250313e-16 0 -1
vn 0 1 0
vn 0 -1 0
usemtl m_a520c05c-83fc-6d1a-7b60-0c8dd74607e0
f 28/76/19 31/75/19 29/74/19 26/73/19
f 27/80/20 28/79/20 26/78/20 25/77/20
f 32/84/21 27/83/21 25/82/21 30/81/21
f 31/88/22 32/87/22 30/86/22 29/85/22
f 30/92/23 25/91/23 26/90/23 29/89/23
f 31/96/24 28/95/24 27/94/24 32/93/24
o cube
v 0.5996300515189676 2.90675666874735 -0.8740368750000005
v 0.660588777923478 2.932006599969089 -0.8740368750000005
v 0.8246584335440308 2.3634900969435684 -0.8740368750000005
v 0.8856171599485412 2.3887400281653077 -0.8740368750000005
v 0.6605887779234773 2.9320065999690885 -4.35515875
v 0.5996300515189669 2.9067566687473496 -4.35515875
v 0.8856171599485404 2.3887400281653073 -4.35515875
v 0.82465843354403 2.3634900969435684 -4.35515875
vt 0.5263671875 0.5224609375
vt 0.580078125 0.5224609375
vt 0.580078125 0.513671875
vt 0.5263671875 0.513671875
vt 0.525390625 0.5224609375
vt 0.5263671875 0.5224609375
vt 0.5263671875 0.513671875
vt 0.525390625 0.513671875
vt 0.5810546875 0.5224609375
vt 0.634765625 0.5224609375
vt 0.634765625 0.513671875
vt 0.5810546875 0.513671875
vt 0.580078125 0.5224609375
vt 0.5810546875 0.5224609375
vt 0.5810546875 0.513671875
vt 0.580078125 0.513671875
vt 0.580078125 0.5224609375
vt 0.5263671875 0.5224609375
vt 0.5263671875 0.5234375
vt 0.580078125 0.5234375
vt 0.6337890625 0.5234375
vt 0.580078125 0.5234375
vt 0.580078125 0.5224609375
vt 0.6337890625 0.5224609375
vn 0.9238795325112868 0.3826834323650897 -2.370072626263643e-16
vn 1.9452086685093367e-16 1.1061559977521022e-16 1
vn -0.9238795325112868 -0.3826834323650897 2.370072626263643e-16
vn -1.9452086685093367e-16 -1.1061559977521022e-16 -1
vn -0.3826834323650897 0.9238795325112867 8.044366877814565e-18
vn 0.3826834323650897 -0.9238795325112867 -8.044366877814565e-18
usemtl m_a520c05c-83fc-6d1a-7b60-0c8dd74607e0
f 36/100/25 39/99/25 37/98/25 34/97/25
f 35/104/26 36/103/26 34/102/26 33/101/26
f 40/108/27 35/107/27 33/106/27 38/105/27
f 39/112/28 40/111/28 38/110/28 37/109/28
f 38/116/29 33/115/29 34/114/29 37/113/29
f 39/120/30 36/119/30 35/118/30 40/117/30
o cube
v -0.8330243769904181 2.3423242189422293 -4.1051593749999995
v -0.881726033183553 2.1605671636166983 -4.1051593749999995
v -0.03783680716348842 2.1292543517758364 -4.1051593749999995
v -0.08653846335662341 1.9474972964503054 -4.1051593749999995
v -0.881726033183553 2.1605671636166965 6.835509999999999
v -0.8330243769904181 2.3423242189422275 6.835509999999999
v -0.08653846335662341 1.9474972964503037 6.835509999999999
v -0.03783680716348842 2.1292543517758347 6.835509999999999
vt 0.0029296875 0.8056640625
vt 0.173828125 0.8056640625
vt 0.173828125 0.79296875
vt 0.0029296875 0.79296875
vt 0 0.8056640625
vt 0.0029296875 0.8056640625
vt 0.0029296875 0.79296875
vt 0 0.79296875
vt 0.1767578125 0.8056640625
vt 0.34765625 0.8056640625
vt 0.34765625 0.79296875
vt 0.1767578125 0.79296875
vt 0.173828125 0.8056640625
vt 0.1767578125 0.8056640625
vt 0.1767578125 0.79296875
vt 0.173828125 0.79296875
vt 0.173828125 0.8056640625
vt 0.0029296875 0.8056640625
vt 0.0029296875 0.80859375
vt 0.173828125 0.80859375
vt 0.3447265625 0.80859375
vt 0.173828125 0.80859375
vt 0.173828125 0.8056640625
vt 0.3447265625 0.8056640625
vn -0.2588190451025208 -0.9659258262890684 -1.6085896386393045e-16
vn 2.873468630843154e-17 1.0723930924262028e-16 -1
vn 0.2588190451025208 0.9659258262890684 1.6085896386393045e-16
vn -2.873468630843154e-17 -1.0723930924262028e-16 1
vn -0.9659258262890683 0.25881904510252074 4.310202946264731e-17
vn 0.9659258262890683 -0.25881904510252074 -4.310202946264731e-17
usemtl m_a520c05c-83fc-6d1a-7b60-0c8dd74607e0
f 44/124/31 47/123/31 45/122/31 42/121/31
f 43/128/32 44/127/32 42/126/32 41/125/32
f 48/132/33 43/131/33 41/130/33 46/129/33
f 47/136/34 48/135/34 46/134/34 45/133/34
f 46/140/35 41/139/35 42/138/35 45/137/35
f 47/144/36 44/143/36 43/142/36 48/141/36
o cube
v 0.8330250019904181 2.3423242189422275 6.835509375000001
v 0.881726658183553 2.1605671636166965 6.835509375000001
v 0.037837432163488394 2.1292543517758347 6.835509375000001
v 0.08653908835662338 1.9474972964503037 6.835509375000001
v 0.881726658183553 2.1605671636166983 -4.1051593749999995
v 0.8330250019904181 2.3423242189422293 -4.1051593749999995
v 0.08653908835662338 1.9474972964503054 -4.1051593749999995
v 0.037837432163488394 2.1292543517758364 -4.1051593749999995
vt 0.0029296875 0.7900390625
vt 0.173828125 0.7900390625
vt 0.173828125 0.77734375
vt 0.0029296875 0.77734375
vt 0 0.7900390625
vt 0.0029296875 0.7900390625
vt 0.0029296875 0.77734375
vt 0 0.77734375
vt 0.1767578125 0.7900390625
vt 0.34765625 0.7900390625
vt 0.34765625 0.77734375
vt 0.1767578125 0.77734375
vt 0.173828125 0.7900390625
vt 0.1767578125 0.7900390625
vt 0.1767578125 0.77734375
vt 0.173828125 0.77734375
vt 0.173828125 0.7900390625
vt 0.0029296875 0.7900390625
vt 0.0029296875 0.79296875
vt 0.173828125 0.79296875
vt 0.3447265625 0.79296875
vt 0.173828125 0.79296875
vt 0.173828125 0.7900390625
vt 0.3447265625 0.7900390625
vn 0.2588190451025208 -0.9659258262890684 -1.6085896386393045e-16
vn 2.873468630843154e-17 -1.0723930924262028e-16 1
vn -0.2588190451025208 0.9659258262890684 1.6085896386393045e-16
vn -2.873468630843154e-17 1.0723930924262028e-16 -1
vn 0.9659258262890683 0.25881904510252074 4.310202946264731e-17
vn -0.9659258262890683 -0.25881904510252074 -4.310202946264731e-17
usemtl m_a520c05c-83fc-6d1a-7b60-0c8dd74607e0
f 52/148/37 55/147/37 53/146/37 50/145/37
f 51/152/38 52/151/38 50/150/38 49/149/38
f 56/156/39 51/155/39 49/154/39 54/153/39
f 55/160/40 56/159/40 54/158/40 53/157/40
f 54/164/41 49/163/41 50/162/41 53/161/41
f 55/168/42 52/167/42 51/166/42 56/165/42
o cube
v -0.5129787372666856 2.8875050286395316 -5.015694178461726
v -0.573788972069175 2.9107940214964847 -5.026336711362188
v -0.735690624462737 2.2934045355835453 -5.043210183169867
v -0.7965008592652265 2.3166935284404984 -5.053852716070329
v -0.6935115707450363 2.922776742660462 -4.316033542469975
v -0.632701335942547 2.8994877498035088 -4.3053910095695125
v -0.9162234579410878 2.3286762496044755 -4.343549547178116
v -0.8554132231385985 2.3053872567475224 -4.332907014277653
vt 0.0673828125 0.43359375
vt 0.078125 0.43359375
vt 0.078125 0.423828125
vt 0.0673828125 0.423828125
vt 0.06640625 0.43359375
vt 0.0673828125 0.43359375
vt 0.0673828125 0.423828125
vt 0.06640625 0.423828125
vt 0.0791015625 0.43359375
vt 0.08984375 0.43359375
vt 0.08984375 0.423828125
vt 0.0791015625 0.423828125
vt 0.078125 0.43359375
vt 0.0791015625 0.43359375
vt 0.0791015625 0.423828125
vt 0.078125 0.423828125
vt 0.078125 0.43359375
vt 0.0673828125 0.43359375
vt 0.0673828125 0.4345703125
vt 0.078125 0.4345703125
vt 0.0888671875 0.4345703125
vt 0.078125 0.4345703125
vt 0.078125 0.43359375
vt 0.0888671875 0.43359375
vn -0.9216290204033608 0.35296380194301996 -0.16129632131040772
vn 0.16618401360433627 -0.01663292243031493 -0.9859544713189252
vn 0.9216290204033608 -0.35296380194301996 0.16129632131040772
vn -0.16618401360433627 0.01663292243031493 0.9859544713189252
vn 0.3506890679400991 0.9354891236189525 0.043327557258040716
vn -0.3506890679400991 -0.9354891236189525 -0.043327557258040716
usemtl m_a520c05c-83fc-6d1a-7b60-0c8dd74607e0
f 60/172/43 63/171/43 61/170/43 58/169/43
f 59/176/44 60/175/44 58/174/44 57/173/44
f 64/180/45 59/179/45 57/178/45 62/177/45
f 63/184/46 64/183/46 62/182/46 61/181/46
f 62/188/47 57/187/47 58/186/47 61/185/47
f 63/192/48 60/191/48 59/190/48 64/189/48
o cube
v 0.632701960942547 2.8994877498035088 -4.305391009569512
v 0.6935121957450364 2.922776742660462 -4.316033542469974
v 0.8554138481385986 2.3053872567475224 -4.332907014277653
v 0.9162240829410879 2.3286762496044755 -4.343549547178116
v 0.5737895970691751 2.9107940214964847 -5.026336711362188
v 0.5129793622666856 2.8875050286395316 -5.015694178461726
v 0.7965014842652265 2.3166935284404984 -5.053852716070329
v 0.7356912494627371 2.2934045355835453 -5.043210183169867
vt 0.4052734375 0.3662109375
vt 0.416015625 0.3662109375
vt 0.416015625 0.3564453125
vt 0.4052734375 0.3564453125
vt 0.404296875 0.3662109375
vt 0.4052734375 0.3662109375
vt 0.4052734375 0.3564453125
vt 0.404296875 0.3564453125
vt 0.4169921875 0.3662109375
vt 0.427734375 0.3662109375
vt 0.427734375 0.3564453125
vt 0.4169921875 0.3564453125
vt 0.416015625 0.3662109375
vt 0.4169921875 0.3662109375
vt 0.4169921875 0.3564453125
vt 0.416015625 0.3564453125
vt 0.416015625 0.3662109375
vt 0.4052734375 0.3662109375
vt 0.4052734375 0.3671875
vt 0.416015625 0.3671875
vt 0.4267578125 0.3671875
vt 0.416015625 0.3671875
vt 0.416015625 0.3662109375
vt 0.4267578125 0.3662109375
vn 0.9216290204033608 0.35296380194301996 -0.16129632131040772
vn 0.16618401360433627 0.01663292243031493 0.9859544713189252
vn -0.9216290204033608 -0.35296380194301996 0.16129632131040772
vn -0.16618401360433627 -0.01663292243031493 -0.9859544713189252
vn -0.3506890679400991 0.9354891236189525 0.043327557258040716
vn 0.3506890679400991 -0.9354891236189525 -0.043327557258040716
usemtl m_a520c05c-83fc-6d1a-7b60-0c8dd74607e0
f 68/196/49 71/195/49 69/194/49 66/193/49
f 67/200/50 68/199/50 66/198/50 65/197/50
f 72/204/51 67/203/51 65/202/51 70/201/51
f 71/208/52 72/207/52 70/206/52 69/205/52
f 70/212/53 65/211/53 66/210/53 69/209/53
f 71/216/54 68/215/54 67/214/54 72/213/54
o cube
v -0.4886037110386441 2.9559803792697665 -4.347104004462365
v -0.6749130860386444 2.955980378991578 -4.347104008706701
v -0.4886037119166593 2.3729835360482774 -4.27035101396669
v -0.6749130869166596 2.372983535770089 -4.270351018211025
v -0.6749131638115318 3.401586193977709 -0.9623918068714996
v -0.48860378881153144 3.4015861942558976 -0.9623918026271636
v -0.674913164689547 2.8185893507562194 -0.8856388163758244
v -0.48860378968954665 2.818589351034408 -0.8856388121314884
vt 0.330078125 0.4833984375
vt 0.3828125 0.4833984375
vt 0.3828125 0.474609375
vt 0.330078125 0.474609375
vt 0.328125 0.4833984375
vt 0.330078125 0.4833984375
vt 0.330078125 0.474609375
vt 0.328125 0.474609375
vt 0.384765625 0.4833984375
vt 0.4375 0.4833984375
vt 0.4375 0.474609375
vt 0.384765625 0.474609375
vt 0.3828125 0.4833984375
vt 0.384765625 0.4833984375
vt 0.384765625 0.474609375
vt 0.3828125 0.474609375
vt 0.3828125 0.4833984375
vt 0.330078125 0.4833984375
vt 0.330078125 0.4853515625
vt 0.3828125 0.4853515625
vt 0.435546875 0.4853515625
vt 0.3828125 0.4853515625
vt 0.3828125 0.4833984375
vt 0.435546875 0.4833984375
vn -0.9999999999999998 -1.4931533994083088e-9 -2.2781118434765387e-8
vn 2.2781118434765387e-8 -0.1305261922200494 -0.9914448613738105
vn 0.9999999999999998 1.4931533994083088e-9 2.2781118434765387e-8
vn -2.2781118434765387e-8 0.1305261922200494 0.9914448613738105
vn 1.4931533994083092e-9 0.9914448613738108 -0.13052619222004944
vn -1.4931533994083092e-9 -0.9914448613738108 0.13052619222004944
usemtl m_a520c05c-83fc-6d1a-7b60-0c8dd74607e0
f 76/220/55 79/219/55 77/218/55 74/217/55
f 75/224/56 76/223/56 74/222/56 73/221/56
f 80/228/57 75/227/57 73/226/57 78/225/57
f 79/232/58 80/231/58 78/230/58 77/229/58
f 78/236/59 73/235/59 74/234/59 77/233/59
f 79/240/60 76/239/60 75/238/60 80/237/60
o cube
v -0.6935575000000003 2.3789775000000004 -0.6240368750000005
v -0.8817262500000003 2.3789775000000004 -0.6240368750000005
v -0.6935575000000003 2.1605675 -0.6240368750000005
v -0.8817262500000003 2.1605675 -0.6240368750000005
v -0.881726250000001 2.3789775000000004 2.7898818750000003
v -0.693557500000001 2.3789775000000004 2.7898818750000003
v -0.881726250000001 2.1605675 2.7898818750000003
v -0.693557500000001 2.1605675 2.7898818750000003
vt 0.5283203125 0.5107421875
vt 0.5810546875 0.5107421875
vt 0.5810546875 0.5078125
vt 0.5283203125 0.5078125
vt 0.525390625 0.5107421875
vt 0.5283203125 0.5107421875
vt 0.5283203125 0.5078125
vt 0.525390625 0.5078125
vt 0.583984375 0.5107421875
vt 0.63671875 0.5107421875
vt 0.63671875 0.5078125
vt 0.583984375 0.5078125
vt 0.5810546875 0.5107421875
vt 0.583984375 0.5107421875
vt 0.583984375 0.5078125
vt 0.5810546875 0.5078125
vt 0.5810546875 0.5107421875
vt 0.5283203125 0.5107421875
vt 0.5283203125 0.513671875
vt 0.5810546875 0.513671875
vt 0.6337890625 0.513671875
vt 0.5810546875 0.513671875
vt 0.5810546875 0.5107421875
vt 0.6337890625 0.5107421875
vn -1 0 -2.220446049250313e-16
vn 2.220446049250313e-16 0 -1
vn 1 0 2.220446049250313e-16
vn -2.220446049250313e-16 0 1
vn 0 1 0
vn 0 -1 0
usemtl m_a520c05c-83fc-6d1a-7b60-0c8dd74607e0
f 84/244/61 87/243/61 85/242/61 82/241/61
f 83/248/62 84/247/62 82/246/62 81/245/62
f 88/252/63 83/251/63 81/250/63 86/249/63
f 87/256/64 88/255/64 86/254/64 85/253/64
f 86/260/65 81/259/65 82/258/65 85/257/65
f 87/264/66 84/263/66 83/262/66 88/261/66
o cube
v -0.5570487343287862 3.3149831900382534 -1.6134971277240773
v -0.6420606093287863 3.314983190165189 -1.6134971296607428
v -0.5570487338527763 2.9989155254565896 -1.6551082251728677
v -0.6420606088527764 2.9989155255835254 -1.6551082271095334
v -0.6420606311296901 3.190073213680888 -0.6647116620596941
v -0.5570487561296901 3.1900732135539522 -0.6647116601230285
v -0.6420606306536802 2.8740055490992242 -0.7063227595084847
v -0.5570487556536802 2.8740055489722884 -0.7063227575718191
vt 0.2158203125 0.4091796875
vt 0.23046875 0.4091796875
vt 0.23046875 0.404296875
vt 0.2158203125 0.404296875
vt 0.21484375 0.4091796875
vt 0.2158203125 0.4091796875
vt 0.2158203125 0.404296875
vt 0.21484375 0.404296875
vt 0.2314453125 0.4091796875
vt 0.24609375 0.4091796875
vt 0.24609375 0.404296875
vt 0.2314453125 0.404296875
vt 0.23046875 0.4091796875
vt 0.2314453125 0.4091796875
vt 0.2314453125 0.404296875
vt 0.23046875 0.404296875
vt 0.23046875 0.4091796875
vt 0.2158203125 0.4091796875
vt 0.2158203125 0.41015625
vt 0.23046875 0.41015625
vt 0.2451171875 0.41015625
vt 0.23046875 0.41015625
vt 0.23046875 0.4091796875
vt 0.2451171875 0.4091796875
vn -0.9999999999999998 1.4931533994083088e-9 -2.2781118434765387e-8
vn 2.2781118434765387e-8 0.1305261922200494 -0.9914448613738105
vn 0.9999999999999998 -1.4931533994083088e-9 2.2781118434765387e-8
vn -2.2781118434765387e-8 -0.1305261922200494 0.9914448613738105
vn -1.4931533994083092e-9 0.9914448613738108 0.13052619222004944
vn 1.4931533994083092e-9 -0.9914448613738108 -0.13052619222004944
usemtl m_a520c05c-83fc-6d1a-7b60-0c8dd74607e0
f 92/268/67 95/267/67 93/266/67 90/265/67
f 91/272/68 92/271/68 90/270/68 89/269/68
f 96/276/69 91/275/69 89/274/69 94/273/69
f 95/280/70 96/279/70 94/278/70 93/277/70
f 94/284/71 89/283/71 90/282/71 93/281/71
f 95/288/72 92/287/72 91/286/72 96/285/72
o cube
v -0.4957113146736525 2.8191913163324585 -0.6240368749999998
v -0.6695565714568856 2.891200379446307 -0.6240368749999998
v -0.7078810550169581 2.3069682516704724 -0.6240368749999998
v -0.8817263118001912 2.3789773147843207 -0.6240368749999998
v -0.6695565714568864 2.8912003794463073 2.7898818749999994
v -0.49571131467365326 2.819191316332459 2.7898818749999994
v -0.8817263118001919 2.378977314784321 2.7898818749999994
v -0.7078810550169587 2.3069682516704724 2.7898818749999994
vt 0.0888671875 0.50390625
vt 0.1416015625 0.50390625
vt 0.1416015625 0.49609375
vt 0.0888671875 0.49609375
vt 0.0859375 0.50390625
vt 0.0888671875 0.50390625
vt 0.0888671875 0.49609375
vt 0.0859375 0.49609375
vt 0.14453125 0.50390625
vt 0.197265625 0.50390625
vt 0.197265625 0.49609375
vt 0.14453125 0.49609375
vt 0.1416015625 0.50390625
vt 0.14453125 0.50390625
vt 0.14453125 0.49609375
vt 0.1416015625 0.49609375
vt 0.1416015625 0.50390625
vt 0.0888671875 0.50390625
vt 0.0888671875 0.5068359375
vt 0.1416015625 0.5068359375
vt 0.1943359375 0.5068359375
vt 0.1416015625 0.5068359375
vt 0.1416015625 0.50390625
vt 0.1943359375 0.50390625
vn -0.9238795325112868 0.3826834323650897 -2.370072626263643e-16
vn 1.9452086685093367e-16 -1.1061559977521022e-16 -1
vn 0.9238795325112868 -0.3826834323650897 2.370072626263643e-16
vn -1.9452086685093367e-16 1.1061559977521022e-16 1
vn 0.3826834323650897 0.9238795325112867 8.044366877814565e-18
vn -0.3826834323650897 -0.9238795325112867 -8.044366877814565e-18
usemtl m_a520c05c-83fc-6d1a-7b60-0c8dd74607e0
f 100/292/73 103/291/73 101/290/73 98/289/73
f 99/296/74 100/295/74 98/294/74 97/293/74
f 104/300/75 99/299/75 97/298/75 102/297/75
f 103/304/76 104/303/76 102/302/76 101/301/76
f 102/308/77 97/307/77 98/306/77 101/305/77
f 103/312/78 100/311/78 99/310/78 104/309/78
o cube
v 0.693557500000001 2.3789775000000004 2.7898818750000003
v 0.881726250000001 2.3789775000000004 2.7898818750000003
v 0.693557500000001 2.1605675 2.7898818750000003
v 0.881726250000001 2.1605675 2.7898818750000003
v 0.8817262500000003 2.3789775000000004 -0.6240368750000005
v 0.6935575000000003 2.3789775000000004 -0.6240368750000005
v 0.8817262500000003 2.1605675 -0.6240368750000005
v 0.6935575000000003 2.1605675 -0.6240368750000005
vt 0.5283203125 0.5048828125
vt 0.5810546875 0.5048828125
vt 0.5810546875 0.501953125
vt 0.5283203125 0.501953125
vt 0.525390625 0.5048828125
vt 0.5283203125 0.5048828125
vt 0.5283203125 0.501953125
vt 0.525390625 0.501953125
vt 0.583984375 0.5048828125
vt 0.63671875 0.5048828125
vt 0.63671875 0.501953125
vt 0.583984375 0.501953125
vt 0.5810546875 0.5048828125
vt 0.583984375 0.5048828125
vt 0.583984375 0.501953125
vt 0.5810546875 0.501953125
vt 0.5810546875 0.5048828125
vt 0.5283203125 0.5048828125
vt 0.5283203125 0.5078125
vt 0.5810546875 0.5078125
vt 0.6337890625 0.5078125
vt 0.5810546875 0.5078125
vt 0.5810546875 0.5048828125
vt 0.6337890625 0.5048828125
vn 1 0 -2.220446049250313e-16
vn 2.220446049250313e-16 0 1
vn -1 0 2.220446049250313e-16
vn -2.220446049250313e-16 0 -1
vn 0 1 0
vn 0 -1 0
usemtl m_a520c05c-83fc-6d1a-7b60-0c8dd74607e0
f 108/316/79 111/315/79 109/314/79 106/313/79
f 107/320/80 108/319/80 106/318/80 105/317/80
f 112/324/81 107/323/81 105/322/81 110/321/81
f 111/328/82 112/327/82 110/326/82 109/325/82
f 110/332/83 105/331/83 106/330/83 109/329/83
f 111/336/84 108/335/84 107/334/84 112/333/84
o cube
v 0.49571131467365326 2.819191316332459 2.7898818749999994
v 0.6695565714568864 2.8912003794463073 2.7898818749999994
v 0.7078810550169587 2.3069682516704724 2.7898818749999994
v 0.8817263118001919 2.378977314784321 2.7898818749999994
v 0.6695565714568856 2.891200379446307 -0.6240368749999998
v 0.4957113146736525 2.8191913163324585 -0.6240368749999998
v 0.8817263118001912 2.3789773147843207 -0.6240368749999998
v 0.7078810550169581 2.3069682516704724 -0.6240368749999998
vt 0.0888671875 0.4931640625
vt 0.1416015625 0.4931640625
vt 0.1416015625 0.4853515625
vt 0.0888671875 0.4853515625
vt 0.0859375 0.4931640625
vt 0.0888671875 0.4931640625
vt 0.0888671875 0.4853515625
vt 0.0859375 0.4853515625
vt 0.14453125 0.4931640625
vt 0.197265625 0.4931640625
vt 0.197265625 0.4853515625
vt 0.14453125 0.4853515625
vt 0.1416015625 0.4931640625
vt 0.14453125 0.4931640625
vt 0.14453125 0.4853515625
vt 0.1416015625 0.4853515625
vt 0.1416015625 0.4931640625
vt 0.0888671875 0.4931640625
vt 0.0888671875 0.49609375
vt 0.1416015625 0.49609375
vt 0.1943359375 0.49609375
vt 0.1416015625 0.49609375
vt 0.1416015625 0.4931640625
vt 0.1943359375 0.4931640625
vn 0.9238795325112868 0.3826834323650897 -2.370072626263643e-16
vn 1.9452086685093367e-16 1.1061559977521022e-16 1
vn -0.9238795325112868 -0.3826834323650897 2.370072626263643e-16
vn -1.9452086685093367e-16 -1.1061559977521022e-16 -1
vn -0.3826834323650897 0.9238795325112867 8.044366877814565e-18
vn 0.3826834323650897 -0.9238795325112867 -8.044366877814565e-18
usemtl m_a520c05c-83fc-6d1a-7b60-0c8dd74607e0
f 116/340/85 119/339/85 117/338/85 114/337/85
f 115/344/86 116/343/86 114/342/86 113/341/86
f 120/348/87 115/347/87 113/346/87 118/345/87
f 119/352/88 120/351/88 118/350/88 117/349/88
f 118/356/89 113/355/89 114/354/89 117/353/89
f 119/360/90 116/359/90 115/358/90 120/357/90
o cube
v -0.3400474999999998 3.2626491054603592 6.203858454198999
v 0.3400481250000001 3.2626491054603592 6.203858454198999
v -0.34004749999999984 3.0117169148353664 6.192902518150213
v 0.34004812500000003 3.0117169148353664 6.192902518150213
v 0.3400481250000001 3.5605919306258635 -0.6201541602289273
v -0.3400474999999998 3.5605919306258635 -0.6201541602289273
v 0.34004812500000003 3.3096597400008707 -0.6311100962777125
v -0.34004749999999984 3.3096597400008707 -0.6311100962777125
vt 0.193359375 0.607421875
vt 0.2998046875 0.607421875
vt 0.2998046875 0.603515625
vt 0.193359375 0.603515625
vt 0.18359375 0.607421875
vt 0.193359375 0.607421875
vt 0.193359375 0.603515625
vt 0.18359375 0.603515625
vt 0.3095703125 0.607421875
vt 0.416015625 0.607421875
vt 0.416015625 0.603515625
vt 0.3095703125 0.603515625
vt 0.2998046875 0.607421875
vt 0.3095703125 0.607421875
vt 0.3095703125 0.603515625
vt 0.2998046875 0.603515625
vt 0.2998046875 0.607421875
vt 0.193359375 0.607421875
vt 0.193359375 0.6171875
vt 0.2998046875 0.6171875
vt 0.40625 0.6171875
vt 0.2998046875 0.6171875
vt 0.2998046875 0.607421875
vt 0.40625 0.607421875
vn 1 -7.972133056610267e-17 -3.480708462437233e-18
vn -3.480708462437234e-18 -0.04361938736533609 0.9990482215818578
vn -1 7.972133056610267e-17 3.480708462437233e-18
vn 3.480708462437234e-18 0.04361938736533609 -0.9990482215818578
vn 7.972133056610268e-17 0.9990482215818578 0.04361938736533609
vn -7.972133056610268e-17 -0.9990482215818578 -0.04361938736533609
usemtl m_a520c05c-83fc-6d1a-7b60-0c8dd74607e0
f 124/364/91 127/363/91 125/362/91 122/361/91
f 123/368/92 124/367/92 122/366/92 121/365/92
f 128/372/93 123/371/93 121/370/93 126/369/93
f 127/376/94 128/375/94 126/374/94 125/373/94
f 126/380/95 121/379/95 122/378/95 125/377/95
f 127/384/96 124/383/96 123/382/96 128/381/96
o cube
v 0.34004770261843303 3.2626494239747084 6.203858460331865
v 0.8209479306715795 2.7822069063801305 6.182881876006578
v 0.16244236647408378 3.085213128756164 6.196111428436634
v 0.6433425945272302 2.604770611161586 6.175134844111346
v 0.8209477777387942 3.074287013262523 -0.506852413389363
v 0.3400475496856479 3.554729530857101 -0.4858758290640752
v 0.643342441594445 2.8968507180439786 -0.5145994452845937
v 0.16244221354129856 3.3772932356385565 -0.49362286095930585
vt 0.396484375 0.90625
vt 0.5009765625 0.90625
vt 0.5009765625 0.90234375
vt 0.396484375 0.90234375
vt 0.38671875 0.90625
vt 0.396484375 0.90625
vt 0.396484375 0.90234375
vt 0.38671875 0.90234375
vt 0.5107421875 0.90625
vt 0.615234375 0.90625
vt 0.615234375 0.90234375
vt 0.5107421875 0.90234375
vt 0.5009765625 0.90625
vt 0.5107421875 0.90625
vt 0.5107421875 0.90234375
vt 0.5009765625 0.90234375
vt 0.5009765625 0.90625
vt 0.396484375 0.90625
vt 0.396484375 0.916015625
vt 0.5009765625 0.916015625
vt 0.60546875 0.916015625
vt 0.5009765625 0.916015625
vt 0.5009765625 0.90625
vt 0.60546875 0.90625
vn 0.7071067808341607 -0.7064337718605057 -0.03084358074688031
vn 2.2839057631229842e-8 -0.04361938736533018 0.9990482215818578
vn -0.7071067808341607 0.7064337718605057 0.03084358074688031
vn -2.2839057631229842e-8 0.04361938736533018 -0.9990482215818578
vn 0.7071067815389342 0.7064337725652788 0.030843548447575232
vn -0.7071067815389342 -0.7064337725652788 -0.030843548447575232
usemtl m_a520c05c-83fc-6d1a-7b60-0c8dd74607e0
f 132/388/97 135/387/97 133/386/97 130/385/97
f 131/392/98 132/391/98 130/390/98 129/389/98
f 136/396/99 131/395/99 129/394/99 134/393/99
f 135/400/100 136/399/100 134/398/100 133/397/100
f 134/404/101 129/403/101 130/402/101 133/401/101
f 135/408/102 132/407/102 131/406/102 136/405/102
o cube
v 0.8209481250000008 2.782206815701643 6.182881890815009
v 0.8209481250000009 2.1027584910397907 6.153216536302663
v 0.56977625 2.782206815701643 6.182881890815009
v 0.5697762500000001 2.1027584910397907 6.153216536302663
v 0.8209481250000009 2.3321357285845528 0.8996140654306437
v 0.8209481250000008 3.011584053246405 0.929279419942989
v 0.5697762500000001 2.3321357285845528 0.8996140654306437
v 0.56977625 3.011584053246405 0.929279419942989
vt 0.201171875 0.59375
vt 0.283203125 0.59375
vt 0.283203125 0.58984375
vt 0.201171875 0.58984375
vt 0.19140625 0.59375
vt 0.201171875 0.59375
vt 0.201171875 0.58984375
vt 0.19140625 0.58984375
vt 0.29296875 0.59375
vt 0.375 0.59375
vt 0.375 0.58984375
vt 0.29296875 0.58984375
vt 0.283203125 0.59375
vt 0.29296875 0.59375
vt 0.29296875 0.58984375
vt 0.283203125 0.58984375
vt 0.283203125 0.59375
vt 0.201171875 0.59375
vt 0.201171875 0.603515625
vt 0.283203125 0.603515625
vt 0.365234375 0.603515625
vt 0.283203125 0.603515625
vt 0.283203125 0.59375
vt 0.365234375 0.59375
vn -2.421362408651992e-18 -0.9990482215818579 -0.04361938736533616
vn 5.545831691554968e-17 -0.04361938736533599 0.9990482215818579
vn 2.421362408651992e-18 0.9990482215818579 0.04361938736533616
vn -5.545831691554968e-17 0.04361938736533599 -0.9990482215818579
vn 1 1.66374950746649e-16 7.264087225955974e-18
vn -1 -1.66374950746649e-16 -7.264087225955974e-18
usemtl m_a520c05c-83fc-6d1a-7b60-0c8dd74607e0
f 140/412/103 143/411/103 141/410/103 138/409/103
f 139/416/104 140/415/104 138/414/104 137/413/104
f 144/420/105 139/419/105 137/418/105 142/417/105
f 143/424/106 144/423/106 142/422/106 141/421/106
f 142/428/107 137/427/107 138/426/107 141/425/107
f 143/432/108 140/431/108 139/430/108 144/429/108
o cube
v -0.3400475496856479 3.554729530857101 -0.48587582906407434
v -0.8209477777387942 3.074287013262523 -0.5068524133893622
v -0.16244221354129856 3.3772932356385565 -0.49362286095930497
v -0.643342441594445 2.8968507180439786 -0.5145994452845928
v -0.8209479306715651 2.7822069336422475 6.182881251601439
v -0.34004770261841877 3.2626494512368254 6.203857835926727
v -0.6433425945272159 2.604770638423703 6.175134219706209
v -0.1624423664740695 3.085213156018281 6.1961108040314965
vt 0.396484375 0.892578125
vt 0.5009765625 0.892578125
vt 0.5009765625 0.888671875
vt 0.396484375 0.888671875
vt 0.38671875 0.892578125
vt 0.396484375 0.892578125
vt 0.396484375 0.888671875
vt 0.38671875 0.888671875
vt 0.5107421875 0.892578125
vt 0.615234375 0.892578125
vt 0.615234375 0.888671875
vt 0.5107421875 0.888671875
vt 0.5009765625 0.892578125
vt 0.5107421875 0.892578125
vt 0.5107421875 0.888671875
vt 0.5009765625 0.888671875
vt 0.5009765625 0.892578125
vt 0.396484375 0.892578125
vt 0.396484375 0.90234375
vt 0.5009765625 0.90234375
vt 0.60546875 0.90234375
vt 0.5009765625 0.90234375
vt 0.5009765625 0.892578125
vt 0.60546875 0.892578125
vn -0.7071067808341607 -0.7064337718605057 -0.03084358074688031
vn 2.2839057631229842e-8 0.04361938736533018 -0.9990482215818578
vn 0.7071067808341607 0.7064337718605057 0.03084358074688031
vn -2.2839057631229842e-8 -0.04361938736533018 0.9990482215818578
vn -0.7071067815389342 0.7064337725652788 0.030843548447575232
vn 0.7071067815389342 -0.7064337725652788 -0.030843548447575232
usemtl m_a520c05c-83fc-6d1a-7b60-0c8dd74607e0
f 148/436/109 151/435/109 149/434/109 146/433/109
f 147/440/110 148/439/110 146/438/110 145/437/110
f 152/444/111 147/443/111 145/442/111 150/441/111
f 151/448/112 152/447/112 150/446/112 149/445/112
f 150/452/113 145/451/113 146/450/113 149/449/113
f 151/456/114 148/455/114 147/454/114 152/453/114
o cube
v -0.8209481250000008 3.011584053246405 0.9292794199429895
v -0.8209481250000009 2.3321357285845528 0.8996140654306441
v -0.56977625 3.011584053246405 0.9292794199429895
v -0.5697762500000001 2.3321357285845528 0.8996140654306441
v -0.8209481250000009 2.102758518301908 6.153215911897526
v -0.8209481250000008 2.78220684296376 6.18288126640987
v -0.5697762500000001 2.102758518301908 6.153215911897526
v -0.56977625 2.78220684296376 6.18288126640987
vt 0.646484375 0.4423828125
vt 0.728515625 0.4423828125
vt 0.728515625 0.4384765625
vt 0.646484375 0.4384765625
vt 0.6484375 0.6259765625
vt 0.6591796875 0.6259765625
vt 0.6591796875 0.6220703125
vt 0.6484375 0.6220703125
vt 0.6484375 0.6298828125
vt 0.73046875 0.6298828125
vt 0.73046875 0.6259765625
vt 0.6484375 0.6259765625
vt 0.662109375 0.47265625
vt 0.6728515625 0.47265625
vt 0.6728515625 0.46875
vt 0.662109375 0.46875
vt 0.521484375 0.34375
vt 0.439453125 0.34375
vt 0.439453125 0.3544921875
vt 0.521484375 0.3544921875
vt 0.603515625 0.3544921875
vt 0.521484375 0.3544921875
vt 0.521484375 0.34375
vt 0.603515625 0.34375
vn 2.421362408651992e-18 -0.9990482215818579 -0.04361938736533616
vn 5.545831691554968e-17 0.04361938736533599 -0.9990482215818579
vn -2.421362408651992e-18 0.9990482215818579 0.04361938736533616
vn -5.545831691554968e-17 -0.04361938736533599 0.9990482215818579
vn -1 1.66374950746649e-16 7.264087225955974e-18
vn 1 -1.66374950746649e-16 -7.264087225955974e-18
usemtl m_a520c05c-83fc-6d1a-7b60-0c8dd74607e0
f 156/460/115 159/459/115 157/458/115 154/457/115
f 155/464/116 156/463/116 154/462/116 153/461/116
f 160/468/117 155/467/117 153/466/117 158/465/117
f 159/472/118 160/471/118 158/470/118 157/469/118
f 158/476/119 153/475/119 154/474/119 157/473/119
f 159/480/120 156/479/120 155/478/120 160/477/120
o cube
v 0.9110879688031056 2.444671875 0.18551766241539136
v 1.8920719177942071 2.444671875 -0.22081919372703962
v 0.9110879688031056 2.1605675 0.18551766241539136
v 1.8920719177942071 2.1605675 -0.22081919372703962
v 1.2339592602987008 2.444671875 -1.80964369702209
v 0.2529753113075992 2.444671875 -1.4033068408796592
v 1.2339592602987008 2.1605675 -1.80964369702209
v 0.2529753113075992 2.1605675 -1.4033068408796592
vt 0.66015625 0.447265625
vt 0.6875 0.447265625
vt 0.6875 0.4423828125
vt 0.66015625 0.4423828125
vt 0.666015625 0.890625
vt 0.6826171875 0.890625
vt 0.6826171875 0.8857421875
vt 0.666015625 0.8857421875
vt 0.662109375 0.91796875
vt 0.689453125 0.91796875
vt 0.689453125 0.9130859375
vt 0.662109375 0.9130859375
vt 0.666015625 0.87109375
vt 0.6826171875 0.87109375
vt 0.6826171875 0.8662109375
vt 0.666015625 0.8662109375
vt 0.02734375 0.3369140625
vt 0 0.3369140625
vt 0 0.353515625
vt 0.02734375 0.353515625
vt 0.107421875 0.3515625
vt 0.080078125 0.3515625
vt 0.080078125 0.3349609375
vt 0.107421875 0.3349609375
vn 0.9238795325112866 0 -0.38268343236508984
vn 0.38268343236508984 0 0.9238795325112866
vn -0.9238795325112866 0 0.38268343236508984
vn -0.38268343236508984 0 -0.9238795325112866
vn 0 1 0
vn 0 -1 0
usemtl m_a520c05c-83fc-6d1a-7b60-0c8dd74607e0
f 164/484/121 167/483/121 165/482/121 162/481/121
f 163/488/122 164/487/122 162/486/122 161/485/122
f 168/492/123 163/491/123 161/490/123 166/489/123
f 167/496/124 168/495/124 166/494/124 165/493/124
f 166/500/125 161/499/125 162/498/125 165/497/125
f 167/504/126 164/503/126 163/502/126 168/501/126
o cube
v 0.9422855665515462 2.444671875 -1.5885701523422397
v 1.3120684744163664 2.444671875 -1.637252995727773
v 0.9422855665515462 2.1605675 -1.5885701523422397
v 1.3120684744163664 2.1605675 -1.637252995727773
v 0.9693088962760052 2.444671875 -4.240770471063364
v 0.599525988411185 2.444671875 -4.1920876276778305
v 0.9693088962760052 2.1605675 -4.240770471063364
v 0.599525988411185 2.1605675 -4.1920876276778305
vt 0.5595703125 0.6044921875
vt 0.6005859375 0.6044921875
vt 0.6005859375 0.6005859375
vt 0.5595703125 0.6005859375
vt 0.5546875 0.6044921875
vt 0.5595703125 0.6044921875
vt 0.5595703125 0.6005859375
vt 0.5546875 0.6005859375
vt 0.60546875 0.6044921875
vt 0.646484375 0.6044921875
vt 0.646484375 0.6005859375
vt 0.60546875 0.6005859375
vt 0.6005859375 0.6044921875
vt 0.60546875 0.6044921875
vt 0.60546875 0.6005859375
vt 0.6005859375 0.6005859375
vt 0.6005859375 0.6044921875
vt 0.5595703125 0.6044921875
vt 0.5595703125 0.609375
vt 0.6005859375 0.609375
vt 0.6416015625 0.609375
vt 0.6005859375 0.609375
vt 0.6005859375 0.6044921875
vt 0.6416015625 0.6044921875
vn 0.9914448613738105 0 -0.13052619222005135
vn 0.13052619222005135 0 0.9914448613738105
vn -0.9914448613738105 0 0.13052619222005135
vn -0.13052619222005135 0 -0.9914448613738105
vn 0 1 0
vn 0 -1 0
usemtl m_a520c05c-83fc-6d1a-7b60-0c8dd74607e0
f 172/508/127 175/507/127 173/506/127 170/505/127
f 171/512/128 172/511/128 170/510/128 169/509/128
f 176/516/129 171/515/129 169/514/129 174/513/129
f 175/520/130 176/519/130 174/518/130 173/517/130
f 174/524/131 169/523/131 170/522/131 173/521/131
f 175/528/132 172/527/132 171/526/132 176/525/132
o cube
v 1.8920718749999996 2.444671875 4.579975000000001
v 1.8920718749999996 2.444671875 -0.22081874999999995
v 1.8920718749999996 2.1605675 4.579975000000001
v 1.8920718749999996 2.1605675 -0.22081874999999995
v -1.892071875 2.444671875 -0.22081874999999995
v -1.892071875 2.444671875 4.579975000000001
v -1.892071875 2.1605675 -0.22081874999999995
v -1.892071875 2.1605675 4.579975000000001
vt 0.07421875 0.703125
vt 0.1328125 0.703125
vt 0.1328125 0.69921875
vt 0.07421875 0.69921875
vt 0 0.703125
vt 0.07421875 0.703125
vt 0.07421875 0.69921875
vt 0 0.69921875
vt 0.20703125 0.703125
vt 0.265625 0.703125
vt 0.265625 0.69921875
vt 0.20703125 0.69921875
vt 0.1328125 0.703125
vt 0.20703125 0.703125
vt 0.20703125 0.69921875
vt 0.1328125 0.69921875
vt 0.1328125 0.703125
vt 0.07421875 0.703125
vt 0.07421875 0.77734375
vt 0.1328125 0.77734375
vt 0.19140625 0.77734375
vt 0.1328125 0.77734375
vt 0.1328125 0.703125
vt 0.19140625 0.703125
vn 0 0 -1
vn 1 0 0
vn 0 0 1
vn -1 0 0
vn 0 1 0
vn 0 -1 0
usemtl m_a520c05c-83fc-6d1a-7b60-0c8dd74607e0
f 180/532/133 183/531/133 181/530/133 178/529/133
f 179/536/134 180/535/134 178/534/134 177/533/134
f 184/540/135 179/539/135 177/538/135 182/537/135
f 183/544/136 184/543/136 182/542/136 181/541/136
f 182/548/137 177/547/137 178/546/137 181/545/137
f 183/552/138 180/551/138 179/550/138 184/549/138
o cube
v -0.8209475000000004 3.2649656435123697 -0.989127909063555
v -0.8209475000000005 2.5906883308633097 -1.0778982013403207
v -0.5697762499999999 3.2649656435123693 -0.989127909063555
v -0.56977625 2.5906883308633093 -1.0778982013403207
v -0.8209475000000005 2.2643770108355583 1.4006823497892502
v -0.8209475000000004 2.938654323484618 1.489452642066016
v -0.56977625 2.264377010835558 1.4006823497892502
v -0.5697762499999999 2.938654323484618 1.489452642066016
vt 0.009765625 0.4521484375
vt 0.0478515625 0.4521484375
vt 0.0478515625 0.4482421875
vt 0.009765625 0.4482421875
vt 0 0.4521484375
vt 0.009765625 0.4521484375
vt 0.009765625 0.4482421875
vt 0 0.4482421875
vt 0.0576171875 0.4521484375
vt 0.095703125 0.4521484375
vt 0.095703125 0.4482421875
vt 0.0576171875 0.4482421875
vt 0.0478515625 0.4521484375
vt 0.0576171875 0.4521484375
vt 0.0576171875 0.4482421875
vt 0.0478515625 0.4482421875
vt 0.0478515625 0.4521484375
vt 0.009765625 0.4521484375
vt 0.009765625 0.4619140625
vt 0.0478515625 0.4619140625
vt 0.0859375 0.4619140625
vt 0.0478515625 0.4619140625
vt 0.0478515625 0.4521484375
vt 0.0859375 0.4521484375
vn -2.2014498254870018e-16 -0.9914448613738105 -0.13052619222005135
vn 2.898263678387e-17 0.13052619222005135 -0.9914448613738105
vn 2.2014498254870018e-16 0.9914448613738105 0.13052619222005135
vn -2.898263678387e-17 -0.13052619222005135 0.9914448613738105
vn -1 2.2014498254870013e-16 2.898263678386999e-17
vn 1 -2.2014498254870013e-16 -2.898263678386999e-17
usemtl m_a520c05c-83fc-6d1a-7b60-0c8dd74607e0
f 188/556/139 191/555/139 189/554/139 186/553/139
f 187/560/140 188/559/140 186/558/140 185/557/140
f 192/564/141 187/563/141 185/562/141 190/561/141
f 191/568/142 192/567/142 190/566/142 189/565/142
f 190/572/143 185/571/143 186/570/143 189/569/143
f 191/576/144 188/575/144 187/574/144 192/573/144
o cube
v -0.34004754144276933 3.7417517937768467 -0.9263578293796684
v -0.8209477690175147 3.264965734320512 -0.9891279159719248
v -0.16244220512173702 3.565665895726523 -0.9495399735669512
v -0.6433424326964823 3.088879836270188 -1.0123100601592077
v -0.8209478263063741 2.9367247476985323 1.5041099081269804
v -0.34004759873162876 3.4135108071548665 1.5668799947192373
v -0.6433424899853417 2.7606388496482084 1.4809277639396967
v -0.1624422624105965 3.2374249091045426 1.543697850531954
vt 0.53515625 0.4921875
vt 0.57421875 0.4921875
vt 0.57421875 0.48828125
vt 0.53515625 0.48828125
vt 0.525390625 0.4921875
vt 0.53515625 0.4921875
vt 0.53515625 0.48828125
vt 0.525390625 0.48828125
vt 0.583984375 0.4921875
vt 0.623046875 0.4921875
vt 0.623046875 0.48828125
vt 0.583984375 0.48828125
vt 0.57421875 0.4921875
vt 0.583984375 0.4921875
vt 0.583984375 0.48828125
vt 0.57421875 0.48828125
vt 0.57421875 0.4921875
vt 0.53515625 0.4921875
vt 0.53515625 0.501953125
vt 0.57421875 0.501953125
vt 0.61328125 0.501953125
vt 0.57421875 0.501953125
vt 0.57421875 0.4921875
vt 0.61328125 0.4921875
vn -0.7071067801307285 -0.7010573835941594 -0.09229597174993885
vn 2.2781118130810185e-8 0.13052619222004946 -0.9914448613738105
vn 0.7071067801307285 0.7010573835941594 0.09229597174993885
vn -2.2781118130810185e-8 -0.13052619222004946 0.9914448613738105
vn -0.7071067822423662 0.7010573857057969 0.09229593953257265
vn 0.7071067822423662 -0.7010573857057969 -0.09229593953257265
usemtl m_a520c05c-83fc-6d1a-7b60-0c8dd74607e0
f 196/580/145 199/579/145 197/578/145 194/577/145
f 195/584/146 196/583/146 194/582/146 193/581/146
f 200/588/147 195/587/147 193/586/147 198/585/147
f 199/592/148 200/591/148 198/590/148 197/589/148
f 198/596/149 193/595/149 194/594/149 197/593/149
f 199/600/150 196/599/150 195/598/150 200/597/150
o cube
v -0.3400475 3.415440157319284 1.552222687904639
v 0.34004812499999976 3.415440157319284 1.552222687904639
v -0.3400475 3.166417092528908 1.5194381794681182
v 0.34004812499999976 3.166417092528908 1.5194381794681182
v 0.3400481249999995 3.7417514773470355 -0.926357863224931
v -0.3400475000000003 3.7417514773470355 -0.926357863224931
v 0.3400481249999995 3.4927284125566596 -0.9591423716614518
v -0.3400475000000003 3.4927284125566596 -0.9591423716614518
vt 0.10546875 0.4521484375
vt 0.1435546875 0.4521484375
vt 0.1435546875 0.4482421875
vt 0.10546875 0.4482421875
vt 0.095703125 0.4521484375
vt 0.10546875 0.4521484375
vt 0.10546875 0.4482421875
vt 0.095703125 0.4482421875
vt 0.1533203125 0.4521484375
vt 0.19140625 0.4521484375
vt 0.19140625 0.4482421875
vt 0.1533203125 0.4482421875
vt 0.1435546875 0.4521484375
vt 0.1533203125 0.4521484375
vt 0.1533203125 0.4482421875
vt 0.1435546875 0.4482421875
vt 0.1435546875 0.4521484375
vt 0.10546875 0.4521484375
vt 0.10546875 0.4619140625
vt 0.1435546875 0.4619140625
vt 0.181640625 0.4619140625
vt 0.1435546875 0.4619140625
vt 0.1435546875 0.4521484375
vt 0.181640625 0.4521484375
vn 1 -6.806305006382756e-17 -1.2094098006830135e-16
vn 9.920400248039884e-17 -0.13052619222005135 0.9914448613738104
vn -1 6.806305006382756e-17 1.2094098006830135e-16
vn -9.920400248039884e-17 0.13052619222005135 -0.9914448613738104
vn 9.704568684769758e-17 0.9914448613738105 0.13052619222005138
vn -9.704568684769758e-17 -0.9914448613738105 -0.13052619222005138
usemtl m_a520c05c-83fc-6d1a-7b60-0c8dd74607e0
f 204/604/151 207/603/151 205/602/151 202/601/151
f 203/608/152 204/607/152 202/606/152 201/605/152
f 208/612/153 203/611/153 201/610/153 206/609/153
f 207/616/154 208/615/154 206/614/154 205/613/154
f 206/620/155 201/619/155 202/618/155 205/617/155
f 207/624/156 204/623/156 203/622/156 208/621/156
o cube
v 0.8136765252760493 2.9281610582015185 0.225866870475518
v 1.8920718830776646 2.4446716344371073 -0.22081911232609808
v 0.7364569292365722 2.7263765295057283 0.2578522744360412
v 1.8148522870381876 2.2428871057413167 -0.1888337083655749
v 1.3057123691506125 2.4446716344371073 -1.6364162032752823
v 0.22731701134899696 2.9281610582015185 -1.1897302204736662
v 1.2284927731111353 2.2428871057413167 -1.6044307993147588
v 0.15009741530951992 2.7263765295057283 -1.1577448165131428
vt 0.56640625 0.7578125
vt 0.58984375 0.7578125
vt 0.58984375 0.7548828125
vt 0.56640625 0.7548828125
vt 0.546875 0.7578125
vt 0.56640625 0.7578125
vt 0.56640625 0.7548828125
vt 0.546875 0.7548828125
vt 0.609375 0.7578125
vt 0.6328125 0.7578125
vt 0.6328125 0.7548828125
vt 0.609375 0.7548828125
vt 0.58984375 0.7578125
vt 0.609375 0.7578125
vt 0.609375 0.7548828125
vt 0.58984375 0.7548828125
vt 0.58984375 0.7578125
vt 0.56640625 0.7578125
vt 0.56640625 0.77734375
vt 0.58984375 0.77734375
vt 0.61328125 0.77734375
vt 0.58984375 0.77734375
vt 0.58984375 0.7578125
vt 0.61328125 0.7578125
vn 0.8535533905932737 -0.3826834323650898 -0.35355339059327406
vn 0.38268343236509017 -9.714451465470122e-17 0.9238795325112867
vn -0.8535533905932737 0.3826834323650898 0.35355339059327406
vn -0.38268343236509017 9.714451465470122e-17 -0.9238795325112867
vn 0.3535533905932737 0.9238795325112867 -0.14644660940672635
vn -0.3535533905932737 -0.9238795325112867 0.14644660940672635
usemtl m_a520c05c-83fc-6d1a-7b60-0c8dd74607e0
f 212/628/157 215/627/157 213/626/157 210/625/157
f 211/632/158 212/631/158 210/630/158 209/629/158
f 216/636/159 211/635/159 209/634/159 214/633/159
f 215/640/160 216/639/160 214/638/160 213/637/160
f 214/644/161 209/643/161 210/642/161 213/641/161
f 215/648/162 212/647/162 211/646/162 216/645/162
o cube
v 1.426415 2.6375525 7.284733125
v 1.426415 2.6375525 4.356445625
v 1.426415 2.1605675 7.284733125
v 1.426415 2.1605675 4.356445625
v -1.426415 2.6375525 4.356445625
v -1.426415 2.6375525 7.284733125
v -1.426415 2.1605675 4.356445625
v -1.426415 2.1605675 7.284733125
vt 0.431640625 0.84375
vt 0.4755859375 0.84375
vt 0.4755859375 0.8369140625
vt 0.431640625 0.8369140625
vt 0.38671875 0.84375
vt 0.431640625 0.84375
vt 0.431640625 0.8369140625
vt 0.38671875 0.8369140625
vt 0.5205078125 0.84375
vt 0.564453125 0.84375
vt 0.564453125 0.8369140625
vt 0.5205078125 0.8369140625
vt 0.4755859375 0.84375
vt 0.5205078125 0.84375
vt 0.5205078125 0.8369140625
vt 0.4755859375 0.8369140625
vt 0.4755859375 0.84375
vt 0.431640625 0.84375
vt 0.431640625 0.888671875
vt 0.4755859375 0.888671875
vt 0.51953125 0.888671875
vt 0.4755859375 0.888671875
vt 0.4755859375 0.84375
vt 0.51953125 0.84375
vn 0 0 -1
vn 1 0 0
vn 0 0 1
vn -1 0 0
vn 0 1 0
vn 0 -1 0
usemtl m_a520c05c-83fc-6d1a-7b60-0c8dd74607e0
f 220/652/163 223/651/163 221/650/163 218/649/163
f 219/656/164 220/655/164 218/654/164 217/653/164
f 224/660/165 219/659/165 217/658/165 222/657/165
f 223/664/166 224/663/166 222/662/166 221/661/166
f 222/668/167 217/667/167 218/666/167 221/665/167
f 223/672/168 220/671/168 219/670/168 224/669/168
o cube
v -0.1431418750000001 2.7684098922683544 3.4011070333403586
v 0.14314125000000058 2.7684098922683544 3.4011070333403586
v -0.1431418750000003 3.402697204394085 3.260488921659947
v 0.1431412500000004 3.402697204394085 3.260488921659947
v 0.14314125000000058 3.3774264604945605 6.148203246509388
v -0.1431418750000001 3.3774264604945605 6.148203246509388
v 0.1431412500000004 4.011713772620292 6.007585134828976
v -0.1431418750000003 4.011713772620291 6.007585134828976
vt 0.1953125 0.4560546875
vt 0.2392578125 0.4560546875
vt 0.2392578125 0.4462890625
vt 0.1953125 0.4462890625
vt 0.19140625 0.4560546875
vt 0.1953125 0.4560546875
vt 0.1953125 0.4462890625
vt 0.19140625 0.4462890625
vt 0.2431640625 0.4560546875
vt 0.287109375 0.4560546875
vt 0.287109375 0.4462890625
vt 0.2431640625 0.4462890625
vt 0.2392578125 0.4560546875
vt 0.2431640625 0.4560546875
vt 0.2431640625 0.4462890625
vt 0.2392578125 0.4462890625
vt 0.2392578125 0.4560546875
vt 0.1953125 0.4560546875
vt 0.1953125 0.4599609375
vt 0.2392578125 0.4599609375
vt 0.283203125 0.4599609375
vt 0.2392578125 0.4599609375
vt 0.2392578125 0.4560546875
vt 0.283203125 0.4560546875
vn 1 3.116230629618197e-16 -6.908516981508028e-17
vn 6.908516981508028e-17 -0.21643961393810304 -0.9762960071199334
vn -1 -3.116230629618197e-16 6.908516981508028e-17
vn -6.908516981508028e-17 0.21643961393810304 0.9762960071199334
vn 3.116230629618198e-16 -0.9762960071199335 0.21643961393810307
vn -3.116230629618198e-16 0.9762960071199335 -0.21643961393810307
usemtl m_a520c05c-83fc-6d1a-7b60-0c8dd74607e0
f 228/676/169 231/675/169 229/674/169 226/673/169
f 227/680/170 228/679/170 226/678/170 225/677/170
f 232/684/171 227/683/171 225/682/171 230/681/171
f 231/688/172 232/687/172 230/686/172 229/685/172
f 230/692/173 225/691/173 226/690/173 229/689/173
f 231/696/174 228/695/174 227/694/174 232/693/174
o cube
v -0.14314187499999834 3.3042300000000004 6.007585
v 0.14314124999999875 3.3042300000000004 6.007585
v -0.14314187499999842 4.01171375 6.007585
v 0.14314124999999867 4.01171375 6.007585
v 0.1431412499999994 3.3042300000000004 8.830785625
v -0.1431418749999977 3.3042300000000004 8.830785625
v 0.14314124999999928 4.01171375 8.830785625
v -0.1431418749999978 4.01171375 8.830785625
vt 0.517578125 0.4609375
vt 0.5615234375 0.4609375
vt 0.5615234375 0.4501953125
vt 0.517578125 0.4501953125
vt 0.513671875 0.4609375
vt 0.517578125 0.4609375
vt 0.517578125 0.4501953125
vt 0.513671875 0.4501953125
vt 0.5654296875 0.4609375
vt 0.609375 0.4609375
vt 0.609375 0.4501953125
vt 0.5654296875 0.4501953125
vt 0.5615234375 0.4609375
vt 0.5654296875 0.4609375
vt 0.5654296875 0.4501953125
vt 0.5615234375 0.4501953125
vt 0.5615234375 0.4609375
vt 0.517578125 0.4609375
vt 0.517578125 0.46484375
vt 0.5615234375 0.46484375
vt 0.60546875 0.46484375
vt 0.5615234375 0.46484375
vt 0.5615234375 0.4609375
vt 0.60546875 0.4609375
vn 1 1.2246467991473532e-16 -2.220446049250313e-16
vn -2.220446049250313e-16 -2.719262146893782e-32 -1
vn -1 -1.2246467991473532e-16 2.220446049250313e-16
vn 2.220446049250313e-16 2.719262146893782e-32 1
vn 1.2246467991473532e-16 -1 -2.5407181807812022e-33
vn -1.2246467991473532e-16 1 2.5407181807812022e-33
usemtl m_a520c05c-83fc-6d1a-7b60-0c8dd74607e0
f 236/700/175 239/699/175 237/698/175 234/697/175
f 235/704/176 236/703/176 234/702/176 233/701/176
f 240/708/177 235/707/177 233/706/177 238/705/177
f 239/712/178 240/711/178 238/710/178 237/709/178
f 238/716/179 233/715/179 234/714/179 237/713/179
f 239/720/180 236/719/180 235/718/180 240/717/180
o cube
v -0.044688749999999264 3.4929390409294228 6.24341335921106
v 0.04468812499999997 3.4929390409294228 6.24341335921106
v -0.044688749999999416 3.886714258536355 5.882584851762333
v 0.044688124999999815 3.886714258536355 5.882584851762333
v 0.04468812499999916 5.938732667221383 8.912528735444518
v -0.04468875000000007 5.938732667221383 8.912528735444518
v 0.04468812499999902 6.332507884828315 8.55170022799579
v -0.044688750000000214 6.332507884828315 8.55170022799579
vt 0.0869140625 0.484375
vt 0.142578125 0.484375
vt 0.142578125 0.4765625
vt 0.0869140625 0.4765625
vt 0.0859375 0.484375
vt 0.0869140625 0.484375
vt 0.0869140625 0.4765625
vt 0.0859375 0.4765625
vt 0.1435546875 0.484375
vt 0.19921875 0.484375
vt 0.19921875 0.4765625
vt 0.1435546875 0.4765625
vt 0.142578125 0.484375
vt 0.1435546875 0.484375
vt 0.1435546875 0.4765625
vt 0.142578125 0.4765625
vt 0.142578125 0.484375
vt 0.0869140625 0.484375
vt 0.0869140625 0.4853515625
vt 0.142578125 0.4853515625
vt 0.1982421875 0.4853515625
vt 0.142578125 0.4853515625
vt 0.142578125 0.484375
vt 0.1982421875 0.484375
vn 1 3.546467294564683e-16 -2.3805495954365765e-17
vn 2.3805495954365765e-17 -0.6755902076156604 -0.737277336810124
vn -1 -3.546467294564683e-16 2.3805495954365765e-17
vn -2.3805495954365765e-17 0.6755902076156604 0.737277336810124
vn 3.546467294564683e-16 -0.7372773368101241 0.6755902076156604
vn -3.546467294564683e-16 0.7372773368101241 -0.6755902076156604
usemtl m_a520c05c-83fc-6d1a-7b60-0c8dd74607e0
f 244/724/181 247/723/181 245/722/181 242/721/181
f 243/728/182 244/727/182 242/726/182 241/725/182
f 248/732/183 243/731/183 241/730/183 246/729/183
f 247/736/184 248/735/184 246/734/184 245/733/184
f 246/740/185 241/739/185 242/738/185 245/737/185
f 247/744/186 244/743/186 243/742/186 248/741/186
o cube
v -0.04468875000000067 6.20633625 9.411075624999999
v 0.04468812499999857 6.20633625 9.411075624999999
v -0.044688750000000686 6.332508125 9.411075624999999
v 0.04468812499999856 6.332508125 9.411075624999999
v 0.0446881249999987 6.20633625 9.954229374999999
v -0.04468875000000055 6.20633625 9.954229374999999
v 0.044688124999998684 6.332508125 9.954229374999999
v -0.04468875000000056 6.332508125 9.954229374999999
vt 0.5263671875 0.4873046875
vt 0.5341796875 0.4873046875
vt 0.5341796875 0.4853515625
vt 0.5263671875 0.4853515625
vt 0.525390625 0.4873046875
vt 0.5263671875 0.4873046875
vt 0.5263671875 0.4853515625
vt 0.525390625 0.4853515625
vt 0.53515625 0.4873046875
vt 0.54296875 0.4873046875
vt 0.54296875 0.4853515625
vt 0.53515625 0.4853515625
vt 0.5341796875 0.4873046875
vt 0.53515625 0.4873046875
vt 0.53515625 0.4853515625
vt 0.5341796875 0.4853515625
vt 0.5341796875 0.4873046875
vt 0.5263671875 0.4873046875
vt 0.5263671875 0.48828125
vt 0.5341796875 0.48828125
vt 0.5419921875 0.48828125
vt 0.5341796875 0.48828125
vt 0.5341796875 0.4873046875
vt 0.5419921875 0.4873046875
vn 1 1.2246467991473532e-16 -2.220446049250313e-16
vn -2.220446049250313e-16 -2.719262146893782e-32 -1
vn -1 -1.2246467991473532e-16 2.220446049250313e-16
vn 2.220446049250313e-16 2.719262146893782e-32 1
vn 1.2246467991473532e-16 -1 -2.5407181807812022e-33
vn -1.2246467991473532e-16 1 2.5407181807812022e-33
usemtl m_a520c05c-83fc-6d1a-7b60-0c8dd74607e0
f 252/748/187 255/747/187 253/746/187 250/745/187
f 251/752/188 252/751/188 250/750/188 249/749/188
f 256/756/189 251/755/189 249/754/189 254/753/189
f 255/760/190 256/759/190 254/758/190 253/757/190
f 254/764/191 249/763/191 250/762/191 253/761/191
f 255/768/192 252/767/192 251/766/192 256/765/192
o cube
v -0.3400474999999991 3.3610943750000004 7.3019156249999995
v 0.34004812500000076 3.3610943750000004 7.3019156249999995
v -0.3400474999999991 3.109923125 7.3019156249999995
v 0.34004812500000076 3.109923125 7.3019156249999995
v 0.3400481249999989 3.3610943750000004 -1.1155825000000004
v -0.34004750000000095 3.3610943750000004 -1.1155825000000004
v 0.3400481249999989 3.109923125 -1.1155825000000004
v -0.34004750000000095 3.109923125 -1.1155825000000004
vt 0.275390625 0.7392578125
vt 0.40625 0.7392578125
vt 0.40625 0.7353515625
vt 0.275390625 0.7353515625
vt 0.265625 0.7392578125
vt 0.275390625 0.7392578125
vt 0.275390625 0.7353515625
vt 0.265625 0.7353515625
vt 0.416015625 0.7392578125
vt 0.546875 0.7392578125
vt 0.546875 0.7353515625
vt 0.416015625 0.7353515625
vt 0.40625 0.7392578125
vt 0.416015625 0.7392578125
vt 0.416015625 0.7353515625
vt 0.40625 0.7353515625
vt 0.40625 0.7392578125
vt 0.275390625 0.7392578125
vt 0.275390625 0.7490234375
vt 0.40625 0.7490234375
vt 0.537109375 0.7490234375
vt 0.40625 0.7490234375
vt 0.40625 0.7392578125
vt 0.537109375 0.7392578125
vn 1 0 -2.220446049250313e-16
vn 2.220446049250313e-16 0 1
vn -1 0 2.220446049250313e-16
vn -2.220446049250313e-16 0 -1
vn 0 1 0
vn 0 -1 0
usemtl m_a520c05c-83fc-6d1a-7b60-0c8dd74607e0
f 260/772/193 263/771/193 261/770/193 258/769/193
f 259/776/194 260/775/194 258/774/194 257/773/194
f 264/780/195 259/779/195 257/778/195 262/777/195
f 263/784/196 264/783/196 262/782/196 261/781/196
f 262/788/197 257/787/197 258/786/197 261/785/197
f 263/792/198 260/791/198 259/790/198 264/789/198
o cube
v -0.3400476510726107 3.3610946936481563 3.924651875
v -0.8209478793654139 2.880194465355353 3.924651875
v -0.162442315016771 3.1834893575923164 3.924651875
v -0.6433425433095741 2.702589129299513 3.924651875
v -0.8209478793654146 2.8801944653553524 7.30050875
v -0.3400476510726115 3.361094693648156 7.30050875
v -0.6433425433095749 2.702589129299513 7.30050875
v -0.16244231501677175 3.183489357592316 7.30050875
vt 0.42578125 0.607421875
vt 0.478515625 0.607421875
vt 0.478515625 0.603515625
vt 0.42578125 0.603515625
vt 0.416015625 0.607421875
vt 0.42578125 0.607421875
vt 0.42578125 0.603515625
vt 0.416015625 0.603515625
vt 0.48828125 0.607421875
vt 0.541015625 0.607421875
vt 0.541015625 0.603515625
vt 0.48828125 0.603515625
vt 0.478515625 0.607421875
vt 0.48828125 0.607421875
vt 0.48828125 0.603515625
vt 0.478515625 0.603515625
vt 0.478515625 0.607421875
vt 0.42578125 0.607421875
vt 0.42578125 0.6171875
vt 0.478515625 0.6171875
vt 0.53125 0.6171875
vt 0.478515625 0.6171875
vt 0.478515625 0.607421875
vt 0.53125 0.607421875
vn -0.7071067811865476 -0.7071067811865475 -2.355138688025663e-16
vn 2.3551386880256634e-16 2.355138688025663e-16 -1
vn 0.7071067811865476 0.7071067811865475 2.355138688025663e-16
vn -2.3551386880256634e-16 -2.355138688025663e-16 1
vn -0.7071067811865476 0.7071067811865476 -7.850462293418876e-17
vn 0.7071067811865476 -0.7071067811865476 7.850462293418876e-17
usemtl m_a520c05c-83fc-6d1a-7b60-0c8dd74607e0
f 268/796/199 271/795/199 269/794/199 266/793/199
f 267/800/200 268/799/200 266/798/200 265/797/200
f 272/804/201 267/803/201 265/802/201 270/801/201
f 271/808/202 272/807/202 270/806/202 269/805/202
f 270/812/203 265/811/203 266/810/203 269/809/203
f 271/816/204 268/815/204 267/814/204 272/813/204
o cube
v -0.8209481250000006 2.880194375 3.924651875
v -0.8209481250000007 2.2000987500000004 3.924651875
v -0.5697762499999999 2.880194375 3.924651875
v -0.56977625 2.20009875 3.924651875
v -0.8209481250000007 2.2000987499999995 6.1228525000000005
v -0.8209481250000006 2.8801943749999994 6.1228525000000005
v -0.56977625 2.2000987499999995 6.1228525000000005
v -0.5697762499999999 2.8801943749999994 6.1228525000000005
vt 0.265625 0.4365234375
vt 0.2998046875 0.4365234375
vt 0.2998046875 0.4326171875
vt 0.265625 0.4326171875
vt 0.255859375 0.4365234375
vt 0.265625 0.4365234375
vt 0.265625 0.4326171875
vt 0.255859375 0.4326171875
vt 0.3095703125 0.4365234375
vt 0.34375 0.4365234375
vt 0.34375 0.4326171875
vt 0.3095703125 0.4326171875
vt 0.2998046875 0.4365234375
vt 0.3095703125 0.4365234375
vt 0.3095703125 0.4326171875
vt 0.2998046875 0.4326171875
vt 0.2998046875 0.4365234375
vt 0.265625 0.4365234375
vt 0.265625 0.4462890625
vt 0.2998046875 0.4462890625
vt 0.333984375 0.4462890625
vt 0.2998046875 0.4462890625
vt 0.2998046875 0.4365234375
vt 0.333984375 0.4365234375
vn -2.220446049250313e-16 -1 -2.220446049250313e-16
vn 4.930380657631324e-32 2.220446049250313e-16 -1
vn 2.220446049250313e-16 1 2.220446049250313e-16
vn -4.930380657631324e-32 -2.220446049250313e-16 1
vn -1 2.220446049250313e-16 4.930380657631324e-32
vn 1 -2.220446049250313e-16 -4.930380657631324e-32
usemtl m_a520c05c-83fc-6d1a-7b60-0c8dd74607e0
f 276/820/205 279/819/205 277/818/205 274/817/205
f 275/824/206 276/823/206 274/822/206 273/821/206
f 280/828/207 275/827/207 273/826/207 278/825/207
f 279/832/208 280/831/208 278/830/208 277/829/208
f 278/836/209 273/835/209 274/834/209 277/833/209
f 279/840/210 276/839/210 275/838/210 280/837/210
o cube
v 0.8209481250000006 2.8801943749999994 6.185353125
v 0.8209481250000007 2.2000987499999995 6.185353125
v 0.5697762499999999 2.8801943749999994 6.185353125
v 0.56977625 2.2000987499999995 6.185353125
v 0.8209481250000007 2.2000987500000004 3.924651875
v 0.8209481250000006 2.880194375 3.924651875
v 0.56977625 2.20009875 3.924651875
v 0.5697762499999999 2.880194375 3.924651875
vt 0.009765625 0.4384765625
vt 0.044921875 0.4384765625
vt 0.044921875 0.4345703125
vt 0.009765625 0.4345703125
vt 0 0.4384765625
vt 0.009765625 0.4384765625
vt 0.009765625 0.4345703125
vt 0 0.4345703125
vt 0.0546875 0.4384765625
vt 0.08984375 0.4384765625
vt 0.08984375 0.4345703125
vt 0.0546875 0.4345703125
vt 0.044921875 0.4384765625
vt 0.0546875 0.4384765625
vt 0.0546875 0.4345703125
vt 0.044921875 0.4345703125
vt 0.044921875 0.4384765625
vt 0.009765625 0.4384765625
vt 0.009765625 0.4482421875
vt 0.044921875 0.4482421875
vt 0.080078125 0.4482421875
vt 0.044921875 0.4482421875
vt 0.044921875 0.4384765625
vt 0.080078125 0.4384765625
vn 2.220446049250313e-16 -1 -2.220446049250313e-16
vn 4.930380657631324e-32 -2.220446049250313e-16 1
vn -2.220446049250313e-16 1 2.220446049250313e-16
vn -4.930380657631324e-32 2.220446049250313e-16 -1
vn 1 2.220446049250313e-16 4.930380657631324e-32
vn -1 -2.220446049250313e-16 -4.930380657631324e-32
usemtl m_a520c05c-83fc-6d1a-7b60-0c8dd74607e0
f 284/844/211 287/843/211 285/842/211 282/841/211
f 283/848/212 284/847/212 282/846/212 281/845/212
f 288/852/213 283/851/213 281/850/213 286/849/213
f 287/856/214 288/855/214 286/854/214 285/853/214
f 286/860/215 281/859/215 282/858/215 285/857/215
f 287/864/216 284/863/216 283/862/216 288/861/216
o cube
v 0.6627375725539365 2.953878587870413 7.284733124999999
v 1.4264152392783505 2.63755294103172 7.284733124999999
v 0.5791554449139318 2.752093481749914 7.284733124999999
v 1.3428331116383458 2.4357678349112213 7.284733124999999
v 1.42641523927835 2.6375529410317204 4.592744374999999
v 0.662737572553936 2.9538785878704132 4.592744375
v 1.3428331116383454 2.4357678349112217 4.592744374999999
v 0.5791554449139311 2.7520934817499145 4.592744375
vt 0.650390625 0.6328125
vt 0.6923828125 0.6328125
vt 0.6923828125 0.6298828125
vt 0.650390625 0.6298828125
vt 0.6328125 0.46875
vt 0.6455078125 0.46875
vt 0.6455078125 0.4658203125
vt 0.6328125 0.4658203125
vt 0.65625 0.5263671875
vt 0.6982421875 0.5263671875
vt 0.6982421875 0.5234375
vt 0.65625 0.5234375
vt 0.18359375 0.353515625
vt 0.1962890625 0.353515625
vt 0.1962890625 0.3505859375
vt 0.18359375 0.3505859375
vt 0.2529296875 0.3369140625
vt 0.2109375 0.3369140625
vt 0.2109375 0.349609375
vt 0.2529296875 0.349609375
vt 0.6982421875 0.37890625
vt 0.65625 0.37890625
vt 0.65625 0.3662109375
vt 0.6982421875 0.3662109375
vn 0.9238795325112868 -0.3826834323650897 -2.370072626263643e-16
vn 1.9452086685093367e-16 -1.1061559977521022e-16 1
vn -0.9238795325112868 0.3826834323650897 2.370072626263643e-16
vn -1.9452086685093367e-16 1.1061559977521022e-16 -1
vn 0.3826834323650897 0.9238795325112867 -8.044366877814565e-18
vn -0.3826834323650897 -0.9238795325112867 8.044366877814565e-18
usemtl m_a520c05c-83fc-6d1a-7b60-0c8dd74607e0
f 292/868/217 295/867/217 293/866/217 290/865/217
f 291/872/218 292/871/218 290/870/218 289/869/218
f 296/876/219 291/875/219 289/874/219 294/873/219
f 295/880/220 296/879/220 294/878/220 293/877/220
f 294/884/221 289/883/221 290/882/221 293/881/221
f 295/888/222 292/887/222 291/886/222 296/885/222
o cube
v -0.662737572553935 2.9538785878704132 -0.22081812499999964
v -1.8920718883782262 2.444671641565342 -0.2208181250000001
v -0.5791554449139302 2.752093481749915 -0.22081812499999964
v -1.8084897607382215 2.2428865354448435 -0.2208181250000001
v -1.8920718883782275 2.444671641565342 4.594959999999999
v -0.662737572553936 2.953878587870413 4.5949599999999995
v -1.8084897607382229 2.242886535444843 4.594959999999999
v -0.5791554449139313 2.7520934817499145 4.5949599999999995
vt 0.4072265625 0.81640625
vt 0.482421875 0.81640625
vt 0.482421875 0.8134765625
vt 0.4072265625 0.8134765625
vt 0.38671875 0.81640625
vt 0.4072265625 0.81640625
vt 0.4072265625 0.8134765625
vt 0.38671875 0.8134765625
vt 0.5029296875 0.81640625
vt 0.578125 0.81640625
vt 0.578125 0.8134765625
vt 0.5029296875 0.8134765625
vt 0.482421875 0.81640625
vt 0.5029296875 0.81640625
vt 0.5029296875 0.8134765625
vt 0.482421875 0.8134765625
vt 0.482421875 0.81640625
vt 0.4072265625 0.81640625
vt 0.4072265625 0.8369140625
vt 0.482421875 0.8369140625
vt 0.5576171875 0.8369140625
vt 0.482421875 0.8369140625
vt 0.482421875 0.81640625
vt 0.5576171875 0.81640625
vn -0.9238795325112868 -0.3826834323650897 -2.370072626263643e-16
vn 1.9452086685093367e-16 1.1061559977521022e-16 -1
vn 0.9238795325112868 0.3826834323650897 2.370072626263643e-16
vn -1.9452086685093367e-16 -1.1061559977521022e-16 1
vn -0.3826834323650897 0.9238795325112867 -8.044366877814565e-18
vn 0.3826834323650897 -0.9238795325112867 8.044366877814565e-18
usemtl m_a520c05c-83fc-6d1a-7b60-0c8dd74607e0
f 300/892/223 303/891/223 301/890/223 298/889/223
f 299/896/224 300/895/224 298/894/224 297/893/224
f 304/900/225 299/899/225 297/898/225 302/897/225
f 303/904/226 304/903/226 302/902/226 301/901/226
f 302/908/227 297/907/227 298/906/227 301/905/227
f 303/912/228 300/911/228 299/910/228 304/909/228
o cube
v -0.5294667227133555 2.5754256043359303 9.145386279392042
v -0.529466723274249 2.1997818543359284 9.145386270834459
v -0.6570985179831981 2.575425604143712 9.16218932401088
v -0.6570985185440916 2.19978185414371 9.162189315453297
v -0.7796522311599379 2.199781898001537 7.245038670367476
v -0.7796522305990443 2.5754256480015387 7.24503867892506
v -0.9072840264297805 2.1997818978093187 7.261841714986313
v -0.9072840258688869 2.5754256478093205 7.261841723543898
vt 0.150390625 0.404296875
vt 0.1796875 0.404296875
vt 0.1796875 0.40234375
vt 0.150390625 0.40234375
vt 0.14453125 0.404296875
vt 0.150390625 0.404296875
vt 0.150390625 0.40234375
vt 0.14453125 0.40234375
vt 0.185546875 0.404296875
vt 0.21484375 0.404296875
vt 0.21484375 0.40234375
vt 0.185546875 0.40234375
vt 0.1796875 0.404296875
vt 0.185546875 0.404296875
vt 0.185546875 0.40234375
vt 0.1796875 0.40234375
vt 0.1796875 0.404296875
vt 0.150390625 0.404296875
vt 0.150390625 0.41015625
vt 0.1796875 0.41015625
vt 0.208984375 0.41015625
vt 0.1796875 0.41015625
vt 0.1796875 0.404296875
vt 0.208984375 0.404296875
vn -1.4931531430350298e-9 -0.9999999999999999 -2.278111818856679e-8
vn 0.1305261922200494 -2.278111806831961e-8 0.9914448613738105
vn 1.4931531430350298e-9 0.9999999999999999 2.278111818856679e-8
vn -0.1305261922200494 2.278111806831961e-8 -0.9914448613738105
vn 0.9914448613738108 1.493153631115583e-9 -0.13052619222004946
vn -0.9914448613738108 -1.493153631115583e-9 0.13052619222004946
usemtl m_a520c05c-83fc-6d1a-7b60-0c8dd74607e0
f 308/916/229 311/915/229 309/914/229 306/913/229
f 307/920/230 308/919/230 306/918/230 305/917/230
f 312/924/231 307/923/231 305/922/231 310/921/231
f 311/928/232 312/927/232 310/926/232 309/925/232
f 310/932/233 305/931/233 306/930/233 309/929/233
f 311/936/234 308/935/234 307/934/234 312/933/234
o cube
v 0.7796523121779145 2.575425648001553 7.245038059272022
v 0.7796523127388081 2.199781898001551 7.245038050714437
v 0.9072841074477571 2.5754256478093347 7.261841103890859
v 0.9072841080086507 2.199781897809333 7.261841095333275
v 0.5294668048531193 2.1997818543359426 9.14538565118142
v 0.5294668042922257 2.5754256043359445 9.145385659739004
v 0.6570986001229618 2.1997818541437244 9.162188695800257
v 0.6570985995620683 2.5754256041437262 9.162188704357842
vt 0.595703125 0.5830078125
vt 0.625 0.5830078125
vt 0.625 0.5810546875
vt 0.595703125 0.5810546875
vt 0.58984375 0.5830078125
vt 0.595703125 0.5830078125
vt 0.595703125 0.5810546875
vt 0.58984375 0.5810546875
vt 0.630859375 0.5830078125
vt 0.66015625 0.5830078125
vt 0.66015625 0.5810546875
vt 0.630859375 0.5810546875
vt 0.625 0.5830078125
vt 0.630859375 0.5830078125
vt 0.630859375 0.5810546875
vt 0.625 0.5810546875
vt 0.625 0.5830078125
vt 0.595703125 0.5830078125
vt 0.595703125 0.5888671875
vt 0.625 0.5888671875
vt 0.654296875 0.5888671875
vt 0.625 0.5888671875
vt 0.625 0.5830078125
vt 0.654296875 0.5830078125
vn 1.4931531430350298e-9 -0.9999999999999999 -2.278111818856679e-8
vn 0.1305261922200494 2.278111806831961e-8 -0.9914448613738105
vn -1.4931531430350298e-9 0.9999999999999999 2.278111818856679e-8
vn -0.1305261922200494 -2.278111806831961e-8 0.9914448613738105
vn -0.9914448613738108 1.493153631115583e-9 -0.13052619222004946
vn 0.9914448613738108 -1.493153631115583e-9 0.13052619222004946
usemtl m_a520c05c-83fc-6d1a-7b60-0c8dd74607e0
f 316/940/235 319/939/235 317/938/235 314/937/235
f 315/944/236 316/943/236 314/942/236 313/941/236
f 320/948/237 315/947/237 313/946/237 318/945/237
f 319/952/238 320/951/238 318/950/238 317/949/238
f 318/956/239 313/955/239 314/954/239 317/953/239
f 319/960/240 316/959/240 315/958/240 320/957/240
o cube
v -0.41728715637024805 2.763746659750324 9.145386279392042
v -0.5610397964849405 2.4166970878241805 9.145386270834459
v -0.5352035597912852 2.8125892330655193 9.16218932401088
v -0.6789561999059777 2.465539661139376 9.162189315453295
v -0.7921810498413648 2.512438977051641 7.245038670367476
v -0.6484284097266724 2.859488548977785 7.245038678925061
v -0.910097453262402 2.5612815503668362 7.261841714986314
v -0.7663448131477095 2.9083311222929797 7.261841723543898
vt 0.595703125 0.5751953125
vt 0.625 0.5751953125
vt 0.625 0.5732421875
vt 0.595703125 0.5732421875
vt 0.58984375 0.5751953125
vt 0.595703125 0.5751953125
vt 0.595703125 0.5732421875
vt 0.58984375 0.5732421875
vt 0.630859375 0.5751953125
vt 0.66015625 0.5751953125
vt 0.66015625 0.5732421875
vt 0.630859375 0.5732421875
vt 0.625 0.5751953125
vt 0.630859375 0.5751953125
vt 0.630859375 0.5732421875
vt 0.625 0.5732421875
vt 0.625 0.5751953125
vt 0.595703125 0.5751953125
vt 0.595703125 0.5810546875
vt 0.625 0.5810546875
vt 0.654296875 0.5810546875
vt 0.625 0.5810546875
vt 0.625 0.5751953125
vt 0.654296875 0.5751953125
vn -0.382683433744583 -0.9238795319398817 -2.2781118109993513e-8
vn 0.12059046873078115 -0.04995023229932291 0.9914448613738105
vn 0.382683433744583 0.9238795319398817 2.2781118109993513e-8
vn -0.12059046873078115 0.04995023229932291 -0.9914448613738105
vn 0.9159756156081591 -0.37940952117176624 -0.13052619222004957
vn -0.9159756156081591 0.37940952117176624 0.13052619222004957
usemtl m_a520c05c-83fc-6d1a-7b60-0c8dd74607e0
f 324/964/241 327/963/241 325/962/241 322/961/241
f 323/968/242 324/967/242 322/966/242 321/965/242
f 328/972/243 323/971/243 321/970/243 326/969/243
f 327/976/244 328/975/244 326/974/244 325/973/244
f 326/980/245 321/979/245 322/978/245 325/977/245
f 327/984/246 324/983/246 323/982/246 328/981/246
o cube
v 0.7921811422968357 2.2627685344454345 7.245038059272022
v 0.6484285032185395 1.9157189620900015 7.245038050714437
v 0.9100975455707553 2.2139259607750663 7.26184110389086
v 0.7663449064924591 1.866876388419633 7.261841095333275
v 0.4172872164419053 2.0114607706339385 9.14538565118142
v 0.5610398555202014 2.3585103429893715 9.145385659739004
v 0.535203619715825 1.9626181969635699 9.162188695800257
v 0.6789562587941211 2.309667769319003 9.162188704357842
vt 0.595703125 0.5673828125
vt 0.625 0.5673828125
vt 0.625 0.5654296875
vt 0.595703125 0.5654296875
vt 0.58984375 0.5673828125
vt 0.595703125 0.5673828125
vt 0.595703125 0.5654296875
vt 0.58984375 0.5654296875
vt 0.630859375 0.5673828125
vt 0.66015625 0.5673828125
vt 0.66015625 0.5654296875
vt 0.630859375 0.5654296875
vt 0.625 0.5673828125
vt 0.630859375 0.5673828125
vt 0.630859375 0.5654296875
vt 0.625 0.5654296875
vt 0.625 0.5673828125
vt 0.595703125 0.5673828125
vt 0.595703125 0.5732421875
vt 0.625 0.5732421875
vt 0.654296875 0.5732421875
vt 0.625 0.5732421875
vt 0.625 0.5673828125
vt 0.654296875 0.5673828125
vn -0.38268343098559604 -0.9238795330826917 -2.2781118089176828e-8
vn 0.12059048616669411 -0.049950190205305264 -0.9914448613738104
vn 0.38268343098559604 0.9238795330826917 2.2781118089176828e-8
vn -0.12059048616669411 0.049950190205305264 0.9914448613738104
vn -0.9159756144653488 0.37940952393075444 -0.1305261922200496
vn 0.9159756144653488 -0.37940952393075444 0.1305261922200496
usemtl m_a520c05c-83fc-6d1a-7b60-0c8dd74607e0
f 332/988/247 335/987/247 333/986/247 330/985/247
f 331/992/248 332/991/248 330/990/248 329/989/248
f 336/996/249 331/995/249 329/994/249 334/993/249
f 335/1000/250 336/999/250 334/998/250 333/997/250
f 334/1004/251 329/1003/251 330/1002/251 333/1001/251
f 335/1008/252 332/1007/252 331/1006/252 336/1005/252
o cube
v 0.47188483019668015 1.7391752649042846 7.245038059272022
v 0.12483525827053657 1.5954226247895922 7.245038050714437
v 0.5207274035118753 1.6212588614832475 7.26184110389086
v 0.17367783158573177 1.477506221368555 7.261841095333275
v 0.029093369043076245 1.826563878146016 9.14538565118142
v 0.3761429409692198 1.9703165182607085 9.145385659739004
v 0.07793594235827148 1.708647474724979 9.162188695800257
v 0.424985514284415 1.8524001148396714 9.162188704357842
vt 0.5859375 0.404296875
vt 0.615234375 0.404296875
vt 0.615234375 0.40234375
vt 0.5859375 0.40234375
vt 0.580078125 0.404296875
vt 0.5859375 0.404296875
vt 0.5859375 0.40234375
vt 0.580078125 0.40234375
vt 0.62109375 0.404296875
vt 0.650390625 0.404296875
vt 0.650390625 0.40234375
vt 0.62109375 0.40234375
vt 0.615234375 0.404296875
vt 0.62109375 0.404296875
vt 0.62109375 0.40234375
vt 0.615234375 0.40234375
vt 0.615234375 0.404296875
vt 0.5859375 0.404296875
vt 0.5859375 0.41015625
vt 0.615234375 0.41015625
vt 0.64453125 0.41015625
vt 0.615234375 0.41015625
vt 0.615234375 0.404296875
vt 0.64453125 0.404296875
vn -0.9238795319398815 -0.38268343374458336 -2.2781118019787883e-8
vn 0.049950232299322675 -0.12059046873078105 -0.9914448613738104
vn 0.9238795319398815 0.38268343374458336 2.2781118019787883e-8
vn -0.049950232299322675 0.12059046873078105 0.9914448613738104
vn -0.37940952117176663 0.9159756156081589 -0.13052619222004935
vn 0.37940952117176663 -0.9159756156081589 0.13052619222004935
usemtl m_a520c05c-83fc-6d1a-7b60-0c8dd74607e0
f 340/1012/253 343/1011/253 341/1010/253 338/1009/253
f 339/1016/254 340/1015/254 338/1014/254 337/1013/254
f 344/1020/255 339/1019/255 337/1018/255 342/1017/255
f 343/1024/256 344/1023/256 342/1022/256 341/1021/256
f 342/1028/257 337/1027/257 338/1026/257 341/1025/257
f 343/1032/258 340/1031/258 339/1030/258 344/1029/258
o cube
v 0.6841075746410008 1.969116450823452 7.245038059272022
v 0.41848733210226713 1.7034962074914946 7.245038050714437
v 0.7743568824354006 1.8788671427572141 7.26184110389086
v 0.5087366398966671 1.613246899425257 7.261841095333275
v 0.24157943204544818 1.8804040457958178 9.14538565118142
v 0.5071996745841818 2.1460242891277748 9.145385659739004
v 0.3318287398398481 1.7901547377295801 9.162188695800257
v 0.5974489823785818 2.0557749810615373 9.162188704357842
vt 0.072265625 0.4033203125
vt 0.1015625 0.4033203125
vt 0.1015625 0.4013671875
vt 0.072265625 0.4013671875
vt 0.06640625 0.4033203125
vt 0.072265625 0.4033203125
vt 0.072265625 0.4013671875
vt 0.06640625 0.4013671875
vt 0.107421875 0.4033203125
vt 0.13671875 0.4033203125
vt 0.13671875 0.4013671875
vt 0.107421875 0.4013671875
vt 0.1015625 0.4033203125
vt 0.107421875 0.4033203125
vt 0.107421875 0.4013671875
vt 0.1015625 0.4013671875
vt 0.1015625 0.4033203125
vt 0.072265625 0.4033203125
vt 0.072265625 0.4091796875
vt 0.1015625 0.4091796875
vt 0.130859375 0.4091796875
vt 0.1015625 0.4091796875
vt 0.1015625 0.4033203125
vt 0.130859375 0.4033203125
vn -0.7071067801307285 -0.7071067822423663 -2.2781118130810185e-8
vn 0.09229597174993885 -0.09229593953257266 -0.9914448613738105
vn 0.7071067801307285 0.7071067822423663 2.2781118130810185e-8
vn -0.09229597174993885 0.09229593953257266 0.9914448613738105
vn -0.7010573835941593 0.7010573857057969 -0.13052619222004944
vn 0.7010573835941593 -0.7010573857057969 0.13052619222004944
usemtl m_a520c05c-83fc-6d1a-7b60-0c8dd74607e0
f 348/1036/259 351/1035/259 349/1034/259 346/1033/259
f 347/1040/260 348/1039/260 346/1038/260 345/1037/260
f 352/1044/261 347/1043/261 345/1042/261 350/1041/261
f 351/1048/262 352/1047/262 350/1046/262 349/1045/262
f 350/1052/263 345/1051/263 346/1050/263 349/1049/263
f 351/1056/264 348/1055/264 347/1054/264 352/1053/264
o cube
v -0.029093375791759357 2.9486435301511476 9.145386279392042
v -0.37614294814719235 2.8048908910728514 9.145386270834457
v -0.07793594946212773 3.066559933425067 9.16218932401088
v -0.4249855218175607 2.9228072943467707 9.162189315453295
v -0.4718847566911294 3.036032177849485 7.245038670367476
v -0.1248351843356964 3.179784816927781 7.245038678925061
v -0.5207273303614978 3.1539485811234047 7.261841714986313
v -0.17367775800606478 3.297701220201701 7.261841723543898
vt 0.318359375 0.3994140625
vt 0.34765625 0.3994140625
vt 0.34765625 0.3974609375
vt 0.318359375 0.3974609375
vt 0.3125 0.3994140625
vt 0.318359375 0.3994140625
vt 0.318359375 0.3974609375
vt 0.3125 0.3974609375
vt 0.353515625 0.3994140625
vt 0.3828125 0.3994140625
vt 0.3828125 0.3974609375
vt 0.353515625 0.3974609375
vt 0.34765625 0.3994140625
vt 0.353515625 0.3994140625
vt 0.353515625 0.3974609375
vt 0.34765625 0.3974609375
vt 0.34765625 0.3994140625
vt 0.318359375 0.3994140625
vt 0.318359375 0.4052734375
vt 0.34765625 0.4052734375
vt 0.376953125 0.4052734375
vt 0.34765625 0.4052734375
vt 0.34765625 0.3994140625
vt 0.376953125 0.3994140625
vn -0.9238795330826916 -0.3826834309855959 -2.2781117915704484e-8
vn 0.04995019020530493 -0.12059048616669421 0.9914448613738105
vn 0.9238795330826916 0.3826834309855959 2.2781117915704484e-8
vn -0.04995019020530493 0.12059048616669421 -0.9914448613738105
vn 0.3794095239307544 -0.9159756144653487 -0.13052619222004952
vn -0.3794095239307544 0.9159756144653487 0.13052619222004952
usemtl m_a520c05c-83fc-6d1a-7b60-0c8dd74607e0
f 356/1060/265 359/1059/265 357/1058/265 354/1057/265
f 355/1064/266 356/1063/266 354/1062/266 353/1061/266
f 360/1068/267 355/1067/267 353/1066/267 358/1065/267
f 359/1072/268 360/1071/268 358/1070/268 357/1069/268
f 358/1076/269 353/1075/269 354/1074/269 357/1073/269
f 359/1080/270 356/1079/270 355/1078/270 360/1077/270
o cube
v -0.24157940318726262 2.8948033668991995 9.145386279392042
v -0.5071996465192197 2.6291831243604658 9.145386270834459
v -0.3318287112535003 2.9850526746935993 9.16218932401088
v -0.5974489545854573 2.7194324321548655 9.162189315453295
v -0.6841074848235429 2.8060910244172845 7.245038670367476
v -0.4184872414915857 3.071711266956018 7.24503867892506
v -0.7743567928897805 2.8963403322116843 7.261841714986313
v -0.5087365495578233 3.161960574750418 7.261841723543898
vt 0.482421875 0.3994140625
vt 0.51171875 0.3994140625
vt 0.51171875 0.3974609375
vt 0.482421875 0.3974609375
vt 0.4765625 0.3994140625
vt 0.482421875 0.3994140625
vt 0.482421875 0.3974609375
vt 0.4765625 0.3974609375
vt 0.517578125 0.3994140625
vt 0.546875 0.3994140625
vt 0.546875 0.3974609375
vt 0.517578125 0.3974609375
vt 0.51171875 0.3994140625
vt 0.517578125 0.3994140625
vt 0.517578125 0.3974609375
vt 0.51171875 0.3974609375
vt 0.51171875 0.3994140625
vt 0.482421875 0.3994140625
vt 0.482421875 0.4052734375
vt 0.51171875 0.4052734375
vt 0.541015625 0.4052734375
vt 0.51171875 0.4052734375
vt 0.51171875 0.3994140625
vt 0.541015625 0.3994140625
vn -0.7071067822423662 -0.7071067801307285 -2.2781118089176828e-8
vn 0.09229593953257256 -0.0922959717499389 0.9914448613738105
vn 0.7071067822423662 0.7071067801307285 2.2781118089176828e-8
vn -0.09229593953257256 0.0922959717499389 -0.9914448613738105
vn 0.701057385705797 -0.7010573835941591 -0.13052619222004944
vn -0.701057385705797 0.7010573835941591 0.13052619222004944
usemtl m_a520c05c-83fc-6d1a-7b60-0c8dd74607e0
f 364/1084/271 367/1083/271 365/1082/271 362/1081/271
f 363/1088/272 364/1087/272 362/1086/272 361/1085/272
f 368/1092/273 363/1091/273 361/1090/273 366/1089/273
f 367/1096/274 368/1095/274 366/1094/274 365/1093/274
f 366/1100/275 361/1099/275 362/1098/275 365/1097/275
f 367/1104/276 364/1103/276 363/1102/276 368/1101/276
o cube
v -0.1248352155545652 1.5954226077031644 7.245038059272022
v -0.4718847879099982 1.7391752467814605 7.245038050714437
v -0.17367778922493357 1.4775062044292446 7.261841103890859
v -0.5207273615803666 1.6212588435075408 7.261841095333275
v -0.3761429793660616 1.9703165335580943 9.14538565118142
v -0.02909340701062857 1.8265638944797982 9.145385659739004
v -0.42498555303642993 1.8524001302841748 9.162188695800257
v -0.07793598068099691 1.7086474912058787 9.162188704357842
vt 0.388671875 0.3984375
vt 0.41796875 0.3984375
vt 0.41796875 0.396484375
vt 0.388671875 0.396484375
vt 0.3828125 0.3984375
vt 0.388671875 0.3984375
vt 0.388671875 0.396484375
vt 0.3828125 0.396484375
vt 0.423828125 0.3984375
vt 0.453125 0.3984375
vt 0.453125 0.396484375
vt 0.423828125 0.396484375
vt 0.41796875 0.3984375
vt 0.423828125 0.3984375
vt 0.423828125 0.396484375
vt 0.41796875 0.396484375
vt 0.41796875 0.3984375
vt 0.388671875 0.3984375
vt 0.388671875 0.404296875
vt 0.41796875 0.404296875
vt 0.447265625 0.404296875
vt 0.41796875 0.404296875
vt 0.41796875 0.3984375
vt 0.447265625 0.3984375
vn -0.9238795330826916 0.382683430985596 -2.278111813774908e-8
vn -0.049950190205305355 -0.12059048616669402 -0.9914448613738105
vn 0.9238795330826916 -0.382683430985596 2.278111813774908e-8
vn 0.049950190205305355 0.12059048616669402 0.9914448613738105
vn 0.3794095239307545 0.9159756144653488 -0.1305261922200494
vn -0.3794095239307545 -0.9159756144653488 0.1305261922200494
usemtl m_a520c05c-83fc-6d1a-7b60-0c8dd74607e0
f 372/1108/277 375/1107/277 373/1106/277 370/1105/277
f 371/1112/278 372/1111/278 370/1110/278 369/1109/278
f 376/1116/279 371/1115/279 369/1114/279 374/1113/279
f 375/1120/280 376/1119/280 374/1118/280 373/1117/280
f 374/1124/281 369/1123/281 370/1122/281 373/1121/281
f 375/1128/282 372/1127/282 371/1126/282 376/1125/282
o cube
v 0.18782189800155352 1.6079514378220856 7.245038059272022
v -0.18782185199844814 1.6079514372611916 7.245038050714437
v 0.18782189780933523 1.480319642552243 7.26184110389086
v -0.18782185219066644 1.4803196419913491 7.261841095333275
v -0.18782189566405721 1.8581369451468803 9.145385651181419
v 0.18782185433594445 1.8581369457077743 9.145385659739004
v -0.18782189585627554 1.7305051498770379 9.162188695800257
v 0.18782185414372612 1.7305051504379316 9.162188704357842
vt 0.220703125 0.3974609375
vt 0.25 0.3974609375
vt 0.25 0.3955078125
vt 0.220703125 0.3955078125
vt 0.21484375 0.3974609375
vt 0.220703125 0.3974609375
vt 0.220703125 0.3955078125
vt 0.21484375 0.3955078125
vt 0.255859375 0.3974609375
vt 0.28515625 0.3974609375
vt 0.28515625 0.3955078125
vt 0.255859375 0.3955078125
vt 0.25 0.3974609375
vt 0.255859375 0.3974609375
vt 0.255859375 0.3955078125
vt 0.25 0.3955078125
vt 0.25 0.3974609375
vt 0.220703125 0.3974609375
vt 0.220703125 0.4033203125
vt 0.25 0.4033203125
vt 0.279296875 0.4033203125
vt 0.25 0.4033203125
vt 0.25 0.3974609375
vt 0.279296875 0.3974609375
vn -0.9999999999999998 -1.4931533994083088e-9 -2.2781118434765387e-8
vn 2.2781118434765387e-8 -0.1305261922200494 -0.9914448613738105
vn 0.9999999999999998 1.4931533994083088e-9 2.2781118434765387e-8
vn -2.2781118434765387e-8 0.1305261922200494 0.9914448613738105
vn 1.4931533994083092e-9 0.9914448613738108 -0.13052619222004944
vn -1.4931533994083092e-9 -0.9914448613738108 0.13052619222004944
usemtl m_a520c05c-83fc-6d1a-7b60-0c8dd74607e0
f 380/1132/283 383/1131/283 381/1130/283 378/1129/283
f 379/1136/284 380/1135/284 378/1134/284 377/1133/284
f 384/1140/285 379/1139/285 377/1138/285 382/1137/285
f 383/1144/286 384/1143/286 382/1142/286 381/1141/286
f 382/1148/287 377/1147/287 378/1146/287 381/1145/287
f 383/1152/288 380/1151/288 379/1150/288 384/1149/288
o cube
v 0.3761429097503246 2.804890906370248 9.145386279392042
v 0.029093337824180998 2.9486435464849405 9.145386270834459
v 0.4249854830655198 2.9228073097912852 9.16218932401088
v 0.0779359111393762 3.066559949905978 9.162189315453297
v 0.12483522705164168 3.179784799841365 7.245038670367476
v 0.4718847989777853 3.036032159726672 7.24503867892506
v 0.17367780036683694 3.297701203262402 7.261841714986313
v 0.5207273722929806 3.1539485631477095 7.261841723543898
vt 0.142578125 0.396484375
vt 0.171875 0.396484375
vt 0.171875 0.39453125
vt 0.142578125 0.39453125
vt 0.13671875 0.396484375
vt 0.142578125 0.396484375
vt 0.142578125 0.39453125
vt 0.13671875 0.39453125
vt 0.177734375 0.396484375
vt 0.20703125 0.396484375
vt 0.20703125 0.39453125
vt 0.177734375 0.39453125
vt 0.171875 0.396484375
vt 0.177734375 0.396484375
vt 0.177734375 0.39453125
vt 0.171875 0.39453125
vt 0.171875 0.396484375
vt 0.142578125 0.396484375
vt 0.142578125 0.40234375
vt 0.171875 0.40234375
vt 0.201171875 0.40234375
vt 0.171875 0.40234375
vt 0.171875 0.396484375
vt 0.201171875 0.396484375
vn -0.9238795319398816 0.38268343374458347 -2.27811182210158e-8
vn -0.049950232299322606 -0.12059046873078111 0.9914448613738105
vn 0.9238795319398816 -0.38268343374458347 2.27811182210158e-8
vn 0.049950232299322606 0.12059046873078111 -0.9914448613738105
vn -0.37940952117176674 -0.9159756156081589 -0.1305261922200494
vn 0.37940952117176674 0.9159756156081589 0.1305261922200494
usemtl m_a520c05c-83fc-6d1a-7b60-0c8dd74607e0
f 388/1156/289 391/1155/289 389/1154/289 386/1153/289
f 387/1160/290 388/1159/290 386/1158/290 385/1157/290
f 392/1164/291 387/1163/291 385/1162/291 390/1161/291
f 391/1168/292 392/1167/292 390/1166/292 389/1165/292
f 390/1172/293 385/1171/293 386/1170/293 389/1169/293
f 391/1176/294 388/1175/294 387/1174/294 392/1173/294
o cube
v 0.1878218543359304 2.9170704727133554 9.145386279392042
v -0.18782189566407131 2.917070473274249 9.145386270834457
v 0.18782185414371208 3.0447022679831974 9.16218932401088
v -0.18782189585628964 3.0447022685440914 9.162189315453295
v -0.18782185199846285 3.1672559811599377 7.245038670367475
v 0.18782189800153887 3.1672559805990437 7.24503867892506
v -0.18782185219068118 3.29488777642978 7.261841714986313
v 0.18782189780932054 3.2948877758688866 7.261841723543898
vt 0.552734375 0.396484375
vt 0.58203125 0.396484375
vt 0.58203125 0.39453125
vt 0.552734375 0.39453125
vt 0.546875 0.396484375
vt 0.552734375 0.396484375
vt 0.552734375 0.39453125
vt 0.546875 0.39453125
vt 0.587890625 0.396484375
vt 0.6171875 0.396484375
vt 0.6171875 0.39453125
vt 0.587890625 0.39453125
vt 0.58203125 0.396484375
vt 0.587890625 0.396484375
vt 0.587890625 0.39453125
vt 0.58203125 0.39453125
vt 0.58203125 0.396484375
vt 0.552734375 0.396484375
vt 0.552734375 0.40234375
vt 0.58203125 0.40234375
vt 0.611328125 0.40234375
vt 0.58203125 0.40234375
vt 0.58203125 0.396484375
vt 0.611328125 0.396484375
vn -0.9999999999999999 1.493153190825617e-9 -2.2781118126284892e-8
vn -2.2781118414839817e-8 -0.1305261922200494 0.9914448613738104
vn 0.9999999999999999 -1.493153190825617e-9 2.2781118126284892e-8
vn 2.2781118414839817e-8 0.1305261922200494 -0.9914448613738104
vn 1.4931535507579841e-9 -0.9914448613738108 -0.1305261922200494
vn -1.4931535507579841e-9 0.9914448613738108 0.1305261922200494
usemtl m_a520c05c-83fc-6d1a-7b60-0c8dd74607e0
f 396/1180/295 399/1179/295 397/1178/295 394/1177/295
f 395/1184/296 396/1183/296 394/1182/296 393/1181/296
f 400/1188/297 395/1187/297 393/1186/297 398/1185/297
f 399/1192/298 400/1191/298 398/1190/298 397/1189/298
f 398/1196/299 393/1195/299 394/1194/299 397/1193/299
f 399/1200/300 396/1199/300 395/1198/300 400/1197/300
o cube
v -0.6484284850957149 1.9157189198033193 7.245038059272022
v -0.7921811252104076 2.262768491729463 7.245038050714437
v -0.766344888516752 1.866876346488124 7.26184110389086
v -0.9100975286314447 2.2139259184142674 7.261841095333275
v -0.5610398718539837 2.3585103809569232 9.145385651181419
v -0.41728723173929105 2.0114608090307797 9.145385659739004
v -0.6789562752750208 2.3096678076417283 9.162188695800257
v -0.5352036351603281 1.9626182357155848 9.162188704357842
vt 0.005859375 0.3955078125
vt 0.03515625 0.3955078125
vt 0.03515625 0.3935546875
vt 0.005859375 0.3935546875
vt 0 0.3955078125
vt 0.005859375 0.3955078125
vt 0.005859375 0.3935546875
vt 0 0.3935546875
vt 0.041015625 0.3955078125
vt 0.0703125 0.3955078125
vt 0.0703125 0.3935546875
vt 0.041015625 0.3935546875
vt 0.03515625 0.3955078125
vt 0.041015625 0.3955078125
vt 0.041015625 0.3935546875
vt 0.03515625 0.3935546875
vt 0.03515625 0.3955078125
vt 0.005859375 0.3955078125
vt 0.005859375 0.4013671875
vt 0.03515625 0.4013671875
vt 0.064453125 0.4013671875
vt 0.03515625 0.4013671875
vt 0.03515625 0.3955078125
vt 0.064453125 0.3955078125
vn -0.3826834337445838 0.9238795319398814 -2.278111813081019e-8
vn -0.12059046873078114 -0.049950232299322876 -0.9914448613738105
vn 0.3826834337445838 -0.9238795319398814 2.278111813081019e-8
vn 0.12059046873078114 0.049950232299322876 0.9914448613738105
vn 0.9159756156081588 0.3794095211717668 -0.13052619222004935
vn -0.9159756156081588 -0.3794095211717668 0.13052619222004935
usemtl m_a520c05c-83fc-6d1a-7b60-0c8dd74607e0
f 404/1204/301 407/1203/301 405/1202/301 402/1201/301
f 403/1208/302 404/1207/302 402/1206/302 401/1205/302
f 408/1212/303 403/1211/303 401/1210/303 406/1209/303
f 407/1216/304 408/1215/304 406/1214/304 405/1213/304
f 406/1220/305 401/1219/305 402/1218/305 405/1217/305
f 407/1224/306 404/1223/306 403/1222/306 408/1221/306
o cube
v -0.4184872991765476 1.7034961753589992 7.245038059272022
v -0.6841075425085048 1.9691164178977325 7.245038050714437
v -0.5087366072427852 1.613246867564599 7.26184110389086
v -0.7743568505747425 1.8788671101033327 7.261841095333275
v -0.507199704204182 2.1460243179545517 9.145385651181419
v -0.2415794608722249 1.880404075415818 9.145385659739004
v -0.5974490122704197 2.0557750101601515 9.162188695800257
v -0.33182876893846247 1.790154767621418 9.162188704357842
vt 0.60546875 0.8046875
vt 0.634765625 0.8046875
vt 0.634765625 0.802734375
vt 0.60546875 0.802734375
vt 0.599609375 0.8046875
vt 0.60546875 0.8046875
vt 0.60546875 0.802734375
vt 0.599609375 0.802734375
vt 0.640625 0.8046875
vt 0.669921875 0.8046875
vt 0.669921875 0.802734375
vt 0.640625 0.802734375
vt 0.634765625 0.8046875
vt 0.640625 0.8046875
vt 0.640625 0.802734375
vt 0.634765625 0.802734375
vt 0.634765625 0.8046875
vt 0.60546875 0.8046875
vt 0.60546875 0.810546875
vt 0.634765625 0.810546875
vt 0.6640625 0.810546875
vt 0.634765625 0.810546875
vt 0.634765625 0.8046875
vt 0.6640625 0.8046875
vn -0.7071067822423664 0.7071067801307284 -2.278111824183249e-8
vn -0.09229593953257251 -0.09229597174993903 -0.9914448613738105
vn 0.7071067822423664 -0.7071067801307284 2.278111824183249e-8
vn 0.09229593953257251 0.09229597174993903 0.9914448613738105
vn 0.701057385705797 0.7010573835941594 -0.13052619222004935
vn -0.701057385705797 -0.7010573835941594 0.13052619222004935
usemtl m_a520c05c-83fc-6d1a-7b60-0c8dd74607e0
f 412/1228/307 415/1227/307 413/1226/307 410/1225/307
f 411/1232/308 412/1231/308 410/1230/308 409/1229/308
f 416/1236/309 411/1235/309 409/1234/309 414/1233/309
f 415/1240/310 416/1239/310 414/1238/310 413/1237/310
f 414/1244/311 409/1243/311 410/1242/311 413/1241/311
f 415/1248/312 412/1247/312 411/1246/312 416/1245/312
o cube
v 0.5610397801511477 2.4166971257917593 9.145386279392042
v 0.41728714107285164 2.7637466981471923 9.145386270834459
v 0.6789561834250675 2.4655396994621275 9.16218932401088
v 0.5352035443467713 2.8125892718175605 9.162189315453297
v 0.6484284278494854 2.859488506691129 7.245038670367476
v 0.7921810669277816 2.5124389343356963 7.24503867892506
v 0.7663448311234049 2.9083310803614975 7.261841714986313
v 0.9100974702017011 2.5612815080060645 7.261841723543898
vt 0.60546875 0.796875
vt 0.634765625 0.796875
vt 0.634765625 0.794921875
vt 0.60546875 0.794921875
vt 0.599609375 0.796875
vt 0.60546875 0.796875
vt 0.60546875 0.794921875
vt 0.599609375 0.794921875
vt 0.640625 0.796875
vt 0.669921875 0.796875
vt 0.669921875 0.794921875
vt 0.640625 0.794921875
vt 0.634765625 0.796875
vt 0.640625 0.796875
vt 0.640625 0.794921875
vt 0.634765625 0.794921875
vt 0.634765625 0.796875
vt 0.60546875 0.796875
vt 0.60546875 0.802734375
vt 0.634765625 0.802734375
vt 0.6640625 0.802734375
vt 0.634765625 0.802734375
vt 0.634765625 0.796875
vt 0.6640625 0.796875
vn -0.3826834309855958 0.9238795330826917 -2.2781117978154526e-8
vn -0.12059048616669414 -0.04995019020530528 0.9914448613738105
vn 0.3826834309855958 -0.9238795330826917 2.2781117978154526e-8
vn 0.12059048616669414 0.04995019020530528 -0.9914448613738105
vn -0.9159756144653488 -0.37940952393075444 -0.1305261922200494
vn 0.9159756144653488 0.37940952393075444 0.1305261922200494
usemtl m_a520c05c-83fc-6d1a-7b60-0c8dd74607e0
f 420/1252/313 423/1251/313 421/1250/313 418/1249/313
f 419/1256/314 420/1255/314 418/1254/314 417/1253/314
f 424/1260/315 419/1259/315 417/1258/315 422/1257/315
f 423/1264/316 424/1263/316 422/1262/316 421/1261/316
f 422/1268/317 417/1267/317 418/1266/317 421/1265/317
f 423/1272/318 420/1271/318 419/1270/318 424/1269/318
o cube
v 0.5071996168991997 2.6291831531872623 9.145386279392042
v 0.24157937436046614 2.8948033965192193 9.145386270834459
v 0.5974489246935997 2.7194324612534997 9.16218932401088
v 0.33182868215486605 2.985052704585457 9.162189315453295
v 0.4184872744172844 3.0717112348235425 7.245038670367475
v 0.6841075169560179 2.8060909914915855 7.24503867892506
v 0.5087365822116844 3.16196054288978 7.261841714986313
v 0.7743568247504179 2.896340299557823 7.261841723543898
vt 0.60546875 0.7890625
vt 0.634765625 0.7890625
vt 0.634765625 0.787109375
vt 0.60546875 0.787109375
vt 0.599609375 0.7890625
vt 0.60546875 0.7890625
vt 0.60546875 0.787109375
vt 0.599609375 0.787109375
vt 0.640625 0.7890625
vt 0.669921875 0.7890625
vt 0.669921875 0.787109375
vt 0.640625 0.787109375
vt 0.634765625 0.7890625
vt 0.640625 0.7890625
vt 0.640625 0.787109375
vt 0.634765625 0.787109375
vt 0.634765625 0.7890625
vt 0.60546875 0.7890625
vt 0.60546875 0.794921875
vt 0.634765625 0.794921875
vt 0.6640625 0.794921875
vt 0.634765625 0.794921875
vt 0.634765625 0.7890625
vt 0.6640625 0.7890625
vn -0.7071067801307284 0.7071067822423663 -2.278111786713223e-8
vn -0.09229597174993874 -0.09229593953257255 0.9914448613738105
vn 0.7071067801307284 -0.7071067822423663 2.278111786713223e-8
vn 0.09229597174993874 0.09229593953257255 -0.9914448613738105
vn -0.7010573835941594 -0.7010573857057969 -0.13052619222004927
vn 0.7010573835941594 0.7010573857057969 0.13052619222004927
usemtl m_a520c05c-83fc-6d1a-7b60-0c8dd74607e0
f 428/1276/319 431/1275/319 429/1274/319 426/1273/319
f 427/1280/320 428/1279/320 426/1278/320 425/1277/320
f 432/1284/321 427/1283/321 425/1282/321 430/1281/321
f 431/1288/322 432/1287/322 430/1286/322 429/1285/322
f 430/1292/323 425/1291/323 426/1290/323 429/1289/323
f 431/1296/324 428/1295/324 427/1294/324 432/1293/324
o cube
v 0.662737572553936 2.953878587870413 4.5949599999999995
v 1.8920718883782275 2.444671641565342 4.594959999999999
v 0.5791554449139313 2.7520934817499145 4.5949599999999995
v 1.8084897607382229 2.242886535444843 4.594959999999999
v 1.8920718883782262 2.444671641565342 -0.2208181250000001
v 0.662737572553935 2.9538785878704132 -0.22081812499999964
v 1.8084897607382215 2.2428865354448435 -0.2208181250000001
v 0.5791554449139302 2.752093481749915 -0.22081812499999964
vt 0.0205078125 0.5830078125
vt 0.095703125 0.5830078125
vt 0.095703125 0.580078125
vt 0.0205078125 0.580078125
vt 0 0.5830078125
vt 0.0205078125 0.5830078125
vt 0.0205078125 0.580078125
vt 0 0.580078125
vt 0.1162109375 0.5830078125
vt 0.19140625 0.5830078125
vt 0.19140625 0.580078125
vt 0.1162109375 0.580078125
vt 0.095703125 0.5830078125
vt 0.1162109375 0.5830078125
vt 0.1162109375 0.580078125
vt 0.095703125 0.580078125
vt 0.095703125 0.5830078125
vt 0.0205078125 0.5830078125
vt 0.0205078125 0.603515625
vt 0.095703125 0.603515625
vt 0.1708984375 0.603515625
vt 0.095703125 0.603515625
vt 0.095703125 0.5830078125
vt 0.1708984375 0.5830078125
vn 0.9238795325112868 -0.3826834323650897 -2.370072626263643e-16
vn 1.9452086685093367e-16 -1.1061559977521022e-16 1
vn -0.9238795325112868 0.3826834323650897 2.370072626263643e-16
vn -1.9452086685093367e-16 1.1061559977521022e-16 -1
vn 0.3826834323650897 0.9238795325112867 -8.044366877814565e-18
vn -0.3826834323650897 -0.9238795325112867 8.044366877814565e-18
usemtl m_a520c05c-83fc-6d1a-7b60-0c8dd74607e0
f 436/1300/325 439/1299/325 437/1298/325 434/1297/325
f 435/1304/326 436/1303/326 434/1302/326 433/1301/326
f 440/1308/327 435/1307/327 433/1306/327 438/1305/327
f 439/1312/328 440/1311/328 438/1310/328 437/1309/328
f 438/1316/329 433/1315/329 434/1314/329 437/1313/329
f 439/1320/330 436/1319/330 435/1318/330 440/1317/330
o cube
v 0.5570487561296901 3.1900732135539522 -0.6647116601230285
v 0.6420606311296901 3.190073213680888 -0.6647116620596941
v 0.5570487556536802 2.8740055489722884 -0.7063227575718191
v 0.6420606306536802 2.8740055490992242 -0.7063227595084847
v 0.6420606093287863 3.314983190165189 -1.6134971296607428
v 0.5570487343287862 3.3149831900382534 -1.6134971277240773
v 0.6420606088527764 2.9989155255835254 -1.6551082271095334
v 0.5570487338527763 2.9989155254565896 -1.6551082251728677
vt 0.1025390625 0.3857421875
vt 0.1171875 0.3857421875
vt 0.1171875 0.380859375
vt 0.1025390625 0.380859375
vt 0.1015625 0.3857421875
vt 0.1025390625 0.3857421875
vt 0.1025390625 0.380859375
vt 0.1015625 0.380859375
vt 0.1181640625 0.3857421875
vt 0.1328125 0.3857421875
vt 0.1328125 0.380859375
vt 0.1181640625 0.380859375
vt 0.1171875 0.3857421875
vt 0.1181640625 0.3857421875
vt 0.1181640625 0.380859375
vt 0.1171875 0.380859375
vt 0.1171875 0.3857421875
vt 0.1025390625 0.3857421875
vt 0.1025390625 0.38671875
vt 0.1171875 0.38671875
vt 0.1318359375 0.38671875
vt 0.1171875 0.38671875
vt 0.1171875 0.3857421875
vt 0.1318359375 0.3857421875
vn 0.9999999999999998 1.4931533994083088e-9 -2.2781118434765387e-8
vn 2.2781118434765387e-8 -0.1305261922200494 0.9914448613738105
vn -0.9999999999999998 -1.4931533994083088e-9 2.2781118434765387e-8
vn -2.2781118434765387e-8 0.1305261922200494 -0.9914448613738105
vn 1.4931533994083092e-9 0.9914448613738108 0.13052619222004944
vn -1.4931533994083092e-9 -0.9914448613738108 -0.13052619222004944
usemtl m_a520c05c-83fc-6d1a-7b60-0c8dd74607e0
f 444/1324/331 447/1323/331 445/1322/331 442/1321/331
f 443/1328/332 444/1327/332 442/1326/332 441/1325/332
f 448/1332/333 443/1331/333 441/1330/333 446/1329/333
f 447/1336/334 448/1335/334 446/1334/334 445/1333/334
f 446/1340/335 441/1339/335 442/1338/335 445/1337/335
f 447/1344/336 444/1343/336 443/1342/336 448/1341/336
o cube
v 0.48860378881153144 3.4015861942558976 -0.9623918026271636
v 0.6749131638115318 3.401586193977709 -0.9623918068714996
v 0.48860378968954665 2.818589351034408 -0.8856388121314884
v 0.674913164689547 2.8185893507562194 -0.8856388163758244
v 0.6749130860386444 2.955980378991578 -4.347104008706701
v 0.4886037110386441 2.9559803792697665 -4.3471040044623654
v 0.6749130869166596 2.372983535770089 -4.270351018211026
v 0.4886037119166593 2.3729835360482774 -4.27035101396669
vt 0.439453125 0.4833984375
vt 0.4921875 0.4833984375
vt 0.4921875 0.474609375
vt 0.439453125 0.474609375
vt 0.4375 0.4833984375
vt 0.439453125 0.4833984375
vt 0.439453125 0.474609375
vt 0.4375 0.474609375
vt 0.494140625 0.4833984375
vt 0.546875 0.4833984375
vt 0.546875 0.474609375
vt 0.494140625 0.474609375
vt 0.4921875 0.4833984375
vt 0.494140625 0.4833984375
vt 0.494140625 0.474609375
vt 0.4921875 0.474609375
vt 0.4921875 0.4833984375
vt 0.439453125 0.4833984375
vt 0.439453125 0.4853515625
vt 0.4921875 0.4853515625
vt 0.544921875 0.4853515625
vt 0.4921875 0.4853515625
vt 0.4921875 0.4833984375
vt 0.544921875 0.4833984375
vn 0.9999999999999998 -1.4931533994083088e-9 -2.2781118434765387e-8
vn 2.2781118434765387e-8 0.1305261922200494 0.9914448613738105
vn -0.9999999999999998 1.4931533994083088e-9 2.2781118434765387e-8
vn -2.2781118434765387e-8 -0.1305261922200494 -0.9914448613738105
vn -1.4931533994083092e-9 0.9914448613738108 -0.13052619222004944
vn 1.4931533994083092e-9 -0.9914448613738108 0.13052619222004944
usemtl m_a520c05c-83fc-6d1a-7b60-0c8dd74607e0
f 452/1348/337 455/1347/337 453/1346/337 450/1345/337
f 451/1352/338 452/1351/338 450/1350/338 449/1349/338
f 456/1356/339 451/1355/339 449/1354/339 454/1353/339
f 455/1360/340 456/1359/340 454/1358/340 453/1357/340
f 454/1364/341 449/1363/341 450/1362/341 453/1361/341
f 455/1368/342 452/1367/342 451/1366/342 456/1365/342
o cube
v -0.20190431896958294 3.6789486933759803 -0.8636112427445207
v -0.20190431896958294 3.6789486933759803 -0.8636112427445207
v 0.20190255603041168 3.6789486239690983 -0.8636112549828266
v 0.20190255603041168 3.6789486239690983 -0.8636112549828266
v -0.20190431896958314 3.845125224078347 -1.8060451801639958
v -0.20190431896958314 3.845125224078347 -1.8060451801639958
v 0.2019025560304115 3.845125154671465 -1.8060451924023018
v 0.2019025560304115 3.845125154671465 -1.8060451924023018
vt 0.6328125 0.6162109375
vt 0.6474609375 0.6162109375
vt 0.6474609375 0.6103515625
vt 0.6328125 0.6103515625
vt 0.6328125 0.6162109375
vt 0.6328125 0.6162109375
vt 0.6328125 0.6103515625
vt 0.6328125 0.6103515625
vt 0.6474609375 0.6162109375
vt 0.662109375 0.6162109375
vt 0.662109375 0.6103515625
vt 0.6474609375 0.6103515625
vt 0.6474609375 0.6162109375
vt 0.6474609375 0.6162109375
vt 0.6474609375 0.6103515625
vt 0.6474609375 0.6103515625
vt 0.6474609375 0.6162109375
vt 0.6328125 0.6162109375
vt 0.6328125 0.6162109375
vt 0.6474609375 0.6162109375
vt 0.662109375 0.6162109375
vt 0.6474609375 0.6162109375
vt 0.6474609375 0.6162109375
vt 0.662109375 0.6162109375
vn 1.745329250104005e-7 0.9848077530121933 0.17364817766692786
vn 1.1419154240911665e-16 -0.17364817766693053 0.9848077530122081
vn -1.745329250104005e-7 -0.9848077530121933 -0.17364817766692786
vn -1.1419154240911665e-16 0.17364817766693053 -0.9848077530122081
vn -0.9999999999999849 1.7188137760401045e-7 3.0307324578396764e-8
vn 0.9999999999999849 -1.7188137760401045e-7 -3.0307324578396764e-8
usemtl m_a520c05c-83fc-6d1a-7b60-0c8dd74607e0
f 460/1372/343 463/1371/343 461/1370/343 458/1369/343
f 459/1376/344 460/1375/344 458/1374/344 457/1373/344
f 464/1380/345 459/1379/345 457/1378/345 462/1377/345
f 463/1384/346 464/1383/346 462/1382/346 461/1381/346
f 462/1388/347 457/1387/347 458/1386/347 461/1385/347
f 463/1392/348 460/1391/348 459/1390/348 464/1389/348
o cube
v -0.314369024503279 3.553249286860165 -0.8636105555542783
v -0.314369024503279 3.553249286860165 -0.8636105555542783
v -0.045502654692629485 3.7245359902286954 -0.8636105652160071
v -0.045502654692629485 3.7245359902286954 -0.8636105652160071
v -0.4036556093660945 3.6934011513494034 -1.8060444929737538
v -0.4036556093660945 3.6934011513494034 -1.8060444929737538
v -0.13478923955544495 3.8646878547179337 -1.8060445026354826
v -0.13478923955544495 3.8646878547179337 -1.8060445026354826
vt 0.203125 0.3662109375
vt 0.2177734375 0.3662109375
vt 0.2177734375 0.361328125
vt 0.203125 0.361328125
vt 0.203125 0.3662109375
vt 0.203125 0.3662109375
vt 0.203125 0.361328125
vt 0.203125 0.361328125
vt 0.2177734375 0.3662109375
vt 0.232421875 0.3662109375
vt 0.232421875 0.361328125
vt 0.2177734375 0.361328125
vt 0.2177734375 0.3662109375
vt 0.2177734375 0.3662109375
vt 0.2177734375 0.361328125
vt 0.2177734375 0.361328125
vt 0.2177734375 0.3662109375
vt 0.203125 0.3662109375
vt 0.203125 0.3662109375
vt 0.2177734375 0.3662109375
vt 0.232421875 0.3662109375
vt 0.2177734375 0.3662109375
vt 0.2177734375 0.3662109375
vt 0.232421875 0.3662109375
vn -0.5291366727907909 0.8305785284371651 0.17364817766692775
vn 0.09330109785058144 -0.14645338762528537 0.9848077530122081
vn 0.5291366727907909 -0.8305785284371651 -0.17364817766692775
vn -0.09330109785058144 0.14645338762528537 -0.9848077530122081
vn -0.8433915381646698 -0.537299463383532 3.030732440012506e-8
vn 0.8433915381646698 0.537299463383532 -3.030732440012506e-8
usemtl m_a520c05c-83fc-6d1a-7b60-0c8dd74607e0
f 468/1396/349 471/1395/349 469/1394/349 466/1393/349
f 467/1400/350 468/1399/350 466/1398/350 465/1397/350
f 472/1404/351 467/1403/351 465/1402/351 470/1401/351
f 471/1408/352 472/1407/352 470/1406/352 469/1405/352
f 470/1412/353 465/1411/353 466/1410/353 469/1409/353
f 471/1416/354 468/1415/354 467/1414/354 472/1413/354
o cube
v -0.41517643607875865 3.370649465011408 -0.8636118055542974
v -0.41517643607875865 3.370649465011408 -0.8636118055542974
v -0.23232524207902006 3.63178793772164 -0.8636118152160073
v -0.23232524207902006 3.63178793772164 -0.8636118152160073
v -0.5513002809164547 3.4659644072968514 -1.8060457429737726
v -0.5513002809164547 3.4659644072968514 -1.8060457429737726
v -0.368449086916716 3.7271028800070836 -1.8060457526354825
v -0.368449086916716 3.7271028800070836 -1.8060457526354825
vt 0.12890625 0.365234375
vt 0.1435546875 0.365234375
vt 0.1435546875 0.3603515625
vt 0.12890625 0.3603515625
vt 0.12890625 0.365234375
vt 0.12890625 0.365234375
vt 0.12890625 0.3603515625
vt 0.12890625 0.3603515625
vt 0.1435546875 0.365234375
vt 0.158203125 0.365234375
vt 0.158203125 0.3603515625
vt 0.1435546875 0.3603515625
vt 0.1435546875 0.365234375
vt 0.1435546875 0.365234375
vt 0.1435546875 0.3603515625
vt 0.1435546875 0.3603515625
vt 0.1435546875 0.365234375
vt 0.12890625 0.365234375
vt 0.12890625 0.365234375
vt 0.1435546875 0.365234375
vt 0.158203125 0.365234375
vt 0.1435546875 0.365234375
vt 0.1435546875 0.365234375
vt 0.158203125 0.365234375
vn -0.8067071840036134 0.5648626644326172 0.17364817766692778
vn 0.142244259722924 -0.09960050292505117 0.9848077530122081
vn 0.8067071840036134 -0.5648626644326172 -0.17364817766692778
vn -0.142244259722924 0.09960050292505117 -0.9848077530122081
vn -0.5735765771480195 -0.8191519457018713 3.030732441400286e-8
vn 0.5735765771480195 0.8191519457018713 -3.030732441400286e-8
usemtl m_a520c05c-83fc-6d1a-7b60-0c8dd74607e0
f 476/1420/355 479/1419/355 477/1418/355 474/1417/355
f 475/1424/356 476/1423/356 474/1422/356 473/1421/356
f 480/1428/357 475/1427/357 473/1426/357 478/1425/357
f 479/1432/358 480/1431/358 478/1430/358 477/1429/358
f 478/1436/359 473/1435/359 474/1434/359 477/1433/359
f 479/1440/360 476/1439/360 475/1438/360 480/1437/360
o cube
v -0.3625344455949471 3.2188181944485077 -0.8636117139777484
v -0.3625344455949471 3.2188181944485077 -0.8636117139777484
v -0.36253439080066774 3.537609444448503 -0.863611723639458
v -0.36253439080066774 3.537609444448503 -0.863611723639458
v -0.5287109762973137 3.2188181944485077 -1.8060456513972234
v -0.5287109762973137 3.2188181944485077 -1.8060456513972234
v -0.5287109215030344 3.537609444448503 -1.8060456610589333
v -0.5287109215030344 3.537609444448503 -1.8060456610589333
vt 0.158203125 0.365234375
vt 0.1728515625 0.365234375
vt 0.1728515625 0.3603515625
vt 0.158203125 0.3603515625
vt 0.158203125 0.365234375
vt 0.158203125 0.365234375
vt 0.158203125 0.3603515625
vt 0.158203125 0.3603515625
vt 0.1728515625 0.365234375
vt 0.1875 0.365234375
vt 0.1875 0.3603515625
vt 0.1728515625 0.3603515625
vt 0.1728515625 0.365234375
vt 0.1728515625 0.365234375
vt 0.1728515625 0.3603515625
vt 0.1728515625 0.3603515625
vt 0.1728515625 0.365234375
vt 0.158203125 0.365234375
vt 0.158203125 0.365234375
vt 0.1728515625 0.365234375
vt 0.1875 0.365234375
vt 0.1728515625 0.365234375
vt 0.1728515625 0.365234375
vt 0.1875 0.365234375
vn -0.9848077530121931 1.7453292512382212e-7 0.17364817766692792
vn 0.17364817766693033 1.985233470127267e-23 0.984807753012208
vn 0.9848077530121931 -1.7453292512382212e-7 -0.17364817766692792
vn -0.17364817766693033 -1.985233470127267e-23 -0.984807753012208
vn -1.7188137781783918e-7 -0.9999999999999848 3.030732439063053e-8
vn 1.7188137781783918e-7 0.9999999999999848 -3.030732439063053e-8
usemtl m_a520c05c-83fc-6d1a-7b60-0c8dd74607e0
f 484/1444/361 487/1443/361 485/1442/361 482/1441/361
f 483/1448/362 484/1447/362 482/1446/362 481/1445/362
f 488/1452/363 483/1451/363 481/1450/363 486/1449/363
f 487/1456/364 488/1455/364 486/1454/364 485/1453/364
f 486/1460/365 481/1459/365 482/1458/365 485/1457/365
f 487/1464/366 484/1463/366 483/1462/366 488/1461/366
o cube
v 0.6317093749999996 3.112009375 -1.6186437500000004
v -0.6317093749999998 3.1120093750000004 -1.6186437500000006
v 0.6317093749999995 2.255169375 -1.6186437500000002
v -0.6317093749999999 2.2551693750000004 -1.6186437500000004
v -0.631709375 3.1120093750000004 -0.6240375000000009
v 0.6317093749999994 3.1120093750000004 -0.6240375000000005
v -0.6317093750000001 2.2551693750000004 -0.6240375000000007
v 0.6317093749999992 2.2551693750000004 -0.6240375000000002
vt 0.36328125 0.4267578125
vt 0.3779296875 0.4267578125
vt 0.3779296875 0.4140625
vt 0.36328125 0.4140625
vt 0.34375 0.4267578125
vt 0.36328125 0.4267578125
vt 0.36328125 0.4140625
vt 0.34375 0.4140625
vt 0.3974609375 0.4267578125
vt 0.412109375 0.4267578125
vt 0.412109375 0.4140625
vt 0.3974609375 0.4140625
vt 0.3779296875 0.4267578125
vt 0.3974609375 0.4267578125
vt 0.3974609375 0.4140625
vt 0.3779296875 0.4140625
vt 0.3779296875 0.4267578125
vt 0.36328125 0.4267578125
vt 0.36328125 0.4462890625
vt 0.3779296875 0.4462890625
vt 0.392578125 0.4462890625
vt 0.3779296875 0.4462890625
vt 0.3779296875 0.4267578125
vt 0.392578125 0.4267578125
vn -1 7.850462293418871e-17 -2.2204460492503136e-16
vn 2.220446049250313e-16 -2.3551386880256624e-16 -1
vn 1 -7.850462293418871e-17 2.2204460492503136e-16
vn -2.220446049250313e-16 2.3551386880256624e-16 1
vn 7.850462293418882e-17 1 -2.355138688025663e-16
vn -7.850462293418882e-17 -1 2.355138688025663e-16
usemtl m_a520c05c-83fc-6d1a-7b60-0c8dd74607e0
f 492/1468/367 495/1467/367 493/1466/367 490/1465/367
f 491/1472/368 492/1471/368 490/1470/368 489/1469/368
f 496/1476/369 491/1475/369 489/1474/369 494/1473/369
f 495/1480/370 496/1479/370 494/1478/370 493/1477/370
f 494/1484/371 489/1483/371 490/1482/371 493/1481/371
f 495/1488/372 492/1487/372 491/1486/372 496/1485/372
o cube
v 0.4916798986233894 2.9700390896949536 -4.316456316760603
v 0.674912777143612 2.9559800081842598 -4.347103301427285
v 0.4461675934384902 2.336867932572998 -4.298103639419094
v 0.6294004719587127 2.3228088510623044 -4.328750624085776
v 0.5967361818688346 2.9481555176278618 -4.8109178524897676
v 0.413503303348612 2.962214599138555 -4.780270867823086
v 0.5512238766839354 2.314984360505906 -4.792565175148258
v 0.36799099816371283 2.3290434420165997 -4.761918190481577
vt 0.4140625 0.4462890625
vt 0.4208984375 0.4462890625
vt 0.4208984375 0.4365234375
vt 0.4140625 0.4365234375
vt 0.412109375 0.4462890625
vt 0.4140625 0.4462890625
vt 0.4140625 0.4365234375
vt 0.412109375 0.4365234375
vt 0.4228515625 0.4462890625
vt 0.4296875 0.4462890625
vt 0.4296875 0.4365234375
vt 0.4228515625 0.4365234375
vt 0.4208984375 0.4462890625
vt 0.4228515625 0.4462890625
vt 0.4228515625 0.4365234375
vt 0.4208984375 0.4365234375
vt 0.4208984375 0.4462890625
vt 0.4140625 0.4462890625
vt 0.4140625 0.4482421875
vt 0.4208984375 0.4482421875
vt 0.427734375 0.4482421875
vt 0.4208984375 0.4482421875
vt 0.4208984375 0.4462890625
vt 0.427734375 0.4462890625
vn 0.9834871622548363 -0.07546094505815126 -0.16449512895785195
vn 0.16618401360433627 0.016632922430315035 0.9859544713189251
vn -0.9834871622548363 0.07546094505815126 0.16449512895785195
vn -0.16618401360433627 -0.016632922430315035 -0.9859544713189251
vn 0.07166502146991535 0.9970100258584954 -0.028898668401135197
vn -0.07166502146991535 -0.9970100258584954 0.028898668401135197
usemtl m_a520c05c-83fc-6d1a-7b60-0c8dd74607e0
f 500/1492/373 503/1491/373 501/1490/373 498/1489/373
f 499/1496/374 500/1495/374 498/1494/374 497/1493/374
f 504/1500/375 499/1499/375 497/1498/375 502/1497/375
f 503/1504/376 504/1503/376 502/1502/376 501/1501/376
f 502/1508/377 497/1507/377 498/1506/377 501/1505/377
f 503/1512/378 500/1511/378 499/1510/378 504/1509/378
o cube
v -0.413503303348612 2.962214599138555 -4.780270867823086
v -0.5967361818688346 2.9481555176278618 -4.8109178524897676
v -0.36799099816371283 2.3290434420165997 -4.761918190481577
v -0.5512238766839354 2.314984360505906 -4.792565175148258
v -0.674912777143612 2.9559800081842598 -4.347103301427285
v -0.4916798986233894 2.9700390896949536 -4.316456316760603
v -0.6294004719587127 2.3228088510623044 -4.328750624085776
v -0.4461675934384902 2.336867932572998 -4.298103639419094
vt 0.4296875 0.365234375
vt 0.4365234375 0.365234375
vt 0.4365234375 0.35546875
vt 0.4296875 0.35546875
vt 0.427734375 0.365234375
vt 0.4296875 0.365234375
vt 0.4296875 0.35546875
vt 0.427734375 0.35546875
vt 0.4384765625 0.365234375
vt 0.4453125 0.365234375
vt 0.4453125 0.35546875
vt 0.4384765625 0.35546875
vt 0.4365234375 0.365234375
vt 0.4384765625 0.365234375
vt 0.4384765625 0.35546875
vt 0.4365234375 0.35546875
vt 0.4365234375 0.365234375
vt 0.4296875 0.365234375
vt 0.4296875 0.3671875
vt 0.4365234375 0.3671875
vt 0.443359375 0.3671875
vt 0.4365234375 0.3671875
vt 0.4365234375 0.365234375
vt 0.443359375 0.365234375
vn -0.9834871622548363 -0.07546094505815126 -0.16449512895785195
vn 0.16618401360433627 -0.016632922430315035 -0.9859544713189251
vn 0.9834871622548363 0.07546094505815126 0.16449512895785195
vn -0.16618401360433627 0.016632922430315035 0.9859544713189251
vn -0.07166502146991535 0.9970100258584954 -0.028898668401135197
vn 0.07166502146991535 -0.9970100258584954 0.028898668401135197
usemtl m_a520c05c-83fc-6d1a-7b60-0c8dd74607e0
f 508/1516/379 511/1515/379 509/1514/379 506/1513/379
f 507/1520/380 508/1519/380 506/1518/380 505/1517/380
f 512/1524/381 507/1523/381 505/1522/381 510/1521/381
f 511/1528/382 512/1527/382 510/1526/382 509/1525/382
f 510/1532/383 505/1531/383 506/1530/383 509/1529/383
f 511/1536/384 508/1535/384 507/1534/384 512/1533/384
o cube
v -0.1741699999999984 3.386277854781711 -3.647882225988755
v 0.17417062500000033 3.386277854781711 -3.647882225988755
v -0.17416999999999838 2.9557242658606975 -3.5325157395390483
v 0.17417062500000036 2.9557242658606975 -3.5325157395390483
v 0.17417062500000033 3.071299929749039 -4.823395845473309
v -0.1741699999999984 3.071299929749039 -4.823395845473309
v 0.17417062500000036 2.6407463408280254 -4.708029359023602
v -0.17416999999999838 2.6407463408280254 -4.708029359023602
vt 0.185546875 0.3369140625
vt 0.2041015625 0.3369140625
vt 0.2041015625 0.330078125
vt 0.185546875 0.330078125
vt 0.20703125 0.40234375
vt 0.212890625 0.40234375
vt 0.212890625 0.3955078125
vt 0.20703125 0.3955078125
vt 0.2041015625 0.3369140625
vt 0.22265625 0.3369140625
vt 0.22265625 0.330078125
vt 0.2041015625 0.330078125
vt 0.404296875 0.3779296875
vt 0.41015625 0.3779296875
vt 0.41015625 0.37109375
vt 0.404296875 0.37109375
vt 0.6826171875 0.650390625
vt 0.6640625 0.650390625
vt 0.6640625 0.65625
vt 0.6826171875 0.65625
vt 0.6826171875 0.5693359375
vt 0.6640625 0.5693359375
vt 0.6640625 0.5634765625
vt 0.6826171875 0.5634765625
vn 1 8.042948193196521e-17 -2.1551014731323638e-17
vn -2.1551014731323645e-17 0.25881904510252063 0.9659258262890683
vn -1 -8.042948193196521e-17 2.1551014731323638e-17
vn 2.1551014731323645e-17 -0.25881904510252063 -0.9659258262890683
vn -8.042948193196523e-17 0.9659258262890684 -0.25881904510252063
vn 8.042948193196523e-17 -0.9659258262890684 0.25881904510252063
usemtl m_a520c05c-83fc-6d1a-7b60-0c8dd74607e0
f 516/1540/385 519/1539/385 517/1538/385 514/1537/385
f 515/1544/386 516/1543/386 514/1542/386 513/1541/386
f 520/1548/387 515/1547/387 513/1546/387 518/1545/387
f 519/1552/388 520/1551/388 518/1550/388 517/1549/388
f 518/1556/389 513/1555/389 514/1554/389 517/1553/389
f 519/1560/390 516/1559/390 515/1558/390 520/1557/390
o cube
v -0.3570500000000005 1.2614943749999998 -2.298895
v 0.3570499999999995 1.2614943749999998 -2.298895
v -0.35705000000000053 1.3969281249999996 -2.298895
v 0.3570499999999994 1.3969281249999996 -2.298895
v 0.3570500000000011 1.2614943749999998 5.106269375
v -0.35704999999999887 1.2614943749999998 5.106269375
v 0.3570500000000011 1.3969281249999996 5.106269375
v -0.35704999999999887 1.3969281249999996 5.106269375
vt 0.3583984375 0.7978515625
vt 0.4736328125 0.7978515625
vt 0.4736328125 0.7958984375
vt 0.3583984375 0.7958984375
vt 0.34765625 0.7978515625
vt 0.3583984375 0.7978515625
vt 0.3583984375 0.7958984375
vt 0.34765625 0.7958984375
vt 0.484375 0.7978515625
vt 0.599609375 0.7978515625
vt 0.599609375 0.7958984375
vt 0.484375 0.7958984375
vt 0.4736328125 0.7978515625
vt 0.484375 0.7978515625
vt 0.484375 0.7958984375
vt 0.4736328125 0.7958984375
vt 0.4736328125 0.7978515625
vt 0.3583984375 0.7978515625
vt 0.3583984375 0.80859375
vt 0.4736328125 0.80859375
vt 0.5888671875 0.80859375
vt 0.4736328125 0.80859375
vt 0.4736328125 0.7978515625
vt 0.5888671875 0.7978515625
vn 1 1.2246467991473532e-16 -2.220446049250313e-16
vn -2.220446049250313e-16 -2.719262146893782e-32 -1
vn -1 -1.2246467991473532e-16 2.220446049250313e-16
vn 2.220446049250313e-16 2.719262146893782e-32 1
vn 1.2246467991473532e-16 -1 -2.5407181807812022e-33
vn -1.2246467991473532e-16 1 2.5407181807812022e-33
usemtl m_a520c05c-83fc-6d1a-7b60-0c8dd74607e0
f 524/1564/391 527/1563/391 525/1562/391 522/1561/391
f 523/1568/392 524/1567/392 522/1566/392 521/1565/392
f 528/1572/393 523/1571/393 521/1570/393 526/1569/393
f 527/1576/394 528/1575/394 526/1574/394 525/1573/394
f 526/1580/395 521/1579/395 522/1578/395 525/1577/395
f 527/1584/396 524/1583/396 523/1582/396 528/1581/396
o cube
v -1.0167925262964097 1.5347681305963046 -2.2988943749999997
v -0.35705015213009994 1.261493891544394 -2.2988943749999997
v -0.9649645131654793 1.6598920228078478 -2.2988943749999997
v -0.3052221389991695 1.3866177837559372 -2.2988943749999997
v -0.3570501521300983 1.2614938915443934 5.106269374999999
v -1.016792526296408 1.5347681305963041 5.106269374999999
v -0.30522213899916784 1.3866177837559366 5.106269374999999
v -0.9649645131654776 1.659892022807847 5.106269374999999
vt 0.3583984375 0.78515625
vt 0.4736328125 0.78515625
vt 0.4736328125 0.783203125
vt 0.3583984375 0.783203125
vt 0.34765625 0.78515625
vt 0.3583984375 0.78515625
vt 0.3583984375 0.783203125
vt 0.34765625 0.783203125
vt 0.484375 0.78515625
vt 0.599609375 0.78515625
vt 0.599609375 0.783203125
vt 0.484375 0.783203125
vt 0.4736328125 0.78515625
vt 0.484375 0.78515625
vt 0.484375 0.783203125
vt 0.4736328125 0.783203125
vt 0.4736328125 0.78515625
vt 0.3583984375 0.78515625
vt 0.3583984375 0.7958984375
vt 0.4736328125 0.7958984375
vt 0.5888671875 0.7958984375
vt 0.4736328125 0.7958984375
vt 0.4736328125 0.78515625
vt 0.5888671875 0.78515625
vn 0.9238795325112866 -0.38268343236508984 -2.3700726262636426e-16
vn -1.9452086685093367e-16 1.1061559977521027e-16 -1
vn -0.9238795325112866 0.38268343236508984 2.3700726262636426e-16
vn 1.9452086685093367e-16 -1.1061559977521027e-16 1
vn -0.38268343236508984 -0.9238795325112867 8.04436687781459e-18
vn 0.38268343236508984 0.9238795325112867 -8.04436687781459e-18
usemtl m_a520c05c-83fc-6d1a-7b60-0c8dd74607e0
f 532/1588/397 535/1587/397 533/1586/397 530/1585/397
f 531/1592/398 532/1591/398 530/1590/398 529/1589/398
f 536/1596/399 531/1595/399 529/1594/399 534/1593/399
f 535/1600/400 536/1599/400 534/1598/400 533/1597/400
f 534/1604/401 529/1603/401 530/1602/401 533/1601/401
f 535/1608/402 532/1607/402 531/1606/402 536/1605/402
o cube
v 1.016792526296408 1.5347681305963041 5.106269374999998
v 0.3570501521300983 1.2614938915443934 5.106269374999998
v 0.9649645131654776 1.659892022807847 5.106269374999998
v 0.30522213899916784 1.3866177837559366 5.106269374999998
v 0.35705015213009994 1.261493891544394 -2.2988943749999997
v 1.0167925262964097 1.5347681305963046 -2.2988943749999997
v 0.3052221389991695 1.3866177837559372 -2.2988943749999997
v 0.9649645131654793 1.6598920228078478 -2.2988943749999997
vt 0.1943359375 0.6328125
vt 0.3095703125 0.6328125
vt 0.3095703125 0.630859375
vt 0.1943359375 0.630859375
vt 0.18359375 0.6328125
vt 0.1943359375 0.6328125
vt 0.1943359375 0.630859375
vt 0.18359375 0.630859375
vt 0.3203125 0.6328125
vt 0.435546875 0.6328125
vt 0.435546875 0.630859375
vt 0.3203125 0.630859375
vt 0.3095703125 0.6328125
vt 0.3203125 0.6328125
vt 0.3203125 0.630859375
vt 0.3095703125 0.630859375
vt 0.3095703125 0.6328125
vt 0.1943359375 0.6328125
vt 0.1943359375 0.6435546875
vt 0.3095703125 0.6435546875
vt 0.4248046875 0.6435546875
vt 0.3095703125 0.6435546875
vt 0.3095703125 0.6328125
vt 0.4248046875 0.6328125
vn -0.9238795325112866 -0.38268343236508984 -2.3700726262636426e-16
vn -1.9452086685093367e-16 -1.1061559977521027e-16 1
vn 0.9238795325112866 0.38268343236508984 2.3700726262636426e-16
vn 1.9452086685093367e-16 1.1061559977521027e-16 -1
vn 0.38268343236508984 -0.9238795325112867 8.04436687781459e-18
vn -0.38268343236508984 0.9238795325112867 -8.04436687781459e-18
usemtl m_a520c05c-83fc-6d1a-7b60-0c8dd74607e0
f 540/1612/403 543/1611/403 541/1610/403 538/1609/403
f 539/1616/404 540/1615/404 538/1614/404 537/1613/404
f 544/1620/405 539/1619/405 537/1618/405 542/1617/405
f 543/1624/406 544/1623/406 542/1622/406 541/1621/406
f 542/1628/407 537/1627/407 538/1626/407 541/1625/407
f 543/1632/408 540/1631/408 539/1630/408 544/1629/408
o cube
v -0.8293668750000006 1.928126250000001 -2.298895
v 0.8293656249999998 1.9281262500000012 -2.298895
v -0.8293668750000006 2.1735918750000005 -2.298895
v 0.8293656249999996 2.1735918750000005 -2.298895
v 0.8293656250000013 1.9281262500000012 5.106269375
v -0.829366874999999 1.928126250000001 5.106269375
v 0.8293656250000013 2.1735918750000005 5.106269375
v -0.829366874999999 2.1735918750000005 5.106269375
vt 0.291015625 0.751953125
vt 0.40625 0.751953125
vt 0.40625 0.7490234375
vt 0.291015625 0.7490234375
vt 0.265625 0.751953125
vt 0.291015625 0.751953125
vt 0.291015625 0.7490234375
vt 0.265625 0.7490234375
vt 0.431640625 0.751953125
vt 0.546875 0.751953125
vt 0.546875 0.7490234375
vt 0.431640625 0.7490234375
vt 0.40625 0.751953125
vt 0.431640625 0.751953125
vt 0.431640625 0.7490234375
vt 0.40625 0.7490234375
vt 0.40625 0.751953125
vt 0.291015625 0.751953125
vt 0.291015625 0.77734375
vt 0.40625 0.77734375
vt 0.521484375 0.77734375
vt 0.40625 0.77734375
vt 0.40625 0.751953125
vt 0.521484375 0.751953125
vn 1 1.2246467991473532e-16 -2.220446049250313e-16
vn -2.220446049250313e-16 -2.719262146893782e-32 -1
vn -1 -1.2246467991473532e-16 2.220446049250313e-16
vn 2.220446049250313e-16 2.719262146893782e-32 1
vn 1.2246467991473532e-16 -1 -2.5407181807812022e-33
vn -1.2246467991473532e-16 1 2.5407181807812022e-33
usemtl m_a520c05c-83fc-6d1a-7b60-0c8dd74607e0
f 548/1636/409 551/1635/409 549/1634/409 546/1633/409
f 547/1640/410 548/1639/410 546/1638/410 545/1637/410
f 552/1644/411 547/1643/411 545/1642/411 550/1641/411
f 551/1648/412 552/1647/412 550/1646/412 549/1645/412
f 550/1652/413 545/1651/413 546/1650/413 549/1649/413
f 551/1656/414 548/1655/414 547/1654/414 552/1653/414
o cube
v 1.016793125 1.8639781249999992 5.106269375
v 1.0167931250000002 1.5347687499999991 5.106269375
v 0.8813599999999996 1.8639781249999992 5.106269375
v 0.8813599999999997 1.5347687499999991 5.106269375
v 1.0167931250000002 1.534768750000001 -2.298895
v 1.016793125 1.8639781250000007 -2.298895
v 0.8813599999999997 1.534768750000001 -2.298895
v 0.8813599999999996 1.8639781250000007 -2.298895
vt 0.1884765625 0.6259765625
vt 0.3037109375 0.6259765625
vt 0.3037109375 0.6240234375
vt 0.1884765625 0.6240234375
vt 0.18359375 0.6259765625
vt 0.1884765625 0.6259765625
vt 0.1884765625 0.6240234375
vt 0.18359375 0.6240234375
vt 0.30859375 0.6259765625
vt 0.423828125 0.6259765625
vt 0.423828125 0.6240234375
vt 0.30859375 0.6240234375
vt 0.3037109375 0.6259765625
vt 0.30859375 0.6259765625
vt 0.30859375 0.6240234375
vt 0.3037109375 0.6240234375
vt 0.3037109375 0.6259765625
vt 0.1884765625 0.6259765625
vt 0.1884765625 0.630859375
vt 0.3037109375 0.630859375
vt 0.4189453125 0.630859375
vt 0.3037109375 0.630859375
vt 0.3037109375 0.6259765625
vt 0.4189453125 0.6259765625
vn 2.220446049250313e-16 -1 -2.220446049250313e-16
vn 4.930380657631324e-32 -2.220446049250313e-16 1
vn -2.220446049250313e-16 1 2.220446049250313e-16
vn -4.930380657631324e-32 2.220446049250313e-16 -1
vn 1 2.220446049250313e-16 4.930380657631324e-32
vn -1 -2.220446049250313e-16 -4.930380657631324e-32
usemtl m_a520c05c-83fc-6d1a-7b60-0c8dd74607e0
f 556/1660/415 559/1659/415 557/1658/415 554/1657/415
f 555/1664/416 556/1663/416 554/1662/416 553/1661/416
f 560/1668/417 555/1667/417 553/1666/417 558/1665/417
f 559/1672/418 560/1671/418 558/1670/418 557/1669/418
f 558/1676/419 553/1675/419 554/1674/419 557/1673/419
f 559/1680/420 556/1679/420 555/1678/420 560/1677/420
o cube
v 0.8293665505632656 2.051404812727516 5.106269375000001
v 1.0167931578680485 1.8639782054227334 5.106269375000001
v 0.7336008694784799 1.9556391316427304 5.106269375000001
v 0.9210274767832628 1.7682125243379476 5.106269375000001
v 1.016793157868047 1.8639782054227343 -2.298895
v 0.829366550563264 2.051404812727517 -2.298895
v 0.9210274767832611 1.7682125243379485 -2.298895
v 0.7336008694784784 1.9556391316427313 -2.298895
vt 0.3515625 0.779296875
vt 0.466796875 0.779296875
vt 0.466796875 0.77734375
vt 0.3515625 0.77734375
vt 0.34765625 0.779296875
vt 0.3515625 0.779296875
vt 0.3515625 0.77734375
vt 0.34765625 0.77734375
vt 0.470703125 0.779296875
vt 0.5859375 0.779296875
vt 0.5859375 0.77734375
vt 0.470703125 0.77734375
vt 0.466796875 0.779296875
vt 0.470703125 0.779296875
vt 0.470703125 0.77734375
vt 0.466796875 0.77734375
vt 0.466796875 0.779296875
vt 0.3515625 0.779296875
vt 0.3515625 0.783203125
vt 0.466796875 0.783203125
vt 0.58203125 0.783203125
vt 0.466796875 0.783203125
vt 0.466796875 0.779296875
vt 0.58203125 0.779296875
vn 0.7071067811865476 -0.7071067811865475 -2.355138688025663e-16
vn 2.3551386880256634e-16 -2.355138688025663e-16 1
vn -0.7071067811865476 0.7071067811865475 2.355138688025663e-16
vn -2.3551386880256634e-16 2.355138688025663e-16 -1
vn 0.7071067811865476 0.7071067811865476 -7.850462293418876e-17
vn -0.7071067811865476 -0.7071067811865476 7.850462293418876e-17
usemtl m_a520c05c-83fc-6d1a-7b60-0c8dd74607e0
f 564/1684/421 567/1683/421 565/1682/421 562/1681/421
f 563/1688/422 564/1687/422 562/1686/422 561/1685/422
f 568/1692/423 563/1691/423 561/1690/423 566/1689/423
f 567/1696/424 568/1695/424 566/1694/424 565/1693/424
f 566/1700/425 561/1699/425 562/1698/425 565/1697/425
f 567/1704/426 564/1703/426 563/1702/426 568/1701/426
o cube
v -1.016793125 1.8639781250000007 -2.298895
v -1.0167931250000002 1.534768750000001 -2.298895
v -0.8813599999999996 1.8639781250000007 -2.298895
v -0.8813599999999997 1.534768750000001 -2.298895
v -1.0167931250000002 1.5347687499999991 5.106269375
v -1.016793125 1.8639781249999992 5.106269375
v -0.8813599999999997 1.5347687499999991 5.106269375
v -0.8813599999999996 1.8639781249999992 5.106269375
vt 0.1884765625 0.619140625
vt 0.3037109375 0.619140625
vt 0.3037109375 0.6171875
vt 0.1884765625 0.6171875
vt 0.18359375 0.619140625
vt 0.1884765625 0.619140625
vt 0.1884765625 0.6171875
vt 0.18359375 0.6171875
vt 0.30859375 0.619140625
vt 0.423828125 0.619140625
vt 0.423828125 0.6171875
vt 0.30859375 0.6171875
vt 0.3037109375 0.619140625
vt 0.30859375 0.619140625
vt 0.30859375 0.6171875
vt 0.3037109375 0.6171875
vt 0.3037109375 0.619140625
vt 0.1884765625 0.619140625
vt 0.1884765625 0.6240234375
vt 0.3037109375 0.6240234375
vt 0.4189453125 0.6240234375
vt 0.3037109375 0.6240234375
vt 0.3037109375 0.619140625
vt 0.4189453125 0.619140625
vn -2.220446049250313e-16 -1 -2.220446049250313e-16
vn 4.930380657631324e-32 2.220446049250313e-16 -1
vn 2.220446049250313e-16 1 2.220446049250313e-16
vn -4.930380657631324e-32 -2.220446049250313e-16 1
vn -1 2.220446049250313e-16 4.930380657631324e-32
vn 1 -2.220446049250313e-16 -4.930380657631324e-32
usemtl m_a520c05c-83fc-6d1a-7b60-0c8dd74607e0
f 572/1708/427 575/1707/427 573/1706/427 570/1705/427
f 571/1712/428 572/1711/428 570/1710/428 569/1709/428
f 576/1716/429 571/1715/429 569/1714/429 574/1713/429
f 575/1720/430 576/1719/430 574/1718/430 573/1717/430
f 574/1724/431 569/1723/431 570/1722/431 573/1721/431
f 575/1728/432 572/1727/432 571/1726/432 576/1725/432
o cube
v -0.829366550563264 2.051404812727517 -2.298895
v -1.016793157868047 1.8639782054227343 -2.298895
v -0.7336008694784784 1.9556391316427313 -2.298895
v -0.9210274767832611 1.7682125243379485 -2.298895
v -1.0167931578680485 1.8639782054227334 5.106269375
v -0.8293665505632656 2.051404812727516 5.106269375
v -0.9210274767832628 1.7682125243379476 5.106269375
v -0.7336008694784799 1.9556391316427304 5.106269375
vt 0.390625 0.99609375
vt 0.505859375 0.99609375
vt 0.505859375 0.994140625
vt 0.390625 0.994140625
vt 0.38671875 0.99609375
vt 0.390625 0.99609375
vt 0.390625 0.994140625
vt 0.38671875 0.994140625
vt 0.509765625 0.99609375
vt 0.625 0.99609375
vt 0.625 0.994140625
vt 0.509765625 0.994140625
vt 0.505859375 0.99609375
vt 0.509765625 0.99609375
vt 0.509765625 0.994140625
vt 0.505859375 0.994140625
vt 0.505859375 0.99609375
vt 0.390625 0.99609375
vt 0.390625 1
vt 0.505859375 1
vt 0.62109375 1
vt 0.505859375 1
vt 0.505859375 0.99609375
vt 0.62109375 0.99609375
vn -0.7071067811865476 -0.7071067811865475 -2.355138688025663e-16
vn 2.3551386880256634e-16 2.355138688025663e-16 -1
vn 0.7071067811865476 0.7071067811865475 2.355138688025663e-16
vn -2.3551386880256634e-16 -2.355138688025663e-16 1
vn -0.7071067811865476 0.7071067811865476 -7.850462293418876e-17
vn 0.7071067811865476 -0.7071067811865476 7.850462293418876e-17
usemtl m_a520c05c-83fc-6d1a-7b60-0c8dd74607e0
f 580/1732/433 583/1731/433 581/1730/433 578/1729/433
f 579/1736/434 580/1735/434 578/1734/434 577/1733/434
f 584/1740/435 579/1739/435 577/1738/435 582/1737/435
f 583/1744/436 584/1743/436 582/1742/436 581/1741/436
f 582/1748/437 577/1747/437 578/1746/437 581/1745/437
f 583/1752/438 580/1751/438 579/1750/438 584/1749/438
o cube
v -0.9526443750000005 2.184720000000001 -2.2988943750000006
v -0.9526443750000007 1.9196587500000009 -2.2988943750000006
v -0.8172112500000001 2.184720000000001 -2.2988943750000006
v -0.8172112500000002 1.9196587500000009 -2.2988943750000006
v -0.9526443750000007 1.919658749999999 5.106269375
v -0.9526443750000005 2.184719999999999 5.106269375
v -0.8172112500000002 1.919658749999999 5.106269375
v -0.8172112500000001 2.184719999999999 5.106269375
vt 0.390625 0.990234375
vt 0.505859375 0.990234375
vt 0.505859375 0.98828125
vt 0.390625 0.98828125
vt 0.38671875 0.990234375
vt 0.390625 0.990234375
vt 0.390625 0.98828125
vt 0.38671875 0.98828125
vt 0.509765625 0.990234375
vt 0.625 0.990234375
vt 0.625 0.98828125
vt 0.509765625 0.98828125
vt 0.505859375 0.990234375
vt 0.509765625 0.990234375
vt 0.509765625 0.98828125
vt 0.505859375 0.98828125
vt 0.505859375 0.990234375
vt 0.390625 0.990234375
vt 0.390625 0.994140625
vt 0.505859375 0.994140625
vt 0.62109375 0.994140625
vt 0.505859375 0.994140625
vt 0.505859375 0.990234375
vt 0.62109375 0.990234375
vn -2.220446049250313e-16 -1 -2.220446049250313e-16
vn 4.930380657631324e-32 2.220446049250313e-16 -1
vn 2.220446049250313e-16 1 2.220446049250313e-16
vn -4.930380657631324e-32 -2.220446049250313e-16 1
vn -1 2.220446049250313e-16 4.930380657631324e-32
vn 1 -2.220446049250313e-16 -4.930380657631324e-32
usemtl m_a520c05c-83fc-6d1a-7b60-0c8dd74607e0
f 588/1756/439 591/1755/439 589/1754/439 586/1753/439
f 587/1760/440 588/1759/440 586/1758/440 585/1757/440
f 592/1764/441 587/1763/441 585/1762/441 590/1761/441
f 591/1768/442 592/1767/442 590/1766/442 589/1765/442
f 590/1772/443 585/1771/443 586/1770/443 589/1769/443
f 591/1776/444 588/1775/444 587/1774/444 592/1773/444
o cube
v 0.9526443750000005 2.184719999999999 5.106269375
v 0.9526443750000007 1.919658749999999 5.106269375
v 0.8172112500000001 2.184719999999999 5.106269375
v 0.8172112500000002 1.919658749999999 5.106269375
v 0.9526443750000007 1.9196587500000009 -2.2988943750000006
v 0.9526443750000005 2.184720000000001 -2.2988943750000006
v 0.8172112500000002 1.9196587500000009 -2.2988943750000006
v 0.8172112500000001 2.184720000000001 -2.2988943750000006
vt 0.390625 0.984375
vt 0.505859375 0.984375
vt 0.505859375 0.982421875
vt 0.390625 0.982421875
vt 0.38671875 0.984375
vt 0.390625 0.984375
vt 0.390625 0.982421875
vt 0.38671875 0.982421875
vt 0.509765625 0.984375
vt 0.625 0.984375
vt 0.625 0.982421875
vt 0.509765625 0.982421875
vt 0.505859375 0.984375
vt 0.509765625 0.984375
vt 0.509765625 0.982421875
vt 0.505859375 0.982421875
vt 0.505859375 0.984375
vt 0.390625 0.984375
vt 0.390625 0.98828125
vt 0.505859375 0.98828125
vt 0.62109375 0.98828125
vt 0.505859375 0.98828125
vt 0.505859375 0.984375
vt 0.62109375 0.984375
vn 2.220446049250313e-16 -1 -2.220446049250313e-16
vn 4.930380657631324e-32 -2.220446049250313e-16 1
vn -2.220446049250313e-16 1 2.220446049250313e-16
vn -4.930380657631324e-32 2.220446049250313e-16 -1
vn 1 2.220446049250313e-16 4.930380657631324e-32
vn -1 -2.220446049250313e-16 -4.930380657631324e-32
usemtl m_a520c05c-83fc-6d1a-7b60-0c8dd74607e0
f 596/1780/445 599/1779/445 597/1778/445 594/1777/445
f 595/1784/446 596/1783/446 594/1782/446 593/1781/446
f 600/1788/447 595/1787/447 593/1786/447 598/1785/447
f 599/1792/448 600/1791/448 598/1790/448 597/1789/448
f 598/1796/449 593/1795/449 594/1794/449 597/1793/449
f 599/1800/450 596/1799/450 595/1798/450 600/1797/450
o cube
v -0.8293662499999988 1.925589633931864 5.048168178740008
v 0.8293668749999987 1.9255896339318646 5.048168178740008
v -0.8293662499999988 2.048398648447556 5.0374237821910945
v 0.8293668749999987 2.048398648447556 5.0374237821910945
v 0.8293668749999984 2.072852225720767 6.731387305127353
v -0.8293662499999991 2.0728522257207667 6.731387305127353
v 0.8293668749999984 2.1956612402364586 6.72064290857844
v -0.8293662499999991 2.195661240236458 6.72064290857844
vt 0.51171875 0.5615234375
vt 0.5380859375 0.5615234375
vt 0.5380859375 0.560546875
vt 0.51171875 0.560546875
vt 0.486328125 0.5615234375
vt 0.51171875 0.5615234375
vt 0.51171875 0.560546875
vt 0.486328125 0.560546875
vt 0.5634765625 0.5615234375
vt 0.58984375 0.5615234375
vt 0.58984375 0.560546875
vt 0.5634765625 0.560546875
vt 0.5380859375 0.5615234375
vt 0.5634765625 0.5615234375
vt 0.5634765625 0.560546875
vt 0.5380859375 0.560546875
vt 0.5380859375 0.5615234375
vt 0.51171875 0.5615234375
vt 0.51171875 0.5869140625
vt 0.5380859375 0.5869140625
vt 0.564453125 0.5869140625
vt 0.5380859375 0.5869140625
vt 0.5380859375 0.5615234375
vt 0.564453125 0.5615234375
vn 1 2.474646099492375e-16 2.012424312487988e-16
vn 2.1166755821478158e-17 -0.08715574274765833 -0.9961946980917457
vn -1 -2.474646099492375e-16 -2.012424312487988e-16
vn -2.1166755821478158e-17 0.08715574274765833 0.9961946980917457
vn 2.4193712611927304e-16 -0.9961946980917455 0.08715574274765832
vn -2.4193712611927304e-16 0.9961946980917455 -0.08715574274765832
usemtl m_a520c05c-83fc-6d1a-7b60-0c8dd74607e0
f 604/1804/451 607/1803/451 605/1802/451 602/1801/451
f 603/1808/452 604/1807/452 602/1806/452 601/1805/452
f 608/1812/453 603/1811/453 601/1810/453 606/1809/453
f 607/1816/454 608/1815/454 606/1814/454 605/1813/454
f 606/1820/455 601/1819/455 602/1818/455 605/1817/455
f 607/1824/456 604/1823/456 603/1822/456 608/1821/456
o cube
v -0.8293664275371773 2.048399163282469 5.037423737148876
v -1.0167930348419592 1.861685770804122 5.0537590423191965
v -0.7336007464523916 1.9529978995266608 5.045770266213555
v -0.9210273537571734 1.7662845070483135 5.062105571383877
v -1.0167930348419598 2.057973467888582 7.29733768638315
v -0.8293664275371779 2.2446868603669294 7.2810023812128275
v -0.9210273537571739 1.962572204132774 7.30568421544783
v -0.7336007464523921 2.1492855966111213 7.289348910277507
vt 0.58203125 0.8125
vt 0.6171875 0.8125
vt 0.6171875 0.810546875
vt 0.58203125 0.810546875
vt 0.578125 0.8125
vt 0.58203125 0.8125
vt 0.58203125 0.810546875
vt 0.578125 0.810546875
vt 0.62109375 0.8125
vt 0.65625 0.8125
vt 0.65625 0.810546875
vt 0.62109375 0.810546875
vt 0.6171875 0.8125
vt 0.62109375 0.8125
vt 0.62109375 0.810546875
vt 0.6171875 0.810546875
vt 0.6171875 0.8125
vt 0.58203125 0.8125
vt 0.58203125 0.81640625
vt 0.6171875 0.81640625
vt 0.65234375 0.81640625
vt 0.6171875 0.81640625
vt 0.6171875 0.8125
vt 0.65234375 0.8125
vn -0.7071067811865477 -0.7044160264027587 0.06162841671621933
vn 1.4571677198205182e-16 -0.08715574274765829 -0.9961946980917455
vn 0.7071067811865477 0.7044160264027587 -0.06162841671621933
vn -1.4571677198205182e-16 0.08715574274765829 0.9961946980917455
vn -0.7071067811865476 0.7044160264027587 -0.06162841671621965
vn 0.7071067811865476 -0.7044160264027587 0.06162841671621965
usemtl m_a520c05c-83fc-6d1a-7b60-0c8dd74607e0
f 612/1828/457 615/1827/457 613/1826/457 610/1825/457
f 611/1832/458 612/1831/458 610/1830/458 609/1829/458
f 616/1836/459 611/1835/459 609/1834/459 614/1833/459
f 615/1840/460 616/1839/460 614/1838/460 613/1837/460
f 614/1844/461 609/1843/461 610/1842/461 613/1841/461
f 615/1848/462 612/1847/462 611/1846/462 616/1845/462
o cube
v -1.0167931249999997 1.8616856119143375 5.053759056220254
v -1.0167931249999997 1.5337289779772425 5.0824515438178715
v -0.6889143749999999 1.8616856119143375 5.053759056220253
v -0.6889143749999999 1.5337289779772425 5.082451543817871
v -1.0167931249999997 1.7300166750617028 7.326030187881822
v -1.0167931249999997 2.0579733089987977 7.297337700284205
v -0.6889143749999999 1.7300166750617028 7.326030187881822
v -0.6889143749999999 2.0579733089987977 7.297337700284205
vt 0.5830078125 0.8408203125
vt 0.6181640625 0.8408203125
vt 0.6181640625 0.8359375
vt 0.5830078125 0.8359375
vt 0.578125 0.8408203125
vt 0.5830078125 0.8408203125
vt 0.5830078125 0.8359375
vt 0.578125 0.8359375
vt 0.623046875 0.8408203125
vt 0.658203125 0.8408203125
vt 0.658203125 0.8359375
vt 0.623046875 0.8359375
vt 0.6181640625 0.8408203125
vt 0.623046875 0.8408203125
vt 0.623046875 0.8359375
vt 0.6181640625 0.8359375
vt 0.6181640625 0.8408203125
vt 0.5830078125 0.8408203125
vt 0.5830078125 0.845703125
vt 0.6181640625 0.845703125
vt 0.6533203125 0.845703125
vt 0.6181640625 0.845703125
vt 0.6181640625 0.8408203125
vt 0.6533203125 0.8408203125
vn 2.4190578081689323e-17 -0.9961946980917455 0.08715574274765833
vn -2.764995727077407e-16 -0.08715574274765817 -0.9961946980917455
vn -2.4190578081689323e-17 0.9961946980917455 -0.08715574274765833
vn 2.764995727077407e-16 0.08715574274765817 0.9961946980917455
vn -1 -2.764995727077407e-16 2.4190578081689323e-17
vn 1 2.764995727077407e-16 -2.4190578081689323e-17
usemtl m_a520c05c-83fc-6d1a-7b60-0c8dd74607e0
f 620/1852/463 623/1851/463 621/1850/463 618/1849/463
f 619/1856/464 620/1855/464 618/1854/464 617/1853/464
f 624/1860/465 619/1859/465 617/1858/465 622/1857/465
f 623/1864/466 624/1863/466 622/1862/466 621/1861/466
f 622/1868/467 617/1867/467 618/1866/467 621/1865/467
f 623/1872/468 620/1871/468 619/1870/468 624/1869/468
o cube
v 0.8293664275371779 2.244686914839269 7.281003003834513
v 1.0167930348419598 2.0579735223609217 7.297338309004836
v 0.7336007464523921 2.1492856510834604 7.289349532899194
v 0.9210273537571739 1.962572258605113 7.305684838069515
v 1.0167930348419592 1.8616858252764612 5.053759664940883
v 0.8293664275371773 2.0483992177548083 5.0374243597705615
v 0.9210273537571734 1.7662845615206528 5.062106194005564
v 0.7336007464523916 1.9529979539990001 5.045770888835241
vt 0.1640625 0.412109375
vt 0.19921875 0.412109375
vt 0.19921875 0.41015625
vt 0.1640625 0.41015625
vt 0.16015625 0.412109375
vt 0.1640625 0.412109375
vt 0.1640625 0.41015625
vt 0.16015625 0.41015625
vt 0.203125 0.412109375
vt 0.23828125 0.412109375
vt 0.23828125 0.41015625
vt 0.203125 0.41015625
vt 0.19921875 0.412109375
vt 0.203125 0.412109375
vt 0.203125 0.41015625
vt 0.19921875 0.41015625
vt 0.19921875 0.412109375
vt 0.1640625 0.412109375
vt 0.1640625 0.416015625
vt 0.19921875 0.416015625
vt 0.234375 0.416015625
vt 0.19921875 0.416015625
vt 0.19921875 0.412109375
vt 0.234375 0.412109375
vn 0.7071067811865477 -0.7044160264027587 0.06162841671621933
vn 1.4571677198205182e-16 0.08715574274765829 0.9961946980917455
vn -0.7071067811865477 0.7044160264027587 -0.06162841671621933
vn -1.4571677198205182e-16 -0.08715574274765829 -0.9961946980917455
vn 0.7071067811865476 0.7044160264027587 -0.06162841671621965
vn -0.7071067811865476 -0.7044160264027587 0.06162841671621965
usemtl m_a520c05c-83fc-6d1a-7b60-0c8dd74607e0
f 628/1876/469 631/1875/469 629/1874/469 626/1873/469
f 627/1880/470 628/1879/470 626/1878/470 625/1877/470
f 632/1884/471 627/1883/471 625/1882/471 630/1881/471
f 631/1888/472 632/1887/472 630/1886/472 629/1885/472
f 630/1892/473 625/1891/473 626/1890/473 629/1889/473
f 631/1896/474 628/1895/474 627/1894/474 632/1893/474
o cube
v 1.0167931249999997 2.057973363471137 7.297338322905891
v 1.0167931249999997 1.730016729534042 7.326030810503508
v 0.6889143749999999 2.057973363471137 7.297338322905891
v 0.6889143749999999 1.730016729534042 7.326030810503508
v 1.0167931249999997 1.5337290324495818 5.082452166439557
v 1.0167931249999997 1.8616856663866768 5.05375967884194
v 0.6889143749999999 1.5337290324495818 5.082452166439557
v 0.6889143749999999 1.8616856663866768 5.053759678841939
vt 0.5830078125 0.8310546875
vt 0.6181640625 0.8310546875
vt 0.6181640625 0.826171875
vt 0.5830078125 0.826171875
vt 0.578125 0.8310546875
vt 0.5830078125 0.8310546875
vt 0.5830078125 0.826171875
vt 0.578125 0.826171875
vt 0.623046875 0.8310546875
vt 0.658203125 0.8310546875
vt 0.658203125 0.826171875
vt 0.623046875 0.826171875
vt 0.6181640625 0.8310546875
vt 0.623046875 0.8310546875
vt 0.623046875 0.826171875
vt 0.6181640625 0.826171875
vt 0.6181640625 0.8310546875
vt 0.5830078125 0.8310546875
vt 0.5830078125 0.8359375
vt 0.6181640625 0.8359375
vt 0.6533203125 0.8359375
vt 0.6181640625 0.8359375
vt 0.6181640625 0.8310546875
vt 0.6533203125 0.8310546875
vn -2.4190578081689323e-17 -0.9961946980917455 0.08715574274765833
vn -2.764995727077407e-16 0.08715574274765817 0.9961946980917455
vn 2.4190578081689323e-17 0.9961946980917455 -0.08715574274765833
vn 2.764995727077407e-16 -0.08715574274765817 -0.9961946980917455
vn 1 -2.764995727077407e-16 2.4190578081689323e-17
vn -1 2.764995727077407e-16 -2.4190578081689323e-17
usemtl m_a520c05c-83fc-6d1a-7b60-0c8dd74607e0
f 636/1900/475 639/1899/475 637/1898/475 634/1897/475
f 635/1904/476 636/1903/476 634/1902/476 633/1901/476
f 640/1908/477 635/1907/477 633/1906/477 638/1905/477
f 639/1912/478 640/1911/478 638/1910/478 637/1909/478
f 638/1916/479 633/1915/479 634/1914/479 637/1913/479
f 639/1920/480 636/1919/480 635/1918/480 640/1917/480
o cube
v 1.016793316957629 1.7300158096516203 7.326030890982792
v 0.35705036536661117 1.4577812233160468 7.349848331106824
v 0.9649650646495538 1.8546641429047945 7.315125574895737
v 0.30522211305853575 1.582429556569221 7.33894301501977
v 0.3570503653666106 1.2614935262315867 5.1062696870428725
v 1.0167933169576286 1.5337281125671602 5.082452246918841
v 0.3052221130585353 1.3861418594847608 5.095364370955819
v 0.9649650646495533 1.6583764458203343 5.071546930831786
vt 0.5517578125 0.611328125
vt 0.5869140625 0.611328125
vt 0.5869140625 0.609375
vt 0.5517578125 0.609375
vt 0.541015625 0.611328125
vt 0.5517578125 0.611328125
vt 0.5517578125 0.609375
vt 0.541015625 0.609375
vt 0.59765625 0.611328125
vt 0.6328125 0.611328125
vt 0.6328125 0.609375
vt 0.59765625 0.609375
vt 0.5869140625 0.611328125
vt 0.59765625 0.611328125
vt 0.59765625 0.609375
vt 0.5869140625 0.609375
vt 0.5869140625 0.611328125
vt 0.5517578125 0.611328125
vt 0.5517578125 0.6220703125
vt 0.5869140625 0.6220703125
vt 0.6220703125 0.6220703125
vt 0.5869140625 0.6220703125
vt 0.5869140625 0.611328125
vt 0.6220703125 0.611328125
vn -0.923879532511287 -0.38122720636965335 0.03335305878500284
vn -6.938893903907231e-18 0.08715574274765828 0.9961946980917455
vn 0.923879532511287 0.38122720636965335 -0.03335305878500284
vn 6.938893903907231e-18 -0.08715574274765828 -0.9961946980917455
vn 0.38268343236508956 -0.9203638919632245 0.08052140686538045
vn -0.38268343236508956 0.9203638919632245 -0.08052140686538045
usemtl m_a520c05c-83fc-6d1a-7b60-0c8dd74607e0
f 644/1924/481 647/1923/481 645/1922/481 642/1921/481
f 643/1928/482 644/1927/482 642/1926/482 641/1925/482
f 648/1932/483 643/1931/483 641/1930/483 646/1929/483
f 647/1936/484 648/1935/484 646/1934/484 645/1933/484
f 646/1940/485 641/1939/485 642/1938/485 645/1937/485
f 647/1944/486 644/1943/486 643/1942/486 648/1941/486
o cube
v -1.0167933169576286 1.533728058094821 5.082451624297154
v -0.3570503653666106 1.2614934717592474 5.106269064421186
v -0.9649650646495533 1.6583763913479952 5.071546308210101
v -0.3052221130585353 1.3861418050124217 5.095363748334132
v -0.35705036536661117 1.4577811688437077 7.349847708485138
v -1.016793316957629 1.7300157551792812 7.326030268361105
v -0.30522211305853575 1.5824295020968817 7.338942392398083
v -0.9649650646495538 1.8546640884324552 7.315124952274052
vt 0.5576171875 0.744140625
vt 0.5927734375 0.744140625
vt 0.5927734375 0.7421875
vt 0.5576171875 0.7421875
vt 0.546875 0.744140625
vt 0.5576171875 0.744140625
vt 0.5576171875 0.7421875
vt 0.546875 0.7421875
vt 0.603515625 0.744140625
vt 0.638671875 0.744140625
vt 0.638671875 0.7421875
vt 0.603515625 0.7421875
vt 0.5927734375 0.744140625
vt 0.603515625 0.744140625
vt 0.603515625 0.7421875
vt 0.5927734375 0.7421875
vt 0.5927734375 0.744140625
vt 0.5576171875 0.744140625
vt 0.5576171875 0.7548828125
vt 0.5927734375 0.7548828125
vt 0.6279296875 0.7548828125
vt 0.5927734375 0.7548828125
vt 0.5927734375 0.744140625
vt 0.6279296875 0.744140625
vn 0.923879532511287 -0.38122720636965335 0.03335305878500284
vn -6.938893903907231e-18 -0.08715574274765828 -0.9961946980917455
vn -0.923879532511287 0.38122720636965335 -0.03335305878500284
vn 6.938893903907231e-18 0.08715574274765828 0.9961946980917455
vn -0.38268343236508956 -0.9203638919632245 0.08052140686538045
vn 0.38268343236508956 0.9203638919632245 -0.08052140686538045
usemtl m_a520c05c-83fc-6d1a-7b60-0c8dd74607e0
f 652/1948/487 655/1947/487 653/1946/487 650/1945/487
f 651/1952/488 652/1951/488 650/1950/488 649/1949/488
f 656/1956/489 651/1955/489 649/1954/489 654/1953/489
f 655/1960/490 656/1959/490 654/1958/490 653/1957/490
f 654/1964/491 649/1963/491 650/1962/491 653/1961/491
f 655/1968/492 652/1967/492 651/1966/492 656/1965/492
o cube
v -0.3570499999999999 1.261493871856219 5.106269029417236
v 0.3570500000000019 1.2614938718562194 5.106269029417236
v -0.35705 1.3964122555489018 5.094465200342886
v 0.35705000000000187 1.3964122555489018 5.094465200342886
v 0.3570500000000014 1.4577815689406795 7.349847673481189
v -0.3570500000000004 1.4577815689406792 7.349847673481189
v 0.35705000000000137 1.592699952633362 7.338043844406838
v -0.3570500000000005 1.5926999526333618 7.338043844406838
vt 0.5244140625 0.439453125
vt 0.5595703125 0.439453125
vt 0.5595703125 0.4375
vt 0.5244140625 0.4375
vt 0.513671875 0.439453125
vt 0.5244140625 0.439453125
vt 0.5244140625 0.4375
vt 0.513671875 0.4375
vt 0.5703125 0.439453125
vt 0.60546875 0.439453125
vt 0.60546875 0.4375
vt 0.5703125 0.4375
vt 0.5595703125 0.439453125
vt 0.5703125 0.439453125
vt 0.5703125 0.4375
vt 0.5595703125 0.4375
vt 0.5595703125 0.439453125
vt 0.5244140625 0.439453125
vt 0.5244140625 0.4501953125
vt 0.5595703125 0.4501953125
vt 0.5947265625 0.4501953125
vt 0.5595703125 0.4501953125
vt 0.5595703125 0.439453125
vt 0.5947265625 0.439453125
vn 1 2.474646099492375e-16 2.012424312487988e-16
vn 2.1166755821478158e-17 -0.08715574274765833 -0.9961946980917457
vn -1 -2.474646099492375e-16 -2.012424312487988e-16
vn -2.1166755821478158e-17 0.08715574274765833 0.9961946980917457
vn 2.4193712611927304e-16 -0.9961946980917455 0.08715574274765832
vn -2.4193712611927304e-16 0.9961946980917455 -0.08715574274765832
usemtl m_a520c05c-83fc-6d1a-7b60-0c8dd74607e0
f 660/1972/493 663/1971/493 661/1970/493 658/1969/493
f 659/1976/494 660/1975/494 658/1974/494 657/1973/494
f 664/1980/495 659/1979/495 657/1978/495 662/1977/495
f 663/1984/496 664/1983/496 662/1982/496 661/1981/496
f 662/1988/497 657/1987/497 658/1986/497 661/1985/497
f 663/1992/498 660/1991/498 659/1990/498 664/1989/498
o cube
v 0.9526443750000005 2.3774953414238302 7.26938377208765
v 0.9526443750000005 2.113442729504257 7.292485382205023
v 0.8172112500000001 2.3774953414238302 7.26938377208765
v 0.8172112500000001 2.113442729504257 7.292485382205023
v 0.9526443750000005 1.917155032419797 5.048906738141072
v 0.9526443750000005 2.18120764433937 5.025805128023699
v 0.8172112500000001 1.917155032419797 5.048906738141072
v 0.8172112500000001 2.18120764433937 5.025805128023699
vt 0.0703125 0.4111328125
vt 0.10546875 0.4111328125
vt 0.10546875 0.4091796875
vt 0.0703125 0.4091796875
vt 0.06640625 0.4111328125
vt 0.0703125 0.4111328125
vt 0.0703125 0.4091796875
vt 0.06640625 0.4091796875
vt 0.109375 0.4111328125
vt 0.14453125 0.4111328125
vt 0.14453125 0.4091796875
vt 0.109375 0.4091796875
vt 0.10546875 0.4111328125
vt 0.109375 0.4111328125
vt 0.109375 0.4091796875
vt 0.10546875 0.4091796875
vt 0.10546875 0.4111328125
vt 0.0703125 0.4111328125
vt 0.0703125 0.4150390625
vt 0.10546875 0.4150390625
vt 0.140625 0.4150390625
vt 0.10546875 0.4150390625
vt 0.10546875 0.4111328125
vt 0.140625 0.4111328125
vn -2.4190578081689323e-17 -0.9961946980917455 0.08715574274765833
vn -2.764995727077407e-16 0.08715574274765817 0.9961946980917455
vn 2.4190578081689323e-17 0.9961946980917455 -0.08715574274765833
vn 2.764995727077407e-16 -0.08715574274765817 -0.9961946980917455
vn 1 -2.764995727077407e-16 2.4190578081689323e-17
vn -1 2.764995727077407e-16 -2.4190578081689323e-17
usemtl m_a520c05c-83fc-6d1a-7b60-0c8dd74607e0
f 668/1996/499 671/1995/499 669/1994/499 666/1993/499
f 667/2000/500 668/1999/500 666/1998/500 665/1997/500
f 672/2004/501 667/2003/501 665/2002/501 670/2001/501
f 671/2008/502 672/2007/502 670/2006/502 669/2005/502
f 670/2012/503 665/2011/503 666/2010/503 669/2009/503
f 671/2016/504 668/2015/504 667/2014/504 672/2013/504
o cube
v -0.9526443750000005 2.1812075898670304 5.025804505402013
v -0.9526443750000005 1.9171549779474577 5.048906115519386
v -0.8172112500000001 2.1812075898670304 5.025804505402013
v -0.8172112500000001 1.9171549779474577 5.048906115519386
v -0.9526443750000005 2.113442675031918 7.292484759583337
v -0.9526443750000005 2.3774952869514907 7.269383149465964
v -0.8172112500000001 2.113442675031918 7.292484759583337
v -0.8172112500000001 2.3774952869514907 7.269383149465964
vt 0.58984375 0.779296875
vt 0.625 0.779296875
vt 0.625 0.77734375
vt 0.58984375 0.77734375
vt 0.5859375 0.779296875
vt 0.58984375 0.779296875
vt 0.58984375 0.77734375
vt 0.5859375 0.77734375
vt 0.62890625 0.779296875
vt 0.6640625 0.779296875
vt 0.6640625 0.77734375
vt 0.62890625 0.77734375
vt 0.625 0.779296875
vt 0.62890625 0.779296875
vt 0.62890625 0.77734375
vt 0.625 0.77734375
vt 0.625 0.779296875
vt 0.58984375 0.779296875
vt 0.58984375 0.783203125
vt 0.625 0.783203125
vt 0.66015625 0.783203125
vt 0.625 0.783203125
vt 0.625 0.779296875
vt 0.66015625 0.779296875
vn 2.4190578081689323e-17 -0.9961946980917455 0.08715574274765833
vn -2.764995727077407e-16 -0.08715574274765817 -0.9961946980917455
vn -2.4190578081689323e-17 0.9961946980917455 -0.08715574274765833
vn 2.764995727077407e-16 0.08715574274765817 0.9961946980917455
vn -1 -2.764995727077407e-16 2.4190578081689323e-17
vn 1 2.764995727077407e-16 -2.4190578081689323e-17
usemtl m_a520c05c-83fc-6d1a-7b60-0c8dd74607e0
f 676/2020/505 679/2019/505 677/2018/505 674/2017/505
f 675/2024/506 676/2023/506 674/2022/506 673/2021/506
f 680/2028/507 675/2027/507 673/2026/507 678/2025/507
f 679/2032/508 680/2031/508 678/2030/508 677/2029/508
f 678/2036/509 673/2035/509 674/2034/509 677/2033/509
f 679/2040/510 676/2039/510 675/2038/510 680/2037/510
o cube
v -0.2529753113075992 2.444671875 -1.4033068408796592
v -1.2339592602987008 2.444671875 -1.80964369702209
v -0.2529753113075992 2.1605675 -1.4033068408796592
v -1.2339592602987008 2.1605675 -1.80964369702209
v -1.8920719177942071 2.444671875 -0.22081919372703962
v -0.9110879688031056 2.444671875 0.18551766241539136
v -1.8920719177942071 2.1605675 -0.22081919372703962
v -0.9110879688031056 2.1605675 0.18551766241539136
vt 0.662109375 0.6259765625
vt 0.689453125 0.6259765625
vt 0.689453125 0.62109375
vt 0.662109375 0.62109375
vt 0.666015625 0.8662109375
vt 0.6826171875 0.8662109375
vt 0.6826171875 0.861328125
vt 0.666015625 0.861328125
vt 0.662109375 0.62109375
vt 0.689453125 0.62109375
vt 0.689453125 0.6162109375
vt 0.662109375 0.6162109375
vt 0.2705078125 0.333984375
vt 0.287109375 0.333984375
vt 0.287109375 0.3291015625
vt 0.2705078125 0.3291015625
vt 0.685546875 0.8408203125
vt 0.658203125 0.8408203125
vt 0.658203125 0.857421875
vt 0.685546875 0.857421875
vt 0.685546875 0.76953125
vt 0.658203125 0.76953125
vt 0.658203125 0.7529296875
vt 0.685546875 0.7529296875
vn -0.9238795325112866 0 -0.38268343236508984
vn 0.38268343236508984 0 -0.9238795325112866
vn 0.9238795325112866 0 0.38268343236508984
vn -0.38268343236508984 0 0.9238795325112866
vn 0 1 0
vn 0 -1 0
usemtl m_a520c05c-83fc-6d1a-7b60-0c8dd74607e0
f 684/2044/511 687/2043/511 685/2042/511 682/2041/511
f 683/2048/512 684/2047/512 682/2046/512 681/2045/512
f 688/2052/513 683/2051/513 681/2050/513 686/2049/513
f 687/2056/514 688/2055/514 686/2054/514 685/2053/514
f 686/2060/515 681/2059/515 682/2058/515 685/2057/515
f 687/2064/516 684/2063/516 683/2062/516 688/2061/516
o cube
v -0.22731701134899696 2.9281610582015185 -1.1897302204736662
v -1.3057123691506125 2.4446716344371073 -1.6364162032752823
v -0.15009741530951992 2.7263765295057283 -1.1577448165131428
v -1.2284927731111353 2.2428871057413167 -1.6044307993147588
v -1.8920718830776646 2.4446716344371073 -0.22081911232609808
v -0.8136765252760493 2.9281610582015185 0.225866870475518
v -1.8148522870381876 2.2428871057413167 -0.1888337083655749
v -0.7364569292365722 2.7263765295057283 0.2578522744360412
vt 0.56640625 0.46875
vt 0.58984375 0.46875
vt 0.58984375 0.4658203125
vt 0.56640625 0.4658203125
vt 0.546875 0.46875
vt 0.56640625 0.46875
vt 0.56640625 0.4658203125
vt 0.546875 0.4658203125
vt 0.609375 0.46875
vt 0.6328125 0.46875
vt 0.6328125 0.4658203125
vt 0.609375 0.4658203125
vt 0.58984375 0.46875
vt 0.609375 0.46875
vt 0.609375 0.4658203125
vt 0.58984375 0.4658203125
vt 0.58984375 0.46875
vt 0.56640625 0.46875
vt 0.56640625 0.48828125
vt 0.58984375 0.48828125
vt 0.61328125 0.48828125
vt 0.58984375 0.48828125
vt 0.58984375 0.46875
vt 0.61328125 0.46875
vn -0.8535533905932737 -0.3826834323650898 -0.35355339059327406
vn 0.38268343236509017 9.714451465470122e-17 -0.9238795325112867
vn 0.8535533905932737 0.3826834323650898 0.35355339059327406
vn -0.38268343236509017 -9.714451465470122e-17 0.9238795325112867
vn -0.3535533905932737 0.9238795325112867 -0.14644660940672635
vn 0.3535533905932737 -0.9238795325112867 0.14644660940672635
usemtl m_a520c05c-83fc-6d1a-7b60-0c8dd74607e0
f 692/2068/517 695/2067/517 693/2066/517 690/2065/517
f 691/2072/518 692/2071/518 690/2070/518 689/2069/518
f 696/2076/519 691/2075/519 689/2074/519 694/2073/519
f 695/2080/520 696/2079/520 694/2078/520 693/2077/520
f 694/2084/521 689/2083/521 690/2082/521 693/2081/521
f 695/2088/522 692/2087/522 691/2086/522 696/2085/522
o cube
v 0.16037124999999988 2.995692467239217 -3.606678740129588
v 0.1603712499999999 2.7152721547392167 -3.120976511405245
v -0.16037124999999983 2.995692467239217 -3.606678740129588
v -0.1603712499999998 2.7152721547392167 -3.120976511405245
v 0.16037124999999985 2.319514783186049 -3.349467136405245
v 0.16037124999999983 2.5999350956860496 -3.835169365129588
v -0.16037124999999985 2.319514783186049 -3.349467136405245
v -0.16037124999999988 2.5999350956860496 -3.835169365129588
vt 0.63671875 0.6611328125
vt 0.6435546875 0.6611328125
vt 0.6435546875 0.65625
vt 0.63671875 0.65625
vt 0.62890625 0.6611328125
vt 0.63671875 0.6611328125
vt 0.63671875 0.65625
vt 0.62890625 0.65625
vt 0.6513671875 0.6611328125
vt 0.658203125 0.6611328125
vt 0.658203125 0.65625
vt 0.6513671875 0.65625
vt 0.6435546875 0.6611328125
vt 0.6513671875 0.6611328125
vt 0.6513671875 0.65625
vt 0.6435546875 0.65625
vt 0.6435546875 0.6611328125
vt 0.63671875 0.6611328125
vt 0.63671875 0.6689453125
vt 0.6435546875 0.6689453125
vt 0.650390625 0.6689453125
vt 0.6435546875 0.6689453125
vt 0.6435546875 0.6611328125
vt 0.650390625 0.6611328125
vn 9.162865436457103e-18 -0.5 0.8660254037844387
vn 2.616852076774287e-16 0.8660254037844388 0.5
vn -9.162865436457103e-18 0.5 -0.8660254037844387
vn -2.616852076774287e-16 -0.8660254037844388 -0.5
vn 1 -5.451477089573483e-17 -1.2762225197064145e-16
vn -1 5.451477089573483e-17 1.2762225197064145e-16
usemtl m_a520c05c-83fc-6d1a-7b60-0c8dd74607e0
f 700/2092/523 703/2091/523 701/2090/523 698/2089/523
f 699/2096/524 700/2095/524 698/2094/524 697/2093/524
f 704/2100/525 699/2099/525 697/2098/525 702/2097/525
f 703/2104/526 704/2103/526 702/2102/526 701/2101/526
f 702/2108/527 697/2107/527 698/2106/527 701/2105/527
f 703/2112/528 700/2111/528 699/2110/528 704/2109/528
o cube
v 0.16037125000000033 2.7152718749999996 -3.681818125000001
v 0.16037125000000038 2.7152718749999996 -3.1209775
v -0.16037062499999918 2.715271875 -3.681818125000001
v -0.16037062499999913 2.715271875 -3.1209775
v 0.1603712500000003 2.258290625 -3.1209775
v 0.16037125000000024 2.258290625 -3.681818125000001
v -0.1603706249999992 2.258290625 -3.1209775
v -0.16037062499999927 2.258290625 -3.681818125000001
vt 0.095703125 0.361328125
vt 0.1025390625 0.361328125
vt 0.1025390625 0.3564453125
vt 0.095703125 0.3564453125
vt 0.087890625 0.361328125
vt 0.095703125 0.361328125
vt 0.095703125 0.3564453125
vt 0.087890625 0.3564453125
vt 0.1103515625 0.361328125
vt 0.1171875 0.361328125
vt 0.1171875 0.3564453125
vt 0.1103515625 0.3564453125
vt 0.1025390625 0.361328125
vt 0.1103515625 0.361328125
vt 0.1103515625 0.3564453125
vt 0.1025390625 0.3564453125
vt 0.1025390625 0.361328125
vt 0.095703125 0.361328125
vt 0.095703125 0.369140625
vt 0.1025390625 0.369140625
vt 0.109375 0.369140625
vt 0.1025390625 0.369140625
vt 0.1025390625 0.361328125
vt 0.109375 0.361328125
vn 1.2246467991473532e-16 -2.719262146893782e-32 1
vn 2.220446049250313e-16 1 -2.5407181807812022e-33
vn -1.2246467991473532e-16 2.719262146893782e-32 -1
vn -2.220446049250313e-16 -1 2.5407181807812022e-33
vn 1 -2.220446049250313e-16 -1.2246467991473532e-16
vn -1 2.220446049250313e-16 1.2246467991473532e-16
usemtl m_a520c05c-83fc-6d1a-7b60-0c8dd74607e0
f 708/2116/529 711/2115/529 709/2114/529 706/2113/529
f 707/2120/530 708/2119/530 706/2118/530 705/2117/530
f 712/2124/531 707/2123/531 705/2122/531 710/2121/531
f 711/2128/532 712/2127/532 710/2126/532 709/2125/532
f 710/2132/533 705/2131/533 706/2130/533 709/2129/533
f 711/2136/534 708/2135/534 707/2134/534 712/2133/534
o cube
v -0.33601562499999993 3.102751875 -2.3906318749999995
v -0.3360156249999999 3.652595625000001 -2.3906318749999995
v -0.33601562499999993 3.102751875 -2.2073506249999992
v -0.3360156249999999 3.652595625000001 -2.2073506249999992
v 0.3360156250000001 3.652595625000001 -2.3906318749999995
v 0.33601562500000004 3.102751875 -2.3906318749999995
v 0.3360156250000001 3.652595625000001 -2.2073506249999992
v 0.33601562500000004 3.102751875 -2.2073506249999992
vt 0.271484375 0.3642578125
vt 0.28125 0.3642578125
vt 0.28125 0.3623046875
vt 0.271484375 0.3623046875
vt 0.263671875 0.3642578125
vt 0.271484375 0.3642578125
vt 0.271484375 0.3623046875
vt 0.263671875 0.3623046875
vt 0.2890625 0.3642578125
vt 0.298828125 0.3642578125
vt 0.298828125 0.3623046875
vt 0.2890625 0.3623046875
vt 0.28125 0.3642578125
vt 0.2890625 0.3642578125
vt 0.2890625 0.3623046875
vt 0.28125 0.3623046875
vt 0.28125 0.3642578125
vt 0.271484375 0.3642578125
vt 0.271484375 0.3720703125
vt 0.28125 0.3720703125
vt 0.291015625 0.3720703125
vt 0.28125 0.3720703125
vt 0.28125 0.3642578125
vt 0.291015625 0.3642578125
vn 1.2246467991473532e-16 1 -2.220446049250313e-16
vn -1 1.2246467991473532e-16 -2.5407181807812022e-33
vn -1.2246467991473532e-16 -1 2.220446049250313e-16
vn 1 -1.2246467991473532e-16 2.5407181807812022e-33
vn -2.719262146893782e-32 -2.220446049250313e-16 -1
vn 2.719262146893782e-32 2.220446049250313e-16 1
usemtl m_a520c05c-83fc-6d1a-7b60-0c8dd74607e0
f 716/2140/535 719/2139/535 717/2138/535 714/2137/535
f 715/2144/536 716/2143/536 714/2142/536 713/2141/536
f 720/2148/537 715/2147/537 713/2146/537 718/2145/537
f 719/2152/538 720/2151/538 718/2150/538 717/2149/538
f 718/2156/539 713/2155/539 714/2154/539 717/2153/539
f 719/2160/540 716/2159/540 715/2158/540 720/2157/540
o cube
v -0.33601562500000004 2.3533934156363134 -2.4573593825093982
v -0.336015625 3.1293742947413885 -2.3894698524748237
v -0.33601562500000004 2.3374194021608443 -2.2747755729997703
v -0.336015625 3.1134002812659194 -2.2068860429651957
v 0.336015625 3.1293742947413885 -2.3894698524748237
v 0.33601562499999993 2.3533934156363134 -2.4573593825093982
v 0.336015625 3.1134002812659194 -2.2068860429651957
v 0.33601562499999993 2.3374194021608443 -2.2747755729997703
vt 0.369140625 0.37890625
vt 0.37890625 0.37890625
vt 0.37890625 0.376953125
vt 0.369140625 0.376953125
vt 0.357421875 0.37890625
vt 0.369140625 0.37890625
vt 0.369140625 0.376953125
vt 0.357421875 0.376953125
vt 0.390625 0.37890625
vt 0.400390625 0.37890625
vt 0.400390625 0.376953125
vt 0.390625 0.376953125
vt 0.37890625 0.37890625
vt 0.390625 0.37890625
vt 0.390625 0.376953125
vt 0.37890625 0.376953125
vt 0.37890625 0.37890625
vt 0.369140625 0.37890625
vt 0.369140625 0.390625
vt 0.37890625 0.390625
vt 0.388671875 0.390625
vt 0.37890625 0.390625
vt 0.37890625 0.37890625
vt 0.388671875 0.37890625
vn 1.2199866483456202e-16 0.9961946980917455 0.08715574274765814
vn -1 1.2246467991473535e-16 -1.3866695599588098e-32
vn -1.2199866483456202e-16 -0.9961946980917455 -0.08715574274765814
vn 1 -1.2246467991473535e-16 1.3866695599588098e-32
vn 1.0673500138322983e-17 0.08715574274765836 -0.9961946980917455
vn -1.0673500138322983e-17 -0.08715574274765836 0.9961946980917455
usemtl m_a520c05c-83fc-6d1a-7b60-0c8dd74607e0
f 724/2164/541 727/2163/541 725/2162/541 722/2161/541
f 723/2168/542 724/2167/542 722/2166/542 721/2165/542
f 728/2172/543 723/2171/543 721/2170/543 726/2169/543
f 727/2176/544 728/2175/544 726/2174/544 725/2173/544
f 726/2180/545 721/2179/545 722/2178/545 725/2177/545
f 727/2184/546 724/2183/546 723/2182/546 728/2181/546
o cube
v -0.33601562500000004 2.4674375 -3.0039681249999997
v -0.33601562500000004 2.4674375 -2.3166631249999994
v -0.3360156250000001 2.1619687500000007 -3.0039681249999997
v -0.3360156250000001 2.1619687500000007 -2.3166631249999994
v 0.33601562499999993 2.4674375 -2.3166631249999994
v 0.33601562499999993 2.4674375 -3.0039681249999997
v 0.3360156249999999 2.1619687500000007 -2.3166631249999994
v 0.3360156249999999 2.1619687500000007 -3.0039681249999997
vt 0.298828125 0.4638671875
vt 0.30859375 0.4638671875
vt 0.30859375 0.4599609375
vt 0.298828125 0.4599609375
vt 0.2890625 0.4638671875
vt 0.298828125 0.4638671875
vt 0.298828125 0.4599609375
vt 0.2890625 0.4599609375
vt 0.318359375 0.4638671875
vt 0.328125 0.4638671875
vt 0.328125 0.4599609375
vt 0.318359375 0.4599609375
vt 0.30859375 0.4638671875
vt 0.318359375 0.4638671875
vt 0.318359375 0.4599609375
vt 0.30859375 0.4599609375
vt 0.30859375 0.4638671875
vt 0.298828125 0.4638671875
vt 0.298828125 0.4736328125
vt 0.30859375 0.4736328125
vt 0.318359375 0.4736328125
vt 0.30859375 0.4736328125
vt 0.30859375 0.4638671875
vt 0.318359375 0.4638671875
vn -1.4997597826618576e-32 -1.2246467991473532e-16 1
vn -1 1.2246467991473532e-16 0
vn 1.4997597826618576e-32 1.2246467991473532e-16 -1
vn 1 -1.2246467991473532e-16 0
vn 1.2246467991473532e-16 1 1.2246467991473532e-16
vn -1.2246467991473532e-16 -1 -1.2246467991473532e-16
usemtl m_a520c05c-83fc-6d1a-7b60-0c8dd74607e0
f 732/2188/547 735/2187/547 733/2186/547 730/2185/547
f 731/2192/548 732/2191/548 730/2190/548 729/2189/548
f 736/2196/549 731/2195/549 729/2194/549 734/2193/549
f 735/2200/550 736/2199/550 734/2198/550 733/2197/550
f 734/2204/551 729/2203/551 730/2202/551 733/2201/551
f 735/2208/552 732/2207/552 731/2206/552 736/2205/552
o cube
v -0.39710937500000004 2.1863456250000004 -2.329538125
v -0.3971093749999999 3.6678687500000002 -2.329538125
v -0.39710937500000004 2.1863456250000004 -2.1462568749999997
v -0.3971093749999999 3.6678687500000002 -2.1462568749999997
v 0.3971093750000001 3.6678687500000002 -2.329538125
v 0.39710937499999993 2.1863456250000004 -2.329538125
v 0.3971093750000001 3.6678687500000002 -2.1462568749999997
v 0.39710937499999993 2.1863456250000004 -2.1462568749999997
vt 0.2060546875 0.6455078125
vt 0.2177734375 0.6455078125
vt 0.2177734375 0.6435546875
vt 0.2060546875 0.6435546875
vt 0.18359375 0.6455078125
vt 0.2060546875 0.6455078125
vt 0.2060546875 0.6435546875
vt 0.18359375 0.6435546875
vt 0.240234375 0.6455078125
vt 0.251953125 0.6455078125
vt 0.251953125 0.6435546875
vt 0.240234375 0.6435546875
vt 0.2177734375 0.6455078125
vt 0.240234375 0.6455078125
vt 0.240234375 0.6435546875
vt 0.2177734375 0.6435546875
vt 0.2177734375 0.6455078125
vt 0.2060546875 0.6455078125
vt 0.2060546875 0.66796875
vt 0.2177734375 0.66796875
vt 0.2294921875 0.66796875
vt 0.2177734375 0.66796875
vt 0.2177734375 0.6455078125
vt 0.2294921875 0.6455078125
vn 1.2246467991473532e-16 1 -2.220446049250313e-16
vn -1 1.2246467991473532e-16 -2.5407181807812022e-33
vn -1.2246467991473532e-16 -1 2.220446049250313e-16
vn 1 -1.2246467991473532e-16 2.5407181807812022e-33
vn -2.719262146893782e-32 -2.220446049250313e-16 -1
vn 2.719262146893782e-32 2.220446049250313e-16 1
usemtl m_a520c05c-83fc-6d1a-7b60-0c8dd74607e0
f 740/2212/553 743/2211/553 741/2210/553 738/2209/553
f 739/2216/554 740/2215/554 738/2214/554 737/2213/554
f 744/2220/555 739/2219/555 737/2218/555 742/2217/555
f 743/2224/556 744/2223/556 742/2222/556 741/2221/556
f 742/2228/557 737/2227/557 738/2226/557 741/2225/557
f 743/2232/558 740/2231/558 739/2230/558 744/2229/558
o cube
v -0.21382812499999998 3.102751875 -2.329538125
v -0.2138281249999999 3.774783125 -2.329538125
v -0.21382812499999998 3.102751875 -2.1462568749999997
v -0.2138281249999999 3.774783125 -2.1462568749999997
v 0.21382812500000012 3.774783125 -2.329538125
v 0.21382812500000004 3.102751875 -2.329538125
v 0.21382812500000012 3.774783125 -2.1462568749999997
v 0.21382812500000004 3.102751875 -2.1462568749999997
vt 0.638671875 0.7216796875
vt 0.64453125 0.7216796875
vt 0.64453125 0.7197265625
vt 0.638671875 0.7197265625
vt 0.62890625 0.7216796875
vt 0.638671875 0.7216796875
vt 0.638671875 0.7197265625
vt 0.62890625 0.7197265625
vt 0.654296875 0.7216796875
vt 0.66015625 0.7216796875
vt 0.66015625 0.7197265625
vt 0.654296875 0.7197265625
vt 0.64453125 0.7216796875
vt 0.654296875 0.7216796875
vt 0.654296875 0.7197265625
vt 0.64453125 0.7197265625
vt 0.64453125 0.7216796875
vt 0.638671875 0.7216796875
vt 0.638671875 0.7314453125
vt 0.64453125 0.7314453125
vt 0.650390625 0.7314453125
vt 0.64453125 0.7314453125
vt 0.64453125 0.7216796875
vt 0.650390625 0.7216796875
vn 1.2246467991473532e-16 1 -2.220446049250313e-16
vn -1 1.2246467991473532e-16 -2.5407181807812022e-33
vn -1.2246467991473532e-16 -1 2.220446049250313e-16
vn 1 -1.2246467991473532e-16 2.5407181807812022e-33
vn -2.719262146893782e-32 -2.220446049250313e-16 -1
vn 2.719262146893782e-32 2.220446049250313e-16 1
usemtl m_a520c05c-83fc-6d1a-7b60-0c8dd74607e0
f 748/2236/559 751/2235/559 749/2234/559 746/2233/559
f 747/2240/560 748/2239/560 746/2238/560 745/2237/560
f 752/2244/561 747/2243/561 745/2242/561 750/2241/561
f 751/2248/562 752/2247/562 750/2246/562 749/2245/562
f 750/2252/563 745/2251/563 746/2250/563 749/2249/563
f 751/2256/564 748/2255/564 747/2254/564 752/2253/564
o cube
v 0.3584474999999998 2.9348375 -2.212475
v 0.552725625 2.9348375 -2.212475
v 0.3584474999999998 2.34681 -2.212475
v 0.5527256250000001 2.34681 -2.212475
v 0.5527256249999997 2.9348374999999995 -3.6660812499999995
v 0.3584474999999995 2.9348374999999995 -3.6660812499999995
v 0.5527256249999998 2.3468099999999996 -3.6660812499999995
v 0.3584474999999995 2.3468099999999996 -3.6660812499999995
vt 0.3857421875 0.45703125
vt 0.408203125 0.45703125
vt 0.408203125 0.4482421875
vt 0.3857421875 0.4482421875
vt 0.3828125 0.45703125
vt 0.3857421875 0.45703125
vt 0.3857421875 0.4482421875
vt 0.3828125 0.4482421875
vt 0.4111328125 0.45703125
vt 0.43359375 0.45703125
vt 0.43359375 0.4482421875
vt 0.4111328125 0.4482421875
vt 0.408203125 0.45703125
vt 0.4111328125 0.45703125
vt 0.4111328125 0.4482421875
vt 0.408203125 0.4482421875
vt 0.408203125 0.45703125
vt 0.3857421875 0.45703125
vt 0.3857421875 0.4599609375
vt 0.408203125 0.4599609375
vt 0.4306640625 0.4599609375
vt 0.408203125 0.4599609375
vt 0.408203125 0.45703125
vt 0.4306640625 0.45703125
vn 1 7.850462293418871e-17 -2.2204460492503136e-16
vn 2.220446049250313e-16 2.3551386880256624e-16 1
vn -1 -7.850462293418871e-17 2.2204460492503136e-16
vn -2.220446049250313e-16 -2.3551386880256624e-16 -1
vn -7.850462293418882e-17 1 -2.355138688025663e-16
vn 7.850462293418882e-17 -1 2.355138688025663e-16
usemtl m_a520c05c-83fc-6d1a-7b60-0c8dd74607e0
f 756/2260/565 759/2259/565 757/2258/565 754/2257/565
f 755/2264/566 756/2263/566 754/2262/566 753/2261/566
f 760/2268/567 755/2267/567 753/2266/567 758/2265/567
f 759/2272/568 760/2271/568 758/2270/568 757/2269/568
f 758/2276/569 753/2275/569 754/2274/569 757/2273/569
f 759/2280/570 756/2279/570 755/2278/570 760/2277/570
o cube
v -0.3584474999999995 2.9348374999999995 -3.6660812499999995
v -0.5527256249999997 2.9348374999999995 -3.6660812499999995
v -0.3584474999999995 2.3468099999999996 -3.6660812499999995
v -0.5527256249999998 2.3468099999999996 -3.6660812499999995
v -0.5527256250000001 2.9348375 -1.8406
v -0.35844749999999986 2.9348375 -1.8406
v -0.5527256250000002 2.34681 -1.8405999999999998
v -0.3584474999999999 2.34681 -1.8405999999999998
vt 0.6044921875 0.5625
vt 0.6328125 0.5625
vt 0.6328125 0.5537109375
vt 0.6044921875 0.5537109375
vt 0.6015625 0.5625
vt 0.6044921875 0.5625
vt 0.6044921875 0.5537109375
vt 0.6015625 0.5537109375
vt 0.6357421875 0.5625
vt 0.6640625 0.5625
vt 0.6640625 0.5537109375
vt 0.6357421875 0.5537109375
vt 0.6328125 0.5625
vt 0.6357421875 0.5625
vt 0.6357421875 0.5537109375
vt 0.6328125 0.5537109375
vt 0.6328125 0.5625
vt 0.6044921875 0.5625
vt 0.6044921875 0.5654296875
vt 0.6328125 0.5654296875
vt 0.6611328125 0.5654296875
vt 0.6328125 0.5654296875
vt 0.6328125 0.5625
vt 0.6611328125 0.5625
vn -1 7.850462293418871e-17 -2.2204460492503136e-16
vn 2.220446049250313e-16 -2.3551386880256624e-16 -1
vn 1 -7.850462293418871e-17 2.2204460492503136e-16
vn -2.220446049250313e-16 2.3551386880256624e-16 1
vn 7.850462293418882e-17 1 -2.355138688025663e-16
vn -7.850462293418882e-17 -1 2.355138688025663e-16
usemtl m_a520c05c-83fc-6d1a-7b60-0c8dd74607e0
f 764/2284/571 767/2283/571 765/2282/571 762/2281/571
f 763/2288/572 764/2287/572 762/2286/572 761/2285/572
f 768/2292/573 763/2291/573 761/2290/573 766/2289/573
f 767/2296/574 768/2295/574 766/2294/574 765/2293/574
f 766/2300/575 761/2299/575 762/2298/575 765/2297/575
f 767/2304/576 764/2303/576 763/2302/576 768/2301/576
o cube
v 0.5707442167889256 2.688239282799896 -4.720755214791022
v 0.1741700076865233 3.0713005534120676 -4.823396172903193
v 0.25555667237588126 2.3837914935267035 -4.6391786755178295
v -0.141017536726521 2.766852764138875 -4.7418196336300005
v 0.17417000768652288 3.3862784784447397 -3.64788255341864
v 0.5707442167889252 3.0032172078325683 -3.545241595306469
v -0.1410175367265214 3.081830689171547 -3.5663060141454475
v 0.25555667237588087 2.6987694185593756 -3.4636650560332765
vt 0.22265625 0.3369140625
vt 0.2412109375 0.3369140625
vt 0.2412109375 0.330078125
vt 0.22265625 0.330078125
vt 0.646484375 0.6103515625
vt 0.6552734375 0.6103515625
vt 0.6552734375 0.603515625
vt 0.646484375 0.603515625
vt 0.349609375 0.3369140625
vt 0.3681640625 0.3369140625
vt 0.3681640625 0.330078125
vt 0.349609375 0.330078125
vt 0.0458984375 0.3330078125
vt 0.0546875 0.3330078125
vt 0.0546875 0.326171875
vt 0.0458984375 0.326171875
vt 0.6767578125 0.744140625
vt 0.658203125 0.744140625
vt 0.658203125 0.7529296875
vt 0.6767578125 0.7529296875
vt 0.6767578125 0.6650390625
vt 0.658203125 0.6650390625
vt 0.658203125 0.65625
vt 0.6767578125 0.65625
vn -0.7071067811865479 0.6830127018922191 -0.18301270189221946
vn 3.469446951953615e-16 -0.2588190451025208 -0.9659258262890684
vn 0.7071067811865479 -0.6830127018922191 0.18301270189221946
vn -3.469446951953615e-16 0.2588190451025208 0.9659258262890684
vn 0.7071067811865474 0.6830127018922196 -0.1830127018922191
vn -0.7071067811865474 -0.6830127018922196 0.1830127018922191
usemtl m_a520c05c-83fc-6d1a-7b60-0c8dd74607e0
f 772/2308/577 775/2307/577 773/2306/577 770/2305/577
f 771/2312/578 772/2311/578 770/2310/578 769/2309/578
f 776/2316/579 771/2315/579 769/2314/579 774/2313/579
f 775/2320/580 776/2319/580 774/2318/580 773/2317/580
f 774/2324/581 769/2323/581 770/2322/581 773/2321/581
f 775/2328/582 772/2327/582 771/2326/582 776/2325/582
o cube
v -0.5707442167889252 3.0032172078325683 -3.545241595306469
v -0.17417000768652288 3.3862784784447397 -3.64788255341864
v -0.25555667237588087 2.6987694185593756 -3.4636650560332765
v 0.1410175367265214 3.081830689171547 -3.5663060141454475
v -0.1741700076865233 3.0713005534120676 -4.823396172903193
v -0.5707442167889256 2.688239282799896 -4.720755214791022
v 0.141017536726521 2.766852764138875 -4.7418196336300005
v -0.25555667237588126 2.3837914935267035 -4.6391786755178295
vt 0.3681640625 0.3369140625
vt 0.38671875 0.3369140625
vt 0.38671875 0.330078125
vt 0.3681640625 0.330078125
vt 0.0546875 0.3330078125
vt 0.0634765625 0.3330078125
vt 0.0634765625 0.326171875
vt 0.0546875 0.326171875
vt 0.38671875 0.3369140625
vt 0.4052734375 0.3369140625
vt 0.4052734375 0.330078125
vt 0.38671875 0.330078125
vt 0.0634765625 0.3330078125
vt 0.072265625 0.3330078125
vt 0.072265625 0.326171875
vt 0.0634765625 0.326171875
vt 0.6767578125 0.4296875
vt 0.658203125 0.4296875
vt 0.658203125 0.4384765625
vt 0.6767578125 0.4384765625
vt 0.6787109375 0.7314453125
vt 0.66015625 0.7314453125
vt 0.66015625 0.72265625
vt 0.6787109375 0.72265625
vn 0.7071067811865479 0.6830127018922191 -0.18301270189221946
vn 3.469446951953615e-16 0.2588190451025208 0.9659258262890684
vn -0.7071067811865479 -0.6830127018922191 0.18301270189221946
vn -3.469446951953615e-16 -0.2588190451025208 -0.9659258262890684
vn -0.7071067811865474 0.6830127018922196 -0.1830127018922191
vn 0.7071067811865474 -0.6830127018922196 0.1830127018922191
usemtl m_a520c05c-83fc-6d1a-7b60-0c8dd74607e0
f 780/2332/583 783/2331/583 781/2330/583 778/2329/583
f 779/2336/584 780/2335/584 778/2334/584 777/2333/584
f 784/2340/585 779/2339/585 777/2338/585 782/2337/585
f 783/2344/586 784/2343/586 782/2342/586 781/2341/586
f 782/2348/587 777/2347/587 778/2346/587 781/2345/587
f 783/2352/588 780/2351/588 779/2350/588 784/2349/588
o cube
v -0.8917931250000002 1.9889781250000005 -1.2363950000000001
v -0.8917931250000002 1.5347687500000005 -1.2363950000000001
v 0.9311400000000003 1.988978125 -1.2363950000000001
v 0.9311400000000003 1.5347687500000002 -1.2363950000000001
v -0.8917931250000002 1.5347687500000005 -1.0488950000000001
v -0.8917931250000002 1.9889781250000005 -1.0488950000000001
v 0.9311400000000003 1.53476875 -1.0488950000000001
v 0.9311400000000003 1.988978125 -1.0488950000000001
vt 0.0419921875 0.38671875
vt 0.044921875 0.38671875
vt 0.044921875 0.3583984375
vt 0.0419921875 0.3583984375
vt 0.03515625 0.38671875
vt 0.0419921875 0.38671875
vt 0.0419921875 0.3583984375
vt 0.03515625 0.3583984375
vt 0.0517578125 0.38671875
vt 0.0546875 0.38671875
vt 0.0546875 0.3583984375
vt 0.0517578125 0.3583984375
vt 0.044921875 0.38671875
vt 0.0517578125 0.38671875
vt 0.0517578125 0.3583984375
vt 0.044921875 0.3583984375
vt 0.044921875 0.38671875
vt 0.0419921875 0.38671875
vt 0.0419921875 0.3935546875
vt 0.044921875 0.3935546875
vt 0.0478515625 0.3935546875
vt 0.044921875 0.3935546875
vt 0.044921875 0.38671875
vt 0.0478515625 0.38671875
vn -2.220446049250313e-16 -1 -2.220446049250313e-16
vn 4.930380657631324e-32 2.220446049250313e-16 -1
vn 2.220446049250313e-16 1 2.220446049250313e-16
vn -4.930380657631324e-32 -2.220446049250313e-16 1
vn -1 2.220446049250313e-16 4.930380657631324e-32
vn 1 -2.220446049250313e-16 -4.930380657631324e-32
usemtl m_a520c05c-83fc-6d1a-7b60-0c8dd74607e0
f 788/2356/589 791/2355/589 789/2354/589 786/2353/589
f 787/2360/590 788/2359/590 786/2358/590 785/2357/590
f 792/2364/591 787/2363/591 785/2362/591 790/2361/591
f 791/2368/592 792/2367/592 790/2366/592 789/2365/592
f 790/2372/593 785/2371/593 786/2370/593 789/2369/593
f 791/2376/594 788/2375/594 787/2374/594 792/2373/594
o cube
v -0.3944579292567192 1.1989943749999998 1.3505797102857053
v -0.02342790900018632 1.1989943749999998 1.196894043847885
v -0.3944579292567192 1.3344281249999996 1.3505797102857053
v -0.02342790900018632 1.3344281249999996 1.196894043847885
v 0.20337492826532433 1.198994375 1.7444445295589797
v -0.16765509199120854 1.198994375 1.8981301959967996
v 0.20337492826532433 1.3344281249999999 1.7444445295589797
v -0.16765509199120854 1.3344281249999999 1.8981301959967996
vt 0.48046875 0.3623046875
vt 0.4892578125 0.3623046875
vt 0.4892578125 0.3603515625
vt 0.48046875 0.3603515625
vt 0.474609375 0.3623046875
vt 0.48046875 0.3623046875
vt 0.48046875 0.3603515625
vt 0.474609375 0.3603515625
vt 0.4951171875 0.3623046875
vt 0.50390625 0.3623046875
vt 0.50390625 0.3603515625
vt 0.4951171875 0.3603515625
vt 0.4892578125 0.3623046875
vt 0.4951171875 0.3623046875
vt 0.4951171875 0.3603515625
vt 0.4892578125 0.3603515625
vt 0.4892578125 0.3623046875
vt 0.48046875 0.3623046875
vt 0.48046875 0.3681640625
vt 0.4892578125 0.3681640625
vt 0.498046875 0.3681640625
vt 0.4892578125 0.3681640625
vt 0.4892578125 0.3623046875
vt 0.498046875 0.3623046875
vn 0.9238795325112866 1.1314261122877003e-16 -0.38268343236508984
vn -0.38268343236508984 -4.686520405326299e-17 -0.9238795325112866
vn -0.9238795325112866 -1.1314261122877003e-16 0.38268343236508984
vn 0.38268343236508984 4.686520405326299e-17 0.9238795325112866
vn 1.2246467991473532e-16 -1 0
vn -1.2246467991473532e-16 1 0
usemtl m_a520c05c-83fc-6d1a-7b60-0c8dd74607e0
f 796/2380/595 799/2379/595 797/2378/595 794/2377/595
f 795/2384/596 796/2383/596 794/2382/596 793/2381/596
f 800/2388/597 795/2387/597 793/2386/597 798/2385/597
f 799/2392/598 800/2391/598 798/2390/598 797/2389/598
f 798/2396/599 793/2395/599 794/2394/599 797/2393/599
f 799/2400/600 796/2399/600 795/2398/600 800/2397/600
o cube
v 0.16765509199120854 1.198994375 1.8981301959967996
v -0.20337492826532433 1.198994375 1.7444445295589797
v 0.16765509199120854 1.3344281249999999 1.8981301959967996
v -0.20337492826532433 1.3344281249999999 1.7444445295589797
v 0.02342790900018632 1.1989943749999998 1.196894043847885
v 0.3944579292567192 1.1989943749999998 1.3505797102857053
v 0.02342790900018632 1.3344281249999996 1.196894043847885
v 0.3944579292567192 1.3344281249999996 1.3505797102857053
vt 0.638671875 0.771484375
vt 0.6474609375 0.771484375
vt 0.6474609375 0.76953125
vt 0.638671875 0.76953125
vt 0.6328125 0.771484375
vt 0.638671875 0.771484375
vt 0.638671875 0.76953125
vt 0.6328125 0.76953125
vt 0.6533203125 0.771484375
vt 0.662109375 0.771484375
vt 0.662109375 0.76953125
vt 0.6533203125 0.76953125
vt 0.6474609375 0.771484375
vt 0.6533203125 0.771484375
vt 0.6533203125 0.76953125
vt 0.6474609375 0.76953125
vt 0.6474609375 0.771484375
vt 0.638671875 0.771484375
vt 0.638671875 0.77734375
vt 0.6474609375 0.77734375
vt 0.65625 0.77734375
vt 0.6474609375 0.77734375
vt 0.6474609375 0.771484375
vt 0.65625 0.771484375
vn -0.9238795325112866 1.1314261122877003e-16 -0.38268343236508984
vn -0.38268343236508984 4.686520405326299e-17 0.9238795325112866
vn 0.9238795325112866 -1.1314261122877003e-16 0.38268343236508984
vn 0.38268343236508984 -4.686520405326299e-17 -0.9238795325112866
vn -1.2246467991473532e-16 -1 0
vn 1.2246467991473532e-16 1 0
usemtl m_a520c05c-83fc-6d1a-7b60-0c8dd74607e0
f 804/2404/601 807/2403/601 805/2402/601 802/2401/601
f 803/2408/602 804/2407/602 802/2406/602 801/2405/602
f 808/2412/603 803/2411/603 801/2410/603 806/2409/603
f 807/2416/604 808/2415/604 806/2414/604 805/2413/604
f 806/2420/605 801/2419/605 802/2418/605 805/2417/605
f 807/2424/606 804/2423/606 803/2422/606 808/2421/606
o cube
v 0.39445841270998605 1.198994183629256 0.8829156249999996
v 1.0078370473866323 1.4530639329822148 0.8829156249999996
v 0.34263016040191063 1.324118653265506 0.8829156249999996
v 0.956008795078557 1.5781884026184652 0.8829156249999996
v 1.0078370473866325 1.4530639329822148 1.3505799999999997
v 0.39445841270998616 1.198994183629256 1.3505799999999997
v 0.956008795078557 1.5781884026184652 1.3505799999999997
v 0.34263016040191074 1.3241186532655063 1.3505799999999997
vt 0.638671875 0.953125
vt 0.6455078125 0.953125
vt 0.6455078125 0.951171875
vt 0.638671875 0.951171875
vt 0.62890625 0.953125
vt 0.638671875 0.953125
vt 0.638671875 0.951171875
vt 0.62890625 0.951171875
vt 0.6552734375 0.953125
vt 0.662109375 0.953125
vt 0.662109375 0.951171875
vt 0.6552734375 0.951171875
vt 0.6455078125 0.953125
vt 0.6552734375 0.953125
vt 0.6552734375 0.951171875
vt 0.6455078125 0.951171875
vt 0.6455078125 0.953125
vt 0.638671875 0.953125
vt 0.638671875 0.962890625
vt 0.6455078125 0.962890625
vt 0.65234375 0.962890625
vt 0.6455078125 0.962890625
vt 0.6455078125 0.953125
vt 0.65234375 0.953125
vn 0.9238795325112866 0.38268343236508984 -2.3700726262636426e-16
vn -1.9452086685093367e-16 -1.1061559977521027e-16 -1
vn -0.9238795325112866 -0.38268343236508984 2.3700726262636426e-16
vn 1.9452086685093367e-16 1.1061559977521027e-16 1
vn 0.38268343236508984 -0.9238795325112867 -8.04436687781459e-18
vn -0.38268343236508984 0.9238795325112867 8.04436687781459e-18
usemtl m_a520c05c-83fc-6d1a-7b60-0c8dd74607e0
f 812/2428/607 815/2427/607 813/2426/607 810/2425/607
f 811/2432/608 812/2431/608 810/2430/608 809/2429/608
f 816/2436/609 811/2435/609 809/2434/609 814/2433/609
f 815/2440/610 816/2439/610 814/2438/610 813/2437/610
f 814/2444/611 809/2443/611 810/2442/611 813/2441/611
f 815/2448/612 812/2447/612 811/2446/612 816/2445/612
o cube
v -0.39445812500000016 1.1989943749999998 0.8829150000000001
v 0.39445812500000005 1.1989943749999998 0.8829149999999999
v -0.39445812500000016 1.3344281249999996 0.8829150000000001
v 0.39445812500000005 1.3344281249999996 0.8829149999999999
v 0.39445812500000016 1.1989943749999998 1.350579375
v -0.39445812500000005 1.1989943749999998 1.3505793750000001
v 0.39445812500000016 1.3344281249999996 1.350579375
v -0.39445812500000005 1.3344281249999996 1.3505793750000001
vt 0.48828125 0.4072265625
vt 0.4951171875 0.4072265625
vt 0.4951171875 0.4052734375
vt 0.48828125 0.4052734375
vt 0.4765625 0.4072265625
vt 0.48828125 0.4072265625
vt 0.48828125 0.4052734375
vt 0.4765625 0.4052734375
vt 0.5068359375 0.4072265625
vt 0.513671875 0.4072265625
vt 0.513671875 0.4052734375
vt 0.5068359375 0.4052734375
vt 0.4951171875 0.4072265625
vt 0.5068359375 0.4072265625
vt 0.5068359375 0.4052734375
vt 0.4951171875 0.4052734375
vt 0.4951171875 0.4072265625
vt 0.48828125 0.4072265625
vt 0.48828125 0.4189453125
vt 0.4951171875 0.4189453125
vt 0.501953125 0.4189453125
vt 0.4951171875 0.4189453125
vt 0.4951171875 0.4072265625
vt 0.501953125 0.4072265625
vn 1 1.2246467991473532e-16 -2.220446049250313e-16
vn -2.220446049250313e-16 -2.719262146893782e-32 -1
vn -1 -1.2246467991473532e-16 2.220446049250313e-16
vn 2.220446049250313e-16 2.719262146893782e-32 1
vn 1.2246467991473532e-16 -1 -2.5407181807812022e-33
vn -1.2246467991473532e-16 1 2.5407181807812022e-33
usemtl m_a520c05c-83fc-6d1a-7b60-0c8dd74607e0
f 820/2452/613 823/2451/613 821/2450/613 818/2449/613
f 819/2456/614 820/2455/614 818/2454/614 817/2453/614
f 824/2460/615 819/2459/615 817/2458/615 822/2457/615
f 823/2464/616 824/2463/616 822/2462/616 821/2461/616
f 822/2468/617 817/2467/617 818/2466/617 821/2465/617
f 823/2472/618 820/2471/618 819/2470/618 824/2469/618
o cube
v -0.39445841270998616 1.198994183629256 1.3505799999999997
v -1.0078370473866325 1.4530639329822148 1.3505799999999997
v -0.34263016040191074 1.3241186532655063 1.3505799999999997
v -0.956008795078557 1.5781884026184652 1.3505799999999997
v -1.0078370473866323 1.4530639329822148 0.8829156249999996
v -0.39445841270998605 1.198994183629256 0.8829156249999996
v -0.956008795078557 1.5781884026184652 0.8829156249999996
v -0.34263016040191063 1.324118653265506 0.8829156249999996
vt 0.638671875 0.94140625
vt 0.6455078125 0.94140625
vt 0.6455078125 0.939453125
vt 0.638671875 0.939453125
vt 0.62890625 0.94140625
vt 0.638671875 0.94140625
vt 0.638671875 0.939453125
vt 0.62890625 0.939453125
vt 0.6552734375 0.94140625
vt 0.662109375 0.94140625
vt 0.662109375 0.939453125
vt 0.6552734375 0.939453125
vt 0.6455078125 0.94140625
vt 0.6552734375 0.94140625
vt 0.6552734375 0.939453125
vt 0.6455078125 0.939453125
vt 0.6455078125 0.94140625
vt 0.638671875 0.94140625
vt 0.638671875 0.951171875
vt 0.6455078125 0.951171875
vt 0.65234375 0.951171875
vt 0.6455078125 0.951171875
vt 0.6455078125 0.94140625
vt 0.65234375 0.94140625
vn -0.9238795325112866 0.38268343236508984 -2.3700726262636426e-16
vn -1.9452086685093367e-16 1.1061559977521027e-16 1
vn 0.9238795325112866 -0.38268343236508984 2.3700726262636426e-16
vn 1.9452086685093367e-16 -1.1061559977521027e-16 -1
vn -0.38268343236508984 -0.9238795325112867 -8.04436687781459e-18
vn 0.38268343236508984 0.9238795325112867 8.04436687781459e-18
usemtl m_a520c05c-83fc-6d1a-7b60-0c8dd74607e0
f 828/2476/619 831/2475/619 829/2474/619 826/2473/619
f 827/2480/620 828/2479/620 826/2478/620 825/2477/620
f 832/2484/621 827/2483/621 825/2482/621 830/2481/621
f 831/2488/622 832/2487/622 830/2486/622 829/2485/622
f 830/2492/623 825/2491/623 826/2490/623 829/2489/623
f 831/2496/624 828/2495/624 827/2494/624 832/2493/624
o cube
v -0.1695499999999996 1.1989943749999998 1.8261049999999999
v 0.1695500000000004 1.1989943749999998 1.8261049999999999
v -0.1695499999999996 1.3344281249999996 1.8261049999999999
v 0.1695500000000004 1.3344281249999996 1.8261049999999999
v 0.16955000000000078 1.1989943749999998 3.575019375
v -0.1695499999999992 1.1989943749999998 3.575019375
v 0.16955000000000078 1.3344281249999996 3.575019375
v -0.1695499999999992 1.3344281249999996 3.575019375
vt 0.2900390625 0.392578125
vt 0.31640625 0.392578125
vt 0.31640625 0.390625
vt 0.2900390625 0.390625
vt 0.28515625 0.392578125
vt 0.2900390625 0.392578125
vt 0.2900390625 0.390625
vt 0.28515625 0.390625
vt 0.3212890625 0.392578125
vt 0.34765625 0.392578125
vt 0.34765625 0.390625
vt 0.3212890625 0.390625
vt 0.31640625 0.392578125
vt 0.3212890625 0.392578125
vt 0.3212890625 0.390625
vt 0.31640625 0.390625
vt 0.31640625 0.392578125
vt 0.2900390625 0.392578125
vt 0.2900390625 0.3974609375
vt 0.31640625 0.3974609375
vt 0.3427734375 0.3974609375
vt 0.31640625 0.3974609375
vt 0.31640625 0.392578125
vt 0.3427734375 0.392578125
vn 1 1.2246467991473532e-16 -2.220446049250313e-16
vn -2.220446049250313e-16 -2.719262146893782e-32 -1
vn -1 -1.2246467991473532e-16 2.220446049250313e-16
vn 2.220446049250313e-16 2.719262146893782e-32 1
vn 1.2246467991473532e-16 -1 -2.5407181807812022e-33
vn -1.2246467991473532e-16 1 2.5407181807812022e-33
usemtl m_a520c05c-83fc-6d1a-7b60-0c8dd74607e0
f 836/2500/625 839/2499/625 837/2498/625 834/2497/625
f 835/2504/626 836/2503/626 834/2502/626 833/2501/626
f 840/2508/627 835/2507/627 833/2506/627 838/2505/627
f 839/2512/628 840/2511/628 838/2510/628 837/2509/628
f 838/2516/629 833/2515/629 834/2514/629 837/2513/629
f 839/2520/630 836/2519/630 835/2518/630 840/2517/630
o cube
v -0.7284938492306484 0.803290965980852 5.995105625
v -0.40738418113310154 1.578518281711073 5.995105625
v -0.8536183188668987 0.8551192182889273 5.995105625
v -0.5325086507693518 1.6303465340191485 5.995105625
v -0.4073841811331015 1.578518281711073 6.15027
v -0.7284938492306483 0.803290965980852 6.15027
v -0.5325086507693518 1.6303465340191485 6.15027
v -0.8536183188668987 0.8551192182889273 6.15027
vt 0.3251953125 0.419921875
vt 0.3271484375 0.419921875
vt 0.3271484375 0.41796875
vt 0.3251953125 0.41796875
vt 0.3125 0.419921875
vt 0.3251953125 0.419921875
vt 0.3251953125 0.41796875
vt 0.3125 0.41796875
vt 0.33984375 0.419921875
vt 0.341796875 0.419921875
vt 0.341796875 0.41796875
vt 0.33984375 0.41796875
vt 0.3271484375 0.419921875
vt 0.33984375 0.419921875
vt 0.33984375 0.41796875
vt 0.3271484375 0.41796875
vt 0.3271484375 0.419921875
vt 0.3251953125 0.419921875
vt 0.3251953125 0.4326171875
vt 0.3271484375 0.4326171875
vt 0.3291015625 0.4326171875
vt 0.3271484375 0.4326171875
vt 0.3271484375 0.419921875
vt 0.3291015625 0.419921875
vn 0.38268343236508984 0.923879532511287 -2.388296408969548e-16
vn -5.128561644869781e-17 2.1243197887715313e-17 -1
vn -0.38268343236508984 -0.923879532511287 2.388296408969548e-16
vn 5.128561644869781e-17 -2.1243197887715313e-17 1
vn 0.923879532511287 -0.3826834323650897 -1.4141287213164536e-16
vn -0.923879532511287 0.3826834323650897 1.4141287213164536e-16
usemtl m_a520c05c-83fc-6d1a-7b60-0c8dd74607e0
f 844/2524/631 847/2523/631 845/2522/631 842/2521/631
f 843/2528/632 844/2527/632 842/2526/632 841/2525/632
f 848/2532/633 843/2531/633 841/2530/633 846/2529/633
f 847/2536/634 848/2535/634 846/2534/634 845/2533/634
f 846/2540/635 841/2539/635 842/2538/635 845/2537/635
f 847/2544/636 844/2543/636 843/2542/636 848/2541/636
o cube
v -0.8094099539977728 0.6079411001150441 4.951105650995803
v -0.5127433039509568 1.3241577501618602 4.629995982898256
v -0.9345344236340232 0.6597693524231194 4.951105650995803
v -0.6378677735872071 1.3759860024699355 4.629995982898256
v -0.45340835497981147 1.4674049886907148 5.004319056263484
v -0.7500750050266275 0.7511883386438988 5.325428724361031
v -0.5785328246160618 1.5192332409987903 5.004319056263484
v -0.8751994746628778 0.8030165909519742 5.325428724361031
vt 0.4892578125 0.4208984375
vt 0.4951171875 0.4208984375
vt 0.4951171875 0.4189453125
vt 0.4892578125 0.4189453125
vt 0.4765625 0.4208984375
vt 0.4892578125 0.4208984375
vt 0.4892578125 0.4189453125
vt 0.4765625 0.4189453125
vt 0.5078125 0.4208984375
vt 0.513671875 0.4208984375
vt 0.513671875 0.4189453125
vt 0.5078125 0.4189453125
vt 0.4951171875 0.4208984375
vt 0.5078125 0.4208984375
vt 0.5078125 0.4189453125
vt 0.4951171875 0.4189453125
vt 0.4951171875 0.4208984375
vt 0.4892578125 0.4208984375
vt 0.4892578125 0.43359375
vt 0.4951171875 0.43359375
vt 0.5009765625 0.43359375
vt 0.4951171875 0.43359375
vt 0.4951171875 0.4208984375
vt 0.5009765625 0.4208984375
vn 0.3535533905932736 0.8535533905932738 -0.3826834323650899
vn -0.14644660940672627 -0.35355339059327384 -0.9238795325112867
vn -0.3535533905932736 -0.8535533905932738 0.3826834323650899
vn 0.14644660940672627 0.35355339059327384 0.9238795325112867
vn 0.9238795325112868 -0.38268343236508967 -2.7755575615628914e-17
vn -0.9238795325112868 0.38268343236508967 2.7755575615628914e-17
usemtl m_a520c05c-83fc-6d1a-7b60-0c8dd74607e0
f 852/2548/637 855/2547/637 853/2546/637 850/2545/637
f 851/2552/638 852/2551/638 850/2550/638 849/2549/638
f 856/2556/639 851/2555/639 849/2554/639 854/2553/639
f 855/2560/640 856/2559/640 854/2558/640 853/2557/640
f 854/2564/641 849/2563/641 850/2562/641 853/2561/641
f 855/2568/642 852/2567/642 851/2566/642 856/2565/642
o cube
v -0.8094104686976819 0.6079409421340564 4.951104876654356
v -0.4931791779880409 1.3713908130120207 4.805396690774034
v -0.9345349383339321 0.6597691944421318 4.951104876654356
v -0.6183036476242911 1.423219065320096 4.805396690774034
v -0.41226260319874336 1.5667407052891202 6.004562007840799
v -0.7284938939083843 0.8032908344111558 6.15027019372112
v -0.5373870728349937 1.6185689575971955 6.004562007840799
v -0.8536183635446346 0.8551190867192312 6.15027019372112
vt 0.0830078125 0.388671875
vt 0.1015625 0.388671875
vt 0.1015625 0.38671875
vt 0.0830078125 0.38671875
vt 0.0703125 0.388671875
vt 0.0830078125 0.388671875
vt 0.0830078125 0.38671875
vt 0.0703125 0.38671875
vt 0.1142578125 0.388671875
vt 0.1328125 0.388671875
vt 0.1328125 0.38671875
vt 0.1142578125 0.38671875
vt 0.1015625 0.388671875
vt 0.1142578125 0.388671875
vt 0.1142578125 0.38671875
vt 0.1015625 0.38671875
vt 0.1015625 0.388671875
vt 0.0830078125 0.388671875
vt 0.0830078125 0.4013671875
vt 0.1015625 0.4013671875
vt 0.1201171875 0.4013671875
vt 0.1015625 0.4013671875
vt 0.1015625 0.388671875
vt 0.1201171875 0.388671875
vn 0.37686961114246326 0.9098437264664097 -0.1736481776669304
vn -0.06645228065352383 -0.16042999720436069 -0.9848077530122081
vn -0.37686961114246326 -0.9098437264664097 0.1736481776669304
vn 0.06645228065352383 0.16042999720436069 0.9848077530122081
vn 0.9238795325112868 -0.38268343236508967 1.2490009027033014e-16
vn -0.9238795325112868 0.38268343236508967 -1.2490009027033014e-16
usemtl m_a520c05c-83fc-6d1a-7b60-0c8dd74607e0
f 860/2572/643 863/2571/643 861/2570/643 858/2569/643
f 859/2576/644 860/2575/644 858/2574/644 857/2573/644
f 864/2580/645 859/2579/645 857/2578/645 862/2577/645
f 863/2584/646 864/2583/646 862/2582/646 861/2581/646
f 862/2588/647 857/2587/647 858/2586/647 861/2585/647
f 863/2592/648 860/2591/648 859/2590/648 864/2589/648
o cube
v -0.43618942457663923 1.7191186425221419 8.048963125
v -0.6781366163613352 1.961065834306838 8.048963125
v 0.6781344066526439 2.8334424737514246 8.048963125
v 0.4361872148679479 3.075389665536121 8.048963125
v -0.6781366163613352 1.9610658343068377 7.2332325
v -0.43618942457663923 1.7191186425221416 7.2332325
v 0.4361872148679479 3.075389665536121 7.2332325
v 0.6781344066526439 2.8334424737514246 7.2332325
vt 0.2041015625 0.501953125
vt 0.216796875 0.501953125
vt 0.216796875 0.4775390625
vt 0.2041015625 0.4775390625
vt 0.19921875 0.501953125
vt 0.2041015625 0.501953125
vt 0.2041015625 0.4775390625
vt 0.19921875 0.4775390625
vt 0.2216796875 0.501953125
vt 0.234375 0.501953125
vt 0.234375 0.4775390625
vt 0.2216796875 0.4775390625
vt 0.216796875 0.501953125
vt 0.2216796875 0.501953125
vt 0.2216796875 0.4775390625
vt 0.216796875 0.4775390625
vt 0.216796875 0.501953125
vt 0.2041015625 0.501953125
vt 0.2041015625 0.5068359375
vt 0.216796875 0.5068359375
vt 0.2294921875 0.5068359375
vt 0.216796875 0.5068359375
vt 0.216796875 0.501953125
vt 0.2294921875 0.501953125
vn -0.7071067811865475 0.7071067811865476 -7.850462293418876e-17
vn -1.570092458683775e-16 1.5700924586837752e-16 1
vn 0.7071067811865475 -0.7071067811865476 7.850462293418876e-17
vn 1.570092458683775e-16 -1.5700924586837752e-16 -1
vn -0.7071067811865476 -0.7071067811865475 7.850462293418875e-17
vn 0.7071067811865476 0.7071067811865475 -7.850462293418875e-17
usemtl m_a520c05c-83fc-6d1a-7b60-0c8dd74607e0
f 868/2596/649 871/2595/649 869/2594/649 866/2593/649
f 867/2600/650 868/2599/650 866/2598/650 865/2597/650
f 872/2604/651 867/2603/651 865/2602/651 870/2601/651
f 871/2608/652 872/2607/652 870/2606/652 869/2605/652
f 870/2612/653 865/2611/653 866/2610/653 869/2609/653
f 871/2616/654 868/2615/654 867/2614/654 872/2613/654
o cube
v -0.45959325734250117 3.059752166378274 8.048963125
v -0.1434740171007755 3.1906930430134754 8.048963125
v 0.14347445441875573 1.603817917614939 8.048963125
v 0.4595936946604814 1.7347587942501401 8.048963125
v -0.14347401710077567 3.190693043013475 7.2332325
v -0.45959325734250134 3.059752166378274 7.2332325
v 0.4595936946604812 1.7347587942501401 7.2332325
v 0.14347445441875556 1.6038179176149387 7.2332325
vt 0.4150390625 0.3916015625
vt 0.427734375 0.3916015625
vt 0.427734375 0.3671875
vt 0.4150390625 0.3671875
vt 0.41015625 0.3916015625
vt 0.4150390625 0.3916015625
vt 0.4150390625 0.3671875
vt 0.41015625 0.3671875
vt 0.4326171875 0.3916015625
vt 0.4453125 0.3916015625
vt 0.4453125 0.3671875
vt 0.4326171875 0.3671875
vt 0.427734375 0.3916015625
vt 0.4326171875 0.3916015625
vt 0.4326171875 0.3671875
vt 0.427734375 0.3671875
vt 0.427734375 0.3916015625
vt 0.4150390625 0.3916015625
vt 0.4150390625 0.396484375
vt 0.427734375 0.396484375
vt 0.4404296875 0.396484375
vt 0.427734375 0.396484375
vt 0.427734375 0.3916015625
vt 0.4404296875 0.3916015625
vn 0.9238795325112868 0.3826834323650897 -2.370072626263643e-16
vn 1.9452086685093367e-16 1.1061559977521022e-16 1
vn -0.9238795325112868 -0.3826834323650897 2.370072626263643e-16
vn -1.9452086685093367e-16 -1.1061559977521022e-16 -1
vn -0.3826834323650897 0.9238795325112867 8.044366877814565e-18
vn 0.3826834323650897 -0.9238795325112867 -8.044366877814565e-18
usemtl m_a520c05c-83fc-6d1a-7b60-0c8dd74607e0
f 876/2620/655 879/2619/655 877/2618/655 874/2617/655
f 875/2624/656 876/2623/656 874/2622/656 873/2621/656
f 880/2628/657 875/2627/657 873/2626/657 878/2625/657
f 879/2632/658 880/2631/658 878/2630/658 877/2629/658
f 878/2636/659 873/2635/659 874/2634/659 877/2633/659
f 879/2640/660 876/2639/660 875/2638/660 880/2637/660
o cube
v -0.14347517195019138 1.6038161853408157 8.048963125
v -0.45959441219191705 1.7347570619760173 8.048963125
v 0.4595925398110657 3.0597504341041506 8.048963125
v 0.14347329956934002 3.1906913107393517 8.048963125
v -0.4595944121919169 1.734757061976017 7.2332325
v -0.14347517195019122 1.6038161853408157 7.2332325
v 0.14347329956934018 3.1906913107393517 7.2332325
v 0.45959253981106585 3.05975043410415 7.2332325
vt 0.1376953125 0.3896484375
vt 0.150390625 0.3896484375
vt 0.150390625 0.365234375
vt 0.1376953125 0.365234375
vt 0.1328125 0.3896484375
vt 0.1376953125 0.3896484375
vt 0.1376953125 0.365234375
vt 0.1328125 0.365234375
vt 0.1552734375 0.3896484375
vt 0.16796875 0.3896484375
vt 0.16796875 0.365234375
vt 0.1552734375 0.365234375
vt 0.150390625 0.3896484375
vt 0.1552734375 0.3896484375
vt 0.1552734375 0.365234375
vt 0.150390625 0.365234375
vt 0.150390625 0.3896484375
vt 0.1376953125 0.3896484375
vt 0.1376953125 0.39453125
vt 0.150390625 0.39453125
vt 0.1630859375 0.39453125
vt 0.150390625 0.39453125
vt 0.150390625 0.3896484375
vt 0.1630859375 0.3896484375
vn -0.9238795325112866 0.38268343236508984 -2.3700726262636426e-16
vn -1.9452086685093367e-16 1.1061559977521027e-16 1
vn 0.9238795325112866 -0.38268343236508984 2.3700726262636426e-16
vn 1.9452086685093367e-16 -1.1061559977521027e-16 -1
vn -0.38268343236508984 -0.9238795325112867 -8.04436687781459e-18
vn 0.38268343236508984 0.9238795325112867 8.04436687781459e-18
usemtl m_a520c05c-83fc-6d1a-7b60-0c8dd74607e0
f 884/2644/661 887/2643/661 885/2642/661 882/2641/661
f 883/2648/662 884/2647/662 882/2646/662 881/2645/662
f 888/2652/663 883/2651/663 881/2650/663 886/2649/663
f 887/2656/664 888/2655/664 886/2654/664 885/2653/664
f 886/2660/665 881/2659/665 882/2658/665 885/2657/665
f 887/2664/666 884/2663/666 883/2662/666 888/2661/666
o cube
v -0.6624977913782738 1.937661117657499 8.048963125
v -0.7934386680134752 2.253780357899225 8.048963125
v 0.7934364573850616 2.540728829418756 8.048963125
v 0.6624955807498603 2.8568480696604817 8.048963125
v -0.793438668013475 2.2537803578992244 7.2332325
v -0.6624977913782736 1.9376611176574987 7.2332325
v 0.6624955807498605 2.8568480696604817 7.2332325
v 0.7934364573850619 2.5407288294187556 7.2332325
vt 0.1728515625 0.3896484375
vt 0.185546875 0.3896484375
vt 0.185546875 0.365234375
vt 0.1728515625 0.365234375
vt 0.16796875 0.3896484375
vt 0.1728515625 0.3896484375
vt 0.1728515625 0.365234375
vt 0.16796875 0.365234375
vt 0.1904296875 0.3896484375
vt 0.203125 0.3896484375
vt 0.203125 0.365234375
vt 0.1904296875 0.365234375
vt 0.185546875 0.3896484375
vt 0.1904296875 0.3896484375
vt 0.1904296875 0.365234375
vt 0.185546875 0.365234375
vt 0.185546875 0.3896484375
vt 0.1728515625 0.3896484375
vt 0.1728515625 0.39453125
vt 0.185546875 0.39453125
vt 0.1982421875 0.39453125
vt 0.185546875 0.39453125
vt 0.185546875 0.3896484375
vt 0.1982421875 0.3896484375
vn -0.38268343236508984 0.923879532511287 -2.388296408969548e-16
vn -5.128561644869781e-17 -2.1243197887715313e-17 1
vn 0.38268343236508984 -0.923879532511287 2.388296408969548e-16
vn 5.128561644869781e-17 2.1243197887715313e-17 -1
vn -0.923879532511287 -0.3826834323650897 -1.4141287213164536e-16
vn 0.923879532511287 0.3826834323650897 1.4141287213164536e-16
usemtl m_a520c05c-83fc-6d1a-7b60-0c8dd74607e0
f 892/2668/667 895/2667/667 893/2666/667 890/2665/667
f 891/2672/668 892/2671/668 890/2670/668 889/2669/668
f 896/2676/669 891/2675/669 889/2674/669 894/2673/669
f 895/2680/670 896/2679/670 894/2678/670 893/2677/670
f 894/2684/671 889/2683/671 890/2682/671 893/2681/671
f 895/2688/672 892/2687/672 891/2686/672 896/2685/672
o cube
v 0.17108187500000055 1.6093075000000008 8.048963125
v -0.17108312500000078 1.6093075000000008 8.048963125
v 0.17108187500000016 3.185199375 8.048963125
v -0.17108312500000117 3.185199375 8.048963125
v -0.17108312500000097 1.609307500000001 7.2332325
v 0.17108187500000036 1.609307500000001 7.2332325
v -0.17108312500000133 3.1851993750000003 7.2332325
v 0.171081875 3.1851993750000003 7.2332325
vt 0.5205078125 0.3896484375
vt 0.533203125 0.3896484375
vt 0.533203125 0.365234375
vt 0.5205078125 0.365234375
vt 0.515625 0.3896484375
vt 0.5205078125 0.3896484375
vt 0.5205078125 0.365234375
vt 0.515625 0.365234375
vt 0.5380859375 0.3896484375
vt 0.55078125 0.3896484375
vt 0.55078125 0.365234375
vt 0.5380859375 0.365234375
vt 0.533203125 0.3896484375
vt 0.5380859375 0.3896484375
vt 0.5380859375 0.365234375
vt 0.533203125 0.365234375
vt 0.533203125 0.3896484375
vt 0.5205078125 0.3896484375
vt 0.5205078125 0.39453125
vt 0.533203125 0.39453125
vt 0.5458984375 0.39453125
vt 0.533203125 0.39453125
vt 0.533203125 0.3896484375
vt 0.5458984375 0.3896484375
vn -1 -2.355138688025664e-16 2.220446049250313e-16
vn -2.220446049250313e-16 -2.355138688025664e-16 1
vn 1 2.355138688025664e-16 -2.220446049250313e-16
vn 2.220446049250313e-16 2.355138688025664e-16 -1
vn 2.3551386880256634e-16 -1 -2.3551386880256634e-16
vn -2.3551386880256634e-16 1 2.3551386880256634e-16
usemtl m_a520c05c-83fc-6d1a-7b60-0c8dd74607e0
f 900/2692/673 903/2691/673 901/2690/673 898/2689/673
f 899/2696/674 900/2695/674 898/2694/674 897/2693/674
f 904/2700/675 899/2699/675 897/2698/675 902/2697/675
f 903/2704/676 904/2703/676 902/2702/676 901/2701/676
f 902/2708/677 897/2707/677 898/2706/677 901/2705/677
f 903/2712/678 900/2711/678 899/2710/678 904/2709/678
o cube
v -0.6781357324778584 2.8334437995766395 8.048963125
v -0.43618854069316243 3.0753909913613353 8.048963125
v 0.4361880987514245 1.7191199683473561 8.048963125
v 0.6781352905361204 1.9610671601320522 8.048963125
v -0.43618854069316265 3.0753909913613353 7.2332325
v -0.6781357324778586 2.8334437995766395 7.2332325
v 0.6781352905361202 1.9610671601320522 7.2332325
v 0.4361880987514243 1.7191199683473561 7.2332325
vt 0.5556640625 0.3896484375
vt 0.568359375 0.3896484375
vt 0.568359375 0.365234375
vt 0.5556640625 0.365234375
vt 0.55078125 0.3896484375
vt 0.5556640625 0.3896484375
vt 0.5556640625 0.365234375
vt 0.55078125 0.365234375
vt 0.5732421875 0.3896484375
vt 0.5859375 0.3896484375
vt 0.5859375 0.365234375
vt 0.5732421875 0.365234375
vt 0.568359375 0.3896484375
vt 0.5732421875 0.3896484375
vt 0.5732421875 0.365234375
vt 0.568359375 0.365234375
vt 0.568359375 0.3896484375
vt 0.5556640625 0.3896484375
vt 0.5556640625 0.39453125
vt 0.568359375 0.39453125
vt 0.5810546875 0.39453125
vt 0.568359375 0.39453125
vt 0.568359375 0.3896484375
vt 0.5810546875 0.3896484375
vn 0.7071067811865476 0.7071067811865475 -2.355138688025663e-16
vn 2.3551386880256634e-16 2.355138688025663e-16 1
vn -0.7071067811865476 -0.7071067811865475 2.355138688025663e-16
vn -2.3551386880256634e-16 -2.355138688025663e-16 -1
vn -0.7071067811865476 0.7071067811865476 7.850462293418876e-17
vn 0.7071067811865476 -0.7071067811865476 -7.850462293418876e-17
usemtl m_a520c05c-83fc-6d1a-7b60-0c8dd74607e0
f 908/2716/679 911/2715/679 909/2714/679 906/2713/679
f 907/2720/680 908/2719/680 906/2718/680 905/2717/680
f 912/2724/681 907/2723/681 905/2722/681 910/2721/681
f 911/2728/682 912/2727/682 910/2726/682 909/2725/682
f 910/2732/683 905/2731/683 906/2730/683 909/2729/683
f 911/2736/684 908/2735/684 907/2734/684 912/2733/684
o cube
v -0.7934381896591846 2.5407295469501916 8.048963125
v -0.6624973130239831 2.8568487871919173 8.048963125
v 0.6624960591041503 1.9376618351889343 8.048963125
v 0.7934369357393518 2.25378107543066 8.048963125
v -0.6624973130239831 2.8568487871919173 7.2332325
v -0.7934381896591847 2.5407295469501916 7.2332325
v 0.7934369357393518 2.25378107543066 7.2332325
v 0.6624960591041502 1.9376618351889343 7.2332325
vt 0.5908203125 0.3896484375
vt 0.603515625 0.3896484375
vt 0.603515625 0.365234375
vt 0.5908203125 0.365234375
vt 0.5859375 0.3896484375
vt 0.5908203125 0.3896484375
vt 0.5908203125 0.365234375
vt 0.5859375 0.365234375
vt 0.6083984375 0.3896484375
vt 0.62109375 0.3896484375
vt 0.62109375 0.365234375
vt 0.6083984375 0.365234375
vt 0.603515625 0.3896484375
vt 0.6083984375 0.3896484375
vt 0.6083984375 0.365234375
vt 0.603515625 0.365234375
vt 0.603515625 0.3896484375
vt 0.5908203125 0.3896484375
vt 0.5908203125 0.39453125
vt 0.603515625 0.39453125
vt 0.6162109375 0.39453125
vt 0.603515625 0.39453125
vt 0.603515625 0.3896484375
vt 0.6162109375 0.3896484375
vn 0.38268343236508995 0.9238795325112866 -1.450576286728263e-16
vn 8.497279155086136e-17 2.051424657947913e-16 1
vn -0.38268343236508995 -0.9238795325112866 1.450576286728263e-16
vn -8.497279155086136e-17 -2.051424657947913e-16 -1
vn -0.9238795325112866 0.3826834323650899 6.008483712196496e-17
vn 0.9238795325112866 -0.3826834323650899 -6.008483712196496e-17
usemtl m_a520c05c-83fc-6d1a-7b60-0c8dd74607e0
f 916/2740/685 919/2739/685 917/2738/685 914/2737/685
f 915/2744/686 916/2743/686 914/2742/686 913/2741/686
f 920/2748/687 915/2747/687 913/2746/687 918/2745/687
f 919/2752/688 920/2751/688 918/2750/688 917/2749/688
f 918/2756/689 913/2755/689 914/2754/689 917/2753/689
f 919/2760/690 916/2759/690 915/2758/690 920/2757/690
o cube
v -0.7879468749999998 2.2261724999999997 8.048963125
v -0.7879468749999998 2.568337500000001 8.048963125
v 0.7879450000000001 2.226172499999999 8.048963125
v 0.7879450000000001 2.5683375000000006 8.048963125
v -0.7879468749999998 2.568337500000001 7.2332325
v -0.7879468749999998 2.2261724999999997 7.2332325
v 0.7879450000000001 2.5683375000000006 7.2332325
v 0.7879450000000001 2.226172499999999 7.2332325
vt 0.0048828125 0.388671875
vt 0.017578125 0.388671875
vt 0.017578125 0.3642578125
vt 0.0048828125 0.3642578125
vt 0 0.388671875
vt 0.0048828125 0.388671875
vt 0.0048828125 0.3642578125
vt 0 0.3642578125
vt 0.0224609375 0.388671875
vt 0.03515625 0.388671875
vt 0.03515625 0.3642578125
vt 0.0224609375 0.3642578125
vt 0.017578125 0.388671875
vt 0.0224609375 0.388671875
vt 0.0224609375 0.3642578125
vt 0.017578125 0.3642578125
vt 0.017578125 0.388671875
vt 0.0048828125 0.388671875
vt 0.0048828125 0.3935546875
vt 0.017578125 0.3935546875
vt 0.0302734375 0.3935546875
vt 0.017578125 0.3935546875
vt 0.017578125 0.388671875
vt 0.0302734375 0.388671875
vn 2.220446049250313e-16 1 -2.220446049250313e-16
vn 4.930380657631324e-32 2.220446049250313e-16 1
vn -2.220446049250313e-16 -1 2.220446049250313e-16
vn -4.930380657631324e-32 -2.220446049250313e-16 -1
vn -1 2.220446049250313e-16 -4.930380657631324e-32
vn 1 -2.220446049250313e-16 4.930380657631324e-32
usemtl m_a520c05c-83fc-6d1a-7b60-0c8dd74607e0
f 924/2764/691 927/2763/691 925/2762/691 922/2761/691
f 923/2768/692 924/2767/692 922/2766/692 921/2765/692
f 928/2772/693 923/2771/693 921/2770/693 926/2769/693
f 927/2776/694 928/2775/694 926/2774/694 925/2773/694
f 926/2780/695 921/2779/695 922/2778/695 925/2777/695
f 927/2784/696 924/2783/696 923/2782/696 928/2781/696
o cube
v 0.8063502286508197 2.444671875 -4.146685775205287
v 0.9693091463491821 2.444671875 -4.240770150205287
v 0.8063502286508197 2.1637618749999996 -4.146685775205287
v 0.9693091463491821 2.1637618749999996 -4.240770150205287
v 0.7744200838491822 2.444671875 -4.578327908294753
v 0.6114611661508198 2.444671875 -4.4842435332947534
v 0.7744200838491822 2.1637618749999996 -4.578327908294753
v 0.6114611661508198 2.1637618749999996 -4.4842435332947534
vt 0.6416015625 0.529296875
vt 0.6474609375 0.529296875
vt 0.6474609375 0.525390625
vt 0.6416015625 0.525390625
vt 0.638671875 0.529296875
vt 0.6416015625 0.529296875
vt 0.6416015625 0.525390625
vt 0.638671875 0.525390625
vt 0.650390625 0.529296875
vt 0.65625 0.529296875
vt 0.65625 0.525390625
vt 0.650390625 0.525390625
vt 0.6474609375 0.529296875
vt 0.650390625 0.529296875
vt 0.650390625 0.525390625
vt 0.6474609375 0.525390625
vt 0.6474609375 0.529296875
vt 0.6416015625 0.529296875
vt 0.6416015625 0.5322265625
vt 0.6474609375 0.5322265625
vt 0.6533203125 0.5322265625
vt 0.6474609375 0.5322265625
vt 0.6474609375 0.529296875
vt 0.6533203125 0.529296875
vn 0.8660254037844386 0 -0.5000000000000001
vn 0.5000000000000001 0 0.8660254037844386
vn -0.8660254037844386 0 0.5000000000000001
vn -0.5000000000000001 0 -0.8660254037844386
vn 0 1 0
vn 0 -1 0
usemtl m_a520c05c-83fc-6d1a-7b60-0c8dd74607e0
f 932/2788/697 935/2787/697 933/2786/697 930/2785/697
f 931/2792/698 932/2791/698 930/2790/698 929/2789/698
f 936/2796/699 931/2795/699 929/2794/699 934/2793/699
f 935/2800/700 936/2799/700 934/2798/700 933/2797/700
f 934/2804/701 929/2803/701 930/2802/701 933/2801/701
f 935/2808/702 932/2807/702 931/2806/702 936/2805/702
o cube
v 0.8209475000000004 2.938654323484618 1.489452642066016
v 0.8209475000000005 2.2643770108355583 1.4006823497892502
v 0.5697762499999999 2.938654323484618 1.489452642066016
v 0.56977625 2.264377010835558 1.4006823497892502
v 0.8209475000000005 2.5906883308633097 -1.0778982013403207
v 0.8209475000000004 3.2649656435123697 -0.989127909063555
v 0.56977625 2.5906883308633093 -1.0778982013403207
v 0.5697762499999999 3.2649656435123693 -0.989127909063555
vt 0.296875 0.4501953125
vt 0.3349609375 0.4501953125
vt 0.3349609375 0.4462890625
vt 0.296875 0.4462890625
vt 0.287109375 0.4501953125
vt 0.296875 0.4501953125
vt 0.296875 0.4462890625
vt 0.287109375 0.4462890625
vt 0.3447265625 0.4501953125
vt 0.3828125 0.4501953125
vt 0.3828125 0.4462890625
vt 0.3447265625 0.4462890625
vt 0.3349609375 0.4501953125
vt 0.3447265625 0.4501953125
vt 0.3447265625 0.4462890625
vt 0.3349609375 0.4462890625
vt 0.3349609375 0.4501953125
vt 0.296875 0.4501953125
vt 0.296875 0.4599609375
vt 0.3349609375 0.4599609375
vt 0.373046875 0.4599609375
vt 0.3349609375 0.4599609375
vt 0.3349609375 0.4501953125
vt 0.373046875 0.4501953125
vn 2.2014498254870018e-16 -0.9914448613738105 -0.13052619222005135
vn 2.898263678387e-17 -0.13052619222005135 0.9914448613738105
vn -2.2014498254870018e-16 0.9914448613738105 0.13052619222005135
vn -2.898263678387e-17 0.13052619222005135 -0.9914448613738105
vn 1 2.2014498254870013e-16 2.898263678386999e-17
vn -1 -2.2014498254870013e-16 -2.898263678386999e-17
usemtl m_a520c05c-83fc-6d1a-7b60-0c8dd74607e0
f 940/2812/703 943/2811/703 941/2810/703 938/2809/703
f 939/2816/704 940/2815/704 938/2814/704 937/2813/704
f 944/2820/705 939/2819/705 937/2818/705 942/2817/705
f 943/2824/706 944/2823/706 942/2822/706 941/2821/706
f 942/2828/707 937/2827/707 938/2826/707 941/2825/707
f 943/2832/708 940/2831/708 939/2830/708 944/2829/708
o cube
v 0.34004759873162876 3.4135108071548665 1.5668799947192373
v 0.8209478263063741 2.9367247476985323 1.5041099081269804
v 0.1624422624105965 3.2374249091045426 1.543697850531954
v 0.6433424899853417 2.7606388496482084 1.4809277639396967
v 0.8209477690175147 3.264965734320512 -0.9891279159719248
v 0.34004754144276933 3.7417517937768467 -0.9263578293796684
v 0.6433424326964823 3.088879836270188 -1.0123100601592077
v 0.16244220512173702 3.565665895726523 -0.9495399735669512
vt 0.201171875 0.4638671875
vt 0.240234375 0.4638671875
vt 0.240234375 0.4599609375
vt 0.201171875 0.4599609375
vt 0.19140625 0.4638671875
vt 0.201171875 0.4638671875
vt 0.201171875 0.4599609375
vt 0.19140625 0.4599609375
vt 0.25 0.4638671875
vt 0.2890625 0.4638671875
vt 0.2890625 0.4599609375
vt 0.25 0.4599609375
vt 0.240234375 0.4638671875
vt 0.25 0.4638671875
vt 0.25 0.4599609375
vt 0.240234375 0.4599609375
vt 0.240234375 0.4638671875
vt 0.201171875 0.4638671875
vt 0.201171875 0.4736328125
vt 0.240234375 0.4736328125
vt 0.279296875 0.4736328125
vt 0.240234375 0.4736328125
vt 0.240234375 0.4638671875
vt 0.279296875 0.4638671875
vn 0.7071067801307285 -0.7010573835941594 -0.09229597174993885
vn 2.2781118130810185e-8 -0.13052619222004946 0.9914448613738105
vn -0.7071067801307285 0.7010573835941594 0.09229597174993885
vn -2.2781118130810185e-8 0.13052619222004946 -0.9914448613738105
vn 0.7071067822423662 0.7010573857057969 0.09229593953257265
vn -0.7071067822423662 -0.7010573857057969 -0.09229593953257265
usemtl m_a520c05c-83fc-6d1a-7b60-0c8dd74607e0
f 948/2836/709 951/2835/709 949/2834/709 946/2833/709
f 947/2840/710 948/2839/710 946/2838/710 945/2837/710
f 952/2844/711 947/2843/711 945/2842/711 950/2841/711
f 951/2848/712 952/2847/712 950/2846/712 949/2845/712
f 950/2852/713 945/2851/713 946/2850/713 949/2849/713
f 951/2856/714 948/2855/714 947/2854/714 952/2853/714
o cube
v 0.094084375 2.04482625 6.356249375000001
v 0.094084375 2.04482625 -5.861278750000002
v 0.094084375 1.9507418750000003 6.356249375000001
v 0.094084375 1.9507418750000003 -5.861278750000002
v -0.094084375 2.04482625 -5.861278750000002
v -0.094084375 2.04482625 6.356249375000001
v -0.094084375 1.9507418750000003 -5.861278750000002
v -0.094084375 1.9507418750000003 6.356249375000001
vt 0.1904296875 0.8095703125
vt 0.193359375 0.8095703125
vt 0.193359375 0.80859375
vt 0.1904296875 0.80859375
vt 0 0.8095703125
vt 0.1904296875 0.8095703125
vt 0.1904296875 0.80859375
vt 0 0.80859375
vt 0.3837890625 0.8095703125
vt 0.38671875 0.8095703125
vt 0.38671875 0.80859375
vt 0.3837890625 0.80859375
vt 0.193359375 0.8095703125
vt 0.3837890625 0.8095703125
vt 0.3837890625 0.80859375
vt 0.193359375 0.80859375
vt 0.193359375 0.8095703125
vt 0.1904296875 0.8095703125
vt 0.1904296875 1
vt 0.193359375 1
vt 0.1962890625 1
vt 0.193359375 1
vt 0.193359375 0.8095703125
vt 0.1962890625 0.8095703125
vn 0 0 -1
vn 1 0 0
vn 0 0 1
vn -1 0 0
vn 0 1 0
vn 0 -1 0
usemtl m_a520c05c-83fc-6d1a-7b60-0c8dd74607e0
f 956/2860/715 959/2859/715 957/2858/715 954/2857/715
f 955/2864/716 956/2863/716 954/2862/716 953/2861/716
f 960/2868/717 955/2867/717 953/2866/717 958/2865/717
f 959/2872/718 960/2871/718 958/2870/718 957/2869/718
f 958/2876/719 953/2875/719 954/2874/719 957/2873/719
f 959/2880/720 956/2879/720 955/2878/720 960/2877/720
o cube
v 0.094084375 2.0440215685942564 -6.789841025826588
v 0.094084375 2.1913872711880975 -7.9091946673783875
v 0.094084375 1.9507420984649404 -6.802121501042742
v 0.094084375 2.0981078010587813 -7.921475142594541
v -0.094084375 2.1913872711880975 -7.9091946673783875
v -0.094084375 2.0440215685942564 -6.789841025826588
v -0.094084375 2.0981078010587813 -7.921475142594541
v -0.094084375 1.9507420984649404 -6.802121501042742
vt 0.283203125 0.373046875
vt 0.2861328125 0.373046875
vt 0.2861328125 0.3720703125
vt 0.283203125 0.3720703125
vt 0.265625 0.373046875
vt 0.283203125 0.373046875
vt 0.283203125 0.3720703125
vt 0.265625 0.3720703125
vt 0.3037109375 0.373046875
vt 0.306640625 0.373046875
vt 0.306640625 0.3720703125
vt 0.3037109375 0.3720703125
vt 0.2861328125 0.373046875
vt 0.3037109375 0.373046875
vt 0.3037109375 0.3720703125
vt 0.2861328125 0.3720703125
vt 0.2861328125 0.373046875
vt 0.283203125 0.373046875
vt 0.283203125 0.390625
vt 0.2861328125 0.390625
vt 0.2890625 0.390625
vt 0.2861328125 0.390625
vt 0.2861328125 0.373046875
vt 0.2890625 0.373046875
vn 0 0.13052619222005157 -0.9914448613738104
vn 1 0 0
vn 0 -0.13052619222005157 0.9914448613738104
vn -1 0 0
vn 0 0.9914448613738104 0.13052619222005157
vn 0 -0.9914448613738104 -0.13052619222005157
usemtl m_a520c05c-83fc-6d1a-7b60-0c8dd74607e0
f 964/2884/721 967/2883/721 965/2882/721 962/2881/721
f 963/2888/722 964/2887/722 962/2886/722 961/2885/722
f 968/2892/723 963/2891/723 961/2890/723 966/2889/723
f 967/2896/724 968/2895/724 966/2894/724 965/2893/724
f 966/2900/725 961/2899/725 962/2898/725 965/2897/725
f 967/2904/726 964/2903/726 963/2902/726 968/2901/726
o cube
v 0.094084375 2.8219947115246415 -5.922148265563083
v 0.094084375 2.2862764934001567 -7.921475874143926
v 0.094084375 2.7311161838618765 -5.897797437466515
v 0.094084375 2.1953979657373917 -7.897125046047359
v -0.094084375 2.2862764934001567 -7.921475874143926
v -0.094084375 2.8219947115246415 -5.922148265563083
v -0.094084375 2.1953979657373917 -7.897125046047359
v -0.094084375 2.7311161838618765 -5.897797437466515
vt 0.1220703125 0.416015625
vt 0.125 0.416015625
vt 0.125 0.4150390625
vt 0.1220703125 0.4150390625
vt 0.08984375 0.416015625
vt 0.1220703125 0.416015625
vt 0.1220703125 0.4150390625
vt 0.08984375 0.4150390625
vt 0.1572265625 0.416015625
vt 0.16015625 0.416015625
vt 0.16015625 0.4150390625
vt 0.1572265625 0.4150390625
vt 0.125 0.416015625
vt 0.1572265625 0.416015625
vt 0.1572265625 0.4150390625
vt 0.125 0.4150390625
vt 0.125 0.416015625
vt 0.1220703125 0.416015625
vt 0.1220703125 0.4482421875
vt 0.125 0.4482421875
vt 0.1279296875 0.4482421875
vt 0.125 0.4482421875
vt 0.125 0.416015625
vt 0.1279296875 0.416015625
vn 0 -0.25881904510252074 -0.9659258262890683
vn 1 0 0
vn 0 0.25881904510252074 0.9659258262890683
vn -1 0 0
vn 0 0.9659258262890683 -0.25881904510252074
vn 0 -0.9659258262890683 0.25881904510252074
usemtl m_a520c05c-83fc-6d1a-7b60-0c8dd74607e0
f 972/2908/727 975/2907/727 973/2906/727 970/2905/727
f 971/2912/728 972/2911/728 970/2910/728 969/2909/728
f 976/2916/729 971/2915/729 969/2914/729 974/2913/729
f 975/2920/730 976/2919/730 974/2918/730 973/2917/730
f 974/2924/731 969/2923/731 970/2922/731 973/2921/731
f 975/2928/732 972/2927/732 971/2926/732 976/2925/732
o cube
v 0.094084375 2.31062734034659 -7.830597604055042
v 0.094084375 2.286276512250022 -7.921476131717808
v 0.094084375 2.128870285021059 -7.781895947861907
v 0.094084375 2.104519456924491 -7.872774475524674
v -0.094084375 2.286276512250022 -7.921476131717808
v -0.094084375 2.31062734034659 -7.830597604055042
v -0.094084375 2.104519456924491 -7.872774475524674
v -0.094084375 2.128870285021059 -7.781895947861907
vt 0.2412109375 0.4189453125
vt 0.244140625 0.4189453125
vt 0.244140625 0.416015625
vt 0.2412109375 0.416015625
vt 0.240234375 0.4189453125
vt 0.2412109375 0.4189453125
vt 0.2412109375 0.416015625
vt 0.240234375 0.416015625
vt 0.2451171875 0.4189453125
vt 0.248046875 0.4189453125
vt 0.248046875 0.416015625
vt 0.2451171875 0.416015625
vt 0.244140625 0.4189453125
vt 0.2451171875 0.4189453125
vt 0.2451171875 0.416015625
vt 0.244140625 0.416015625
vt 0.244140625 0.4189453125
vt 0.2412109375 0.4189453125
vt 0.2412109375 0.419921875
vt 0.244140625 0.419921875
vt 0.2470703125 0.419921875
vt 0.244140625 0.419921875
vt 0.244140625 0.4189453125
vt 0.2470703125 0.4189453125
vn 0 -0.25881904510252074 -0.9659258262890683
vn 1 0 0
vn 0 0.25881904510252074 0.9659258262890683
vn -1 0 0
vn 0 0.9659258262890683 -0.25881904510252074
vn 0 -0.9659258262890683 0.25881904510252074
usemtl m_a520c05c-83fc-6d1a-7b60-0c8dd74607e0
f 980/2932/733 983/2931/733 981/2930/733 978/2929/733
f 979/2936/734 980/2935/734 978/2934/734 977/2933/734
f 984/2940/735 979/2939/735 977/2938/735 982/2937/735
f 983/2944/736 984/2943/736 982/2942/736 981/2941/736
f 982/2948/737 977/2947/737 978/2946/737 981/2945/737
f 983/2952/738 980/2951/738 979/2950/738 984/2949/738
o cube
v 0.07976052322373725 2.28627625 -7.84946731437582
v -0.09408473355949509 2.28627625 -7.921476377489668
v 0.07976052322373725 2.0981075 -7.84946731437582
v -0.09408473355949509 2.0981075 -7.921476377489668
v -0.45413004912873756 2.28627625 -7.052250093573502
v -0.28028479234550524 2.28627625 -6.980241030459654
v -0.45413004912873756 2.0981075 -7.052250093573502
v -0.28028479234550524 2.0981075 -6.980241030459654
vt 0.6318359375 0.6533203125
vt 0.646484375 0.6533203125
vt 0.646484375 0.650390625
vt 0.6318359375 0.650390625
vt 0.62890625 0.6533203125
vt 0.6318359375 0.6533203125
vt 0.6318359375 0.650390625
vt 0.62890625 0.650390625
vt 0.6494140625 0.6533203125
vt 0.6640625 0.6533203125
vt 0.6640625 0.650390625
vt 0.6494140625 0.650390625
vt 0.646484375 0.6533203125
vt 0.6494140625 0.6533203125
vt 0.6494140625 0.650390625
vt 0.646484375 0.650390625
vt 0.646484375 0.6533203125
vt 0.6318359375 0.6533203125
vt 0.6318359375 0.65625
vt 0.646484375 0.65625
vt 0.6611328125 0.65625
vt 0.646484375 0.65625
vt 0.646484375 0.6533203125
vt 0.6611328125 0.6533203125
vn -0.9238795325112866 0 -0.38268343236508984
vn 0.38268343236508984 0 -0.9238795325112866
vn 0.9238795325112866 0 0.38268343236508984
vn -0.38268343236508984 0 0.9238795325112866
vn 0 1 0
vn 0 -1 0
usemtl m_a520c05c-83fc-6d1a-7b60-0c8dd74607e0
f 988/2956/739 991/2955/739 989/2954/739 986/2953/739
f 987/2960/740 988/2959/740 986/2958/740 985/2957/740
f 992/2964/741 987/2963/741 985/2962/741 990/2961/741
f 991/2968/742 992/2967/742 990/2966/742 989/2965/742
f 990/2972/743 985/2971/743 986/2970/743 989/2969/743
f 991/2976/744 988/2975/744 987/2974/744 992/2973/744
o cube
v 0.094084375 2.28627625 -7.8273925
v 0.094084375 2.28627625 -7.921476875
v 0.094084375 2.0981075 -7.8273925
v 0.094084375 2.0981075 -7.921476875
v -0.094084375 2.28627625 -7.921476875
v -0.094084375 2.28627625 -7.8273925
v -0.094084375 2.0981075 -7.921476875
v -0.094084375 2.0981075 -7.8273925
vt 0.1376953125 0.408203125
vt 0.140625 0.408203125
vt 0.140625 0.4052734375
vt 0.1376953125 0.4052734375
vt 0.13671875 0.408203125
vt 0.1376953125 0.408203125
vt 0.1376953125 0.4052734375
vt 0.13671875 0.4052734375
vt 0.1416015625 0.408203125
vt 0.14453125 0.408203125
vt 0.14453125 0.4052734375
vt 0.1416015625 0.4052734375
vt 0.140625 0.408203125
vt 0.1416015625 0.408203125
vt 0.1416015625 0.4052734375
vt 0.140625 0.4052734375
vt 0.140625 0.408203125
vt 0.1376953125 0.408203125
vt 0.1376953125 0.4091796875
vt 0.140625 0.4091796875
vt 0.1435546875 0.4091796875
vt 0.140625 0.4091796875
vt 0.140625 0.408203125
vt 0.1435546875 0.408203125
vn 0 0 -1
vn 1 0 0
vn 0 0 1
vn -1 0 0
vn 0 1 0
vn 0 -1 0
usemtl m_a520c05c-83fc-6d1a-7b60-0c8dd74607e0
f 996/2980/745 999/2979/745 997/2978/745 994/2977/745
f 995/2984/746 996/2983/746 994/2982/746 993/2981/746
f 1000/2988/747 995/2987/747 993/2986/747 998/2985/747
f 999/2992/748 1000/2991/748 998/2990/748 997/2989/748
f 998/2996/749 993/2995/749 994/2994/749 997/2993/749
f 999/3000/750 996/2999/750 995/2998/750 1000/2997/750
o cube
v 0.28028475993597146 2.28627625 -6.980240510869342
v 0.45413001671920383 2.28627625 -7.0522495739831905
v 0.28028475993597146 2.0981075 -6.980240510869342
v 0.45413001671920383 2.0981075 -7.0522495739831905
v 0.09408470114996138 2.28627625 -7.921475857899356
v -0.07976055563327099 2.28627625 -7.849466794785508
v 0.09408470114996138 2.0981075 -7.921475857899356
v -0.07976055563327099 2.0981075 -7.849466794785508
vt 0.6337890625 0.8876953125
vt 0.6484375 0.8876953125
vt 0.6484375 0.884765625
vt 0.6337890625 0.884765625
vt 0.630859375 0.8876953125
vt 0.6337890625 0.8876953125
vt 0.6337890625 0.884765625
vt 0.630859375 0.884765625
vt 0.6513671875 0.8876953125
vt 0.666015625 0.8876953125
vt 0.666015625 0.884765625
vt 0.6513671875 0.884765625
vt 0.6484375 0.8876953125
vt 0.6513671875 0.8876953125
vt 0.6513671875 0.884765625
vt 0.6484375 0.884765625
vt 0.6484375 0.8876953125
vt 0.6337890625 0.8876953125
vt 0.6337890625 0.890625
vt 0.6484375 0.890625
vt 0.6630859375 0.890625
vt 0.6484375 0.890625
vt 0.6484375 0.8876953125
vt 0.6630859375 0.8876953125
vn 0.9238795325112866 0 -0.38268343236508984
vn 0.38268343236508984 0 0.9238795325112866
vn -0.9238795325112866 0 0.38268343236508984
vn -0.38268343236508984 0 -0.9238795325112866
vn 0 1 0
vn 0 -1 0
usemtl m_a520c05c-83fc-6d1a-7b60-0c8dd74607e0
f 1004/3004/751 1007/3003/751 1005/3002/751 1002/3001/751
f 1003/3008/752 1004/3007/752 1002/3006/752 1001/3005/752
f 1008/3012/753 1003/3011/753 1001/3010/753 1006/3009/753
f 1007/3016/754 1008/3015/754 1006/3014/754 1005/3013/754
f 1006/3020/755 1001/3019/755 1002/3018/755 1005/3017/755
f 1007/3024/756 1004/3023/756 1003/3022/756 1008/3021/756
o cube
v 0.23468226692642913 2.3988572324627446 -6.96605572135084
v 0.4004814354632404 2.4548825514235513 -7.035188042477822
v 0.3033585330232845 2.2253312611634386 -6.941976970631817
v 0.4691577015600958 2.2813565801242452 -7.011109291758799
v 0.3580437682405202 2.4200467754907975 -7.165196918956016
v 0.19224459970370897 2.364021456529991 -7.096064597829034
v 0.42672003433737565 2.2465208041914915 -7.141118168236993
v 0.2609208658005644 2.1904954852306853 -7.071985847110011
vt 0.2412109375 0.4130859375
vt 0.2431640625 0.4130859375
vt 0.2431640625 0.41015625
vt 0.2412109375 0.41015625
vt 0.23828125 0.4130859375
vt 0.2412109375 0.4130859375
vt 0.2412109375 0.41015625
vt 0.23828125 0.41015625
vt 0.24609375 0.4130859375
vt 0.248046875 0.4130859375
vt 0.248046875 0.41015625
vt 0.24609375 0.41015625
vt 0.2431640625 0.4130859375
vt 0.24609375 0.4130859375
vt 0.24609375 0.41015625
vt 0.2431640625 0.41015625
vt 0.2431640625 0.4130859375
vt 0.2412109375 0.4130859375
vt 0.2412109375 0.416015625
vt 0.2431640625 0.416015625
vt 0.2451171875 0.416015625
vt 0.2431640625 0.416015625
vt 0.2431640625 0.4130859375
vt 0.2451171875 0.4130859375
vn 0.8811195723881464 0.2977397626375623 -0.36739533597891255
vn 0.3007057813950757 0.24684012830832916 0.9212198348343921
vn -0.8811195723881464 -0.2977397626375623 0.36739533597891255
vn -0.3007057813950757 -0.24684012830832916 -0.9212198348343921
vn -0.36497168683352266 0.9221827285312039 -0.12796360032695772
vn 0.36497168683352266 -0.9221827285312039 0.12796360032695772
usemtl m_a520c05c-83fc-6d1a-7b60-0c8dd74607e0
f 1012/3028/757 1015/3027/757 1013/3026/757 1010/3025/757
f 1011/3032/758 1012/3031/758 1010/3030/758 1009/3029/758
f 1016/3036/759 1011/3035/759 1009/3034/759 1014/3033/759
f 1015/3040/760 1016/3039/760 1014/3038/760 1013/3037/760
f 1014/3044/761 1009/3043/761 1010/3042/761 1013/3041/761
f 1015/3048/762 1012/3047/762 1011/3046/762 1016/3045/762
o cube
v 0.22675092327981866 2.3952201025994366 -6.9880249177834575
v 0.3925500918166299 2.4512454215602433 -7.057157238910439
v 0.26366438779346546 2.3019499650715853 -6.975082599269139
v 0.4294635563302767 2.3579752840323915 -7.04421492039612
v 0.2793832298108606 2.3583502247730075 -7.403846808502427
v 0.11358406127404935 2.302324905812201 -7.334714487375446
v 0.31629669432450747 2.2650800872451557 -7.390904489988109
v 0.15049752578769618 2.2090547682843495 -7.321772168861127
vt 0.1689453125 0.6044921875
vt 0.1748046875 0.6044921875
vt 0.1748046875 0.603515625
vt 0.1689453125 0.603515625
vt 0.166015625 0.6044921875
vt 0.1689453125 0.6044921875
vt 0.1689453125 0.603515625
vt 0.166015625 0.603515625
vt 0.177734375 0.6044921875
vt 0.18359375 0.6044921875
vt 0.18359375 0.603515625
vt 0.177734375 0.603515625
vt 0.1748046875 0.6044921875
vt 0.177734375 0.6044921875
vt 0.177734375 0.603515625
vt 0.1748046875 0.603515625
vt 0.1748046875 0.6044921875
vt 0.1689453125 0.6044921875
vt 0.1689453125 0.607421875
vt 0.1748046875 0.607421875
vt 0.1806640625 0.607421875
vt 0.1748046875 0.607421875
vt 0.1748046875 0.6044921875
vt 0.1806640625 0.6044921875
vn 0.8811195723881464 0.2977397626375623 -0.36739533597891255
vn 0.3007057813950757 0.24684012830832916 0.9212198348343921
vn -0.8811195723881464 -0.2977397626375623 0.36739533597891255
vn -0.3007057813950757 -0.24684012830832916 -0.9212198348343921
vn -0.36497168683352266 0.9221827285312039 -0.12796360032695772
vn 0.36497168683352266 -0.9221827285312039 0.12796360032695772
usemtl m_a520c05c-83fc-6d1a-7b60-0c8dd74607e0
f 1020/3052/763 1023/3051/763 1021/3050/763 1018/3049/763
f 1019/3056/764 1020/3055/764 1018/3054/764 1017/3053/764
f 1024/3060/765 1019/3059/765 1017/3058/765 1022/3057/765
f 1023/3064/766 1024/3063/766 1022/3062/766 1021/3061/766
f 1022/3068/767 1017/3067/767 1018/3066/767 1021/3065/767
f 1023/3072/768 1020/3071/768 1019/3070/768 1024/3069/768
o cube
v 0.18721099362907923 2.3896156311657455 -6.948083777687403
v 0.24730266666059236 2.531643111108496 -7.005755131318435
v 0.33850252960583316 2.313800208546588 -6.9771538757081455
v 0.39859420263734624 2.4558276884893386 -7.0348252293391775
v -0.007322772852388415 2.3226289183372155 -7.785806662900408
v -0.06741444588390155 2.180601438394465 -7.728135309269375
v 0.14396876312436552 2.246813495718058 -7.814876760921151
v 0.08387709009285238 2.1047860157753076 -7.757205407290118
vt 0.314453125 0.416015625
vt 0.3271484375 0.416015625
vt 0.3271484375 0.4140625
vt 0.314453125 0.4140625
vt 0.3125 0.416015625
vt 0.314453125 0.416015625
vt 0.314453125 0.4140625
vt 0.3125 0.4140625
vt 0.3291015625 0.416015625
vt 0.341796875 0.416015625
vt 0.341796875 0.4140625
vt 0.3291015625 0.4140625
vt 0.3271484375 0.416015625
vt 0.3291015625 0.416015625
vt 0.3291015625 0.4140625
vt 0.3271484375 0.4140625
vt 0.3271484375 0.416015625
vt 0.314453125 0.416015625
vt 0.314453125 0.41796875
vt 0.3271484375 0.41796875
vt 0.33984375 0.41796875
vt 0.3271484375 0.41796875
vt 0.3271484375 0.416015625
vt 0.33984375 0.416015625
vn 0.36497166997077257 0.8626154660274207 -0.35027166298323587
vn 0.3007057813950756 0.24684012830832916 0.9212198348343923
vn -0.36497166997077257 -0.8626154660274207 0.35027166298323587
vn -0.3007057813950756 -0.24684012830832916 -0.9212198348343923
vn -0.8811195793729264 0.441547855647634 0.16930380391076205
vn 0.8811195793729264 -0.441547855647634 -0.16930380391076205
usemtl m_a520c05c-83fc-6d1a-7b60-0c8dd74607e0
f 1028/3076/769 1031/3075/769 1029/3074/769 1026/3073/769
f 1027/3080/770 1028/3079/770 1026/3078/770 1025/3077/770
f 1032/3084/771 1027/3083/771 1025/3082/771 1030/3081/771
f 1031/3088/772 1032/3087/772 1030/3086/772 1029/3085/772
f 1030/3092/773 1025/3091/773 1026/3090/773 1029/3089/773
f 1031/3096/774 1028/3095/774 1027/3094/774 1032/3093/774
o cube
v 0.12714884253991726 2.8151092297983067 -5.947847935131372
v 0.3148592227358897 2.8117119744091497 -5.9605266692585035
v 0.12714884387117764 2.633352175166647 -5.8991462763486755
v 0.31485922406715006 2.62995491977749 -5.911825010475807
v 0.2361032759328482 2.52021383022251 -7.048412489524193
v 0.048392895736875774 2.523611085611667 -7.035733755397061
v 0.23610327726410857 2.33845677559085 -6.9997108307414955
v 0.048392897068136154 2.341854030980007 -6.987032096614364
vt 0.6279296875 0.9970703125
vt 0.6455078125 0.9970703125
vt 0.6455078125 0.994140625
vt 0.6279296875 0.994140625
vt 0.625 0.9970703125
vt 0.6279296875 0.9970703125
vt 0.6279296875 0.994140625
vt 0.625 0.994140625
vt 0.6484375 0.9970703125
vt 0.666015625 0.9970703125
vt 0.666015625 0.994140625
vt 0.6484375 0.994140625
vt 0.6455078125 0.9970703125
vt 0.6484375 0.9970703125
vt 0.6484375 0.994140625
vt 0.6455078125 0.994140625
vt 0.6455078125 0.9970703125
vt 0.6279296875 0.9970703125
vt 0.6279296875 1
vt 0.6455078125 1
vt 0.6630859375 1
vt 0.6455078125 1
vt 0.6455078125 0.9970703125
vt 0.6630859375 0.9970703125
vn 0.9975640492694633 -0.01805430173265785 -0.0673795947899524
vn 0.06975648790694652 0.25818858886561463 0.963572874760633
vn -0.9975640492694633 0.01805430173265785 0.0673795947899524
vn -0.06975648790694652 -0.25818858886561463 -0.963572874760633
vn -7.074821777031117e-9 0.9659258226015749 -0.25881905886443374
vn 7.074821777031117e-9 -0.9659258226015749 0.25881905886443374
usemtl m_a520c05c-83fc-6d1a-7b60-0c8dd74607e0
f 1036/3100/775 1039/3099/775 1037/3098/775 1034/3097/775
f 1035/3104/776 1036/3103/776 1034/3102/776 1033/3101/776
f 1040/3108/777 1035/3107/777 1033/3106/777 1038/3105/777
f 1039/3112/778 1040/3111/778 1038/3110/778 1037/3109/778
f 1038/3116/779 1033/3115/779 1034/3114/779 1037/3113/779
f 1039/3120/780 1036/3119/780 1035/3118/780 1040/3117/780
o cube
v 0.2495896115973883 2.669380705788234 -5.820023271805275
v 0.3214232629514147 2.8360022550990163 -5.869869679047772
v 0.410004901003412 2.6021386322996527 -5.813618848193405
v 0.48183855235743844 2.768760181610435 -5.863465255435903
v 0.23446360438807679 2.5141398419188357 -7.071076487249686
v 0.1626299530340503 2.3475182926080533 -7.0212300800071885
v 0.3948788937941005 2.446897768430255 -7.064672063637817
v 0.32304524244007404 2.2802762191194725 -7.014825656395319
vt 0.4833984375 0.619140625
vt 0.501953125 0.619140625
vt 0.501953125 0.6171875
vt 0.4833984375 0.6171875
vt 0.48046875 0.619140625
vt 0.4833984375 0.619140625
vt 0.4833984375 0.6171875
vt 0.48046875 0.6171875
vt 0.5048828125 0.619140625
vt 0.5234375 0.619140625
vt 0.5234375 0.6171875
vt 0.5048828125 0.6171875
vt 0.501953125 0.619140625
vt 0.5048828125 0.619140625
vt 0.5048828125 0.6171875
vt 0.501953125 0.6171875
vt 0.501953125 0.619140625
vt 0.4833984375 0.619140625
vt 0.4833984375 0.6220703125
vt 0.501953125 0.6220703125
vt 0.5205078125 0.6220703125
vt 0.501953125 0.6220703125
vt 0.501953125 0.619140625
vt 0.5205078125 0.619140625
vn 0.38175122784217264 0.8854900152697146 -0.26490268571427217
vn 0.06975648790694661 0.2581885888656148 0.9635728747606331
vn -0.38175122784217264 -0.8854900152697146 0.26490268571427217
vn -0.06975648790694661 -0.2581885888656148 -0.9635728747606331
vn -0.9216290101965551 0.38632380904782887 -0.03679513727240249
vn 0.9216290101965551 -0.38632380904782887 0.03679513727240249
usemtl m_a520c05c-83fc-6d1a-7b60-0c8dd74607e0
f 1044/3124/781 1047/3123/781 1045/3122/781 1042/3121/781
f 1043/3128/782 1044/3127/782 1042/3126/782 1041/3125/782
f 1048/3132/783 1043/3131/783 1041/3130/783 1046/3129/783
f 1047/3136/784 1048/3135/784 1046/3134/784 1045/3133/784
f 1046/3140/785 1041/3139/785 1042/3138/785 1045/3137/785
f 1047/3144/786 1044/3143/786 1043/3142/786 1048/3141/786
o cube
v 0.306776160915475 2.696270472678106 -5.855778157124112
v 0.4801979387089946 2.762687231480363 -5.8861290980271574
v 0.37860981472935024 2.5270487766614362 -5.815635632869245
v 0.5520315925228698 2.593465535463693 -5.84598657377229
v 0.394878996339033 2.44689757527817 -7.064672069981654
v 0.22145721854551337 2.380480816475913 -7.034321129078609
v 0.46671265015290825 2.2776758792615 -7.024529545726788
v 0.29329087235938867 2.2112591204592436 -6.994178604823742
vt 0.6181640625 0.8935546875
vt 0.63671875 0.8935546875
vt 0.63671875 0.890625
vt 0.6181640625 0.890625
vt 0.615234375 0.8935546875
vt 0.6181640625 0.8935546875
vt 0.6181640625 0.890625
vt 0.615234375 0.890625
vt 0.6396484375 0.8935546875
vt 0.658203125 0.8935546875
vt 0.658203125 0.890625
vt 0.6396484375 0.890625
vt 0.63671875 0.8935546875
vt 0.6396484375 0.8935546875
vt 0.6396484375 0.890625
vt 0.63671875 0.890625
vt 0.63671875 0.8935546875
vt 0.6181640625 0.8935546875
vt 0.6181640625 0.896484375
vt 0.63671875 0.896484375
vt 0.6552734375 0.896484375
vt 0.63671875 0.896484375
vt 0.63671875 0.8935546875
vt 0.6552734375 0.8935546875
vn 0.9216290047817208 0.35296380935865795 -0.1612963943430849
vn 0.06975648790694651 0.2581885888656147 0.9635728747606331
vn -0.9216290047817208 -0.35296380935865795 0.1612963943430849
vn -0.06975648790694651 -0.2581885888656147 -0.9635728747606331
vn -0.38175124091473883 0.8993081795817315 -0.21333257650309637
vn 0.38175124091473883 -0.8993081795817315 0.21333257650309637
usemtl m_a520c05c-83fc-6d1a-7b60-0c8dd74607e0
f 1052/3148/787 1055/3147/787 1053/3146/787 1050/3145/787
f 1051/3152/788 1052/3151/788 1050/3150/788 1049/3149/788
f 1056/3156/789 1051/3155/789 1049/3154/789 1054/3153/789
f 1055/3160/790 1056/3159/790 1054/3158/790 1053/3157/790
f 1054/3164/791 1049/3163/791 1050/3162/791 1053/3161/791
f 1055/3168/792 1052/3167/792 1051/3166/792 1056/3165/792
o cube
v 0.4163731084846487 2.41222250706209 -5.850215088532421
v 0.5897948892176728 2.478639264468955 -5.880566015692998
v 0.4823618320376022 2.236192688032116 -5.858367980822219
v 0.6557836127706262 2.302609445438981 -5.888718907982797
v 0.39826220482821617 2.459469260006885 -7.016911819851466
v 0.22484042409519206 2.39305250260002 -6.986560892690889
v 0.4642509283811697 2.2834394409769114 -7.0250647121412655
v 0.2908291476481456 2.217022683570046 -6.9947137849806875
vt 0.6279296875 0.9912109375
vt 0.6455078125 0.9912109375
vt 0.6455078125 0.98828125
vt 0.6279296875 0.98828125
vt 0.625 0.9912109375
vt 0.6279296875 0.9912109375
vt 0.6279296875 0.98828125
vt 0.625 0.98828125
vt 0.6484375 0.9912109375
vt 0.666015625 0.9912109375
vt 0.666015625 0.98828125
vt 0.6484375 0.98828125
vt 0.6455078125 0.9912109375
vt 0.6484375 0.9912109375
vt 0.6484375 0.98828125
vt 0.6455078125 0.98828125
vt 0.6455078125 0.9912109375
vt 0.6279296875 0.9912109375
vt 0.6279296875 0.994140625
vt 0.6455078125 0.994140625
vt 0.6630859375 0.994140625
vt 0.6455078125 0.994140625
vt 0.6455078125 0.9912109375
vt 0.6630859375 0.9912109375
vn 0.9216290204033608 0.35296380194301996 -0.16129632131040772
vn 0.16618401360433627 0.01663292243031493 0.9859544713189252
vn -0.9216290204033608 -0.35296380194301996 0.16129632131040772
vn -0.16618401360433627 -0.01663292243031493 -0.9859544713189252
vn -0.3506890679400991 0.9354891236189525 0.043327557258040716
vn 0.3506890679400991 -0.9354891236189525 -0.043327557258040716
usemtl m_a520c05c-83fc-6d1a-7b60-0c8dd74607e0
f 1060/3172/793 1063/3171/793 1061/3170/793 1058/3169/793
f 1059/3176/794 1060/3175/794 1058/3174/794 1057/3173/794
f 1064/3180/795 1059/3179/795 1057/3178/795 1062/3177/795
f 1063/3184/796 1064/3183/796 1062/3182/796 1061/3181/796
f 1062/3188/797 1057/3187/797 1058/3186/797 1061/3185/797
f 1063/3192/798 1060/3191/798 1059/3190/798 1064/3189/798
o cube
v 0.15050004422701252 2.533160125359503 -7.000095926601143
v 0.24022990800227023 2.5258376909540035 -7.027423625377143
v 0.15050004594425076 2.3514030707576627 -6.951394267707157
v 0.24022990971950847 2.3440806363521633 -6.978721966483157
v -0.00024957978943274117 2.3284354749186673 -7.764138672878919
v -0.08997944356469045 2.3357579093241667 -7.736810974102919
v -0.0002495780721945007 2.146678420316827 -7.715437013984933
v -0.08997944184745221 2.1540008547223266 -7.6881093152089335
vt 0.4248046875 0.625
vt 0.4365234375 0.625
vt 0.4365234375 0.6220703125
vt 0.4248046875 0.6220703125
vt 0.423828125 0.625
vt 0.4248046875 0.625
vt 0.4248046875 0.6220703125
vt 0.423828125 0.6220703125
vt 0.4375 0.625
vt 0.44921875 0.625
vt 0.44921875 0.6220703125
vt 0.4375 0.6220703125
vt 0.4365234375 0.625
vt 0.4375 0.625
vt 0.4375 0.6220703125
vt 0.4365234375 0.6220703125
vt 0.4365234375 0.625
vt 0.4248046875 0.625
vt 0.4248046875 0.6259765625
vt 0.4365234375 0.6259765625
vt 0.4482421875 0.6259765625
vt 0.4365234375 0.6259765625
vt 0.4365234375 0.625
vt 0.4482421875 0.625
vn 0.9537169564580349 -0.07782837910651251 -0.2904594814601101
vn 0.30070578139507553 0.24684012830832916 0.9212198348343921
vn -0.9537169564580349 0.07782837910651251 0.2904594814601101
vn -0.30070578139507553 -0.24684012830832916 -0.9212198348343921
vn -9.126054398289618e-9 0.9659258224431008 -0.2588190594558665
vn 9.126054398289618e-9 -0.9659258224431008 0.2588190594558665
usemtl m_a520c05c-83fc-6d1a-7b60-0c8dd74607e0
f 1068/3196/799 1071/3195/799 1069/3194/799 1066/3193/799
f 1067/3200/800 1068/3199/800 1066/3198/800 1065/3197/800
f 1072/3204/801 1067/3203/801 1065/3202/801 1070/3201/801
f 1071/3208/802 1072/3207/802 1070/3206/802 1069/3205/802
f 1070/3212/803 1065/3211/803 1066/3210/803 1069/3209/803
f 1071/3216/804 1068/3215/804 1067/3214/804 1072/3213/804
o cube
v 0.3173900231552184 2.6762672356070505 -5.837985750097722
v 0.4908118038882425 2.742683993013916 -5.868336677258299
v 0.4823618320376021 2.2361926880321166 -5.858367980822219
v 0.6557836127706262 2.3026094454389816 -5.888718907982797
v 0.47517648483328706 2.7411190949026363 -5.961099587470796
v 0.30175470410026295 2.674702337495771 -5.930748660310218
v 0.6401482937156707 2.301044547327702 -5.981481818195293
v 0.46672651298264656 2.234627789920837 -5.951130891034716
vt 0.2373046875 0.50390625
vt 0.23828125 0.50390625
vt 0.23828125 0.4970703125
vt 0.2373046875 0.4970703125
vt 0.234375 0.50390625
vt 0.2373046875 0.50390625
vt 0.2373046875 0.4970703125
vt 0.234375 0.4970703125
vt 0.2412109375 0.50390625
vt 0.2421875 0.50390625
vt 0.2421875 0.4970703125
vt 0.2412109375 0.4970703125
vt 0.23828125 0.50390625
vt 0.2412109375 0.50390625
vt 0.2412109375 0.4970703125
vt 0.23828125 0.4970703125
vt 0.23828125 0.50390625
vt 0.2373046875 0.50390625
vt 0.2373046875 0.5068359375
vt 0.23828125 0.5068359375
vt 0.2392578125 0.5068359375
vt 0.23828125 0.5068359375
vt 0.23828125 0.50390625
vt 0.2392578125 0.50390625
vn 0.9216290204033608 0.35296380194301996 -0.16129632131040772
vn 0.16618401360433627 0.01663292243031493 0.9859544713189252
vn -0.9216290204033608 -0.35296380194301996 0.16129632131040772
vn -0.16618401360433627 -0.01663292243031493 -0.9859544713189252
vn -0.3506890679400991 0.9354891236189525 0.043327557258040716
vn 0.3506890679400991 -0.9354891236189525 -0.043327557258040716
usemtl m_a520c05c-83fc-6d1a-7b60-0c8dd74607e0
f 1076/3220/805 1079/3219/805 1077/3218/805 1074/3217/805
f 1075/3224/806 1076/3223/806 1074/3222/806 1073/3221/806
f 1080/3228/807 1075/3227/807 1073/3226/807 1078/3225/807
f 1079/3232/808 1080/3231/808 1078/3230/808 1077/3229/808
f 1078/3236/809 1073/3235/809 1074/3234/809 1077/3233/809
f 1079/3240/810 1076/3239/810 1075/3238/810 1080/3237/810
o cube
v 0.18816875 2.8219947115246415 -5.922148265563083
v 0.18816875 2.4810831181726964 -7.194447652841801
v 0.18816875 2.7311161838618765 -5.897797437466515
v 0.18816875 2.3902045905099314 -7.170096824745234
v -0.18816875 2.4810831181726964 -7.194447652841801
v -0.18816875 2.8219947115246415 -5.922148265563083
v -0.18816875 2.3902045905099314 -7.170096824745234
v -0.18816875 2.7311161838618765 -5.897797437466515
vt 0.6220703125 0.533203125
vt 0.6279296875 0.533203125
vt 0.6279296875 0.5322265625
vt 0.6220703125 0.5322265625
vt 0.6015625 0.533203125
vt 0.6220703125 0.533203125
vt 0.6220703125 0.5322265625
vt 0.6015625 0.5322265625
vt 0.6484375 0.533203125
vt 0.654296875 0.533203125
vt 0.654296875 0.5322265625
vt 0.6484375 0.5322265625
vt 0.6279296875 0.533203125
vt 0.6484375 0.533203125
vt 0.6484375 0.5322265625
vt 0.6279296875 0.5322265625
vt 0.6279296875 0.533203125
vt 0.6220703125 0.533203125
vt 0.6220703125 0.5537109375
vt 0.6279296875 0.5537109375
vt 0.6337890625 0.5537109375
vt 0.6279296875 0.5537109375
vt 0.6279296875 0.533203125
vt 0.6337890625 0.533203125
vn 0 -0.25881904510252074 -0.9659258262890683
vn 1 0 0
vn 0 0.25881904510252074 0.9659258262890683
vn -1 0 0
vn 0 0.9659258262890683 -0.25881904510252074
vn 0 -0.9659258262890683 0.25881904510252074
usemtl m_a520c05c-83fc-6d1a-7b60-0c8dd74607e0
f 1084/3244/811 1087/3243/811 1085/3242/811 1082/3241/811
f 1083/3248/812 1084/3247/812 1082/3246/812 1081/3245/812
f 1088/3252/813 1083/3251/813 1081/3250/813 1086/3249/813
f 1087/3256/814 1088/3255/814 1086/3254/814 1085/3253/814
f 1086/3260/815 1081/3259/815 1082/3258/815 1085/3257/815
f 1087/3264/816 1084/3263/816 1083/3262/816 1088/3261/816
o cube
v -0.1626299530340503 2.3475182926080533 -7.021230080007189
v -0.23446360438807679 2.5141398419188357 -7.071076487249686
v -0.32304524244007404 2.2802762191194725 -7.0148256563953195
v -0.3948788937941005 2.446897768430255 -7.064672063637817
v -0.3214232629514147 2.8360022550990163 -5.869869679047772
v -0.24958961159738827 2.669380705788234 -5.820023271805275
v -0.48183855235743844 2.768760181610435 -5.863465255435903
v -0.410004901003412 2.6021386322996527 -5.813618848193406
vt 0.5244140625 0.810546875
vt 0.54296875 0.810546875
vt 0.54296875 0.80859375
vt 0.5244140625 0.80859375
vt 0.521484375 0.810546875
vt 0.5244140625 0.810546875
vt 0.5244140625 0.80859375
vt 0.521484375 0.80859375
vt 0.5458984375 0.810546875
vt 0.564453125 0.810546875
vt 0.564453125 0.80859375
vt 0.5458984375 0.80859375
vt 0.54296875 0.810546875
vt 0.5458984375 0.810546875
vt 0.5458984375 0.80859375
vt 0.54296875 0.80859375
vt 0.54296875 0.810546875
vt 0.5244140625 0.810546875
vt 0.5244140625 0.8134765625
vt 0.54296875 0.8134765625
vt 0.5615234375 0.8134765625
vt 0.54296875 0.8134765625
vt 0.54296875 0.810546875
vt 0.5615234375 0.810546875
vn -0.38175122784217264 0.8854900152697146 -0.26490268571427217
vn 0.06975648790694661 -0.2581885888656148 -0.9635728747606331
vn 0.38175122784217264 -0.8854900152697146 0.26490268571427217
vn -0.06975648790694661 0.2581885888656148 0.9635728747606331
vn 0.9216290101965551 0.38632380904782887 -0.03679513727240249
vn -0.9216290101965551 -0.38632380904782887 0.03679513727240249
usemtl m_a520c05c-83fc-6d1a-7b60-0c8dd74607e0
f 1092/3268/817 1095/3267/817 1093/3266/817 1090/3265/817
f 1091/3272/818 1092/3271/818 1090/3270/818 1089/3269/818
f 1096/3276/819 1091/3275/819 1089/3274/819 1094/3273/819
f 1095/3280/820 1096/3279/820 1094/3278/820 1093/3277/820
f 1094/3284/821 1089/3283/821 1090/3282/821 1093/3281/821
f 1095/3288/822 1092/3287/822 1091/3286/822 1096/3285/822
o cube
v -0.3173893981552184 2.6762672356070505 -5.837985750097722
v -0.4908111788882425 2.742683993013916 -5.868336677258299
v -0.48236120703760205 2.2361926880321166 -5.858367980822219
v -0.6557829877706262 2.3026094454389816 -5.888718907982797
v -0.637000139705722 2.7573156630085682 -5.001011015485378
v -0.46357835897269783 2.6908989056017028 -4.970660088324801
v -0.8019719485881056 2.3172411154336343 -5.021393246209876
v -0.6285501678550816 2.250824358026769 -4.991042319049298
vt 0.6318359375 0.685546875
vt 0.6455078125 0.685546875
vt 0.6455078125 0.6787109375
vt 0.6318359375 0.6787109375
vt 0.62890625 0.685546875
vt 0.6318359375 0.685546875
vt 0.6318359375 0.6787109375
vt 0.62890625 0.6787109375
vt 0.6484375 0.685546875
vt 0.662109375 0.685546875
vt 0.662109375 0.6787109375
vt 0.6484375 0.6787109375
vt 0.6455078125 0.685546875
vt 0.6484375 0.685546875
vt 0.6484375 0.6787109375
vt 0.6455078125 0.6787109375
vt 0.6455078125 0.685546875
vt 0.6318359375 0.685546875
vt 0.6318359375 0.6884765625
vt 0.6455078125 0.6884765625
vt 0.6591796875 0.6884765625
vt 0.6455078125 0.6884765625
vt 0.6455078125 0.685546875
vt 0.6591796875 0.685546875
vn -0.9216290204033608 0.35296380194301996 -0.16129632131040772
vn 0.16618401360433627 -0.01663292243031493 -0.9859544713189252
vn 0.9216290204033608 -0.35296380194301996 0.16129632131040772
vn -0.16618401360433627 0.01663292243031493 0.9859544713189252
vn 0.3506890679400991 0.9354891236189525 0.043327557258040716
vn -0.3506890679400991 -0.9354891236189525 -0.043327557258040716
usemtl m_a520c05c-83fc-6d1a-7b60-0c8dd74607e0
f 1100/3292/823 1103/3291/823 1101/3290/823 1098/3289/823
f 1099/3296/824 1100/3295/824 1098/3294/824 1097/3293/824
f 1104/3300/825 1099/3299/825 1097/3298/825 1102/3297/825
f 1103/3304/826 1104/3303/826 1102/3302/826 1101/3301/826
f 1102/3308/827 1097/3307/827 1098/3306/827 1101/3305/827
f 1103/3312/828 1100/3311/828 1099/3310/828 1104/3309/828
o cube
v -0.23312784712718138 2.3714746500967405 -6.986423803205213
v -0.4065496330511388 2.4378913955573664 -7.016774726847265
v -0.2903815919990385 2.217424364948374 -6.996389624802309
v -0.4638033779229959 2.2838411104089995 -7.026740548444362
v -0.6051070538087366 2.4382415827498822 -5.881473501215899
v -0.43168526788477923 2.3718248372892567 -5.851122577573847
v -0.6623607986805937 2.2841912976015153 -5.891439322812996
v -0.48893901275663637 2.21777455214089 -5.861088399170943
vt 0.6083984375 0.439453125
vt 0.6259765625 0.439453125
vt 0.6259765625 0.4375
vt 0.6083984375 0.4375
vt 0.60546875 0.439453125
vt 0.6083984375 0.439453125
vt 0.6083984375 0.4375
vt 0.60546875 0.4375
vt 0.62890625 0.439453125
vt 0.646484375 0.439453125
vt 0.646484375 0.4375
vt 0.62890625 0.4375
vt 0.6259765625 0.439453125
vt 0.62890625 0.439453125
vt 0.62890625 0.4375
vt 0.6259765625 0.4375
vt 0.6259765625 0.439453125
vt 0.6083984375 0.439453125
vt 0.6083984375 0.4423828125
vt 0.6259765625 0.4423828125
vt 0.6435546875 0.4423828125
vt 0.6259765625 0.4423828125
vt 0.6259765625 0.439453125
vt 0.6435546875 0.439453125
vn -0.9216290479899468 0.3529637384561779 -0.16129630261163258
vn 0.17227905105390445 -0.00030384116084770945 -0.9850481390513437
vn 0.9216290479899468 -0.3529637384561779 0.16129630261163258
vn -0.17227905105390445 0.00030384116084770945 0.9850481390513437
vn 0.3477352821746892 0.9356369525705939 0.0605282290778567
vn -0.3477352821746892 -0.9356369525705939 -0.0605282290778567
usemtl m_a520c05c-83fc-6d1a-7b60-0c8dd74607e0
f 1108/3316/829 1111/3315/829 1109/3314/829 1106/3313/829
f 1107/3320/830 1108/3319/830 1106/3318/830 1105/3317/830
f 1112/3324/831 1107/3323/831 1105/3322/831 1110/3321/831
f 1111/3328/832 1112/3327/832 1110/3326/832 1109/3325/832
f 1110/3332/833 1105/3331/833 1106/3330/833 1109/3329/833
f 1111/3336/834 1108/3335/834 1107/3334/834 1112/3333/834
o cube
v -0.22290346854551252 2.386635191475913 -7.011664879078609
v -0.39632524633903216 2.4530519502781694 -7.042015819981654
v -0.2947371223593878 2.217413495459243 -6.971522354823742
v -0.4681589001529074 2.2838302542614994 -7.001873295726787
v -0.4816441887089937 2.7688416064803625 -5.863472848027158
v -0.30822241091547414 2.702424847678106 -5.833121907124112
v -0.553477842522869 2.5996199104636926 -5.82333032377229
v -0.3800560647293494 2.533203151661436 -5.792979382869245
vt 0.6201171875 0.3994140625
vt 0.638671875 0.3994140625
vt 0.638671875 0.396484375
vt 0.6201171875 0.396484375
vt 0.6171875 0.3994140625
vt 0.6201171875 0.3994140625
vt 0.6201171875 0.396484375
vt 0.6171875 0.396484375
vt 0.6416015625 0.3994140625
vt 0.66015625 0.3994140625
vt 0.66015625 0.396484375
vt 0.6416015625 0.396484375
vt 0.638671875 0.3994140625
vt 0.6416015625 0.3994140625
vt 0.6416015625 0.396484375
vt 0.638671875 0.396484375
vt 0.638671875 0.3994140625
vt 0.6201171875 0.3994140625
vt 0.6201171875 0.40234375
vt 0.638671875 0.40234375
vt 0.6572265625 0.40234375
vt 0.638671875 0.40234375
vt 0.638671875 0.3994140625
vt 0.6572265625 0.3994140625
vn -0.9216290047817208 0.35296380935865795 -0.1612963943430849
vn 0.06975648790694651 -0.2581885888656147 -0.9635728747606331
vn 0.9216290047817208 -0.35296380935865795 0.1612963943430849
vn -0.06975648790694651 0.2581885888656147 0.9635728747606331
vn 0.38175124091473883 0.8993081795817315 -0.21333257650309637
vn -0.38175124091473883 -0.8993081795817315 0.21333257650309637
usemtl m_a520c05c-83fc-6d1a-7b60-0c8dd74607e0
f 1116/3340/835 1119/3339/835 1117/3338/835 1114/3337/835
f 1115/3344/836 1116/3343/836 1114/3342/836 1113/3341/836
f 1120/3348/837 1115/3347/837 1113/3346/837 1118/3345/837
f 1119/3352/838 1120/3351/838 1118/3350/838 1117/3349/838
f 1118/3356/839 1113/3355/839 1114/3354/839 1117/3353/839
f 1119/3360/840 1116/3359/840 1115/3358/840 1120/3357/840
o cube
v 0.06741463382501492 2.1806012841193847 -7.728135885031772
v 0.0073229607935017815 2.3226287640621353 -7.785807238662805
v -0.08387690215173901 2.1047858615002273 -7.757205983052515
v -0.14396857518325215 2.246813341442978 -7.814877336683548
v -0.247302478719479 2.531642956833416 -7.005755707080832
v -0.1872108056879659 2.3896154768906652 -6.948084353449799
v -0.3985940146962329 2.4558275342142584 -7.034825805101574
v -0.3385023416647198 2.313800054271508 -6.9771544514705415
vt 0.63671875 0.78515625
vt 0.6494140625 0.78515625
vt 0.6494140625 0.783203125
vt 0.63671875 0.783203125
vt 0.634765625 0.78515625
vt 0.63671875 0.78515625
vt 0.63671875 0.783203125
vt 0.634765625 0.783203125
vt 0.6513671875 0.78515625
vt 0.6640625 0.78515625
vt 0.6640625 0.783203125
vt 0.6513671875 0.783203125
vt 0.6494140625 0.78515625
vt 0.6513671875 0.78515625
vt 0.6513671875 0.783203125
vt 0.6494140625 0.783203125
vt 0.6494140625 0.78515625
vt 0.63671875 0.78515625
vt 0.63671875 0.787109375
vt 0.6494140625 0.787109375
vt 0.662109375 0.787109375
vt 0.6494140625 0.787109375
vt 0.6494140625 0.78515625
vt 0.662109375 0.78515625
vn -0.36497166997077257 0.8626154660274207 -0.35027166298323587
vn 0.3007057813950756 -0.24684012830832916 -0.9212198348343923
vn 0.36497166997077257 -0.8626154660274207 0.35027166298323587
vn -0.3007057813950756 0.24684012830832916 0.9212198348343923
vn 0.8811195793729264 0.441547855647634 0.16930380391076205
vn -0.8811195793729264 -0.441547855647634 -0.16930380391076205
usemtl m_a520c05c-83fc-6d1a-7b60-0c8dd74607e0
f 1124/3364/841 1127/3363/841 1125/3362/841 1122/3361/841
f 1123/3368/842 1124/3367/842 1122/3366/842 1121/3365/842
f 1128/3372/843 1123/3371/843 1121/3370/843 1126/3369/843
f 1127/3376/844 1128/3375/844 1126/3374/844 1125/3373/844
f 1126/3380/845 1121/3379/845 1122/3378/845 1125/3377/845
f 1127/3384/846 1124/3383/846 1123/3382/846 1128/3381/846
o cube
v 0.08997944356469045 2.3357579093241667 -7.736810974102919
v 0.00024957978943274117 2.3284354749186673 -7.764138672878919
v 0.08997944184745221 2.1540008547223266 -7.6881093152089335
v 0.0002495780721945007 2.146678420316827 -7.715437013984933
v -0.24022990800227018 2.5258376909540035 -7.027423625377143
v -0.1505000442270125 2.533160125359503 -7.000095926601143
v -0.24022990971950844 2.3440806363521633 -6.978721966483157
v -0.15050004594425076 2.3514030707576627 -6.951394267707157
vt 0.6376953125 0.5126953125
vt 0.6494140625 0.5126953125
vt 0.6494140625 0.509765625
vt 0.6376953125 0.509765625
vt 0.63671875 0.5126953125
vt 0.6376953125 0.5126953125
vt 0.6376953125 0.509765625
vt 0.63671875 0.509765625
vt 0.650390625 0.5126953125
vt 0.662109375 0.5126953125
vt 0.662109375 0.509765625
vt 0.650390625 0.509765625
vt 0.6494140625 0.5126953125
vt 0.650390625 0.5126953125
vt 0.650390625 0.509765625
vt 0.6494140625 0.509765625
vt 0.6494140625 0.5126953125
vt 0.6376953125 0.5126953125
vt 0.6376953125 0.513671875
vt 0.6494140625 0.513671875
vt 0.6611328125 0.513671875
vt 0.6494140625 0.513671875
vt 0.6494140625 0.5126953125
vt 0.6611328125 0.5126953125
vn -0.9537169564580349 -0.07782837910651251 -0.2904594814601101
vn 0.30070578139507553 -0.24684012830832916 -0.9212198348343921
vn 0.9537169564580349 0.07782837910651251 0.2904594814601101
vn -0.30070578139507553 0.24684012830832916 0.9212198348343921
vn 9.126054398289618e-9 0.9659258224431008 -0.2588190594558665
vn -9.126054398289618e-9 -0.9659258224431008 0.2588190594558665
usemtl m_a520c05c-83fc-6d1a-7b60-0c8dd74607e0
f 1132/3388/847 1135/3387/847 1133/3386/847 1130/3385/847
f 1131/3392/848 1132/3391/848 1130/3390/848 1129/3389/848
f 1136/3396/849 1131/3395/849 1129/3394/849 1134/3393/849
f 1135/3400/850 1136/3399/850 1134/3398/850 1133/3397/850
f 1134/3404/851 1129/3403/851 1130/3402/851 1133/3401/851
f 1135/3408/852 1132/3407/852 1131/3406/852 1136/3405/852
o cube
v -0.048392895736875774 2.523611085611667 -7.035733755397061
v -0.2361032759328482 2.52021383022251 -7.048412489524193
v -0.048392897068136154 2.341854030980007 -6.987032096614364
v -0.23610327726410857 2.33845677559085 -6.9997108307414955
v -0.3148592227358897 2.8117119744091497 -5.9605266692585035
v -0.12714884253991726 2.8151092297983067 -5.947847935131372
v -0.31485922406715006 2.62995491977749 -5.911825010475807
v -0.12714884387117764 2.633352175166647 -5.8991462763486755
vt 0.6279296875 0.9853515625
vt 0.6455078125 0.9853515625
vt 0.6455078125 0.982421875
vt 0.6279296875 0.982421875
vt 0.625 0.9853515625
vt 0.6279296875 0.9853515625
vt 0.6279296875 0.982421875
vt 0.625 0.982421875
vt 0.6484375 0.9853515625
vt 0.666015625 0.9853515625
vt 0.666015625 0.982421875
vt 0.6484375 0.982421875
vt 0.6455078125 0.9853515625
vt 0.6484375 0.9853515625
vt 0.6484375 0.982421875
vt 0.6455078125 0.982421875
vt 0.6455078125 0.9853515625
vt 0.6279296875 0.9853515625
vt 0.6279296875 0.98828125
vt 0.6455078125 0.98828125
vt 0.6630859375 0.98828125
vt 0.6455078125 0.98828125
vt 0.6455078125 0.9853515625
vt 0.6630859375 0.9853515625
vn -0.9975640492694633 -0.01805430173265785 -0.0673795947899524
vn 0.06975648790694652 -0.25818858886561463 -0.963572874760633
vn 0.9975640492694633 0.01805430173265785 0.0673795947899524
vn -0.06975648790694652 0.25818858886561463 0.963572874760633
vn 7.074821777031117e-9 0.9659258226015749 -0.25881905886443374
vn -7.074821777031117e-9 -0.9659258226015749 0.25881905886443374
usemtl m_a520c05c-83fc-6d1a-7b60-0c8dd74607e0
f 1140/3412/853 1143/3411/853 1141/3410/853 1138/3409/853
f 1139/3416/854 1140/3415/854 1138/3414/854 1137/3413/854
f 1144/3420/855 1139/3419/855 1137/3418/855 1142/3417/855
f 1143/3424/856 1144/3423/856 1142/3422/856 1141/3421/856
f 1142/3428/857 1137/3427/857 1138/3426/857 1141/3425/857
f 1143/3432/858 1140/3431/858 1139/3430/858 1144/3429/858
o cube
v 0.0470425 2.272386810839041 -7.803636482323139
v 0.0470425 2.284667286055194 -7.8969159524524555
v 0.0470425 2.0858278705804074 -7.828197432755446
v 0.0470425 2.098108345796561 -7.921476902884762
v -0.047041875 2.284667286055194 -7.8969159524524555
v -0.047041875 2.272386810839041 -7.803636482323139
v -0.047041875 2.098108345796561 -7.921476902884762
v -0.047041875 2.0858278705804074 -7.828197432755446
vt 0.4306640625 0.44140625
vt 0.431640625 0.44140625
vt 0.431640625 0.4384765625
vt 0.4306640625 0.4384765625
vt 0.4296875 0.44140625
vt 0.4306640625 0.44140625
vt 0.4306640625 0.4384765625
vt 0.4296875 0.4384765625
vt 0.4326171875 0.44140625
vt 0.43359375 0.44140625
vt 0.43359375 0.4384765625
vt 0.4326171875 0.4384765625
vt 0.431640625 0.44140625
vt 0.4326171875 0.44140625
vt 0.4326171875 0.4384765625
vt 0.431640625 0.4384765625
vt 0.431640625 0.44140625
vt 0.4306640625 0.44140625
vt 0.4306640625 0.4423828125
vt 0.431640625 0.4423828125
vt 0.4326171875 0.4423828125
vt 0.431640625 0.4423828125
vt 0.431640625 0.44140625
vt 0.4326171875 0.44140625
vn 0 0.13052619222005157 -0.9914448613738104
vn 1 0 0
vn 0 -0.13052619222005157 0.9914448613738104
vn -1 0 0
vn 0 0.9914448613738104 0.13052619222005157
vn 0 -0.9914448613738104 -0.13052619222005157
usemtl m_a520c05c-83fc-6d1a-7b60-0c8dd74607e0
f 1148/3436/859 1151/3435/859 1149/3434/859 1146/3433/859
f 1147/3440/860 1148/3439/860 1146/3438/860 1145/3437/860
f 1152/3444/861 1147/3443/861 1145/3442/861 1150/3441/861
f 1151/3448/862 1152/3447/862 1150/3446/862 1149/3445/862
f 1150/3452/863 1145/3451/863 1146/3450/863 1149/3449/863
f 1151/3456/864 1148/3455/864 1147/3454/864 1152/3453/864
o cube
v 0.27085693348026674 2.2672099784591944 -6.985986236653906
v 0.4366560995001529 2.32323529353423 -7.055118566966252
v 0.28377984594455535 2.22230099476038 -6.991387932945807
v 0.4495790119644415 2.278326309835416 -7.060520263258153
v 0.23747311930227616 2.323364233184415 -7.5327120166367845
v 0.07167395328239001 2.2673389181093793 -7.463579686324438
v 0.2503960317665648 2.2784552494856003 -7.538113712928686
v 0.08459686574667866 2.2224299344105645 -7.46898138261634
vt 0.427734375 0.626953125
vt 0.4365234375 0.626953125
vt 0.4365234375 0.6259765625
vt 0.427734375 0.6259765625
vt 0.423828125 0.626953125
vt 0.427734375 0.626953125
vt 0.427734375 0.6259765625
vt 0.423828125 0.6259765625
vt 0.4404296875 0.626953125
vt 0.44921875 0.626953125
vt 0.44921875 0.6259765625
vt 0.4404296875 0.6259765625
vt 0.4365234375 0.626953125
vt 0.4404296875 0.626953125
vt 0.4404296875 0.6259765625
vt 0.4365234375 0.6259765625
vt 0.4365234375 0.626953125
vt 0.427734375 0.626953125
vt 0.427734375 0.630859375
vt 0.4365234375 0.630859375
vt 0.4453125 0.630859375
vt 0.4365234375 0.630859375
vt 0.4365234375 0.626953125
vt 0.4453125 0.626953125
vn 0.8811195590122535 0.29773974198710523 -0.36739538479341877
vn 0.3849211459201934 -0.00024917589773167104 0.9229494294569216
vn -0.8811195590122535 -0.29773974198710523 0.36739538479341877
vn -0.3849211459201934 0.00024917589773167104 -0.9229494294569216
vn -0.27470717891882135 0.9546470467941668 0.11482587642878515
vn 0.27470717891882135 -0.9546470467941668 -0.11482587642878515
usemtl m_a520c05c-83fc-6d1a-7b60-0c8dd74607e0
f 1156/3460/865 1159/3459/865 1157/3458/865 1154/3457/865
f 1155/3464/866 1156/3463/866 1154/3462/866 1153/3461/866
f 1160/3468/867 1155/3467/867 1153/3466/867 1158/3465/867
f 1159/3472/868 1160/3471/868 1158/3470/868 1157/3469/868
f 1158/3476/869 1153/3475/869 1154/3474/869 1157/3473/869
f 1159/3480/870 1156/3479/870 1155/3478/870 1160/3477/870
o cube
v 0.1135832241936538 2.3023243138813103 -7.3347140631395575
v 0.27938239273046506 2.358349632842117 -7.403846384266539
v 0.1307521766642154 2.258943109238587 -7.328694415448426
v 0.29655134520102666 2.314968428199393 -7.397826736575408
v 0.1874344583066125 2.282872401158798 -7.685531227738232
v 0.02163528976980128 2.2268470821979913 -7.61639890661125
v 0.20460341077717412 2.239491196516074 -7.679511580047101
v 0.038804242240362885 2.183465877555268 -7.610379258920119
vt 0.52734375 0.6181640625
vt 0.5322265625 0.6181640625
vt 0.5322265625 0.6171875
vt 0.52734375 0.6171875
vt 0.5234375 0.6181640625
vt 0.52734375 0.6181640625
vt 0.52734375 0.6171875
vt 0.5234375 0.6171875
vt 0.5361328125 0.6181640625
vt 0.541015625 0.6181640625
vt 0.541015625 0.6171875
vt 0.5361328125 0.6171875
vt 0.5322265625 0.6181640625
vt 0.5361328125 0.6181640625
vt 0.5361328125 0.6171875
vt 0.5322265625 0.6171875
vt 0.5322265625 0.6181640625
vt 0.52734375 0.6181640625
vt 0.52734375 0.6220703125
vt 0.5322265625 0.6220703125
vt 0.537109375 0.6220703125
vt 0.5322265625 0.6220703125
vt 0.5322265625 0.6181640625
vt 0.537109375 0.6181640625
vn 0.8811195723881464 0.2977397626375623 -0.36739533597891255
vn 0.3007057813950757 0.24684012830832916 0.9212198348343921
vn -0.8811195723881464 -0.2977397626375623 0.36739533597891255
vn -0.3007057813950757 -0.24684012830832916 -0.9212198348343921
vn -0.36497168683352266 0.9221827285312039 -0.12796360032695772
vn 0.36497168683352266 -0.9221827285312039 0.12796360032695772
usemtl m_a520c05c-83fc-6d1a-7b60-0c8dd74607e0
f 1164/3484/871 1167/3483/871 1165/3482/871 1162/3481/871
f 1163/3488/872 1164/3487/872 1162/3486/872 1161/3485/872
f 1168/3492/873 1163/3491/873 1161/3490/873 1166/3489/873
f 1167/3496/874 1168/3495/874 1166/3494/874 1165/3493/874
f 1166/3500/875 1161/3499/875 1162/3498/875 1165/3497/875
f 1167/3504/876 1164/3503/876 1163/3502/876 1168/3501/876
o cube
v 0.2338116359788049 2.3205514293778067 -7.031600406223334
v 0.39961080451561615 2.376576748338613 -7.100732727350316
v 0.2509808165566708 2.2771696483708777 -7.025580678554953
v 0.416779985093482 2.333194967331684 -7.094712999681935
v 0.3359545855932059 2.324323315852103 -7.295745178424012
v 0.1701554170563947 2.2682979968912966 -7.22661285729703
v 0.3531237661710719 2.280941534845174 -7.289725450755631
v 0.18732459763426068 2.2249162158843676 -7.220593129628649
vt 0.05859375 0.3896484375
vt 0.0625 0.3896484375
vt 0.0625 0.388671875
vt 0.05859375 0.388671875
vt 0.0546875 0.3896484375
vt 0.05859375 0.3896484375
vt 0.05859375 0.388671875
vt 0.0546875 0.388671875
vt 0.06640625 0.3896484375
vt 0.0703125 0.3896484375
vt 0.0703125 0.388671875
vt 0.06640625 0.388671875
vt 0.0625 0.3896484375
vt 0.06640625 0.3896484375
vt 0.06640625 0.388671875
vt 0.0625 0.388671875
vt 0.0625 0.3896484375
vt 0.05859375 0.3896484375
vt 0.05859375 0.3935546875
vt 0.0625 0.3935546875
vt 0.06640625 0.3935546875
vt 0.0625 0.3935546875
vt 0.0625 0.3896484375
vt 0.06640625 0.3896484375
vn 0.8811195723881464 0.2977397626375623 -0.36739533597891255
vn 0.3007057813950757 0.24684012830832916 0.9212198348343921
vn -0.8811195723881464 -0.2977397626375623 0.36739533597891255
vn -0.3007057813950757 -0.24684012830832916 -0.9212198348343921
vn -0.36497168683352266 0.9221827285312039 -0.12796360032695772
vn 0.36497168683352266 -0.9221827285312039 0.12796360032695772
usemtl m_a520c05c-83fc-6d1a-7b60-0c8dd74607e0
f 1172/3508/877 1175/3507/877 1173/3506/877 1170/3505/877
f 1171/3512/878 1172/3511/878 1170/3510/878 1169/3509/878
f 1176/3516/879 1171/3515/879 1169/3514/879 1174/3513/879
f 1175/3520/880 1176/3519/880 1174/3518/880 1173/3517/880
f 1174/3524/881 1169/3523/881 1170/3522/881 1173/3521/881
f 1175/3528/882 1172/3527/882 1171/3526/882 1176/3525/882
o cube
v -0.07167395328239001 2.2673389181093793 -7.463579686324438
v -0.23747311930227616 2.323364233184415 -7.5327120166367845
v -0.08459686574667866 2.2224299344105645 -7.46898138261634
v -0.2503960317665648 2.2784552494856003 -7.538113712928686
v -0.4366560995001529 2.32323529353423 -7.055118566966252
v -0.27085693348026674 2.2672099784591944 -6.985986236653906
v -0.4495790119644415 2.278326309835416 -7.060520263258153
v -0.28377984594455535 2.22230099476038 -6.991387932945807
vt 0.05859375 0.359375
vt 0.0673828125 0.359375
vt 0.0673828125 0.3583984375
vt 0.05859375 0.3583984375
vt 0.0546875 0.359375
vt 0.05859375 0.359375
vt 0.05859375 0.3583984375
vt 0.0546875 0.3583984375
vt 0.0712890625 0.359375
vt 0.080078125 0.359375
vt 0.080078125 0.3583984375
vt 0.0712890625 0.3583984375
vt 0.0673828125 0.359375
vt 0.0712890625 0.359375
vt 0.0712890625 0.3583984375
vt 0.0673828125 0.3583984375
vt 0.0673828125 0.359375
vt 0.05859375 0.359375
vt 0.05859375 0.36328125
vt 0.0673828125 0.36328125
vt 0.076171875 0.36328125
vt 0.0673828125 0.36328125
vt 0.0673828125 0.359375
vt 0.076171875 0.359375
vn -0.8811195590122535 0.29773974198710523 -0.36739538479341877
vn 0.3849211459201934 0.00024917589773167104 -0.9229494294569216
vn 0.8811195590122535 -0.29773974198710523 0.36739538479341877
vn -0.3849211459201934 -0.00024917589773167104 0.9229494294569216
vn 0.27470717891882135 0.9546470467941668 0.11482587642878515
vn -0.27470717891882135 -0.9546470467941668 -0.11482587642878515
usemtl m_a520c05c-83fc-6d1a-7b60-0c8dd74607e0
f 1180/3532/883 1183/3531/883 1181/3530/883 1178/3529/883
f 1179/3536/884 1180/3535/884 1178/3534/884 1177/3533/884
f 1184/3540/885 1179/3539/885 1177/3538/885 1182/3537/885
f 1183/3544/886 1184/3543/886 1182/3542/886 1181/3541/886
f 1182/3548/887 1177/3547/887 1178/3546/887 1181/3545/887
f 1183/3552/888 1180/3551/888 1179/3550/888 1184/3549/888
o cube
v -0.02163528976980128 2.2268470821979913 -7.61639890661125
v -0.1874344583066125 2.282872401158798 -7.685531227738232
v -0.038804242240362885 2.183465877555268 -7.610379258920119
v -0.20460341077717412 2.239491196516074 -7.679511580047101
v -0.27938239273046506 2.358349632842117 -7.403846384266539
v -0.1135832241936538 2.3023243138813103 -7.3347140631395575
v -0.29655134520102666 2.314968428199393 -7.397826736575408
v -0.1307521766642154 2.258943109238587 -7.328694415448426
vt 0.26953125 0.3916015625
vt 0.2744140625 0.3916015625
vt 0.2744140625 0.390625
vt 0.26953125 0.390625
vt 0.265625 0.3916015625
vt 0.26953125 0.3916015625
vt 0.26953125 0.390625
vt 0.265625 0.390625
vt 0.2783203125 0.3916015625
vt 0.283203125 0.3916015625
vt 0.283203125 0.390625
vt 0.2783203125 0.390625
vt 0.2744140625 0.3916015625
vt 0.2783203125 0.3916015625
vt 0.2783203125 0.390625
vt 0.2744140625 0.390625
vt 0.2744140625 0.3916015625
vt 0.26953125 0.3916015625
vt 0.26953125 0.3955078125
vt 0.2744140625 0.3955078125
vt 0.279296875 0.3955078125
vt 0.2744140625 0.3955078125
vt 0.2744140625 0.3916015625
vt 0.279296875 0.3916015625
vn -0.8811195723881464 0.2977397626375623 -0.36739533597891255
vn 0.3007057813950757 -0.24684012830832916 -0.9212198348343921
vn 0.8811195723881464 -0.2977397626375623 0.36739533597891255
vn -0.3007057813950757 0.24684012830832916 0.9212198348343921
vn 0.36497168683352266 0.9221827285312039 -0.12796360032695772
vn -0.36497168683352266 -0.9221827285312039 0.12796360032695772
usemtl m_a520c05c-83fc-6d1a-7b60-0c8dd74607e0
f 1188/3556/889 1191/3555/889 1189/3554/889 1186/3553/889
f 1187/3560/890 1188/3559/890 1186/3558/890 1185/3557/890
f 1192/3564/891 1187/3563/891 1185/3562/891 1190/3561/891
f 1191/3568/892 1192/3567/892 1190/3566/892 1189/3565/892
f 1190/3572/893 1185/3571/893 1186/3570/893 1189/3569/893
f 1191/3576/894 1188/3575/894 1187/3574/894 1192/3573/894
o cube
v -0.11358406127404935 2.302324905812201 -7.334714487375446
v -0.2793832298108606 2.3583502247730075 -7.403846808502427
v -0.15049752578769618 2.2090547682843495 -7.321772168861127
v -0.31629669432450747 2.2650800872451557 -7.390904489988109
v -0.3925500918166299 2.4512454215602433 -7.057157238910439
v -0.22675092327981866 2.3952201025994366 -6.9880249177834575
v -0.4294635563302767 2.3579752840323915 -7.04421492039612
v -0.26366438779346546 2.3019499650715853 -6.975082599269139
vt 0.0693359375 0.416015625
vt 0.0751953125 0.416015625
vt 0.0751953125 0.4150390625
vt 0.0693359375 0.4150390625
vt 0.06640625 0.416015625
vt 0.0693359375 0.416015625
vt 0.0693359375 0.4150390625
vt 0.06640625 0.4150390625
vt 0.078125 0.416015625
vt 0.083984375 0.416015625
vt 0.083984375 0.4150390625
vt 0.078125 0.4150390625
vt 0.0751953125 0.416015625
vt 0.078125 0.416015625
vt 0.078125 0.4150390625
vt 0.0751953125 0.4150390625
vt 0.0751953125 0.416015625
vt 0.0693359375 0.416015625
vt 0.0693359375 0.4189453125
vt 0.0751953125 0.4189453125
vt 0.0810546875 0.4189453125
vt 0.0751953125 0.4189453125
vt 0.0751953125 0.416015625
vt 0.0810546875 0.416015625
vn -0.8811195723881464 0.2977397626375623 -0.36739533597891255
vn 0.3007057813950757 -0.24684012830832916 -0.9212198348343921
vn 0.8811195723881464 -0.2977397626375623 0.36739533597891255
vn -0.3007057813950757 0.24684012830832916 0.9212198348343921
vn 0.36497168683352266 0.9221827285312039 -0.12796360032695772
vn -0.36497168683352266 -0.9221827285312039 0.12796360032695772
usemtl m_a520c05c-83fc-6d1a-7b60-0c8dd74607e0
f 1196/3580/895 1199/3579/895 1197/3578/895 1194/3577/895
f 1195/3584/896 1196/3583/896 1194/3582/896 1193/3581/896
f 1200/3588/897 1195/3587/897 1193/3586/897 1198/3585/897
f 1199/3592/898 1200/3591/898 1198/3590/898 1197/3589/898
f 1198/3596/899 1193/3595/899 1194/3594/899 1197/3593/899
f 1199/3600/900 1196/3599/900 1195/3598/900 1200/3597/900
o cube
v -0.19931757556434793 2.3698274448979633 -7.074396355788936
v -0.36511674410115913 2.42585276385877 -7.143528676915918
v -0.2679938416612033 2.1963014735986572 -7.050317605069912
v -0.4337930101980146 2.252326792559464 -7.119449926196895
v -0.4004814354632404 2.4548825514235513 -7.035188042477822
v -0.23468226692642913 2.3988572324627446 -6.96605572135084
v -0.4691577015600958 2.2813565801242452 -7.011109291758799
v -0.3033585330232845 2.2253312611634386 -6.941976970631817
vt 0.2509765625 0.435546875
vt 0.251953125 0.435546875
vt 0.251953125 0.4326171875
vt 0.2509765625 0.4326171875
vt 0.248046875 0.435546875
vt 0.2509765625 0.435546875
vt 0.2509765625 0.4326171875
vt 0.248046875 0.4326171875
vt 0.2548828125 0.435546875
vt 0.255859375 0.435546875
vt 0.255859375 0.4326171875
vt 0.2548828125 0.4326171875
vt 0.251953125 0.435546875
vt 0.2548828125 0.435546875
vt 0.2548828125 0.4326171875
vt 0.251953125 0.4326171875
vt 0.251953125 0.435546875
vt 0.2509765625 0.435546875
vt 0.2509765625 0.4384765625
vt 0.251953125 0.4384765625
vt 0.2529296875 0.4384765625
vt 0.251953125 0.4384765625
vt 0.251953125 0.435546875
vt 0.2529296875 0.435546875
vn -0.8811195723881464 0.2977397626375623 -0.36739533597891255
vn 0.3007057813950757 -0.24684012830832916 -0.9212198348343921
vn 0.8811195723881464 -0.2977397626375623 0.36739533597891255
vn -0.3007057813950757 0.24684012830832916 0.9212198348343921
vn 0.36497168683352266 0.9221827285312039 -0.12796360032695772
vn -0.36497168683352266 -0.9221827285312039 0.12796360032695772
usemtl m_a520c05c-83fc-6d1a-7b60-0c8dd74607e0
f 1204/3604/901 1207/3603/901 1205/3602/901 1202/3601/901
f 1203/3608/902 1204/3607/902 1202/3606/902 1201/3605/902
f 1208/3612/903 1203/3611/903 1201/3610/903 1206/3609/903
f 1207/3616/904 1208/3615/904 1206/3614/904 1205/3613/904
f 1206/3620/905 1201/3619/905 1202/3618/905 1205/3617/905
f 1207/3624/906 1204/3623/906 1203/3622/906 1208/3621/906
o cube
v -0.1701554170563947 2.2682979968912966 -7.22661285729703
v -0.3359545855932059 2.324323315852103 -7.295745178424012
v -0.18732459763426068 2.2249162158843676 -7.220593129628649
v -0.3531237661710719 2.280941534845174 -7.289725450755631
v -0.39961080451561615 2.376576748338613 -7.100732727350316
v -0.2338116359788049 2.3205514293778067 -7.031600406223334
v -0.416779985093482 2.333194967331684 -7.094712999681935
v -0.2509808165566708 2.2771696483708777 -7.025580678554953
vt 0.34375 0.37890625
vt 0.34765625 0.37890625
vt 0.34765625 0.3779296875
vt 0.34375 0.3779296875
vt 0.33984375 0.37890625
vt 0.34375 0.37890625
vt 0.34375 0.3779296875
vt 0.33984375 0.3779296875
vt 0.3515625 0.37890625
vt 0.35546875 0.37890625
vt 0.35546875 0.3779296875
vt 0.3515625 0.3779296875
vt 0.34765625 0.37890625
vt 0.3515625 0.37890625
vt 0.3515625 0.3779296875
vt 0.34765625 0.3779296875
vt 0.34765625 0.37890625
vt 0.34375 0.37890625
vt 0.34375 0.3828125
vt 0.34765625 0.3828125
vt 0.3515625 0.3828125
vt 0.34765625 0.3828125
vt 0.34765625 0.37890625
vt 0.3515625 0.37890625
vn -0.8811195723881464 0.2977397626375623 -0.36739533597891255
vn 0.3007057813950757 -0.24684012830832916 -0.9212198348343921
vn 0.8811195723881464 -0.2977397626375623 0.36739533597891255
vn -0.3007057813950757 0.24684012830832916 0.9212198348343921
vn 0.36497168683352266 0.9221827285312039 -0.12796360032695772
vn -0.36497168683352266 -0.9221827285312039 0.12796360032695772
usemtl m_a520c05c-83fc-6d1a-7b60-0c8dd74607e0
f 1212/3628/907 1215/3627/907 1213/3626/907 1210/3625/907
f 1211/3632/908 1212/3631/908 1210/3630/908 1209/3629/908
f 1216/3636/909 1211/3635/909 1209/3634/909 1214/3633/909
f 1215/3640/910 1216/3639/910 1214/3638/910 1213/3637/910
f 1214/3644/911 1209/3643/911 1210/3642/911 1213/3641/911
f 1215/3648/912 1212/3647/912 1211/3646/912 1216/3645/912
o cube
v -0.2730691360805344 2.534855190326541 -6.400677894129912
v -0.4464909168135585 2.6012719477334065 -6.431028821290489
v -0.33905785963348795 2.358825371296567 -6.408830786419711
v -0.5124796403665121 2.4252421287034327 -6.439181713580289
v -0.5246675120883358 2.6090964382898045 -5.967214270228007
v -0.35124573135531173 2.5426796808829395 -5.936863343067429
v -0.5906562356412894 2.433066619259831 -5.975367162517806
v -0.4172344549082653 2.3666498618529657 -5.945016235357229
vt 0.6416015625 0.7548828125
vt 0.6484375 0.7548828125
vt 0.6484375 0.751953125
vt 0.6416015625 0.751953125
vt 0.638671875 0.7548828125
vt 0.6416015625 0.7548828125
vt 0.6416015625 0.751953125
vt 0.638671875 0.751953125
vt 0.6513671875 0.7548828125
vt 0.658203125 0.7548828125
vt 0.658203125 0.751953125
vt 0.6513671875 0.751953125
vt 0.6484375 0.7548828125
vt 0.6513671875 0.7548828125
vt 0.6513671875 0.751953125
vt 0.6484375 0.751953125
vt 0.6484375 0.7548828125
vt 0.6416015625 0.7548828125
vt 0.6416015625 0.7578125
vt 0.6484375 0.7578125
vt 0.6552734375 0.7578125
vt 0.6484375 0.7578125
vt 0.6484375 0.7548828125
vt 0.6552734375 0.7548828125
vn -0.9216290204033608 0.35296380194301996 -0.16129632131040772
vn 0.16618401360433627 -0.01663292243031493 -0.9859544713189252
vn 0.9216290204033608 -0.35296380194301996 0.16129632131040772
vn -0.16618401360433627 0.01663292243031493 0.9859544713189252
vn 0.3506890679400991 0.9354891236189525 0.043327557258040716
vn -0.3506890679400991 -0.9354891236189525 -0.043327557258040716
usemtl m_a520c05c-83fc-6d1a-7b60-0c8dd74607e0
f 1220/3652/913 1223/3651/913 1221/3650/913 1218/3649/913
f 1219/3656/914 1220/3655/914 1218/3654/914 1217/3653/914
f 1224/3660/915 1219/3659/915 1217/3658/915 1222/3657/915
f 1223/3664/916 1224/3663/916 1222/3662/916 1221/3661/916
f 1222/3668/917 1217/3667/917 1218/3666/917 1221/3665/917
f 1223/3672/918 1220/3671/918 1219/3670/918 1224/3669/918
o cube
v 0.35124635635531176 2.5426796808829395 -5.936863343067429
v 0.5246681370883359 2.6090964382898045 -5.967214270228007
v 0.4172350799082653 2.3666498618529657 -5.945016235357229
v 0.5906568606412894 2.433066619259831 -5.975367162517806
v 0.44649154181355855 2.6012719477334065 -6.431028821290489
v 0.27306976108053443 2.534855190326541 -6.400677894129912
v 0.512480265366512 2.4252421287034327 -6.439181713580289
v 0.339058484633488 2.358825371296567 -6.408830786419711
vt 0.6416015625 0.7490234375
vt 0.6484375 0.7490234375
vt 0.6484375 0.74609375
vt 0.6416015625 0.74609375
vt 0.638671875 0.7490234375
vt 0.6416015625 0.7490234375
vt 0.6416015625 0.74609375
vt 0.638671875 0.74609375
vt 0.6513671875 0.7490234375
vt 0.658203125 0.7490234375
vt 0.658203125 0.74609375
vt 0.6513671875 0.74609375
vt 0.6484375 0.7490234375
vt 0.6513671875 0.7490234375
vt 0.6513671875 0.74609375
vt 0.6484375 0.74609375
vt 0.6484375 0.7490234375
vt 0.6416015625 0.7490234375
vt 0.6416015625 0.751953125
vt 0.6484375 0.751953125
vt 0.6552734375 0.751953125
vt 0.6484375 0.751953125
vt 0.6484375 0.7490234375
vt 0.6552734375 0.7490234375
vn 0.9216290204033608 0.35296380194301996 -0.16129632131040772
vn 0.16618401360433627 0.01663292243031493 0.9859544713189252
vn -0.9216290204033608 -0.35296380194301996 0.16129632131040772
vn -0.16618401360433627 -0.01663292243031493 -0.9859544713189252
vn -0.3506890679400991 0.9354891236189525 0.043327557258040716
vn 0.3506890679400991 -0.9354891236189525 -0.043327557258040716
usemtl m_a520c05c-83fc-6d1a-7b60-0c8dd74607e0
f 1228/3676/919 1231/3675/919 1229/3674/919 1226/3673/919
f 1227/3680/920 1228/3679/920 1226/3678/920 1225/3677/920
f 1232/3684/921 1227/3683/921 1225/3682/921 1230/3681/921
f 1231/3688/922 1232/3687/922 1230/3686/922 1229/3685/922
f 1230/3692/923 1225/3691/923 1226/3690/923 1229/3689/923
f 1231/3696/924 1228/3695/924 1227/3694/924 1232/3693/924
o cube
v 0.1454687591527783 2.546884900987816 -7.027261139811369
v 0.23295368277288958 2.519949258705014 -7.049003470255393
v 0.10675231454799002 2.372765652184201 -6.967336165136433
v 0.19423723816810132 2.345830009901399 -6.989078495580456
v 0.08946875432958368 2.403013101660902 -7.481478615164195
v 0.0019838307094723617 2.429948743943704 -7.459736284720172
v 0.050752309724795386 2.2288938528572872 -7.421553640489258
v -0.0367326138953159 2.2558294951400892 -7.399811310045235
vt 0.6396484375 0.7451171875
vt 0.646484375 0.7451171875
vt 0.646484375 0.7421875
vt 0.6396484375 0.7421875
vt 0.638671875 0.7451171875
vt 0.6396484375 0.7451171875
vt 0.6396484375 0.7421875
vt 0.638671875 0.7421875
vt 0.6474609375 0.7451171875
vt 0.654296875 0.7451171875
vt 0.654296875 0.7421875
vt 0.6474609375 0.7421875
vt 0.646484375 0.7451171875
vt 0.6474609375 0.7451171875
vt 0.6474609375 0.7421875
vt 0.646484375 0.7421875
vt 0.646484375 0.7451171875
vt 0.6396484375 0.7451171875
vt 0.6396484375 0.74609375
vt 0.646484375 0.74609375
vt 0.6533203125 0.74609375
vt 0.646484375 0.74609375
vt 0.646484375 0.7451171875
vt 0.6533203125 0.7451171875
vn 0.9298560321000173 -0.28629240809434753 -0.2310939562921355
vn 0.30501329990937587 0.24857720964636654 0.9193346821059345
vn -0.9298560321000173 0.28629240809434753 0.2310939562921355
vn -0.30501329990937587 -0.24857720964636654 -0.9193346821059345
vn 0.20575384916352105 0.9253356298727323 -0.31846400996412316
vn -0.20575384916352105 -0.9253356298727323 0.31846400996412316
usemtl m_a520c05c-83fc-6d1a-7b60-0c8dd74607e0
f 1236/3700/925 1239/3699/925 1237/3698/925 1234/3697/925
f 1235/3704/926 1236/3703/926 1234/3702/926 1233/3701/926
f 1240/3708/927 1235/3707/927 1233/3706/927 1238/3705/927
f 1239/3712/928 1240/3711/928 1238/3710/928 1237/3709/928
f 1238/3716/929 1233/3715/929 1234/3714/929 1237/3713/929
f 1239/3720/930 1236/3719/930 1235/3718/930 1240/3717/930
o cube
v 0.040038969901974836 2.5677817797888887 -7.0346595701201196
v 0.14131733297806157 2.5475524160526466 -7.028004276158108
v 0.0013225082368000657 2.3936625363161337 -6.974734590978138
v 0.10260087131288678 2.3734331725798916 -6.968079297016126
v 0.14060747471788618 2.463495548164048 -7.272700255289406
v 0.03932911164179945 2.48372491190029 -7.279355549251418
v 0.10189101305271141 2.289376304691293 -7.212775276147425
v 0.0006126499766246907 2.309605668427535 -7.219430570109436
vt 0.2529296875 0.353515625
vt 0.2568359375 0.353515625
vt 0.2568359375 0.3505859375
vt 0.2529296875 0.3505859375
vt 0.251953125 0.353515625
vt 0.2529296875 0.353515625
vt 0.2529296875 0.3505859375
vt 0.251953125 0.3505859375
vt 0.2578125 0.353515625
vt 0.26171875 0.353515625
vt 0.26171875 0.3505859375
vt 0.2578125 0.3505859375
vt 0.2568359375 0.353515625
vt 0.2578125 0.353515625
vt 0.2578125 0.3505859375
vt 0.2568359375 0.3505859375
vt 0.2568359375 0.353515625
vt 0.2529296875 0.353515625
vt 0.2529296875 0.3544921875
vt 0.2568359375 0.3544921875
vt 0.2607421875 0.3544921875
vt 0.2568359375 0.3544921875
vt 0.2568359375 0.353515625
vt 0.2607421875 0.353515625
vn 0.9785999125650785 -0.19546577355976077 0.06430662869646489
vn 0.002743605750839137 0.3248802177489676 0.9457511917744896
vn -0.9785999125650785 0.19546577355976077 -0.06430662869646489
vn -0.002743605750839137 -0.3248802177489676 -0.9457511917744896
vn 0.2057539398288758 0.9253356015425258 -0.31846403370369414
vn -0.2057539398288758 -0.9253356015425258 0.31846403370369414
usemtl m_a520c05c-83fc-6d1a-7b60-0c8dd74607e0
f 1244/3724/931 1247/3723/931 1245/3722/931 1242/3721/931
f 1243/3728/932 1244/3727/932 1242/3726/932 1241/3725/932
f 1248/3732/933 1243/3731/933 1241/3730/933 1246/3729/933
f 1247/3736/934 1248/3735/934 1246/3734/934 1245/3733/934
f 1246/3740/935 1241/3739/935 1242/3738/935 1245/3737/935
f 1247/3744/936 1244/3743/936 1243/3742/936 1248/3741/936
o cube
v -0.00014067941414849794 2.909852805175755 -5.870151294858775
v 0.2295222513040497 2.8608986416622773 -5.8566324097277525
v -0.04076865401157545 2.733139418064738 -5.819859894277511
v 0.18889427670662276 2.68418525455126 -5.806341009146489
v 0.2275047647747702 2.526537296704581 -7.033137567549404
v -0.002158165943427992 2.5754914602180587 -7.046656452680427
v 0.18687679017734327 2.349823909593564 -6.98284616696814
v -0.04278614054085492 2.398778073107042 -6.996365052099163
vt 0.0908203125 0.3779296875
vt 0.109375 0.3779296875
vt 0.109375 0.375
vt 0.0908203125 0.375
vt 0.087890625 0.3779296875
vt 0.0908203125 0.3779296875
vt 0.0908203125 0.375
vt 0.087890625 0.375
vt 0.1123046875 0.3779296875
vt 0.130859375 0.3779296875
vt 0.130859375 0.375
vt 0.1123046875 0.375
vt 0.109375 0.3779296875
vt 0.1123046875 0.3779296875
vt 0.1123046875 0.375
vt 0.109375 0.375
vt 0.109375 0.3779296875
vt 0.0908203125 0.3779296875
vt 0.0908203125 0.380859375
vt 0.109375 0.380859375
vt 0.1279296875 0.380859375
vt 0.109375 0.380859375
vt 0.109375 0.3779296875
vt 0.1279296875 0.3779296875
vn 0.9764113354195397 -0.20812849518668008 0.05747550396089776
vn 0.001649490380129841 0.2733727407795855 0.9619067645983905
vn -0.9764113354195397 0.20812849518668008 -0.05747550396089776
vn -0.001649490380129841 -0.2733727407795855 -0.9619067645983905
vn 0.21591244347122962 0.9391218632797267 -0.2672675488425361
vn -0.21591244347122962 -0.9391218632797267 0.2672675488425361
usemtl m_a520c05c-83fc-6d1a-7b60-0c8dd74607e0
f 1252/3748/937 1255/3747/937 1253/3746/937 1250/3745/937
f 1251/3752/938 1252/3751/938 1250/3750/938 1249/3749/938
f 1256/3756/939 1251/3755/939 1249/3754/939 1254/3753/939
f 1255/3760/940 1256/3759/940 1254/3758/940 1253/3757/940
f 1254/3764/941 1249/3763/941 1250/3762/941 1253/3761/941
f 1255/3768/942 1252/3767/942 1251/3766/942 1256/3765/942
o cube
v -0.007028317698296815 2.5735333671029568 -7.046116459250466
v -0.2361041320595235 2.5202132459356252 -7.048412992797527
v 0.03359964322379 2.396819981045066 -6.995825043921101
v -0.19547617113743668 2.3434998598777343 -6.998121577468162
v -0.32142307442948526 2.8360029021378184 -5.86987002084303
v -0.09234726006825855 2.88932302330515 -5.867573487295969
v -0.28079511350739844 2.6592895160799275 -5.819578605513666
v -0.05171929914617174 2.712609637247259 -5.817282071966605
vt 0.6240234375 0.3935546875
vt 0.642578125 0.3935546875
vt 0.642578125 0.390625
vt 0.6240234375 0.390625
vt 0.62109375 0.3935546875
vt 0.6240234375 0.3935546875
vt 0.6240234375 0.390625
vt 0.62109375 0.390625
vt 0.6455078125 0.3935546875
vt 0.6640625 0.3935546875
vt 0.6640625 0.390625
vt 0.6455078125 0.390625
vt 0.642578125 0.3935546875
vt 0.6455078125 0.3935546875
vt 0.6455078125 0.390625
vt 0.642578125 0.390625
vt 0.642578125 0.3935546875
vt 0.6240234375 0.3935546875
vt 0.6240234375 0.396484375
vt 0.642578125 0.396484375
vt 0.6611328125 0.396484375
vt 0.642578125 0.396484375
vt 0.642578125 0.3935546875
vt 0.6611328125 0.3935546875
vn -0.9739177996794411 -0.22669095482966173 -0.0097637321743485
vn 0.0697564879069466 -0.2581885888656147 -0.963572874760633
vn 0.9739177996794411 0.22669095482966173 0.0097637321743485
vn -0.0697564879069466 0.2581885888656147 0.963572874760633
vn -0.2159123707952931 0.939121857683016 -0.26726762721952885
vn 0.2159123707952931 -0.939121857683016 0.26726762721952885
usemtl m_a520c05c-83fc-6d1a-7b60-0c8dd74607e0
f 1260/3772/943 1263/3771/943 1261/3770/943 1258/3769/943
f 1259/3776/944 1260/3775/944 1258/3774/944 1257/3773/944
f 1264/3780/945 1259/3779/945 1257/3778/945 1262/3777/945
f 1263/3784/946 1264/3783/946 1262/3782/946 1261/3781/946
f 1262/3788/947 1257/3787/947 1258/3786/947 1261/3785/947
f 1263/3792/948 1260/3791/948 1259/3790/948 1264/3789/948
o cube
v 0.09234726006825855 2.88932302330515 -5.867573487295969
v 0.32142307442948526 2.8360029021378184 -5.86987002084303
v 0.05171929914617174 2.712609637247259 -5.817282071966605
v 0.28079511350739844 2.6592895160799275 -5.819578605513666
v 0.2361041320595235 2.5202132459356252 -7.048412992797527
v 0.007028317698296815 2.5735333671029568 -7.046116459250466
v 0.19547617113743668 2.3434998598777343 -6.998121577468162
v -0.03359964322379 2.396819981045066 -6.995825043921101
vt 0.6240234375 0.3876953125
vt 0.642578125 0.3876953125
vt 0.642578125 0.384765625
vt 0.6240234375 0.384765625
vt 0.62109375 0.3876953125
vt 0.6240234375 0.3876953125
vt 0.6240234375 0.384765625
vt 0.62109375 0.384765625
vt 0.6455078125 0.3876953125
vt 0.6640625 0.3876953125
vt 0.6640625 0.384765625
vt 0.6455078125 0.384765625
vt 0.642578125 0.3876953125
vt 0.6455078125 0.3876953125
vt 0.6455078125 0.384765625
vt 0.642578125 0.384765625
vt 0.642578125 0.3876953125
vt 0.6240234375 0.3876953125
vt 0.6240234375 0.390625
vt 0.642578125 0.390625
vt 0.6611328125 0.390625
vt 0.642578125 0.390625
vt 0.642578125 0.3876953125
vt 0.6611328125 0.3876953125
vn 0.9739177996794411 -0.22669095482966173 -0.0097637321743485
vn 0.0697564879069466 0.2581885888656147 0.963572874760633
vn -0.9739177996794411 0.22669095482966173 0.0097637321743485
vn -0.0697564879069466 -0.2581885888656147 -0.963572874760633
vn 0.2159123707952931 0.939121857683016 -0.26726762721952885
vn -0.2159123707952931 -0.939121857683016 0.26726762721952885
usemtl m_a520c05c-83fc-6d1a-7b60-0c8dd74607e0
f 1268/3796/949 1271/3795/949 1269/3794/949 1266/3793/949
f 1267/3800/950 1268/3799/950 1266/3798/950 1265/3797/950
f 1272/3804/951 1267/3803/951 1265/3802/951 1270/3801/951
f 1271/3808/952 1272/3807/952 1270/3806/952 1269/3805/952
f 1270/3812/953 1265/3811/953 1266/3810/953 1269/3809/953
f 1271/3816/954 1268/3815/954 1267/3814/954 1272/3813/954
o cube
v 0.002158165943427992 2.5754914602180587 -7.046656452680427
v -0.2275047647747702 2.526537296704581 -7.033137567549404
v 0.04278614054085492 2.398778073107042 -6.996365052099163
v -0.18687679017734327 2.349823909593564 -6.98284616696814
v -0.2295222513040497 2.8608986416622773 -5.8566324097277525
v 0.00014067941414849794 2.909852805175755 -5.870151294858775
v -0.18889427670662276 2.68418525455126 -5.806341009146489
v 0.04076865401157545 2.733139418064738 -5.819859894277511
vt 0.6240234375 0.3818359375
vt 0.642578125 0.3818359375
vt 0.642578125 0.37890625
vt 0.6240234375 0.37890625
vt 0.62109375 0.3818359375
vt 0.6240234375 0.3818359375
vt 0.6240234375 0.37890625
vt 0.62109375 0.37890625
vt 0.6455078125 0.3818359375
vt 0.6640625 0.3818359375
vt 0.6640625 0.37890625
vt 0.6455078125 0.37890625
vt 0.642578125 0.3818359375
vt 0.6455078125 0.3818359375
vt 0.6455078125 0.37890625
vt 0.642578125 0.37890625
vt 0.642578125 0.3818359375
vt 0.6240234375 0.3818359375
vt 0.6240234375 0.384765625
vt 0.642578125 0.384765625
vt 0.6611328125 0.384765625
vt 0.642578125 0.384765625
vt 0.642578125 0.3818359375
vt 0.6611328125 0.3818359375
vn -0.9764113354195397 -0.20812849518668008 0.05747550396089776
vn 0.001649490380129841 -0.2733727407795855 -0.9619067645983905
vn 0.9764113354195397 0.20812849518668008 -0.05747550396089776
vn -0.001649490380129841 0.2733727407795855 0.9619067645983905
vn -0.21591244347122962 0.9391218632797267 -0.2672675488425361
vn 0.21591244347122962 -0.9391218632797267 0.2672675488425361
usemtl m_a520c05c-83fc-6d1a-7b60-0c8dd74607e0
f 1276/3820/955 1279/3819/955 1277/3818/955 1274/3817/955
f 1275/3824/956 1276/3823/956 1274/3822/956 1273/3821/956
f 1280/3828/957 1275/3827/957 1273/3826/957 1278/3825/957
f 1279/3832/958 1280/3831/958 1278/3830/958 1277/3829/958
f 1278/3836/959 1273/3835/959 1274/3834/959 1277/3833/959
f 1279/3840/960 1276/3839/960 1275/3838/960 1280/3837/960
o cube
v -0.005996204859923943 2.5769768562754654 -7.03768467450893
v 0.09528154659121896 2.5567476147053316 -7.0310294207385615
v -0.0447126665250987 2.4028576128027104 -6.977759695366949
v 0.0565650849260442 2.3826283712325766 -6.971104441596579
v 0.09405542746641538 2.411558442343182 -7.453686219437076
v -0.0072223239847275245 2.4317876839133157 -7.4603414732074445
v 0.05533896580124062 2.237439198870427 -7.393761240295094
v -0.04593878564990228 2.2576684404405607 -7.400416494065463
vt 0.6416015625 0.693359375
vt 0.6484375 0.693359375
vt 0.6484375 0.6904296875
vt 0.6416015625 0.6904296875
vt 0.640625 0.693359375
vt 0.6416015625 0.693359375
vt 0.6416015625 0.6904296875
vt 0.640625 0.6904296875
vt 0.6494140625 0.693359375
vt 0.65625 0.693359375
vt 0.65625 0.6904296875
vt 0.6494140625 0.6904296875
vt 0.6484375 0.693359375
vt 0.6494140625 0.693359375
vt 0.6494140625 0.6904296875
vt 0.6484375 0.6904296875
vt 0.6484375 0.693359375
vt 0.6416015625 0.693359375
vt 0.6416015625 0.6943359375
vt 0.6484375 0.6943359375
vt 0.6552734375 0.6943359375
vt 0.6484375 0.6943359375
vt 0.6484375 0.693359375
vt 0.6552734375 0.693359375
vn 0.9785999125650785 -0.19546577355976077 0.06430662869646489
vn 0.002743605750839137 0.3248802177489676 0.9457511917744896
vn -0.9785999125650785 0.19546577355976077 -0.06430662869646489
vn -0.002743605750839137 -0.3248802177489676 -0.9457511917744896
vn 0.2057539398288758 0.9253356015425258 -0.31846403370369414
vn -0.2057539398288758 -0.9253356015425258 0.31846403370369414
usemtl m_a520c05c-83fc-6d1a-7b60-0c8dd74607e0
f 1284/3844/961 1287/3843/961 1285/3842/961 1282/3841/961
f 1283/3848/962 1284/3847/962 1282/3846/962 1281/3845/962
f 1288/3852/963 1283/3851/963 1281/3850/963 1286/3849/963
f 1287/3856/964 1288/3855/964 1286/3854/964 1285/3853/964
f 1286/3860/965 1281/3859/965 1282/3858/965 1285/3857/965
f 1287/3864/966 1284/3863/966 1283/3862/966 1288/3861/966
o cube
v 0.0072223239847275245 2.4317876839133157 -7.4603414732074445
v -0.09405542746641538 2.411558442343182 -7.453686219437076
v 0.04593878564990228 2.2576684404405607 -7.400416494065463
v -0.05533896580124062 2.237439198870427 -7.393761240295094
v -0.09528154659121896 2.5567476147053316 -7.0310294207385615
v 0.005996204859923943 2.5769768562754654 -7.03768467450893
v -0.0565650849260442 2.3826283712325766 -6.971104441596579
v 0.0447126665250987 2.4028576128027104 -6.977759695366949
vt 0.6416015625 0.3642578125
vt 0.6484375 0.3642578125
vt 0.6484375 0.361328125
vt 0.6416015625 0.361328125
vt 0.640625 0.3642578125
vt 0.6416015625 0.3642578125
vt 0.6416015625 0.361328125
vt 0.640625 0.361328125
vt 0.6494140625 0.3642578125
vt 0.65625 0.3642578125
vt 0.65625 0.361328125
vt 0.6494140625 0.361328125
vt 0.6484375 0.3642578125
vt 0.6494140625 0.3642578125
vt 0.6494140625 0.361328125
vt 0.6484375 0.361328125
vt 0.6484375 0.3642578125
vt 0.6416015625 0.3642578125
vt 0.6416015625 0.365234375
vt 0.6484375 0.365234375
vt 0.6552734375 0.365234375
vt 0.6484375 0.365234375
vt 0.6484375 0.3642578125
vt 0.6552734375 0.3642578125
vn -0.9785999125650785 -0.19546577355976077 0.06430662869646489
vn 0.002743605750839137 -0.3248802177489676 -0.9457511917744896
vn 0.9785999125650785 0.19546577355976077 -0.06430662869646489
vn -0.002743605750839137 0.3248802177489676 0.9457511917744896
vn -0.2057539398288758 0.9253356015425258 -0.31846403370369414
vn 0.2057539398288758 -0.9253356015425258 0.31846403370369414
usemtl m_a520c05c-83fc-6d1a-7b60-0c8dd74607e0
f 1292/3868/967 1295/3867/967 1293/3866/967 1290/3865/967
f 1291/3872/968 1292/3871/968 1290/3870/968 1289/3869/968
f 1296/3876/969 1291/3875/969 1289/3874/969 1294/3873/969
f 1295/3880/970 1296/3879/970 1294/3878/970 1293/3877/970
f 1294/3884/971 1289/3883/971 1290/3882/971 1293/3881/971
f 1295/3888/972 1292/3887/972 1291/3886/972 1296/3885/972
o cube
v -0.03932911164179945 2.48372491190029 -7.279355549251418
v -0.14060747471788618 2.463495548164048 -7.272700255289406
v -0.0006126499766246907 2.309605668427535 -7.219430570109436
v -0.10189101305271141 2.289376304691293 -7.212775276147425
v -0.14131733297806157 2.5475524160526466 -7.028004276158108
v -0.040038969901974836 2.5677817797888887 -7.0346595701201196
v -0.10260087131288678 2.3734331725798916 -6.968079297016126
v -0.0013225082368000657 2.3936625363161337 -6.974734590978138
vt 0.2626953125 0.353515625
vt 0.2666015625 0.353515625
vt 0.2666015625 0.3505859375
vt 0.2626953125 0.3505859375
vt 0.26171875 0.353515625
vt 0.2626953125 0.353515625
vt 0.2626953125 0.3505859375
vt 0.26171875 0.3505859375
vt 0.267578125 0.353515625
vt 0.271484375 0.353515625
vt 0.271484375 0.3505859375
vt 0.267578125 0.3505859375
vt 0.2666015625 0.353515625
vt 0.267578125 0.353515625
vt 0.267578125 0.3505859375
vt 0.2666015625 0.3505859375
vt 0.2666015625 0.353515625
vt 0.2626953125 0.353515625
vt 0.2626953125 0.3544921875
vt 0.2666015625 0.3544921875
vt 0.2705078125 0.3544921875
vt 0.2666015625 0.3544921875
vt 0.2666015625 0.353515625
vt 0.2705078125 0.353515625
vn -0.9785999125650785 -0.19546577355976077 0.06430662869646489
vn 0.002743605750839137 -0.3248802177489676 -0.9457511917744896
vn 0.9785999125650785 0.19546577355976077 -0.06430662869646489
vn -0.002743605750839137 0.3248802177489676 0.9457511917744896
vn -0.2057539398288758 0.9253356015425258 -0.31846403370369414
vn 0.2057539398288758 -0.9253356015425258 0.31846403370369414
usemtl m_a520c05c-83fc-6d1a-7b60-0c8dd74607e0
f 1300/3892/973 1303/3891/973 1301/3890/973 1298/3889/973
f 1299/3896/974 1300/3895/974 1298/3894/974 1297/3893/974
f 1304/3900/975 1299/3899/975 1297/3898/975 1302/3897/975
f 1303/3904/976 1304/3903/976 1302/3902/976 1301/3901/976
f 1302/3908/977 1297/3907/977 1298/3906/977 1301/3905/977
f 1303/3912/978 1300/3911/978 1299/3910/978 1304/3909/978
o cube
v -0.0019838307094723895 2.429948743943704 -7.459736284720172
v -0.08946875432958368 2.403013101660902 -7.481478615164195
v 0.0367326138953159 2.2558294951400892 -7.399811310045235
v -0.050752309724795386 2.2288938528572872 -7.421553640489258
v -0.23295368277288958 2.519949258705014 -7.049003470255393
v -0.1454687591527783 2.546884900987816 -7.027261139811369
v -0.19423723816810132 2.345830009901399 -6.989078495580456
v -0.10675231454799002 2.372765652184201 -6.967336165136433
vt 0.0283203125 0.357421875
vt 0.03515625 0.357421875
vt 0.03515625 0.3544921875
vt 0.0283203125 0.3544921875
vt 0.02734375 0.357421875
vt 0.0283203125 0.357421875
vt 0.0283203125 0.3544921875
vt 0.02734375 0.3544921875
vt 0.0361328125 0.357421875
vt 0.04296875 0.357421875
vt 0.04296875 0.3544921875
vt 0.0361328125 0.3544921875
vt 0.03515625 0.357421875
vt 0.0361328125 0.357421875
vt 0.0361328125 0.3544921875
vt 0.03515625 0.3544921875
vt 0.03515625 0.357421875
vt 0.0283203125 0.357421875
vt 0.0283203125 0.3583984375
vt 0.03515625 0.3583984375
vt 0.0419921875 0.3583984375
vt 0.03515625 0.3583984375
vt 0.03515625 0.357421875
vt 0.0419921875 0.357421875
vn -0.9298560321000173 -0.28629240809434753 -0.2310939562921355
vn 0.30501329990937587 -0.24857720964636654 -0.9193346821059345
vn 0.9298560321000173 0.28629240809434753 0.2310939562921355
vn -0.30501329990937587 0.24857720964636654 0.9193346821059345
vn -0.20575384916352105 0.9253356298727323 -0.31846400996412316
vn 0.20575384916352105 -0.9253356298727323 0.31846400996412316
usemtl m_a520c05c-83fc-6d1a-7b60-0c8dd74607e0
f 1308/3916/979 1311/3915/979 1309/3914/979 1306/3913/979
f 1307/3920/980 1308/3919/980 1306/3918/980 1305/3917/980
f 1312/3924/981 1307/3923/981 1305/3922/981 1310/3921/981
f 1311/3928/982 1312/3927/982 1310/3926/982 1309/3925/982
f 1310/3932/983 1305/3931/983 1306/3930/983 1309/3929/983
f 1311/3936/984 1308/3935/984 1307/3934/984 1312/3933/984
o cube
v -0.06973285240799926 2.0416206125866356 -5.8377575
v -0.06973285240799926 2.0416206125866356 -6.802122500000001
v -0.09408368050456667 1.9507420849238701 -5.8377575
v -0.09408368050456667 1.9507420849238701 -6.802122500000001
v -0.43324696305906146 2.1390239249729053 -6.802122500000001
v -0.43324696305906146 2.1390239249729053 -5.8377575
v -0.4575977911556289 2.0481453973101402 -6.802122500000001
v -0.4575977911556289 2.0481453973101402 -5.8377575
vt 0.6240234375 0.451171875
vt 0.6298828125 0.451171875
vt 0.6298828125 0.4501953125
vt 0.6240234375 0.4501953125
vt 0.609375 0.451171875
vt 0.6240234375 0.451171875
vt 0.6240234375 0.4501953125
vt 0.609375 0.4501953125
vt 0.64453125 0.451171875
vt 0.650390625 0.451171875
vt 0.650390625 0.4501953125
vt 0.64453125 0.4501953125
vt 0.6298828125 0.451171875
vt 0.64453125 0.451171875
vt 0.64453125 0.4501953125
vt 0.6298828125 0.4501953125
vt 0.6298828125 0.451171875
vt 0.6240234375 0.451171875
vt 0.6240234375 0.4658203125
vt 0.6298828125 0.4658203125
vt 0.6357421875 0.4658203125
vt 0.6298828125 0.4658203125
vt 0.6298828125 0.451171875
vt 0.6357421875 0.451171875
vn 0 0 -1
vn 0.9659258262890683 -0.25881904510252074 0
vn 0 0 1
vn -0.9659258262890683 0.25881904510252074 0
vn 0.25881904510252074 0.9659258262890683 0
vn -0.25881904510252074 -0.9659258262890683 0
usemtl m_a520c05c-83fc-6d1a-7b60-0c8dd74607e0
f 1316/3940/985 1319/3939/985 1317/3938/985 1314/3937/985
f 1315/3944/986 1316/3943/986 1314/3942/986 1313/3941/986
f 1320/3948/987 1315/3947/987 1313/3946/987 1318/3945/987
f 1319/3952/988 1320/3951/988 1318/3950/988 1317/3949/988
f 1318/3956/989 1313/3955/989 1314/3954/989 1317/3953/989
f 1319/3960/990 1316/3959/990 1315/3958/990 1320/3957/990
o cube
v -0.4120607490457585 2.1333466058995776 -5.8428974705791425
v -0.25425184186882915 2.0910618366630813 -6.769447689952221
v -0.43641157714232615 2.0424680782368116 -5.8428974705791425
v -0.27860266996539673 2.0001833090003154 -6.769447689952221
v -0.4779962411643806 2.151013967765311 -6.810291586351371
v -0.6358051483413101 2.193298737001807 -5.883741366978293
v -0.5023470692609482 2.060135440102545 -6.810291586351371
v -0.6601559764378776 2.102420209339041 -5.883741366978293
vt 0.6298828125 0.8974609375
vt 0.6328125 0.8974609375
vt 0.6328125 0.896484375
vt 0.6298828125 0.896484375
vt 0.615234375 0.8974609375
vt 0.6298828125 0.8974609375
vt 0.6298828125 0.896484375
vt 0.615234375 0.896484375
vt 0.6474609375 0.8974609375
vt 0.650390625 0.8974609375
vt 0.650390625 0.896484375
vt 0.6474609375 0.896484375
vt 0.6328125 0.8974609375
vt 0.6474609375 0.8974609375
vt 0.6474609375 0.896484375
vt 0.6328125 0.896484375
vt 0.6328125 0.8974609375
vt 0.6298828125 0.8974609375
vt 0.6298828125 0.912109375
vt 0.6328125 0.912109375
vt 0.6357421875 0.912109375
vt 0.6328125 0.912109375
vt 0.6328125 0.8974609375
vt 0.6357421875 0.8974609375
vn 0.16773125949652062 -0.04494345552754777 -0.9848077530122081
vn 0.9512512425641979 -0.25488700224417876 0.17364817766693036
vn -0.16773125949652062 0.04494345552754777 0.9848077530122081
vn -0.9512512425641979 0.25488700224417876 -0.17364817766693036
vn 0.2588190451025207 0.9659258262890683 -6.938893903907228e-18
vn -0.2588190451025207 -0.9659258262890683 6.938893903907228e-18
usemtl m_a520c05c-83fc-6d1a-7b60-0c8dd74607e0
f 1324/3964/991 1327/3963/991 1325/3962/991 1322/3961/991
f 1323/3968/992 1324/3967/992 1322/3966/992 1321/3965/992
f 1328/3972/993 1323/3971/993 1321/3970/993 1326/3969/993
f 1327/3976/994 1328/3975/994 1326/3974/994 1325/3973/994
f 1326/3980/995 1321/3979/995 1322/3978/995 1325/3977/995
f 1327/3984/996 1324/3983/996 1323/3982/996 1328/3981/996
o cube
v 0.43324696305906146 2.1390239249729053 -5.8377575
v 0.43324696305906146 2.1390239249729053 -6.802122500000001
v 0.4575977911556289 2.0481453973101402 -5.8377575
v 0.4575977911556289 2.0481453973101402 -6.802122500000001
v 0.06973285240799926 2.0416206125866356 -6.802122500000001
v 0.06973285240799926 2.0416206125866356 -5.8377575
v 0.09408368050456667 1.9507420849238701 -6.802122500000001
v 0.09408368050456667 1.9507420849238701 -5.8377575
vt 0.2177734375 0.373046875
vt 0.2236328125 0.373046875
vt 0.2236328125 0.3720703125
vt 0.2177734375 0.3720703125
vt 0.203125 0.373046875
vt 0.2177734375 0.373046875
vt 0.2177734375 0.3720703125
vt 0.203125 0.3720703125
vt 0.23828125 0.373046875
vt 0.244140625 0.373046875
vt 0.244140625 0.3720703125
vt 0.23828125 0.3720703125
vt 0.2236328125 0.373046875
vt 0.23828125 0.373046875
vt 0.23828125 0.3720703125
vt 0.2236328125 0.3720703125
vt 0.2236328125 0.373046875
vt 0.2177734375 0.373046875
vt 0.2177734375 0.3876953125
vt 0.2236328125 0.3876953125
vt 0.2294921875 0.3876953125
vt 0.2236328125 0.3876953125
vt 0.2236328125 0.373046875
vt 0.2294921875 0.373046875
vn 0 0 -1
vn 0.9659258262890683 0.25881904510252074 0
vn 0 0 1
vn -0.9659258262890683 -0.25881904510252074 0
vn -0.25881904510252074 0.9659258262890683 0
vn 0.25881904510252074 -0.9659258262890683 0
usemtl m_a520c05c-83fc-6d1a-7b60-0c8dd74607e0
f 1332/3988/997 1335/3987/997 1333/3986/997 1330/3985/997
f 1331/3992/998 1332/3991/998 1330/3990/998 1329/3989/998
f 1336/3996/999 1331/3995/999 1329/3994/999 1334/3993/999
f 1335/4000/1000 1336/3999/1000 1334/3998/1000 1333/3997/1000
f 1334/4004/1001 1329/4003/1001 1330/4002/1001 1333/4001/1001
f 1335/4008/1002 1332/4007/1002 1331/4006/1002 1336/4005/1002
o cube
v 0.640280190905548 2.1944978210429897 -5.884558273124105
v 0.4824712837286186 2.1522130518064935 -6.811108492497183
v 0.6646310190021156 2.103619293380224 -5.884558273124105
v 0.5068221118251861 2.0613345241437275 -6.811108492497183
v 0.25425184186882915 2.0910618366630813 -6.769447689952221
v 0.4120607490457585 2.1333466058995776 -5.8428974705791425
v 0.27860266996539673 2.0001833090003154 -6.769447689952221
v 0.43641157714232615 2.0424680782368116 -5.8428974705791425
vt 0.4599609375 0.369140625
vt 0.462890625 0.369140625
vt 0.462890625 0.3681640625
vt 0.4599609375 0.3681640625
vt 0.4453125 0.369140625
vt 0.4599609375 0.369140625
vt 0.4599609375 0.3681640625
vt 0.4453125 0.3681640625
vt 0.4775390625 0.369140625
vt 0.48046875 0.369140625
vt 0.48046875 0.3681640625
vt 0.4775390625 0.3681640625
vt 0.462890625 0.369140625
vt 0.4775390625 0.369140625
vt 0.4775390625 0.3681640625
vt 0.462890625 0.3681640625
vt 0.462890625 0.369140625
vt 0.4599609375 0.369140625
vt 0.4599609375 0.3837890625
vt 0.462890625 0.3837890625
vt 0.4658203125 0.3837890625
vt 0.462890625 0.3837890625
vt 0.462890625 0.369140625
vt 0.4658203125 0.369140625
vn -0.16773125949652062 -0.04494345552754777 -0.9848077530122081
vn 0.9512512425641979 0.25488700224417876 -0.17364817766693036
vn 0.16773125949652062 0.04494345552754777 0.9848077530122081
vn -0.9512512425641979 -0.25488700224417876 0.17364817766693036
vn -0.2588190451025207 0.9659258262890683 -6.938893903907228e-18
vn 0.2588190451025207 -0.9659258262890683 6.938893903907228e-18
usemtl m_a520c05c-83fc-6d1a-7b60-0c8dd74607e0
f 1340/4012/1003 1343/4011/1003 1341/4010/1003 1338/4009/1003
f 1339/4016/1004 1340/4015/1004 1338/4014/1004 1337/4013/1004
f 1344/4020/1005 1339/4019/1005 1337/4018/1005 1342/4017/1005
f 1343/4024/1006 1344/4023/1006 1342/4022/1006 1341/4021/1006
f 1342/4028/1007 1337/4027/1007 1338/4026/1007 1341/4025/1007
f 1343/4032/1008 1340/4031/1008 1339/4030/1008 1344/4029/1008
o cube
v 0.3423686251491233 2.113269876774417 -6.780725370960217
v 0.34236860862662233 2.1501113094606707 -7.060563780421623
v 0.3667194581246377 2.0231688292944585 -6.79258740263921
v 0.36671944160213676 2.060010261980713 -7.072425812100617
v 0.20605112094525574 2.1138976263924105 -7.065331395122345
v 0.2060511374677567 2.0770561937061562 -6.785492985660938
v 0.23040195392077015 2.023796578912452 -7.077193426801339
v 0.2304019704432711 1.986955146226198 -6.797355017339933
vt 0.59375 0.5615234375
vt 0.595703125 0.5615234375
vt 0.595703125 0.560546875
vt 0.59375 0.560546875
vt 0.58984375 0.5615234375
vt 0.59375 0.5615234375
vt 0.59375 0.560546875
vt 0.58984375 0.560546875
vt 0.599609375 0.5615234375
vt 0.6015625 0.5615234375
vt 0.6015625 0.560546875
vt 0.599609375 0.560546875
vt 0.595703125 0.5615234375
vt 0.599609375 0.5615234375
vt 0.599609375 0.560546875
vt 0.595703125 0.560546875
vt 0.595703125 0.5615234375
vt 0.59375 0.5615234375
vt 0.59375 0.5654296875
vt 0.595703125 0.5654296875
vt 0.59765625 0.5654296875
vt 0.595703125 0.5654296875
vt 0.595703125 0.5615234375
vt 0.59765625 0.5615234375
vn -5.853788496296143e-8 0.13052621715438553 -0.9914448580911411
vn 0.9659258123939851 0.2566048702368309 0.03378262159394086
vn 5.853788496296143e-8 -0.13052621715438553 0.9914448580911411
vn -0.9659258123939851 -0.2566048702368309 -0.03378262159394086
vn -0.25881909695966554 0.9576621780179613 0.1260786573646699
vn 0.25881909695966554 -0.9576621780179613 -0.1260786573646699
usemtl m_a520c05c-83fc-6d1a-7b60-0c8dd74607e0
f 1348/4036/1009 1351/4035/1009 1349/4034/1009 1346/4033/1009
f 1347/4040/1010 1348/4039/1010 1346/4038/1010 1345/4037/1010
f 1352/4044/1011 1347/4043/1011 1345/4042/1011 1350/4041/1011
f 1351/4048/1012 1352/4047/1012 1350/4046/1012 1349/4045/1012
f 1350/4052/1013 1345/4051/1013 1346/4050/1013 1349/4049/1013
f 1351/4056/1014 1348/4055/1014 1347/4054/1014 1352/4053/1014
o cube
v 0.48288117991313373 2.1534293204959467 -6.797316778326465
v 0.43564435391434175 2.1709108771726933 -7.0270718861527754
v 0.5072320054573016 2.063328270976366 -6.809178809768342
v 0.45999517945850965 2.0808098276531126 -7.038933917594653
v 0.25785912363655744 2.1185745092160397 -6.994502038736131
v 0.3050959496353494 2.101092952539293 -6.764746930909821
v 0.2822099491807253 2.028473459696459 -7.006364070178009
v 0.3294467751795173 2.0109919030197125 -6.776608962351698
vt 0.1630859375 0.3515625
vt 0.166015625 0.3515625
vt 0.166015625 0.3505859375
vt 0.1630859375 0.3505859375
vt 0.16015625 0.3515625
vt 0.1630859375 0.3515625
vt 0.1630859375 0.3505859375
vt 0.16015625 0.3505859375
vt 0.1689453125 0.3515625
vt 0.171875 0.3515625
vt 0.171875 0.3505859375
vt 0.1689453125 0.3505859375
vt 0.166015625 0.3515625
vt 0.1689453125 0.3515625
vt 0.1689453125 0.3505859375
vt 0.166015625 0.3505859375
vt 0.166015625 0.3515625
vt 0.1630859375 0.3515625
vt 0.1630859375 0.3544921875
vt 0.166015625 0.3544921875
vt 0.1689453125 0.3544921875
vt 0.166015625 0.3544921875
vt 0.166015625 0.3515625
vt 0.1689453125 0.3515625
vn -0.20082723933822136 0.07432279143428176 -0.9768032261480329
vn 0.9448180437919916 0.2781352799370429 -0.17308850389155578
vn 0.20082723933822136 -0.07432279143428176 0.9768032261480329
vn -0.9448180437919916 -0.2781352799370429 0.17308850389155578
vn -0.2588190179736858 0.957662199696615 0.12607865484441796
vn 0.2588190179736858 -0.957662199696615 -0.12607865484441796
usemtl m_a520c05c-83fc-6d1a-7b60-0c8dd74607e0
f 1356/4060/1015 1359/4059/1015 1357/4058/1015 1354/4057/1015
f 1355/4064/1016 1356/4063/1016 1354/4062/1016 1353/4061/1016
f 1360/4068/1017 1355/4067/1017 1353/4066/1017 1358/4065/1017
f 1359/4072/1018 1360/4071/1018 1358/4070/1018 1357/4069/1018
f 1358/4076/1019 1353/4075/1019 1354/4074/1019 1357/4073/1019
f 1359/4080/1020 1356/4079/1020 1355/4078/1020 1360/4077/1020
o cube
v 0.16061153939321074 2.138667724470548 -7.346759023560083
v 0.1606115187400937 2.184719494933644 -7.696556880473582
v 0.18496237236872515 2.04856667699059 -7.358621055239078
v 0.1849623517156081 2.0946184474536858 -7.708418912152576
v 0.06973299238463836 2.160576986095456 -7.69973529731211
v 0.06973301303775542 2.11452521563236 -7.349937440398611
v 0.09408382536015278 2.0704759386154974 -7.711597328991103
v 0.09408384601326984 2.0244241681524016 -7.361799472077605
vt 0.3701171875 0.3515625
vt 0.37109375 0.3515625
vt 0.37109375 0.3505859375
vt 0.3701171875 0.3505859375
vt 0.365234375 0.3515625
vt 0.3701171875 0.3515625
vt 0.3701171875 0.3505859375
vt 0.365234375 0.3505859375
vt 0.3759765625 0.3515625
vt 0.376953125 0.3515625
vt 0.376953125 0.3505859375
vt 0.3759765625 0.3505859375
vt 0.37109375 0.3515625
vt 0.3759765625 0.3515625
vt 0.3759765625 0.3505859375
vt 0.37109375 0.3505859375
vt 0.37109375 0.3515625
vt 0.3701171875 0.3515625
vt 0.3701171875 0.3564453125
vt 0.37109375 0.3564453125
vt 0.3720703125 0.3564453125
vt 0.37109375 0.3564453125
vt 0.37109375 0.3515625
vt 0.3720703125 0.3515625
vn -5.853788496296143e-8 0.13052621715438553 -0.9914448580911411
vn 0.9659258123939851 0.2566048702368309 0.03378262159394086
vn 5.853788496296143e-8 -0.13052621715438553 0.9914448580911411
vn -0.9659258123939851 -0.2566048702368309 -0.03378262159394086
vn -0.25881909695966554 0.9576621780179613 0.1260786573646699
vn 0.25881909695966554 -0.9576621780179613 -0.1260786573646699
usemtl m_a520c05c-83fc-6d1a-7b60-0c8dd74607e0
f 1364/4084/1021 1367/4083/1021 1365/4082/1021 1362/4081/1021
f 1363/4088/1022 1364/4087/1022 1362/4086/1022 1361/4085/1022
f 1368/4092/1023 1363/4091/1023 1361/4090/1023 1366/4089/1023
f 1367/4096/1024 1368/4095/1024 1366/4094/1024 1365/4093/1024
f 1366/4100/1025 1361/4099/1025 1362/4098/1025 1365/4097/1025
f 1367/4104/1026 1364/4103/1026 1363/4102/1026 1368/4101/1026
o cube
v 0.2287709199825287 2.0830918610102143 -6.784698376172772
v 0.22877087867629456 2.1751954019364064 -7.484294089999769
v 0.25312175295804307 1.9929908135302563 -6.796560407851766
v 0.25312171165180897 2.085094354456448 -7.496156121678763
v 0.06973300477652321 2.132945891186044 -7.489856335302796
v 0.06973304608275732 2.040842350259852 -6.790260621475799
v 0.09408383775203763 2.0428448437060855 -7.50171836698179
v 0.09408387905827174 1.9507413027798937 -6.802122653154793
vt 0.3623046875 0.357421875
vt 0.3642578125 0.357421875
vt 0.3642578125 0.3564453125
vt 0.3623046875 0.3564453125
vt 0.3515625 0.357421875
vt 0.3623046875 0.357421875
vt 0.3623046875 0.3564453125
vt 0.3515625 0.3564453125
vt 0.375 0.357421875
vt 0.376953125 0.357421875
vt 0.376953125 0.3564453125
vt 0.375 0.3564453125
vt 0.3642578125 0.357421875
vt 0.375 0.357421875
vt 0.375 0.3564453125
vt 0.3642578125 0.3564453125
vt 0.3642578125 0.357421875
vt 0.3623046875 0.357421875
vt 0.3623046875 0.3681640625
vt 0.3642578125 0.3681640625
vt 0.3662109375 0.3681640625
vt 0.3642578125 0.3681640625
vt 0.3642578125 0.357421875
vt 0.3662109375 0.357421875
vn -5.853788496296143e-8 0.13052621715438553 -0.9914448580911411
vn 0.9659258123939851 0.2566048702368309 0.03378262159394086
vn 5.853788496296143e-8 -0.13052621715438553 0.9914448580911411
vn -0.9659258123939851 -0.2566048702368309 -0.03378262159394086
vn -0.25881909695966554 0.9576621780179613 0.1260786573646699
vn 0.25881909695966554 -0.9576621780179613 -0.1260786573646699
usemtl m_a520c05c-83fc-6d1a-7b60-0c8dd74607e0
f 1372/4108/1027 1375/4107/1027 1373/4106/1027 1370/4105/1027
f 1371/4112/1028 1372/4111/1028 1370/4110/1028 1369/4109/1028
f 1376/4116/1029 1371/4115/1029 1369/4114/1029 1374/4113/1029
f 1375/4120/1030 1376/4119/1030 1374/4118/1030 1373/4117/1030
f 1374/4124/1031 1369/4123/1031 1370/4122/1031 1373/4121/1031
f 1375/4128/1032 1372/4127/1032 1371/4126/1032 1376/4125/1032
o cube
v 0.4356440977007431 2.170911348589322 -7.02707234194248
v 0.245396167330321 2.1794958097764536 -7.4828258118383735
v 0.45999491712409535 2.080810297411254 -7.038934373351938
v 0.2697469867536733 2.0893947585983854 -7.494687843247831
v 0.07871402977824832 2.1254219150513003 -7.414265200647344
v 0.2689619601486704 2.1168374538641683 -6.958511730751451
v 0.10306484920160064 2.035320863873232 -7.426127232056802
v 0.29331277957202273 2.0267364026861006 -6.970373762160909
vt 0.6435546875 0.5029296875
vt 0.646484375 0.5029296875
vt 0.646484375 0.501953125
vt 0.6435546875 0.501953125
vt 0.63671875 0.5029296875
vt 0.6435546875 0.5029296875
vt 0.6435546875 0.501953125
vt 0.63671875 0.501953125
vt 0.6533203125 0.5029296875
vt 0.65625 0.5029296875
vt 0.65625 0.501953125
vt 0.6533203125 0.501953125
vt 0.646484375 0.5029296875
vt 0.6533203125 0.5029296875
vt 0.6533203125 0.501953125
vt 0.646484375 0.501953125
vt 0.646484375 0.5029296875
vt 0.6435546875 0.5029296875
vt 0.6435546875 0.509765625
vt 0.646484375 0.509765625
vt 0.6494140625 0.509765625
vt 0.646484375 0.509765625
vt 0.646484375 0.5029296875
vt 0.6494140625 0.5029296875
vn -0.3851620995772228 0.01737947471038004 -0.9226852718603765
vn 0.8858120041296584 0.2873691552138885 -0.36435705286360803
vn 0.3851620995772228 -0.01737947471038004 0.9226852718603765
vn -0.8858120041296584 -0.2873691552138885 0.36435705286360803
vn -0.25881895291702184 0.9576622173242751 0.12607865449983657
vn 0.25881895291702184 -0.9576622173242751 -0.12607865449983657
usemtl m_a520c05c-83fc-6d1a-7b60-0c8dd74607e0
f 1380/4132/1033 1383/4131/1033 1381/4130/1033 1378/4129/1033
f 1379/4136/1034 1380/4135/1034 1378/4134/1034 1377/4133/1034
f 1384/4140/1035 1379/4139/1035 1377/4138/1035 1382/4137/1035
f 1383/4144/1036 1384/4143/1036 1382/4142/1036 1381/4141/1036
f 1382/4148/1037 1377/4147/1037 1378/4146/1037 1381/4145/1037
f 1383/4152/1038 1380/4151/1038 1379/4150/1038 1384/4149/1038
o cube
v 0.2544554206386894 2.179087033669094 -7.461123677565922
v 0.15480170843613766 2.183583657747426 -7.699851767989243
v 0.2788062400620417 2.088985982491026 -7.47298570897538
v 0.17915252785948999 2.0934826065693577 -7.711713799398701
v 0.07146063966010133 2.156546710384849 -7.6655714623937286
v 0.17111435186265306 2.1520500863065175 -7.426843371970408
v 0.09581145908345362 2.066445659206781 -7.6774334938031865
v 0.19546517128600538 2.0619490351284493 -7.438705403379866
vt 0.404296875 0.37890625
vt 0.4052734375 0.37890625
vt 0.4052734375 0.3779296875
vt 0.404296875 0.3779296875
vt 0.400390625 0.37890625
vt 0.404296875 0.37890625
vt 0.404296875 0.3779296875
vt 0.400390625 0.3779296875
vt 0.4091796875 0.37890625
vt 0.41015625 0.37890625
vt 0.41015625 0.3779296875
vt 0.4091796875 0.3779296875
vt 0.4052734375 0.37890625
vt 0.4091796875 0.37890625
vt 0.4091796875 0.3779296875
vt 0.4052734375 0.3779296875
vt 0.4052734375 0.37890625
vt 0.404296875 0.37890625
vt 0.404296875 0.3828125
vt 0.4052734375 0.3828125
vt 0.40625 0.3828125
vt 0.4052734375 0.3828125
vt 0.4052734375 0.37890625
vt 0.40625 0.37890625
vn -0.3851620995772228 0.01737947471038004 -0.9226852718603765
vn 0.8858120041296584 0.2873691552138885 -0.36435705286360803
vn 0.3851620995772228 -0.01737947471038004 0.9226852718603765
vn -0.8858120041296584 -0.2873691552138885 0.36435705286360803
vn -0.25881895291702184 0.9576622173242751 0.12607865449983657
vn 0.25881895291702184 -0.9576622173242751 -0.12607865449983657
usemtl m_a520c05c-83fc-6d1a-7b60-0c8dd74607e0
f 1388/4156/1039 1391/4155/1039 1389/4154/1039 1386/4153/1039
f 1387/4160/1040 1388/4159/1040 1386/4158/1040 1385/4157/1040
f 1392/4164/1041 1387/4163/1041 1385/4162/1041 1390/4161/1041
f 1391/4168/1042 1392/4167/1042 1390/4166/1042 1389/4165/1042
f 1390/4172/1043 1385/4171/1043 1386/4170/1043 1389/4169/1043
f 1391/4176/1044 1388/4175/1044 1387/4174/1044 1392/4173/1044
o cube
v -0.2060511374677567 2.0770561937061562 -6.785492985660938
v -0.20605112094525574 2.1138976263924105 -7.065331395122345
v -0.2304019704432711 1.986955146226198 -6.797355017339933
v -0.23040195392077015 2.023796578912452 -7.077193426801339
v -0.34236860862662233 2.1501113094606707 -7.060563780421623
v -0.3423686251491233 2.113269876774417 -6.780725370960217
v -0.36671944160213676 2.060010261980713 -7.072425812100617
v -0.3667194581246377 2.0231688292944585 -6.79258740263921
vt 0.236328125 0.3623046875
vt 0.23828125 0.3623046875
vt 0.23828125 0.361328125
vt 0.236328125 0.361328125
vt 0.232421875 0.3623046875
vt 0.236328125 0.3623046875
vt 0.236328125 0.361328125
vt 0.232421875 0.361328125
vt 0.2421875 0.3623046875
vt 0.244140625 0.3623046875
vt 0.244140625 0.361328125
vt 0.2421875 0.361328125
vt 0.23828125 0.3623046875
vt 0.2421875 0.3623046875
vt 0.2421875 0.361328125
vt 0.23828125 0.361328125
vt 0.23828125 0.3623046875
vt 0.236328125 0.3623046875
vt 0.236328125 0.3662109375
vt 0.23828125 0.3662109375
vt 0.240234375 0.3662109375
vt 0.23828125 0.3662109375
vt 0.23828125 0.3623046875
vt 0.240234375 0.3623046875
vn 5.853788496296143e-8 0.13052621715438553 -0.9914448580911411
vn 0.9659258123939851 -0.2566048702368309 -0.03378262159394086
vn -5.853788496296143e-8 -0.13052621715438553 0.9914448580911411
vn -0.9659258123939851 0.2566048702368309 0.03378262159394086
vn 0.25881909695966554 0.9576621780179613 0.1260786573646699
vn -0.25881909695966554 -0.9576621780179613 -0.1260786573646699
usemtl m_a520c05c-83fc-6d1a-7b60-0c8dd74607e0
f 1396/4180/1045 1399/4179/1045 1397/4178/1045 1394/4177/1045
f 1395/4184/1046 1396/4183/1046 1394/4182/1046 1393/4181/1046
f 1400/4188/1047 1395/4187/1047 1393/4186/1047 1398/4185/1047
f 1399/4192/1048 1400/4191/1048 1398/4190/1048 1397/4189/1048
f 1398/4196/1049 1393/4195/1049 1394/4194/1049 1397/4193/1049
f 1399/4200/1050 1396/4199/1050 1395/4198/1050 1400/4197/1050
o cube
v -0.06973304608275735 2.040842350259852 -6.790260621475799
v -0.06973300477652324 2.132945891186044 -7.489856335302796
v -0.09408387905827177 1.9507413027798937 -6.802122653154793
v -0.09408383775203766 2.0428448437060855 -7.50171836698179
v -0.2287708786762946 2.1751954019364064 -7.484294089999769
v -0.2287709199825287 2.0830918610102143 -6.784698376172772
v -0.253121711651809 2.085094354456448 -7.496156121678763
v -0.2531217529580431 1.9929908135302563 -6.796560407851766
vt 0.6435546875 0.7587890625
vt 0.6455078125 0.7587890625
vt 0.6455078125 0.7578125
vt 0.6435546875 0.7578125
vt 0.6328125 0.7587890625
vt 0.6435546875 0.7587890625
vt 0.6435546875 0.7578125
vt 0.6328125 0.7578125
vt 0.65625 0.7587890625
vt 0.658203125 0.7587890625
vt 0.658203125 0.7578125
vt 0.65625 0.7578125
vt 0.6455078125 0.7587890625
vt 0.65625 0.7587890625
vt 0.65625 0.7578125
vt 0.6455078125 0.7578125
vt 0.6455078125 0.7587890625
vt 0.6435546875 0.7587890625
vt 0.6435546875 0.76953125
vt 0.6455078125 0.76953125
vt 0.6474609375 0.76953125
vt 0.6455078125 0.76953125
vt 0.6455078125 0.7587890625
vt 0.6474609375 0.7587890625
vn 5.853788496296143e-8 0.13052621715438553 -0.9914448580911411
vn 0.9659258123939851 -0.2566048702368309 -0.03378262159394086
vn -5.853788496296143e-8 -0.13052621715438553 0.9914448580911411
vn -0.9659258123939851 0.2566048702368309 0.03378262159394086
vn 0.25881909695966554 0.9576621780179613 0.1260786573646699
vn -0.25881909695966554 -0.9576621780179613 -0.1260786573646699
usemtl m_a520c05c-83fc-6d1a-7b60-0c8dd74607e0
f 1404/4204/1051 1407/4203/1051 1405/4202/1051 1402/4201/1051
f 1403/4208/1052 1404/4207/1052 1402/4206/1052 1401/4205/1052
f 1408/4212/1053 1403/4211/1053 1401/4210/1053 1406/4209/1053
f 1407/4216/1054 1408/4215/1054 1406/4214/1054 1405/4213/1054
f 1406/4220/1055 1401/4219/1055 1402/4218/1055 1405/4217/1055
f 1407/4224/1056 1404/4223/1056 1403/4222/1056 1408/4221/1056
o cube
v -0.06973301303775542 2.11452521563236 -7.349937440398611
v -0.06973299238463836 2.160576986095456 -7.69973529731211
v -0.09408384601326984 2.0244241681524016 -7.361799472077605
v -0.09408382536015278 2.0704759386154974 -7.711597328991103
v -0.1606115187400937 2.184719494933644 -7.696556880473582
v -0.16061153939321074 2.138667724470548 -7.346759023560083
v -0.1849623517156081 2.0946184474536858 -7.708418912152576
v -0.18496237236872515 2.04856667699059 -7.358621055239078
vt 0.4228515625 0.3505859375
vt 0.423828125 0.3505859375
vt 0.423828125 0.349609375
vt 0.4228515625 0.349609375
vt 0.41796875 0.3505859375
vt 0.4228515625 0.3505859375
vt 0.4228515625 0.349609375
vt 0.41796875 0.349609375
vt 0.4287109375 0.3505859375
vt 0.4296875 0.3505859375
vt 0.4296875 0.349609375
vt 0.4287109375 0.349609375
vt 0.423828125 0.3505859375
vt 0.4287109375 0.3505859375
vt 0.4287109375 0.349609375
vt 0.423828125 0.349609375
vt 0.423828125 0.3505859375
vt 0.4228515625 0.3505859375
vt 0.4228515625 0.35546875
vt 0.423828125 0.35546875
vt 0.4248046875 0.35546875
vt 0.423828125 0.35546875
vt 0.423828125 0.3505859375
vt 0.4248046875 0.3505859375
vn 5.853788496296143e-8 0.13052621715438553 -0.9914448580911411
vn 0.9659258123939851 -0.2566048702368309 -0.03378262159394086
vn -5.853788496296143e-8 -0.13052621715438553 0.9914448580911411
vn -0.9659258123939851 0.2566048702368309 0.03378262159394086
vn 0.25881909695966554 0.9576621780179613 0.1260786573646699
vn -0.25881909695966554 -0.9576621780179613 -0.1260786573646699
usemtl m_a520c05c-83fc-6d1a-7b60-0c8dd74607e0
f 1412/4228/1057 1415/4227/1057 1413/4226/1057 1410/4225/1057
f 1411/4232/1058 1412/4231/1058 1410/4230/1058 1409/4229/1058
f 1416/4236/1059 1411/4235/1059 1409/4234/1059 1414/4233/1059
f 1415/4240/1060 1416/4239/1060 1414/4238/1060 1413/4237/1060
f 1414/4244/1061 1409/4243/1061 1410/4242/1061 1413/4241/1061
f 1415/4248/1062 1412/4247/1062 1411/4246/1062 1416/4245/1062
o cube
v -0.2689619601486704 2.1168374538641683 -6.958511730751451
v -0.07871402977824832 2.1254219150513003 -7.414265200647344
v -0.29331277957202273 2.0267364026861006 -6.970373762160909
v -0.10306484920160064 2.035320863873232 -7.426127232056802
v -0.245396167330321 2.1794958097764536 -7.4828258118383735
v -0.4356440977007431 2.170911348589322 -7.02707234194248
v -0.2697469867536733 2.0893947585983854 -7.494687843247831
v -0.45999491712409535 2.080810297411254 -7.038934373351938
vt 0.2705078125 0.35546875
vt 0.2734375 0.35546875
vt 0.2734375 0.3544921875
vt 0.2705078125 0.3544921875
vt 0.263671875 0.35546875
vt 0.2705078125 0.35546875
vt 0.2705078125 0.3544921875
vt 0.263671875 0.3544921875
vt 0.2802734375 0.35546875
vt 0.283203125 0.35546875
vt 0.283203125 0.3544921875
vt 0.2802734375 0.3544921875
vt 0.2734375 0.35546875
vt 0.2802734375 0.35546875
vt 0.2802734375 0.3544921875
vt 0.2734375 0.3544921875
vt 0.2734375 0.35546875
vt 0.2705078125 0.35546875
vt 0.2705078125 0.3623046875
vt 0.2734375 0.3623046875
vt 0.2763671875 0.3623046875
vt 0.2734375 0.3623046875
vt 0.2734375 0.35546875
vt 0.2763671875 0.35546875
vn 0.3851620995772228 0.01737947471038004 -0.9226852718603765
vn 0.8858120041296584 -0.2873691552138885 0.36435705286360803
vn -0.3851620995772228 -0.01737947471038004 0.9226852718603765
vn -0.8858120041296584 0.2873691552138885 -0.36435705286360803
vn 0.25881895291702184 0.9576622173242751 0.12607865449983657
vn -0.25881895291702184 -0.9576622173242751 -0.12607865449983657
usemtl m_a520c05c-83fc-6d1a-7b60-0c8dd74607e0
f 1420/4252/1063 1423/4251/1063 1421/4250/1063 1418/4249/1063
f 1419/4256/1064 1420/4255/1064 1418/4254/1064 1417/4253/1064
f 1424/4260/1065 1419/4259/1065 1417/4258/1065 1422/4257/1065
f 1423/4264/1066 1424/4263/1066 1422/4262/1066 1421/4261/1066
f 1422/4268/1067 1417/4267/1067 1418/4266/1067 1421/4265/1067
f 1423/4272/1068 1420/4271/1068 1419/4270/1068 1424/4269/1068
o cube
v -0.17111435186265306 2.1520500863065175 -7.426843371970408
v -0.07146063966010133 2.156546710384849 -7.6655714623937286
v -0.19546517128600538 2.0619490351284493 -7.438705403379866
v -0.09581145908345362 2.066445659206781 -7.6774334938031865
v -0.15480170843613766 2.183583657747426 -7.699851767989243
v -0.2544554206386894 2.179087033669094 -7.461123677565922
v -0.17915252785948999 2.0934826065693577 -7.711713799398701
v -0.2788062400620417 2.088985982491026 -7.47298570897538
vt 0.24609375 0.3505859375
vt 0.2470703125 0.3505859375
vt 0.2470703125 0.349609375
vt 0.24609375 0.349609375
vt 0.2421875 0.3505859375
vt 0.24609375 0.3505859375
vt 0.24609375 0.349609375
vt 0.2421875 0.349609375
vt 0.2509765625 0.3505859375
vt 0.251953125 0.3505859375
vt 0.251953125 0.349609375
vt 0.2509765625 0.349609375
vt 0.2470703125 0.3505859375
vt 0.2509765625 0.3505859375
vt 0.2509765625 0.349609375
vt 0.2470703125 0.349609375
vt 0.2470703125 0.3505859375
vt 0.24609375 0.3505859375
vt 0.24609375 0.3544921875
vt 0.2470703125 0.3544921875
vt 0.248046875 0.3544921875
vt 0.2470703125 0.3544921875
vt 0.2470703125 0.3505859375
vt 0.248046875 0.3505859375
vn 0.3851620995772228 0.01737947471038004 -0.9226852718603765
vn 0.8858120041296584 -0.2873691552138885 0.36435705286360803
vn -0.3851620995772228 -0.01737947471038004 0.9226852718603765
vn -0.8858120041296584 0.2873691552138885 -0.36435705286360803
vn 0.25881895291702184 0.9576622173242751 0.12607865449983657
vn -0.25881895291702184 -0.9576622173242751 -0.12607865449983657
usemtl m_a520c05c-83fc-6d1a-7b60-0c8dd74607e0
f 1428/4276/1069 1431/4275/1069 1429/4274/1069 1426/4273/1069
f 1427/4280/1070 1428/4279/1070 1426/4278/1070 1425/4277/1070
f 1432/4284/1071 1427/4283/1071 1425/4282/1071 1430/4281/1071
f 1431/4288/1072 1432/4287/1072 1430/4286/1072 1429/4285/1072
f 1430/4292/1073 1425/4291/1073 1426/4290/1073 1429/4289/1073
f 1431/4296/1074 1428/4295/1074 1427/4294/1074 1432/4293/1074
o cube
v -0.3050959496353494 2.101092952539293 -6.764746930909821
v -0.25785912363655744 2.1185745092160397 -6.994502038736131
v -0.3294467751795173 2.0109919030197125 -6.776608962351698
v -0.2822099491807253 2.028473459696459 -7.006364070178009
v -0.43564435391434175 2.1709108771726933 -7.0270718861527754
v -0.48288117991313373 2.1534293204959467 -6.797316778326465
v -0.45999517945850965 2.0808098276531126 -7.038933917594653
v -0.5072320054573016 2.063328270976366 -6.809178809768342
vt 0.1748046875 0.3515625
vt 0.177734375 0.3515625
vt 0.177734375 0.3505859375
vt 0.1748046875 0.3505859375
vt 0.171875 0.3515625
vt 0.1748046875 0.3515625
vt 0.1748046875 0.3505859375
vt 0.171875 0.3505859375
vt 0.1806640625 0.3515625
vt 0.18359375 0.3515625
vt 0.18359375 0.3505859375
vt 0.1806640625 0.3505859375
vt 0.177734375 0.3515625
vt 0.1806640625 0.3515625
vt 0.1806640625 0.3505859375
vt 0.177734375 0.3505859375
vt 0.177734375 0.3515625
vt 0.1748046875 0.3515625
vt 0.1748046875 0.3544921875
vt 0.177734375 0.3544921875
vt 0.1806640625 0.3544921875
vt 0.177734375 0.3544921875
vt 0.177734375 0.3515625
vt 0.1806640625 0.3515625
vn 0.20082723933822136 0.07432279143428176 -0.9768032261480329
vn 0.9448180437919916 -0.2781352799370429 0.17308850389155578
vn -0.20082723933822136 -0.07432279143428176 0.9768032261480329
vn -0.9448180437919916 0.2781352799370429 -0.17308850389155578
vn 0.2588190179736858 0.957662199696615 0.12607865484441796
vn -0.2588190179736858 -0.957662199696615 -0.12607865484441796
usemtl m_a520c05c-83fc-6d1a-7b60-0c8dd74607e0
f 1436/4300/1075 1439/4299/1075 1437/4298/1075 1434/4297/1075
f 1435/4304/1076 1436/4303/1076 1434/4302/1076 1433/4301/1076
f 1440/4308/1077 1435/4307/1077 1433/4306/1077 1438/4305/1077
f 1439/4312/1078 1440/4311/1078 1438/4310/1078 1437/4309/1078
f 1438/4316/1079 1433/4315/1079 1434/4314/1079 1437/4313/1079
f 1439/4320/1080 1436/4319/1080 1435/4318/1080 1440/4317/1080
o cube
v 0.471799335070744 2.331284876849734 -5.868420090692047
v 0.6571093782818453 2.331284856698995 -5.901095254986378
v 0.47322458595319217 2.143295221819935 -5.860336976300809
v 0.6585346291642935 2.143295201669196 -5.893012140595141
v 0.45308391381121327 2.2799860559464964 -7.058180993345425
v 0.26777387060011193 2.2799860760972352 -7.025505829051093
v 0.4545091646936614 2.091996400916698 -7.050097878954187
v 0.2691991214825601 2.0919964210674364 -7.017422714659856
vt 0.0908203125 0.3720703125
vt 0.1083984375 0.3720703125
vt 0.1083984375 0.369140625
vt 0.0908203125 0.369140625
vt 0.087890625 0.3720703125
vt 0.0908203125 0.3720703125
vt 0.0908203125 0.369140625
vt 0.087890625 0.369140625
vt 0.111328125 0.3720703125
vt 0.12890625 0.3720703125
vt 0.12890625 0.369140625
vt 0.111328125 0.369140625
vt 0.1083984375 0.3720703125
vt 0.111328125 0.3720703125
vt 0.111328125 0.369140625
vt 0.1083984375 0.369140625
vt 0.1083984375 0.3720703125
vt 0.0908203125 0.3720703125
vt 0.0908203125 0.375
vt 0.1083984375 0.375
vt 0.1259765625 0.375
vt 0.1083984375 0.375
vt 0.1083984375 0.3720703125
vt 0.1259765625 0.3720703125
vn 0.9848077494860449 -1.0708865719882832e-7 -0.1736481976647618
vn 0.17348292764422757 0.04361938918885466 0.9838704298345281
vn -0.9848077494860449 1.0708865719882832e-7 0.1736481976647618
vn -0.17348292764422757 -0.04361938918885466 -0.9838704298345281
vn -0.007574322954519214 0.9990482215022356 -0.04295673107908563
vn 0.007574322954519214 -0.9990482215022356 0.04295673107908563
usemtl m_a520c05c-83fc-6d1a-7b60-0c8dd74607e0
f 1444/4324/1081 1447/4323/1081 1445/4322/1081 1442/4321/1081
f 1443/4328/1082 1444/4327/1082 1442/4326/1082 1441/4325/1082
f 1448/4332/1083 1443/4331/1083 1441/4330/1083 1446/4329/1083
f 1447/4336/1084 1448/4335/1084 1446/4334/1084 1445/4333/1084
f 1446/4340/1085 1441/4339/1085 1442/4338/1085 1445/4337/1085
f 1447/4344/1086 1444/4343/1086 1443/4342/1086 1448/4341/1086
o cube
v -0.26777387060011193 2.2799860760972352 -7.025505829051093
v -0.4530839138112132 2.2799860559464964 -7.058180993345425
v -0.2691991214825601 2.0919964210674364 -7.017422714659856
v -0.4545091646936614 2.091996400916698 -7.050097878954187
v -0.6571093782818453 2.331284856698995 -5.901095254986378
v -0.47179933507074395 2.331284876849734 -5.868420090692048
v -0.6585346291642935 2.143295201669196 -5.893012140595141
v -0.47322458595319217 2.143295221819935 -5.86033697630081
vt 0.2060546875 0.369140625
vt 0.2236328125 0.369140625
vt 0.2236328125 0.3662109375
vt 0.2060546875 0.3662109375
vt 0.203125 0.369140625
vt 0.2060546875 0.369140625
vt 0.2060546875 0.3662109375
vt 0.203125 0.3662109375
vt 0.2265625 0.369140625
vt 0.244140625 0.369140625
vt 0.244140625 0.3662109375
vt 0.2265625 0.3662109375
vt 0.2236328125 0.369140625
vt 0.2265625 0.369140625
vt 0.2265625 0.3662109375
vt 0.2236328125 0.3662109375
vt 0.2236328125 0.369140625
vt 0.2060546875 0.369140625
vt 0.2060546875 0.3720703125
vt 0.2236328125 0.3720703125
vt 0.2412109375 0.3720703125
vt 0.2236328125 0.3720703125
vt 0.2236328125 0.369140625
vt 0.2412109375 0.369140625
vn -0.9848077494860449 -1.0708865719882832e-7 -0.1736481976647618
vn 0.17348292764422757 -0.04361938918885466 -0.9838704298345281
vn 0.9848077494860449 1.0708865719882832e-7 0.1736481976647618
vn -0.17348292764422757 0.04361938918885466 0.9838704298345281
vn 0.007574322954519214 0.9990482215022356 -0.04295673107908563
vn -0.007574322954519214 -0.9990482215022356 0.04295673107908563
usemtl m_a520c05c-83fc-6d1a-7b60-0c8dd74607e0
f 1452/4348/1087 1455/4347/1087 1453/4346/1087 1450/4345/1087
f 1451/4352/1088 1452/4351/1088 1450/4350/1088 1449/4349/1088
f 1456/4356/1089 1451/4355/1089 1449/4354/1089 1454/4353/1089
f 1455/4360/1090 1456/4359/1090 1454/4358/1090 1453/4357/1090
f 1454/4364/1091 1449/4363/1091 1450/4362/1091 1453/4361/1091
f 1455/4368/1092 1452/4367/1092 1451/4366/1092 1456/4365/1092
o cube
v -0.3082224109154742 2.702424847678106 -5.833121907124112
v -0.4816441887089938 2.7688416064803625 -5.863472848027157
v -0.4518897185432247 2.3639814556447662 -5.752836858614378
v -0.6253114963367443 2.4303982144470226 -5.783187799517423
v -0.5581502707880115 3.052012361836746 -4.806665264137733
v -0.3847284929944919 2.9855956030344895 -4.776314323234687
v -0.7018175784157621 2.7135689698034064 -4.726380215627998
v -0.5283958006222425 2.6471522110011496 -4.696029274724953
vt 0.3427734375 0.3740234375
vt 0.359375 0.3740234375
vt 0.359375 0.3681640625
vt 0.3427734375 0.3681640625
vt 0.33984375 0.3740234375
vt 0.3427734375 0.3740234375
vt 0.3427734375 0.3681640625
vt 0.33984375 0.3681640625
vt 0.3623046875 0.3740234375
vt 0.37890625 0.3740234375
vt 0.37890625 0.3681640625
vt 0.3623046875 0.3681640625
vt 0.359375 0.3740234375
vt 0.3623046875 0.3740234375
vt 0.3623046875 0.3681640625
vt 0.359375 0.3681640625
vt 0.359375 0.3740234375
vt 0.3427734375 0.3740234375
vt 0.3427734375 0.376953125
vt 0.359375 0.376953125
vt 0.3759765625 0.376953125
vt 0.359375 0.376953125
vt 0.359375 0.3740234375
vt 0.3759765625 0.3740234375
vn -0.9216290047817208 0.35296380935865795 -0.1612963943430849
vn 0.06975648790694651 -0.2581885888656147 -0.9635728747606331
vn 0.9216290047817208 -0.35296380935865795 0.1612963943430849
vn -0.06975648790694651 0.2581885888656147 0.9635728747606331
vn 0.38175124091473883 0.8993081795817315 -0.21333257650309637
vn -0.38175124091473883 -0.8993081795817315 0.21333257650309637
usemtl m_a520c05c-83fc-6d1a-7b60-0c8dd74607e0
f 1460/4372/1093 1463/4371/1093 1461/4370/1093 1458/4369/1093
f 1459/4376/1094 1460/4375/1094 1458/4374/1094 1457/4373/1094
f 1464/4380/1095 1459/4379/1095 1457/4378/1095 1462/4377/1095
f 1463/4384/1096 1464/4383/1096 1462/4382/1096 1461/4381/1096
f 1462/4388/1097 1457/4387/1097 1458/4386/1097 1461/4385/1097
f 1463/4392/1098 1460/4391/1098 1459/4390/1098 1464/4389/1098
o cube
v 0.3847284929944919 2.9855956030344895 -4.776314323234687
v 0.5581502707880115 3.052012361836746 -4.806665264137733
v 0.5283958006222425 2.6471522110011496 -4.696029274724953
v 0.7018175784157621 2.7135689698034064 -4.726380215627998
v 0.4816441887089938 2.7688416064803625 -5.863472848027157
v 0.3082224109154742 2.702424847678106 -5.833121907124112
v 0.6253114963367443 2.4303982144470226 -5.783187799517423
v 0.4518897185432247 2.3639814556447662 -5.752836858614378
vt 0.6259765625 0.4990234375
vt 0.642578125 0.4990234375
vt 0.642578125 0.4931640625
vt 0.6259765625 0.4931640625
vt 0.623046875 0.4990234375
vt 0.6259765625 0.4990234375
vt 0.6259765625 0.4931640625
vt 0.623046875 0.4931640625
vt 0.6455078125 0.4990234375
vt 0.662109375 0.4990234375
vt 0.662109375 0.4931640625
vt 0.6455078125 0.4931640625
vt 0.642578125 0.4990234375
vt 0.6455078125 0.4990234375
vt 0.6455078125 0.4931640625
vt 0.642578125 0.4931640625
vt 0.642578125 0.4990234375
vt 0.6259765625 0.4990234375
vt 0.6259765625 0.501953125
vt 0.642578125 0.501953125
vt 0.6591796875 0.501953125
vt 0.642578125 0.501953125
vt 0.642578125 0.4990234375
vt 0.6591796875 0.4990234375
vn 0.9216290047817208 0.35296380935865795 -0.1612963943430849
vn 0.06975648790694651 0.2581885888656147 0.9635728747606331
vn -0.9216290047817208 -0.35296380935865795 0.1612963943430849
vn -0.06975648790694651 -0.2581885888656147 -0.9635728747606331
vn -0.38175124091473883 0.8993081795817315 -0.21333257650309637
vn 0.38175124091473883 -0.8993081795817315 0.21333257650309637
usemtl m_a520c05c-83fc-6d1a-7b60-0c8dd74607e0
f 1468/4396/1099 1471/4395/1099 1469/4394/1099 1466/4393/1099
f 1467/4400/1100 1468/4399/1100 1466/4398/1100 1465/4397/1100
f 1472/4404/1101 1467/4403/1101 1465/4402/1101 1470/4401/1101
f 1471/4408/1102 1472/4407/1102 1470/4406/1102 1469/4405/1102
f 1470/4412/1103 1465/4411/1103 1466/4410/1103 1469/4409/1103
f 1471/4416/1104 1468/4415/1104 1467/4414/1104 1472/4413/1104
o cube
v 0.43324696305906146 2.1390239249729053 -4.020576250000001
v 0.43324696305906146 2.1390239249729053 -5.86127875
v 0.4575977911556289 2.0481453973101402 -4.020576250000001
v 0.4575977911556289 2.0481453973101402 -5.86127875
v 0.06973285240799926 2.0416206125866356 -5.86127875
v 0.06973285240799926 2.0416206125866356 -4.020576250000001
v 0.09408368050456667 1.9507420849238701 -5.86127875
v 0.09408368050456667 1.9507420849238701 -4.020576250000001
vt 0.1171875 0.60546875
vt 0.123046875 0.60546875
vt 0.123046875 0.603515625
vt 0.1171875 0.603515625
vt 0 0.4638671875
vt 0.0283203125 0.4638671875
vt 0.0283203125 0.4619140625
vt 0 0.4619140625
vt 0.185546875 0.5751953125
vt 0.19140625 0.5751953125
vt 0.19140625 0.5732421875
vt 0.185546875 0.5732421875
vt 0.0283203125 0.4638671875
vt 0.056640625 0.4638671875
vt 0.056640625 0.4619140625
vt 0.0283203125 0.4619140625
vt 0.013671875 0.30859375
vt 0.0078125 0.30859375
vt 0.0078125 0.3369140625
vt 0.013671875 0.3369140625
vt 0.01953125 0.3369140625
vt 0.013671875 0.3369140625
vt 0.013671875 0.30859375
vt 0.01953125 0.30859375
vn 0 0 -1
vn 0.9659258262890683 0.25881904510252074 0
vn 0 0 1
vn -0.9659258262890683 -0.25881904510252074 0
vn -0.25881904510252074 0.9659258262890683 0
vn 0.25881904510252074 -0.9659258262890683 0
usemtl m_a520c05c-83fc-6d1a-7b60-0c8dd74607e0
f 1476/4420/1105 1479/4419/1105 1477/4418/1105 1474/4417/1105
f 1475/4424/1106 1476/4423/1106 1474/4422/1106 1473/4421/1106
f 1480/4428/1107 1475/4427/1107 1473/4426/1107 1478/4425/1107
f 1479/4432/1108 1480/4431/1108 1478/4430/1108 1477/4429/1108
f 1478/4436/1109 1473/4435/1109 1474/4434/1109 1477/4433/1109
f 1479/4440/1110 1476/4439/1110 1475/4438/1110 1480/4437/1110
o cube
v -0.06973285240799926 2.0416206125866356 -4.020576250000001
v -0.06973285240799926 2.0416206125866356 -5.86127875
v -0.09408368050456667 1.9507420849238701 -4.020576250000001
v -0.09408368050456667 1.9507420849238701 -5.86127875
v -0.43324696305906146 2.1390239249729053 -5.86127875
v -0.43324696305906146 2.1390239249729053 -4.020576250000001
v -0.4575977911556289 2.0481453973101402 -5.86127875
v -0.4575977911556289 2.0481453973101402 -4.020576250000001
vt 0.19140625 0.4765625
vt 0.197265625 0.4765625
vt 0.197265625 0.474609375
vt 0.19140625 0.474609375
vt 0.056640625 0.4638671875
vt 0.0849609375 0.4638671875
vt 0.0849609375 0.4619140625
vt 0.056640625 0.4619140625
vt 0.5556640625 0.7373046875
vt 0.5615234375 0.7373046875
vt 0.5615234375 0.7353515625
vt 0.5556640625 0.7353515625
vt 0.16015625 0.4482421875
vt 0.1884765625 0.4482421875
vt 0.1884765625 0.4462890625
vt 0.16015625 0.4462890625
vt 0.025390625 0.30859375
vt 0.01953125 0.30859375
vt 0.01953125 0.3369140625
vt 0.025390625 0.3369140625
vt 0.15234375 0.3369140625
vt 0.146484375 0.3369140625
vt 0.146484375 0.30859375
vt 0.15234375 0.30859375
vn 0 0 -1
vn 0.9659258262890683 -0.25881904510252074 0
vn 0 0 1
vn -0.9659258262890683 0.25881904510252074 0
vn 0.25881904510252074 0.9659258262890683 0
vn -0.25881904510252074 -0.9659258262890683 0
usemtl m_a520c05c-83fc-6d1a-7b60-0c8dd74607e0
f 1484/4444/1111 1487/4443/1111 1485/4442/1111 1482/4441/1111
f 1483/4448/1112 1484/4447/1112 1482/4446/1112 1481/4445/1112
f 1488/4452/1113 1483/4451/1113 1481/4450/1113 1486/4449/1113
f 1487/4456/1114 1488/4455/1114 1486/4454/1114 1485/4453/1114
f 1486/4460/1115 1481/4459/1115 1482/4458/1115 1485/4457/1115
f 1487/4464/1116 1484/4463/1116 1483/4462/1116 1488/4461/1116
o cube
v -0.5979524435211956 2.183156135313924 -4.03161726474236
v -0.29315434372523375 2.1014857306190553 -5.821191448370777
v -0.6223032716177631 2.092277607651158 -4.03161726474236
v -0.31750517182180127 2.0106072029562894 -5.821191448370777
v -0.6358051483413101 2.193298737001807 -5.883741366978293
v -0.9406032481372719 2.2749691416966757 -4.094167183349876
v -0.6601559764378776 2.102420209339041 -5.883741366978293
v -0.9649540762338393 2.18409061403391 -4.094167183349876
vt 0.083984375 0.4189453125
vt 0.08984375 0.4189453125
vt 0.08984375 0.4169921875
vt 0.083984375 0.4169921875
vt 0.3828125 0.4482421875
vt 0.4111328125 0.4482421875
vt 0.4111328125 0.4462890625
vt 0.3828125 0.4462890625
vt 0.083984375 0.4169921875
vt 0.08984375 0.4169921875
vt 0.08984375 0.4150390625
vt 0.083984375 0.4150390625
vt 0.5546875 0.5888671875
vt 0.5830078125 0.5888671875
vt 0.5830078125 0.5869140625
vt 0.5546875 0.5869140625
vt 0.158203125 0.30859375
vt 0.15234375 0.30859375
vt 0.15234375 0.3369140625
vt 0.158203125 0.3369140625
vt 0.1640625 0.3369140625
vt 0.158203125 0.3369140625
vt 0.158203125 0.30859375
vt 0.1640625 0.30859375
vn 0.16773125949652062 -0.04494345552754777 -0.9848077530122081
vn 0.9512512425641979 -0.25488700224417876 0.17364817766693036
vn -0.16773125949652062 0.04494345552754777 0.9848077530122081
vn -0.9512512425641979 0.25488700224417876 -0.17364817766693036
vn 0.2588190451025207 0.9659258262890683 -6.938893903907228e-18
vn -0.2588190451025207 -0.9659258262890683 6.938893903907228e-18
usemtl m_a520c05c-83fc-6d1a-7b60-0c8dd74607e0
f 1492/4468/1117 1495/4467/1117 1493/4466/1117 1490/4465/1117
f 1491/4472/1118 1492/4471/1118 1490/4470/1118 1489/4469/1118
f 1496/4476/1119 1491/4475/1119 1489/4474/1119 1494/4473/1119
f 1495/4480/1120 1496/4479/1120 1494/4478/1120 1493/4477/1120
f 1494/4484/1121 1489/4483/1121 1490/4482/1121 1493/4481/1121
f 1495/4488/1122 1492/4487/1122 1491/4486/1122 1496/4485/1122
o cube
v 0.9406032481372719 2.2749691416966757 -4.094167183349876
v 0.6358051483413101 2.193298737001807 -5.883741366978293
v 0.9649540762338393 2.18409061403391 -4.094167183349876
v 0.6601559764378776 2.102420209339041 -5.883741366978293
v 0.29315434372523375 2.1014857306190553 -5.821191448370777
v 0.5979524435211956 2.183156135313924 -4.03161726474236
v 0.3175051718218014 2.0106072029562894 -5.821191448370777
v 0.6223032716177632 2.092277607651158 -4.03161726474236
vt 0.5830078125 0.5888671875
vt 0.5888671875 0.5888671875
vt 0.5888671875 0.5869140625
vt 0.5830078125 0.5869140625
vt 0.5625 0.91796875
vt 0.5908203125 0.91796875
vt 0.5908203125 0.916015625
vt 0.5625 0.916015625
vt 0.13671875 0.4052734375
vt 0.142578125 0.4052734375
vt 0.142578125 0.4033203125
vt 0.13671875 0.4033203125
vt 0.546875 0.4052734375
vt 0.5751953125 0.4052734375
vt 0.5751953125 0.4033203125
vt 0.546875 0.4033203125
vt 0.169921875 0.30859375
vt 0.1640625 0.30859375
vt 0.1640625 0.3369140625
vt 0.169921875 0.3369140625
vt 0.17578125 0.3369140625
vt 0.169921875 0.3369140625
vt 0.169921875 0.30859375
vt 0.17578125 0.30859375
vn -0.16773125949652062 -0.04494345552754777 -0.9848077530122081
vn 0.9512512425641979 0.25488700224417876 -0.17364817766693036
vn 0.16773125949652062 0.04494345552754777 0.9848077530122081
vn -0.9512512425641979 -0.25488700224417876 0.17364817766693036
vn -0.2588190451025207 0.9659258262890683 -6.938893903907228e-18
vn 0.2588190451025207 -0.9659258262890683 6.938893903907228e-18
usemtl m_a520c05c-83fc-6d1a-7b60-0c8dd74607e0
f 1500/4492/1123 1503/4491/1123 1501/4490/1123 1498/4489/1123
f 1499/4496/1124 1500/4495/1124 1498/4494/1124 1497/4493/1124
f 1504/4500/1125 1499/4499/1125 1497/4498/1125 1502/4497/1125
f 1503/4504/1126 1504/4503/1126 1502/4502/1126 1501/4501/1126
f 1502/4508/1127 1497/4507/1127 1498/4506/1127 1501/4505/1127
f 1503/4512/1128 1500/4511/1128 1499/4510/1128 1504/4509/1128
o cube
v -0.471799335070744 2.331284876849734 -5.868420090692047
v -0.6571093782818453 2.331284856698995 -5.901095254986378
v -0.47322458595319217 2.143295221819935 -5.860336976300809
v -0.6585346291642935 2.143295201669196 -5.893012140595141
v -0.9723593015920424 2.4105491928694343 -4.113224357461633
v -0.7870492583809411 2.410549213020173 -4.080549193167302
v -0.9737845524744906 2.2225595378396354 -4.1051412430703955
v -0.7884745092633892 2.2225595579903743 -4.072466078776064
vt 0.4560546875 0.39453125
vt 0.484375 0.39453125
vt 0.484375 0.3916015625
vt 0.4560546875 0.3916015625
vt 0.453125 0.39453125
vt 0.4560546875 0.39453125
vt 0.4560546875 0.3916015625
vt 0.453125 0.3916015625
vt 0.4873046875 0.39453125
vt 0.515625 0.39453125
vt 0.515625 0.3916015625
vt 0.4873046875 0.3916015625
vt 0.484375 0.39453125
vt 0.4873046875 0.39453125
vt 0.4873046875 0.3916015625
vt 0.484375 0.3916015625
vt 0.484375 0.39453125
vt 0.4560546875 0.39453125
vt 0.4560546875 0.3974609375
vt 0.484375 0.3974609375
vt 0.5126953125 0.3974609375
vt 0.484375 0.3974609375
vt 0.484375 0.39453125
vt 0.5126953125 0.39453125
vn -0.9848077494860449 -1.0708865719882832e-7 -0.1736481976647618
vn 0.17348292764422757 -0.04361938918885466 -0.9838704298345281
vn 0.9848077494860449 1.0708865719882832e-7 0.1736481976647618
vn -0.17348292764422757 0.04361938918885466 0.9838704298345281
vn 0.007574322954519214 0.9990482215022356 -0.04295673107908563
vn -0.007574322954519214 -0.9990482215022356 0.04295673107908563
usemtl m_a520c05c-83fc-6d1a-7b60-0c8dd74607e0
f 1508/4516/1129 1511/4515/1129 1509/4514/1129 1506/4513/1129
f 1507/4520/1130 1508/4519/1130 1506/4518/1130 1505/4517/1130
f 1512/4524/1131 1507/4523/1131 1505/4522/1131 1510/4521/1131
f 1511/4528/1132 1512/4527/1132 1510/4526/1132 1509/4525/1132
f 1510/4532/1133 1505/4531/1133 1506/4530/1133 1509/4529/1133
f 1511/4536/1134 1508/4535/1134 1507/4534/1134 1512/4533/1134
o cube
v -0.3017540791002629 2.674702337495771 -5.930748660310218
v -0.47517585983328703 2.7411190949026363 -5.961099587470796
v -0.4667258879826466 2.234627789920837 -5.951130891034716
v -0.6401476687156706 2.301044547327702 -5.981481818195293
v -0.4908111788882425 2.742683993013916 -5.868336677258299
v -0.3173893981552184 2.6762672356070505 -5.837985750097722
v -0.6557829877706262 2.3026094454389816 -5.888718907982797
v -0.48236120703760205 2.2361926880321166 -5.858367980822219
vt 0.2373046875 0.494140625
vt 0.23828125 0.494140625
vt 0.23828125 0.4873046875
vt 0.2373046875 0.4873046875
vt 0.234375 0.494140625
vt 0.2373046875 0.494140625
vt 0.2373046875 0.4873046875
vt 0.234375 0.4873046875
vt 0.2412109375 0.494140625
vt 0.2421875 0.494140625
vt 0.2421875 0.4873046875
vt 0.2412109375 0.4873046875
vt 0.23828125 0.494140625
vt 0.2412109375 0.494140625
vt 0.2412109375 0.4873046875
vt 0.23828125 0.4873046875
vt 0.23828125 0.494140625
vt 0.2373046875 0.494140625
vt 0.2373046875 0.4970703125
vt 0.23828125 0.4970703125
vt 0.2392578125 0.4970703125
vt 0.23828125 0.4970703125
vt 0.23828125 0.494140625
vt 0.2392578125 0.494140625
vn -0.9216290204033608 0.35296380194301996 -0.16129632131040772
vn 0.16618401360433627 -0.01663292243031493 -0.9859544713189252
vn 0.9216290204033608 -0.35296380194301996 0.16129632131040772
vn -0.16618401360433627 0.01663292243031493 0.9859544713189252
vn 0.3506890679400991 0.9354891236189525 0.043327557258040716
vn -0.3506890679400991 -0.9354891236189525 -0.043327557258040716
usemtl m_a520c05c-83fc-6d1a-7b60-0c8dd74607e0
f 1516/4540/1135 1519/4539/1135 1517/4538/1135 1514/4537/1135
f 1515/4544/1136 1516/4543/1136 1514/4542/1136 1513/4541/1136
f 1520/4548/1137 1515/4547/1137 1513/4546/1137 1518/4545/1137
f 1519/4552/1138 1520/4551/1138 1518/4550/1138 1517/4549/1138
f 1518/4556/1139 1513/4555/1139 1514/4554/1139 1517/4553/1139
f 1519/4560/1140 1516/4559/1140 1515/4558/1140 1520/4557/1140
o cube
v 0.7870492583809411 2.410549213020173 -4.080549193167302
v 0.9723593015920424 2.4105491928694343 -4.113224357461633
v 0.7884745092633892 2.2225595579903743 -4.072466078776064
v 0.9737845524744906 2.2225595378396354 -4.1051412430703955
v 0.6571093782818453 2.331284856698995 -5.901095254986378
v 0.471799335070744 2.331284876849734 -5.868420090692047
v 0.6585346291642935 2.143295201669196 -5.893012140595141
v 0.47322458595319217 2.143295221819935 -5.860336976300809
vt 0.3505859375 0.3935546875
vt 0.37890625 0.3935546875
vt 0.37890625 0.390625
vt 0.3505859375 0.390625
vt 0.34765625 0.3935546875
vt 0.3505859375 0.3935546875
vt 0.3505859375 0.390625
vt 0.34765625 0.390625
vt 0.3818359375 0.3935546875
vt 0.41015625 0.3935546875
vt 0.41015625 0.390625
vt 0.3818359375 0.390625
vt 0.37890625 0.3935546875
vt 0.3818359375 0.3935546875
vt 0.3818359375 0.390625
vt 0.37890625 0.390625
vt 0.37890625 0.3935546875
vt 0.3505859375 0.3935546875
vt 0.3505859375 0.396484375
vt 0.37890625 0.396484375
vt 0.4072265625 0.396484375
vt 0.37890625 0.396484375
vt 0.37890625 0.3935546875
vt 0.4072265625 0.3935546875
vn 0.9848077494860449 -1.0708865719882832e-7 -0.1736481976647618
vn 0.17348292764422757 0.04361938918885466 0.9838704298345281
vn -0.9848077494860449 1.0708865719882832e-7 0.1736481976647618
vn -0.17348292764422757 -0.04361938918885466 -0.9838704298345281
vn -0.007574322954519214 0.9990482215022356 -0.04295673107908563
vn 0.007574322954519214 -0.9990482215022356 0.04295673107908563
usemtl m_a520c05c-83fc-6d1a-7b60-0c8dd74607e0
f 1524/4564/1141 1527/4563/1141 1525/4562/1141 1522/4561/1141
f 1523/4568/1142 1524/4567/1142 1522/4566/1142 1521/4565/1142
f 1528/4572/1143 1523/4571/1143 1521/4570/1143 1526/4569/1143
f 1527/4576/1144 1528/4575/1144 1526/4574/1144 1525/4573/1144
f 1526/4580/1145 1521/4579/1145 1522/4578/1145 1525/4577/1145
f 1527/4584/1146 1524/4583/1146 1523/4582/1146 1528/4581/1146
o cube
v 0.4635789839726979 2.6908989056017028 -4.970660088324801
v 0.637000764705722 2.7573156630085682 -5.001011015485378
v 0.6285507928550815 2.250824358026769 -4.991042319049298
v 0.8019725735881057 2.3172411154336343 -5.021393246209876
v 0.4908118038882425 2.742683993013916 -5.868336677258299
v 0.3173900231552184 2.6762672356070505 -5.837985750097722
v 0.6557836127706262 2.3026094454389816 -5.888718907982797
v 0.4823618320376021 2.2361926880321166 -5.858367980822219
vt 0.6318359375 0.67578125
vt 0.6455078125 0.67578125
vt 0.6455078125 0.6689453125
vt 0.6318359375 0.6689453125
vt 0.62890625 0.67578125
vt 0.6318359375 0.67578125
vt 0.6318359375 0.6689453125
vt 0.62890625 0.6689453125
vt 0.6484375 0.67578125
vt 0.662109375 0.67578125
vt 0.662109375 0.6689453125
vt 0.6484375 0.6689453125
vt 0.6455078125 0.67578125
vt 0.6484375 0.67578125
vt 0.6484375 0.6689453125
vt 0.6455078125 0.6689453125
vt 0.6455078125 0.67578125
vt 0.6318359375 0.67578125
vt 0.6318359375 0.6787109375
vt 0.6455078125 0.6787109375
vt 0.6591796875 0.6787109375
vt 0.6455078125 0.6787109375
vt 0.6455078125 0.67578125
vt 0.6591796875 0.67578125
vn 0.9216290204033608 0.35296380194301996 -0.16129632131040772
vn 0.16618401360433627 0.01663292243031493 0.9859544713189252
vn -0.9216290204033608 -0.35296380194301996 0.16129632131040772
vn -0.16618401360433627 -0.01663292243031493 -0.9859544713189252
vn -0.3506890679400991 0.9354891236189525 0.043327557258040716
vn 0.3506890679400991 -0.9354891236189525 -0.043327557258040716
usemtl m_a520c05c-83fc-6d1a-7b60-0c8dd74607e0
f 1532/4588/1147 1535/4587/1147 1533/4586/1147 1530/4585/1147
f 1531/4592/1148 1532/4591/1148 1530/4590/1148 1529/4589/1148
f 1536/4596/1149 1531/4595/1149 1529/4594/1149 1534/4593/1149
f 1535/4600/1150 1536/4599/1150 1534/4598/1150 1533/4597/1150
f 1534/4604/1151 1529/4603/1151 1530/4602/1151 1533/4601/1151
f 1535/4608/1152 1532/4607/1152 1531/4606/1152 1536/4605/1152
o cube
v 0.0016528949816173033 3.2071048257204002 -4.824221373180987
v 0.2313158256998155 3.158150662206922 -4.810702488049965
v -0.03897507961580962 3.0303914386093833 -4.773929972599723
v 0.19068785110238856 2.9814372750959053 -4.760411087468701
v 0.2295222513040497 2.8608986416622773 -5.8566324097277525
v -0.00014067941414849794 2.909852805175755 -5.870151294858775
v 0.18889427670662276 2.68418525455126 -5.806341009146489
v -0.04076865401157545 2.733139418064738 -5.819859894277511
vt 0.6318359375 0.9365234375
vt 0.6484375 0.9365234375
vt 0.6484375 0.93359375
vt 0.6318359375 0.93359375
vt 0.62890625 0.9365234375
vt 0.6318359375 0.9365234375
vt 0.6318359375 0.93359375
vt 0.62890625 0.93359375
vt 0.6513671875 0.9365234375
vt 0.66796875 0.9365234375
vt 0.66796875 0.93359375
vt 0.6513671875 0.93359375
vt 0.6484375 0.9365234375
vt 0.6513671875 0.9365234375
vt 0.6513671875 0.93359375
vt 0.6484375 0.93359375
vt 0.6484375 0.9365234375
vt 0.6318359375 0.9365234375
vt 0.6318359375 0.939453125
vt 0.6484375 0.939453125
vt 0.6650390625 0.939453125
vt 0.6484375 0.939453125
vt 0.6484375 0.9365234375
vt 0.6650390625 0.9365234375
vn 0.9764113354195397 -0.20812849518668008 0.05747550396089776
vn 0.001649490380129841 0.2733727407795855 0.9619067645983905
vn -0.9764113354195397 0.20812849518668008 -0.05747550396089776
vn -0.001649490380129841 -0.2733727407795855 -0.9619067645983905
vn 0.21591244347122962 0.9391218632797267 -0.2672675488425361
vn -0.21591244347122962 -0.9391218632797267 0.2672675488425361
usemtl m_a520c05c-83fc-6d1a-7b60-0c8dd74607e0
f 1540/4612/1153 1543/4611/1153 1541/4610/1153 1538/4609/1153
f 1539/4616/1154 1540/4615/1154 1538/4614/1154 1537/4613/1154
f 1544/4620/1155 1539/4619/1155 1537/4618/1155 1542/4617/1155
f 1543/4624/1156 1544/4623/1156 1542/4622/1156 1541/4621/1156
f 1542/4628/1157 1537/4627/1157 1538/4626/1157 1541/4625/1157
f 1543/4632/1158 1540/4631/1158 1539/4630/1158 1544/4629/1158
o cube
v 0.16885334214727643 3.1724937786615337 -4.810765903406544
v 0.39792915650850313 3.119173657494202 -4.813062436953605
v 0.12822538122518962 2.9957803926036424 -4.76047448807718
v 0.35730119558641626 2.942460271436311 -4.762771021624241
v 0.32142307442948526 2.8360029021378184 -5.86987002084303
v 0.09234726006825855 2.88932302330515 -5.867573487295969
v 0.28079511350739844 2.6592895160799275 -5.819578605513666
v 0.05171929914617174 2.712609637247259 -5.817282071966605
vt 0.6318359375 0.9306640625
vt 0.6484375 0.9306640625
vt 0.6484375 0.927734375
vt 0.6318359375 0.927734375
vt 0.62890625 0.9306640625
vt 0.6318359375 0.9306640625
vt 0.6318359375 0.927734375
vt 0.62890625 0.927734375
vt 0.6513671875 0.9306640625
vt 0.66796875 0.9306640625
vt 0.66796875 0.927734375
vt 0.6513671875 0.927734375
vt 0.6484375 0.9306640625
vt 0.6513671875 0.9306640625
vt 0.6513671875 0.927734375
vt 0.6484375 0.927734375
vt 0.6484375 0.9306640625
vt 0.6318359375 0.9306640625
vt 0.6318359375 0.93359375
vt 0.6484375 0.93359375
vt 0.6650390625 0.93359375
vt 0.6484375 0.93359375
vt 0.6484375 0.9306640625
vt 0.6650390625 0.9306640625
vn 0.9739177996794411 -0.22669095482966173 -0.0097637321743485
vn 0.0697564879069466 0.2581885888656147 0.963572874760633
vn -0.9739177996794411 0.22669095482966173 0.0097637321743485
vn -0.0697564879069466 -0.2581885888656147 -0.963572874760633
vn 0.2159123707952931 0.939121857683016 -0.26726762721952885
vn -0.2159123707952931 -0.939121857683016 0.26726762721952885
usemtl m_a520c05c-83fc-6d1a-7b60-0c8dd74607e0
f 1548/4636/1159 1551/4635/1159 1549/4634/1159 1546/4633/1159
f 1547/4640/1160 1548/4639/1160 1546/4638/1160 1545/4637/1160
f 1552/4644/1161 1547/4643/1161 1545/4642/1161 1550/4641/1161
f 1551/4648/1162 1552/4647/1162 1550/4646/1162 1549/4645/1162
f 1550/4652/1163 1545/4651/1163 1546/4650/1163 1549/4649/1163
f 1551/4656/1164 1548/4655/1164 1547/4654/1164 1552/4653/1164
o cube
v 0.326095693676406 2.9525514611446173 -4.76321568791585
v 0.3979293450304325 3.1191730104553996 -4.813062095158347
v 0.48651098308242974 2.885309387656036 -4.756811264303981
v 0.5583446344364562 3.0519309369668184 -4.806657671546478
v 0.3214232629514147 2.8360022550990163 -5.869869679047772
v 0.24958961159738827 2.669380705788234 -5.820023271805275
v 0.48183855235743844 2.768760181610435 -5.863465255435903
v 0.410004901003412 2.6021386322996527 -5.813618848193406
vt 0.6259765625 0.490234375
vt 0.642578125 0.490234375
vt 0.642578125 0.48828125
vt 0.6259765625 0.48828125
vt 0.623046875 0.490234375
vt 0.6259765625 0.490234375
vt 0.6259765625 0.48828125
vt 0.623046875 0.48828125
vt 0.6455078125 0.490234375
vt 0.662109375 0.490234375
vt 0.662109375 0.48828125
vt 0.6455078125 0.48828125
vt 0.642578125 0.490234375
vt 0.6455078125 0.490234375
vt 0.6455078125 0.48828125
vt 0.642578125 0.48828125
vt 0.642578125 0.490234375
vt 0.6259765625 0.490234375
vt 0.6259765625 0.4931640625
vt 0.642578125 0.4931640625
vt 0.6591796875 0.4931640625
vt 0.642578125 0.4931640625
vt 0.642578125 0.490234375
vt 0.6591796875 0.490234375
vn 0.38175122784217264 0.8854900152697146 -0.26490268571427217
vn 0.06975648790694661 0.2581885888656148 0.9635728747606331
vn -0.38175122784217264 -0.8854900152697146 0.26490268571427217
vn -0.06975648790694661 -0.2581885888656148 -0.9635728747606331
vn -0.9216290101965551 0.38632380904782887 -0.03679513727240249
vn 0.9216290101965551 -0.38632380904782887 0.03679513727240249
usemtl m_a520c05c-83fc-6d1a-7b60-0c8dd74607e0
f 1556/4660/1165 1559/4659/1165 1557/4658/1165 1554/4657/1165
f 1555/4664/1166 1556/4663/1166 1554/4662/1166 1553/4661/1166
f 1560/4668/1167 1555/4667/1167 1553/4666/1167 1558/4665/1167
f 1559/4672/1168 1560/4671/1168 1558/4670/1168 1557/4669/1168
f 1558/4676/1169 1553/4675/1169 1554/4674/1169 1557/4673/1169
f 1559/4680/1170 1556/4679/1170 1555/4678/1170 1560/4677/1170
o cube
v -0.24958961159738827 2.669380705788234 -5.820023271805275
v -0.3214232629514147 2.8360022550990163 -5.869869679047772
v -0.410004901003412 2.6021386322996527 -5.813618848193406
v -0.48183855235743844 2.768760181610435 -5.863465255435903
v -0.3979293450304325 3.1191730104553996 -4.813062095158347
v -0.326095693676406 2.9525514611446173 -4.76321568791585
v -0.5583446344364562 3.0519309369668184 -4.806657671546478
v -0.48651098308242974 2.885309387656036 -4.756811264303981
vt 0.6318359375 0.7333984375
vt 0.6484375 0.7333984375
vt 0.6484375 0.7314453125
vt 0.6318359375 0.7314453125
vt 0.62890625 0.7333984375
vt 0.6318359375 0.7333984375
vt 0.6318359375 0.7314453125
vt 0.62890625 0.7314453125
vt 0.6513671875 0.7333984375
vt 0.66796875 0.7333984375
vt 0.66796875 0.7314453125
vt 0.6513671875 0.7314453125
vt 0.6484375 0.7333984375
vt 0.6513671875 0.7333984375
vt 0.6513671875 0.7314453125
vt 0.6484375 0.7314453125
vt 0.6484375 0.7333984375
vt 0.6318359375 0.7333984375
vt 0.6318359375 0.736328125
vt 0.6484375 0.736328125
vt 0.6650390625 0.736328125
vt 0.6484375 0.736328125
vt 0.6484375 0.7333984375
vt 0.6650390625 0.7333984375
vn -0.38175122784217264 0.8854900152697146 -0.26490268571427217
vn 0.06975648790694661 -0.2581885888656148 -0.9635728747606331
vn 0.38175122784217264 -0.8854900152697146 0.26490268571427217
vn -0.06975648790694661 0.2581885888656148 0.9635728747606331
vn 0.9216290101965551 0.38632380904782887 -0.03679513727240249
vn -0.9216290101965551 -0.38632380904782887 0.03679513727240249
usemtl m_a520c05c-83fc-6d1a-7b60-0c8dd74607e0
f 1564/4684/1171 1567/4683/1171 1565/4682/1171 1562/4681/1171
f 1563/4688/1172 1564/4687/1172 1562/4686/1172 1561/4685/1172
f 1568/4692/1173 1563/4691/1173 1561/4690/1173 1566/4689/1173
f 1567/4696/1174 1568/4695/1174 1566/4694/1174 1565/4693/1174
f 1566/4700/1175 1561/4699/1175 1562/4698/1175 1565/4697/1175
f 1567/4704/1176 1564/4703/1176 1563/4702/1176 1568/4701/1176
o cube
v 0.00014067941414849794 2.909852805175755 -5.870151294858775
v -0.2295222513040497 2.8608986416622773 -5.8566324097277525
v 0.04076865401157545 2.733139418064738 -5.819859894277511
v -0.18889427670662276 2.68418525455126 -5.806341009146489
v -0.2313158256998155 3.158150662206922 -4.810702488049965
v -0.0016528949816173033 3.2071048257204002 -4.824221373180987
v -0.19068785110238856 2.9814372750959053 -4.760411087468701
v 0.03897507961580962 3.0303914386093833 -4.773929972599723
vt 0.6318359375 0.9248046875
vt 0.6484375 0.9248046875
vt 0.6484375 0.921875
vt 0.6318359375 0.921875
vt 0.62890625 0.9248046875
vt 0.6318359375 0.9248046875
vt 0.6318359375 0.921875
vt 0.62890625 0.921875
vt 0.6513671875 0.9248046875
vt 0.66796875 0.9248046875
vt 0.66796875 0.921875
vt 0.6513671875 0.921875
vt 0.6484375 0.9248046875
vt 0.6513671875 0.9248046875
vt 0.6513671875 0.921875
vt 0.6484375 0.921875
vt 0.6484375 0.9248046875
vt 0.6318359375 0.9248046875
vt 0.6318359375 0.927734375
vt 0.6484375 0.927734375
vt 0.6650390625 0.927734375
vt 0.6484375 0.927734375
vt 0.6484375 0.9248046875
vt 0.6650390625 0.9248046875
vn -0.9764113354195397 -0.20812849518668008 0.05747550396089776
vn 0.001649490380129841 -0.2733727407795855 -0.9619067645983905
vn 0.9764113354195397 0.20812849518668008 -0.05747550396089776
vn -0.001649490380129841 0.2733727407795855 0.9619067645983905
vn -0.21591244347122962 0.9391218632797267 -0.2672675488425361
vn 0.21591244347122962 -0.9391218632797267 0.2672675488425361
usemtl m_a520c05c-83fc-6d1a-7b60-0c8dd74607e0
f 1572/4708/1177 1575/4707/1177 1573/4706/1177 1570/4705/1177
f 1571/4712/1178 1572/4711/1178 1570/4710/1178 1569/4709/1178
f 1576/4716/1179 1571/4715/1179 1569/4714/1179 1574/4713/1179
f 1575/4720/1180 1576/4719/1180 1574/4718/1180 1573/4717/1180
f 1574/4724/1181 1569/4723/1181 1570/4722/1181 1573/4721/1181
f 1575/4728/1182 1572/4727/1182 1571/4726/1182 1576/4725/1182
o cube
v -0.09234726006825855 2.88932302330515 -5.867573487295969
v -0.32142307442948526 2.8360029021378184 -5.86987002084303
v -0.05171929914617174 2.712609637247259 -5.817282071966605
v -0.28079511350739844 2.6592895160799275 -5.819578605513666
v -0.39792915650850313 3.119173657494202 -4.813062436953605
v -0.16885334214727643 3.1724937786615337 -4.810765903406544
v -0.35730119558641626 2.942460271436311 -4.762771021624241
v -0.12822538122518962 2.9957803926036424 -4.76047448807718
vt 0.6318359375 0.7392578125
vt 0.6484375 0.7392578125
vt 0.6484375 0.736328125
vt 0.6318359375 0.736328125
vt 0.62890625 0.7392578125
vt 0.6318359375 0.7392578125
vt 0.6318359375 0.736328125
vt 0.62890625 0.736328125
vt 0.6513671875 0.7392578125
vt 0.66796875 0.7392578125
vt 0.66796875 0.736328125
vt 0.6513671875 0.736328125
vt 0.6484375 0.7392578125
vt 0.6513671875 0.7392578125
vt 0.6513671875 0.736328125
vt 0.6484375 0.736328125
vt 0.6484375 0.7392578125
vt 0.6318359375 0.7392578125
vt 0.6318359375 0.7421875
vt 0.6484375 0.7421875
vt 0.6650390625 0.7421875
vt 0.6484375 0.7421875
vt 0.6484375 0.7392578125
vt 0.6650390625 0.7392578125
vn -0.9739177996794411 -0.22669095482966173 -0.0097637321743485
vn 0.0697564879069466 -0.2581885888656147 -0.963572874760633
vn 0.9739177996794411 0.22669095482966173 0.0097637321743485
vn -0.0697564879069466 0.2581885888656147 0.963572874760633
vn -0.2159123707952931 0.939121857683016 -0.26726762721952885
vn 0.2159123707952931 -0.939121857683016 0.26726762721952885
usemtl m_a520c05c-83fc-6d1a-7b60-0c8dd74607e0
f 1580/4732/1183 1583/4731/1183 1581/4730/1183 1578/4729/1183
f 1579/4736/1184 1580/4735/1184 1578/4734/1184 1577/4733/1184
f 1584/4740/1185 1579/4739/1185 1577/4738/1185 1582/4737/1185
f 1583/4744/1186 1584/4743/1186 1582/4742/1186 1581/4741/1186
f 1582/4748/1187 1577/4747/1187 1578/4746/1187 1581/4745/1187
f 1583/4752/1188 1580/4751/1188 1579/4750/1188 1584/4749/1188
o cube
v 0.6377238012261943 2.1938133286306583 -4.02057625
v 0.6377238012261943 2.1938133286306583 -5.767194375
v 0.6620746293227617 2.1029348009678928 -4.02057625
v 0.6620746293227617 2.1029348009678928 -5.767194375
v 0.06973285240799926 2.0416206125866356 -5.767194375
v 0.06973285240799926 2.0416206125866356 -4.02057625
v 0.09408368050456667 1.9507420849238701 -5.767194375
v 0.09408368050456667 1.9507420849238701 -4.02057625
vt 0.546875 0.7373046875
vt 0.5556640625 0.7373046875
vt 0.5556640625 0.7353515625
vt 0.546875 0.7353515625
vt 0.6015625 0.5322265625
vt 0.62890625 0.5322265625
vt 0.62890625 0.5302734375
vt 0.6015625 0.5302734375
vt 0.578125 0.810546875
vt 0.5869140625 0.810546875
vt 0.5869140625 0.80859375
vt 0.578125 0.80859375
vt 0.515625 0.3974609375
vt 0.54296875 0.3974609375
vt 0.54296875 0.3955078125
vt 0.515625 0.3955078125
vt 0.6689453125 0.5693359375
vt 0.66015625 0.5693359375
vt 0.66015625 0.5966796875
vt 0.6689453125 0.5966796875
vt 0.6708984375 0.96875
vt 0.662109375 0.96875
vt 0.662109375 0.94140625
vt 0.6708984375 0.94140625
vn 0 0 -1
vn 0.9659258262890683 0.25881904510252074 0
vn 0 0 1
vn -0.9659258262890683 -0.25881904510252074 0
vn -0.25881904510252074 0.9659258262890683 0
vn 0.25881904510252074 -0.9659258262890683 0
usemtl m_a520c05c-83fc-6d1a-7b60-0c8dd74607e0
f 1588/4756/1189 1591/4755/1189 1589/4754/1189 1586/4753/1189
f 1587/4760/1190 1588/4759/1190 1586/4758/1190 1585/4757/1190
f 1592/4764/1191 1587/4763/1191 1585/4762/1191 1590/4761/1191
f 1591/4768/1192 1592/4767/1192 1590/4766/1192 1589/4765/1192
f 1590/4772/1193 1585/4771/1193 1586/4770/1193 1589/4769/1193
f 1591/4776/1194 1588/4775/1194 1587/4774/1194 1592/4773/1194
o cube
v -0.06973285240799926 2.0416206125866356 -4.02057625
v -0.06973285240799926 2.0416206125866356 -5.767194375
v -0.09408368050456667 1.9507420849238701 -4.02057625
v -0.09408368050456667 1.9507420849238701 -5.767194375
v -0.6377238012261943 2.1938133286306583 -5.767194375
v -0.6377238012261943 2.1938133286306583 -4.02057625
v -0.6620746293227617 2.1029348009678928 -5.767194375
v -0.6620746293227617 2.1029348009678928 -4.02057625
vt 0.5869140625 0.810546875
vt 0.595703125 0.810546875
vt 0.595703125 0.80859375
vt 0.5869140625 0.80859375
vt 0.376953125 0.3525390625
vt 0.404296875 0.3525390625
vt 0.404296875 0.3505859375
vt 0.376953125 0.3505859375
vt 0.5908203125 0.91796875
vt 0.599609375 0.91796875
vt 0.599609375 0.916015625
vt 0.5908203125 0.916015625
vt 0.650390625 0.3564453125
vt 0.677734375 0.3564453125
vt 0.677734375 0.3544921875
vt 0.650390625 0.3544921875
vt 0.6708984375 0.6650390625
vt 0.662109375 0.6650390625
vt 0.662109375 0.6923828125
vt 0.6708984375 0.6923828125
vt 0.6708984375 0.513671875
vt 0.662109375 0.513671875
vt 0.662109375 0.486328125
vt 0.6708984375 0.486328125
vn 0 0 -1
vn 0.9659258262890683 -0.25881904510252074 0
vn 0 0 1
vn -0.9659258262890683 0.25881904510252074 0
vn 0.25881904510252074 0.9659258262890683 0
vn -0.25881904510252074 -0.9659258262890683 0
usemtl m_a520c05c-83fc-6d1a-7b60-0c8dd74607e0
f 1596/4780/1195 1599/4779/1195 1597/4778/1195 1594/4777/1195
f 1595/4784/1196 1596/4783/1196 1594/4782/1196 1593/4781/1196
f 1600/4788/1197 1595/4787/1197 1593/4786/1197 1598/4785/1197
f 1599/4792/1198 1600/4791/1198 1598/4790/1198 1597/4789/1198
f 1598/4796/1199 1593/4795/1199 1594/4794/1199 1597/4793/1199
f 1599/4800/1200 1596/4799/1200 1595/4798/1200 1600/4797/1200
o cube
v 0.0470425 2.2392343749999997 -7.827392500000001
v 0.0470425 2.2392343749999997 -8.674151875
v 0.0470425 2.14515 -7.827392500000001
v 0.0470425 2.14515 -8.674151875
v -0.047041875 2.2392343749999997 -8.674151875
v -0.047041875 2.2392343749999997 -7.827392500000001
v -0.047041875 2.14515 -8.674151875
v -0.047041875 2.14515 -7.827392500000001
vt 0.6435546875 0.8720703125
vt 0.64453125 0.8720703125
vt 0.64453125 0.87109375
vt 0.6435546875 0.87109375
vt 0.630859375 0.8720703125
vt 0.6435546875 0.8720703125
vt 0.6435546875 0.87109375
vt 0.630859375 0.87109375
vt 0.6572265625 0.8720703125
vt 0.658203125 0.8720703125
vt 0.658203125 0.87109375
vt 0.6572265625 0.87109375
vt 0.64453125 0.8720703125
vt 0.6572265625 0.8720703125
vt 0.6572265625 0.87109375
vt 0.64453125 0.87109375
vt 0.64453125 0.8720703125
vt 0.6435546875 0.8720703125
vt 0.6435546875 0.884765625
vt 0.64453125 0.884765625
vt 0.6455078125 0.884765625
vt 0.64453125 0.884765625
vt 0.64453125 0.8720703125
vt 0.6455078125 0.8720703125
vn 0 0 -1
vn 1 0 0
vn 0 0 1
vn -1 0 0
vn 0 1 0
vn 0 -1 0
usemtl m_a520c05c-83fc-6d1a-7b60-0c8dd74607e0
f 1604/4804/1201 1607/4803/1201 1605/4802/1201 1602/4801/1201
f 1603/4808/1202 1604/4807/1202 1602/4806/1202 1601/4805/1202
f 1608/4812/1203 1603/4811/1203 1601/4810/1203 1606/4809/1203
f 1607/4816/1204 1608/4815/1204 1606/4814/1204 1605/4813/1204
f 1606/4820/1205 1601/4819/1205 1602/4818/1205 1605/4817/1205
f 1607/4824/1206 1604/4823/1206 1603/4822/1206 1608/4821/1206
o cube
v 0.094084375 2.04482625 -5.857918750000001
v 0.094084375 2.04482625 -6.802122500000001
v 0.094084375 1.9507418750000003 -5.857918750000001
v 0.094084375 1.9507418750000003 -6.802122500000001
v -0.094084375 2.04482625 -6.802122500000001
v -0.094084375 2.04482625 -5.857918750000001
v -0.094084375 1.9507418750000003 -6.802122500000001
v -0.094084375 1.9507418750000003 -5.857918750000001
vt 0.4951171875 0.369140625
vt 0.498046875 0.369140625
vt 0.498046875 0.3681640625
vt 0.4951171875 0.3681640625
vt 0.48046875 0.369140625
vt 0.4951171875 0.369140625
vt 0.4951171875 0.3681640625
vt 0.48046875 0.3681640625
vt 0.5126953125 0.369140625
vt 0.515625 0.369140625
vt 0.515625 0.3681640625
vt 0.5126953125 0.3681640625
vt 0.498046875 0.369140625
vt 0.5126953125 0.369140625
vt 0.5126953125 0.3681640625
vt 0.498046875 0.3681640625
vt 0.498046875 0.369140625
vt 0.4951171875 0.369140625
vt 0.4951171875 0.3837890625
vt 0.498046875 0.3837890625
vt 0.5009765625 0.3837890625
vt 0.498046875 0.3837890625
vt 0.498046875 0.369140625
vt 0.5009765625 0.369140625
vn 0 0 -1
vn 1 0 0
vn 0 0 1
vn -1 0 0
vn 0 1 0
vn 0 -1 0
usemtl m_a520c05c-83fc-6d1a-7b60-0c8dd74607e0
f 1612/4828/1207 1615/4827/1207 1613/4826/1207 1610/4825/1207
f 1611/4832/1208 1612/4831/1208 1610/4830/1208 1609/4829/1208
f 1616/4836/1209 1611/4835/1209 1609/4834/1209 1614/4833/1209
f 1615/4840/1210 1616/4839/1210 1614/4838/1210 1613/4837/1210
f 1614/4844/1211 1609/4843/1211 1610/4842/1211 1613/4841/1211
f 1615/4848/1212 1612/4847/1212 1611/4846/1212 1616/4845/1212
o cube
v -0.6417931249999999 1.8639781250000005 -1.2363950000000001
v -0.641793125 1.4097687500000005 -1.2363950000000001
v 0.6811400000000001 1.8639781250000003 -1.2363950000000001
v 0.6811400000000001 1.4097687500000002 -1.2363950000000001
v -0.641793125 1.4097687500000005 -1.0488950000000001
v -0.6417931249999999 1.8639781250000005 -1.0488950000000001
v 0.6811400000000001 1.4097687500000002 -1.0488950000000001
v 0.6811400000000001 1.863978125 -1.0488950000000001
vt 0.2509765625 0.380859375
vt 0.25390625 0.380859375
vt 0.25390625 0.3603515625
vt 0.2509765625 0.3603515625
vt 0.244140625 0.380859375
vt 0.2509765625 0.380859375
vt 0.2509765625 0.3603515625
vt 0.244140625 0.3603515625
vt 0.2607421875 0.380859375
vt 0.263671875 0.380859375
vt 0.263671875 0.3603515625
vt 0.2607421875 0.3603515625
vt 0.25390625 0.380859375
vt 0.2607421875 0.380859375
vt 0.2607421875 0.3603515625
vt 0.25390625 0.3603515625
vt 0.25390625 0.380859375
vt 0.2509765625 0.380859375
vt 0.2509765625 0.3876953125
vt 0.25390625 0.3876953125
vt 0.2568359375 0.3876953125
vt 0.25390625 0.3876953125
vt 0.25390625 0.380859375
vt 0.2568359375 0.380859375
vn -2.220446049250313e-16 -1 -2.220446049250313e-16
vn 4.930380657631324e-32 2.220446049250313e-16 -1
vn 2.220446049250313e-16 1 2.220446049250313e-16
vn -4.930380657631324e-32 -2.220446049250313e-16 1
vn -1 2.220446049250313e-16 4.930380657631324e-32
vn 1 -2.220446049250313e-16 -4.930380657631324e-32
usemtl m_a520c05c-83fc-6d1a-7b60-0c8dd74607e0
f 1620/4852/1213 1623/4851/1213 1621/4850/1213 1618/4849/1213
f 1619/4856/1214 1620/4855/1214 1618/4854/1214 1617/4853/1214
f 1624/4860/1215 1619/4859/1215 1617/4858/1215 1622/4857/1215
f 1623/4864/1216 1624/4863/1216 1622/4862/1216 1621/4861/1216
f 1622/4868/1217 1617/4867/1217 1618/4866/1217 1621/4865/1217
f 1623/4872/1218 1620/4871/1218 1619/4870/1218 1624/4869/1218
o cube
v -0.761085 2.6375525 8.690983125
v -0.761085 2.6375525 7.231445625000001
v -0.761085 2.1605675 8.690983125
v -0.761085 2.1605675 7.231445625000001
v -1.426415 2.6375525 7.231445625000001
v -1.426415 2.6375525 8.690983125
v -1.426415 2.1605675 7.231445625000001
v -1.426415 2.1605675 8.690983125
vt 0.4345703125 0.4111328125
vt 0.4443359375 0.4111328125
vt 0.4443359375 0.404296875
vt 0.4345703125 0.404296875
vt 0.412109375 0.4111328125
vt 0.4345703125 0.4111328125
vt 0.4345703125 0.404296875
vt 0.412109375 0.404296875
vt 0.466796875 0.4111328125
vt 0.4765625 0.4111328125
vt 0.4765625 0.404296875
vt 0.466796875 0.404296875
vt 0.4443359375 0.4111328125
vt 0.466796875 0.4111328125
vt 0.466796875 0.404296875
vt 0.4443359375 0.404296875
vt 0.4443359375 0.4111328125
vt 0.4345703125 0.4111328125
vt 0.4345703125 0.43359375
vt 0.4443359375 0.43359375
vt 0.4541015625 0.43359375
vt 0.4443359375 0.43359375
vt 0.4443359375 0.4111328125
vt 0.4541015625 0.4111328125
vn 0 0 -1
vn 1 0 0
vn 0 0 1
vn -1 0 0
vn 0 1 0
vn 0 -1 0
usemtl m_a520c05c-83fc-6d1a-7b60-0c8dd74607e0
f 1628/4876/1219 1631/4875/1219 1629/4874/1219 1626/4873/1219
f 1627/4880/1220 1628/4879/1220 1626/4878/1220 1625/4877/1220
f 1632/4884/1221 1627/4883/1221 1625/4882/1221 1630/4881/1221
f 1631/4888/1222 1632/4887/1222 1630/4886/1222 1629/4885/1222
f 1630/4892/1223 1625/4891/1223 1626/4890/1223 1629/4889/1223
f 1631/4896/1224 1628/4895/1224 1627/4894/1224 1632/4893/1224
o cube
v 1.426415 2.6375525 8.690983125
v 1.426415 2.6375525 7.231445625000001
v 1.426415 2.1605675 8.690983125
v 1.426415 2.1605675 7.231445625000001
v 0.761085 2.6375525 7.231445625000001
v 0.761085 2.6375525 8.690983125
v 0.761085 2.1605675 7.231445625000001
v 0.761085 2.1605675 8.690983125
vt 0.2705078125 0.41015625
vt 0.2802734375 0.41015625
vt 0.2802734375 0.4033203125
vt 0.2705078125 0.4033203125
vt 0.248046875 0.41015625
vt 0.2705078125 0.41015625
vt 0.2705078125 0.4033203125
vt 0.248046875 0.4033203125
vt 0.302734375 0.41015625
vt 0.3125 0.41015625
vt 0.3125 0.4033203125
vt 0.302734375 0.4033203125
vt 0.2802734375 0.41015625
vt 0.302734375 0.41015625
vt 0.302734375 0.4033203125
vt 0.2802734375 0.4033203125
vt 0.2802734375 0.41015625
vt 0.2705078125 0.41015625
vt 0.2705078125 0.4326171875
vt 0.2802734375 0.4326171875
vt 0.2900390625 0.4326171875
vt 0.2802734375 0.4326171875
vt 0.2802734375 0.41015625
vt 0.2900390625 0.41015625
vn 0 0 -1
vn 1 0 0
vn 0 0 1
vn -1 0 0
vn 0 1 0
vn 0 -1 0
usemtl m_a520c05c-83fc-6d1a-7b60-0c8dd74607e0
f 1636/4900/1225 1639/4899/1225 1637/4898/1225 1634/4897/1225
f 1635/4904/1226 1636/4903/1226 1634/4902/1226 1633/4901/1226
f 1640/4908/1227 1635/4907/1227 1633/4906/1227 1638/4905/1227
f 1639/4912/1228 1640/4911/1228 1638/4910/1228 1637/4909/1228
f 1638/4916/1229 1633/4915/1229 1634/4914/1229 1637/4913/1229
f 1639/4920/1230 1636/4919/1230 1635/4918/1230 1640/4917/1230
o cube
v -0.04468874999999964 6.0813356249999995 8.551700625
v 0.04468812499999961 6.0813356249999995 8.551700625
v -0.04468874999999967 6.3325075 8.551700625
v 0.04468812499999957 6.3325075 8.551700625
v 0.0446881249999998 6.0813356249999995 9.422979375
v -0.044688749999999444 6.0813356249999995 9.422979375
v 0.044688124999999766 6.3325075 9.422979375
v -0.04468874999999948 6.3325075 9.422979375
vt 0.5322265625 0.3642578125
vt 0.544921875 0.3642578125
vt 0.544921875 0.3603515625
vt 0.5322265625 0.3603515625
vt 0.53125 0.3642578125
vt 0.5322265625 0.3642578125
vt 0.5322265625 0.3603515625
vt 0.53125 0.3603515625
vt 0.5458984375 0.3642578125
vt 0.55859375 0.3642578125
vt 0.55859375 0.3603515625
vt 0.5458984375 0.3603515625
vt 0.544921875 0.3642578125
vt 0.5458984375 0.3642578125
vt 0.5458984375 0.3603515625
vt 0.544921875 0.3603515625
vt 0.544921875 0.3642578125
vt 0.5322265625 0.3642578125
vt 0.5322265625 0.365234375
vt 0.544921875 0.365234375
vt 0.5576171875 0.365234375
vt 0.544921875 0.365234375
vt 0.544921875 0.3642578125
vt 0.5576171875 0.3642578125
vn 1 1.2246467991473532e-16 -2.220446049250313e-16
vn -2.220446049250313e-16 -2.719262146893782e-32 -1
vn -1 -1.2246467991473532e-16 2.220446049250313e-16
vn 2.220446049250313e-16 2.719262146893782e-32 1
vn 1.2246467991473532e-16 -1 -2.5407181807812022e-33
vn -1.2246467991473532e-16 1 2.5407181807812022e-33
usemtl m_a520c05c-83fc-6d1a-7b60-0c8dd74607e0
f 1644/4924/1231 1647/4923/1231 1645/4922/1231 1642/4921/1231
f 1643/4928/1232 1644/4927/1232 1642/4926/1232 1641/4925/1232
f 1648/4932/1233 1643/4931/1233 1641/4930/1233 1646/4929/1233
f 1647/4936/1234 1648/4935/1234 1646/4934/1234 1645/4933/1234
f 1646/4940/1235 1641/4939/1235 1642/4938/1235 1645/4937/1235
f 1647/4944/1236 1644/4943/1236 1643/4942/1236 1648/4941/1236
o cube
v -0.04468812500000041 3.7807644846855823 7.848096717299281
v 0.04468874999999885 3.7807644846855823 7.848096717299281
v -0.04468812500000054 4.026570324385618 7.462258835950881
v 0.044688749999998716 4.026570324385618 7.462258835950881
v 0.04468874999999885 6.082786676681552 9.314646595538791
v -0.04468812500000041 6.082786676681552 9.314646595538791
v 0.044688749999998716 6.328592516381589 8.92880871419039
v -0.04468812500000054 6.328592516381589 8.92880871419039
vt 0.5634765625 0.62890625
vt 0.60546875 0.62890625
vt 0.60546875 0.6220703125
vt 0.5634765625 0.6220703125
vt 0.5625 0.62890625
vt 0.5634765625 0.62890625
vt 0.5634765625 0.6220703125
vt 0.5625 0.6220703125
vt 0.6064453125 0.62890625
vt 0.6484375 0.62890625
vt 0.6484375 0.6220703125
vt 0.6064453125 0.6220703125
vt 0.60546875 0.62890625
vt 0.6064453125 0.62890625
vt 0.6064453125 0.6220703125
vt 0.60546875 0.6220703125
vt 0.60546875 0.62890625
vt 0.5634765625 0.62890625
vt 0.5634765625 0.6298828125
vt 0.60546875 0.6298828125
vt 0.6474609375 0.6298828125
vt 0.60546875 0.6298828125
vt 0.60546875 0.62890625
vt 0.6474609375 0.62890625
vn 1 1.4913059907718066e-16 -2.3408815047834135e-16
vn 2.3408815047834135e-16 -0.8433914458128856 -0.5372996083468241
vn -1 -1.4913059907718066e-16 2.3408815047834135e-16
vn -2.3408815047834135e-16 0.8433914458128856 0.5372996083468241
vn 1.491305990771807e-16 -0.537299608346824 0.8433914458128857
vn -1.491305990771807e-16 0.537299608346824 -0.8433914458128857
usemtl m_a520c05c-83fc-6d1a-7b60-0c8dd74607e0
f 1652/4948/1237 1655/4947/1237 1653/4946/1237 1650/4945/1237
f 1651/4952/1238 1652/4951/1238 1650/4950/1238 1649/4949/1238
f 1656/4956/1239 1651/4955/1239 1649/4954/1239 1654/4953/1239
f 1655/4960/1240 1656/4959/1240 1654/4958/1240 1653/4957/1240
f 1654/4964/1241 1649/4963/1241 1650/4962/1241 1653/4961/1241
f 1655/4968/1242 1652/4967/1242 1651/4966/1242 1656/4965/1242
o cube
v -0.0446887499999993 3.6415491252301004 7.145686424014142
v 0.04468812499999993 3.6415491252301004 7.145686424014142
v -0.044688749999999444 4.035324342837033 6.784857916565414
v 0.04468812499999979 4.035324342837033 6.784857916565414
v 0.044688124999999815 4.018347740699102 7.556889956266594
v -0.044688749999999416 4.018347740699102 7.556889956266594
v 0.04468812499999966 4.412122958306035 7.196061448817867
v -0.04468874999999957 4.412122958306035 7.196061448817867
vt 0.2255859375 0.3603515625
vt 0.2333984375 0.3603515625
vt 0.2333984375 0.3525390625
vt 0.2255859375 0.3525390625
vt 0.224609375 0.3603515625
vt 0.2255859375 0.3603515625
vt 0.2255859375 0.3525390625
vt 0.224609375 0.3525390625
vt 0.234375 0.3603515625
vt 0.2421875 0.3603515625
vt 0.2421875 0.3525390625
vt 0.234375 0.3525390625
vt 0.2333984375 0.3603515625
vt 0.234375 0.3603515625
vt 0.234375 0.3525390625
vt 0.2333984375 0.3525390625
vt 0.2333984375 0.3603515625
vt 0.2255859375 0.3603515625
vt 0.2255859375 0.361328125
vt 0.2333984375 0.361328125
vt 0.2412109375 0.361328125
vt 0.2333984375 0.361328125
vt 0.2333984375 0.3603515625
vt 0.2412109375 0.3603515625
vn 1 3.546467294564683e-16 -2.3805495954365765e-17
vn 2.3805495954365765e-17 -0.6755902076156604 -0.737277336810124
vn -1 -3.546467294564683e-16 2.3805495954365765e-17
vn -2.3805495954365765e-17 0.6755902076156604 0.737277336810124
vn 3.546467294564683e-16 -0.7372773368101241 0.6755902076156604
vn -3.546467294564683e-16 0.7372773368101241 -0.6755902076156604
usemtl m_a520c05c-83fc-6d1a-7b60-0c8dd74607e0
f 1660/4972/1243 1663/4971/1243 1661/4970/1243 1658/4969/1243
f 1659/4976/1244 1660/4975/1244 1658/4974/1244 1657/4973/1244
f 1664/4980/1245 1659/4979/1245 1657/4978/1245 1662/4977/1245
f 1663/4984/1246 1664/4983/1246 1662/4982/1246 1661/4981/1246
f 1662/4988/1247 1657/4987/1247 1658/4986/1247 1661/4985/1247
f 1663/4992/1248 1660/4991/1248 1659/4990/1248 1664/4989/1248
o cube
v -0.04468874999999944 4.057092353570548 7.5066605796062
v 0.044688124999999794 4.057092353570548 7.5066605796062
v -0.04468874999999957 4.404787737626847 7.188056460133451
v 0.04468812499999966 4.404787737626847 7.188056460133451
v 0.04468812499999944 5.151705564631188 8.701221282219407
v -0.04468874999999979 5.151705564631188 8.701221282219407
v 0.04468812499999931 5.499400948687487 8.38261716274666
v -0.04468874999999992 5.499400948687487 8.38261716274666
vt 0.3076171875 0.3896484375
vt 0.33203125 0.3896484375
vt 0.33203125 0.3828125
vt 0.3076171875 0.3828125
vt 0.306640625 0.3896484375
vt 0.3076171875 0.3896484375
vt 0.3076171875 0.3828125
vt 0.306640625 0.3828125
vt 0.3330078125 0.3896484375
vt 0.357421875 0.3896484375
vt 0.357421875 0.3828125
vt 0.3330078125 0.3828125
vt 0.33203125 0.3896484375
vt 0.3330078125 0.3896484375
vt 0.3330078125 0.3828125
vt 0.33203125 0.3828125
vt 0.33203125 0.3896484375
vt 0.3076171875 0.3896484375
vt 0.3076171875 0.390625
vt 0.33203125 0.390625
vt 0.3564453125 0.390625
vt 0.33203125 0.390625
vt 0.33203125 0.3896484375
vt 0.3564453125 0.3896484375
vn 1 3.546467294564683e-16 -2.3805495954365765e-17
vn 2.3805495954365765e-17 -0.6755902076156604 -0.737277336810124
vn -1 -3.546467294564683e-16 2.3805495954365765e-17
vn -2.3805495954365765e-17 0.6755902076156604 0.737277336810124
vn 3.546467294564683e-16 -0.7372773368101241 0.6755902076156604
vn -3.546467294564683e-16 0.7372773368101241 -0.6755902076156604
usemtl m_a520c05c-83fc-6d1a-7b60-0c8dd74607e0
f 1668/4996/1249 1671/4995/1249 1669/4994/1249 1666/4993/1249
f 1667/5000/1250 1668/4999/1250 1666/4998/1250 1665/4997/1250
f 1672/5004/1251 1667/5003/1251 1665/5002/1251 1670/5001/1251
f 1671/5008/1252 1672/5007/1252 1670/5006/1252 1669/5005/1252
f 1670/5012/1253 1665/5011/1253 1666/5010/1253 1669/5009/1253
f 1671/5016/1254 1668/5015/1254 1667/5014/1254 1672/5013/1254
o cube
v 0.5287109762973137 3.2188181944485077 -1.8060456513972234
v 0.5287109762973137 3.2188181944485077 -1.8060456513972234
v 0.5287109215030344 3.537609444448503 -1.8060456610589333
v 0.5287109215030344 3.537609444448503 -1.8060456610589333
v 0.3625344455949471 3.2188181944485077 -0.8636117139777484
v 0.3625344455949471 3.2188181944485077 -0.8636117139777484
v 0.36253439080066774 3.537609444448503 -0.863611723639458
v 0.36253439080066774 3.537609444448503 -0.863611723639458
vt 0.298828125 0.365234375
vt 0.3134765625 0.365234375
vt 0.3134765625 0.3603515625
vt 0.298828125 0.3603515625
vt 0.298828125 0.365234375
vt 0.298828125 0.365234375
vt 0.298828125 0.3603515625
vt 0.298828125 0.3603515625
vt 0.3134765625 0.365234375
vt 0.328125 0.365234375
vt 0.328125 0.3603515625
vt 0.3134765625 0.3603515625
vt 0.3134765625 0.365234375
vt 0.3134765625 0.365234375
vt 0.3134765625 0.3603515625
vt 0.3134765625 0.3603515625
vt 0.3134765625 0.365234375
vt 0.298828125 0.365234375
vt 0.298828125 0.365234375
vt 0.3134765625 0.365234375
vt 0.328125 0.365234375
vt 0.3134765625 0.365234375
vt 0.3134765625 0.365234375
vt 0.328125 0.365234375
vn 0.9848077530121931 1.7453292512382212e-7 0.17364817766692792
vn 0.17364817766693033 -1.985233470127267e-23 -0.984807753012208
vn -0.9848077530121931 -1.7453292512382212e-7 -0.17364817766692792
vn -0.17364817766693033 1.985233470127267e-23 0.984807753012208
vn 1.7188137781783918e-7 -0.9999999999999848 3.030732439063053e-8
vn -1.7188137781783918e-7 0.9999999999999848 -3.030732439063053e-8
usemtl m_a520c05c-83fc-6d1a-7b60-0c8dd74607e0
f 1676/5020/1255 1679/5019/1255 1677/5018/1255 1674/5017/1255
f 1675/5024/1256 1676/5023/1256 1674/5022/1256 1673/5021/1256
f 1680/5028/1257 1675/5027/1257 1673/5026/1257 1678/5025/1257
f 1679/5032/1258 1680/5031/1258 1678/5030/1258 1677/5029/1258
f 1678/5036/1259 1673/5035/1259 1674/5034/1259 1677/5033/1259
f 1679/5040/1260 1676/5039/1260 1675/5038/1260 1680/5037/1260
o cube
v 0.5513002809164547 3.4659644072968514 -1.8060457429737726
v 0.5513002809164547 3.4659644072968514 -1.8060457429737726
v 0.368449086916716 3.7271028800070836 -1.8060457526354825
v 0.368449086916716 3.7271028800070836 -1.8060457526354825
v 0.41517643607875865 3.370649465011408 -0.8636118055542974
v 0.41517643607875865 3.370649465011408 -0.8636118055542974
v 0.23232524207902006 3.63178793772164 -0.8636118152160073
v 0.23232524207902006 3.63178793772164 -0.8636118152160073
vt 0.634765625 0.5234375
vt 0.6494140625 0.5234375
vt 0.6494140625 0.5185546875
vt 0.634765625 0.5185546875
vt 0.634765625 0.5234375
vt 0.634765625 0.5234375
vt 0.634765625 0.5185546875
vt 0.634765625 0.5185546875
vt 0.6494140625 0.5234375
vt 0.6640625 0.5234375
vt 0.6640625 0.5185546875
vt 0.6494140625 0.5185546875
vt 0.6494140625 0.5234375
vt 0.6494140625 0.5234375
vt 0.6494140625 0.5185546875
vt 0.6494140625 0.5185546875
vt 0.6494140625 0.5234375
vt 0.634765625 0.5234375
vt 0.634765625 0.5234375
vt 0.6494140625 0.5234375
vt 0.6640625 0.5234375
vt 0.6494140625 0.5234375
vt 0.6494140625 0.5234375
vt 0.6640625 0.5234375
vn 0.8067071840036134 0.5648626644326172 0.17364817766692778
vn 0.142244259722924 0.09960050292505117 -0.9848077530122081
vn -0.8067071840036134 -0.5648626644326172 -0.17364817766692778
vn -0.142244259722924 -0.09960050292505117 0.9848077530122081
vn 0.5735765771480195 -0.8191519457018713 3.030732441400286e-8
vn -0.5735765771480195 0.8191519457018713 -3.030732441400286e-8
usemtl m_a520c05c-83fc-6d1a-7b60-0c8dd74607e0
f 1684/5044/1261 1687/5043/1261 1685/5042/1261 1682/5041/1261
f 1683/5048/1262 1684/5047/1262 1682/5046/1262 1681/5045/1262
f 1688/5052/1263 1683/5051/1263 1681/5050/1263 1686/5049/1263
f 1687/5056/1264 1688/5055/1264 1686/5054/1264 1685/5053/1264
f 1686/5060/1265 1681/5059/1265 1682/5058/1265 1685/5057/1265
f 1687/5064/1266 1684/5063/1266 1683/5062/1266 1688/5061/1266
o cube
v 0.4036556093660945 3.6934011513494034 -1.8060444929737538
v 0.4036556093660945 3.6934011513494034 -1.8060444929737538
v 0.13478923955544495 3.8646878547179337 -1.8060445026354826
v 0.13478923955544495 3.8646878547179337 -1.8060445026354826
v 0.314369024503279 3.553249286860165 -0.8636105555542783
v 0.314369024503279 3.553249286860165 -0.8636105555542783
v 0.045502654692629485 3.7245359902286954 -0.8636105652160071
v 0.045502654692629485 3.7245359902286954 -0.8636105652160071
vt 0.634765625 0.5185546875
vt 0.6494140625 0.5185546875
vt 0.6494140625 0.513671875
vt 0.634765625 0.513671875
vt 0.634765625 0.5185546875
vt 0.634765625 0.5185546875
vt 0.634765625 0.513671875
vt 0.634765625 0.513671875
vt 0.6494140625 0.5185546875
vt 0.6640625 0.5185546875
vt 0.6640625 0.513671875
vt 0.6494140625 0.513671875
vt 0.6494140625 0.5185546875
vt 0.6494140625 0.5185546875
vt 0.6494140625 0.513671875
vt 0.6494140625 0.513671875
vt 0.6494140625 0.5185546875
vt 0.634765625 0.5185546875
vt 0.634765625 0.5185546875
vt 0.6494140625 0.5185546875
vt 0.6640625 0.5185546875
vt 0.6494140625 0.5185546875
vt 0.6494140625 0.5185546875
vt 0.6640625 0.5185546875
vn 0.5291366727907909 0.8305785284371651 0.17364817766692775
vn 0.09330109785058144 0.14645338762528537 -0.9848077530122081
vn -0.5291366727907909 -0.8305785284371651 -0.17364817766692775
vn -0.09330109785058144 -0.14645338762528537 0.9848077530122081
vn 0.8433915381646698 -0.537299463383532 3.030732440012506e-8
vn -0.8433915381646698 0.537299463383532 -3.030732440012506e-8
usemtl m_a520c05c-83fc-6d1a-7b60-0c8dd74607e0
f 1692/5068/1267 1695/5067/1267 1693/5066/1267 1690/5065/1267
f 1691/5072/1268 1692/5071/1268 1690/5070/1268 1689/5069/1268
f 1696/5076/1269 1691/5075/1269 1689/5074/1269 1694/5073/1269
f 1695/5080/1270 1696/5079/1270 1694/5078/1270 1693/5077/1270
f 1694/5084/1271 1689/5083/1271 1690/5082/1271 1693/5081/1271
f 1695/5088/1272 1692/5087/1272 1691/5086/1272 1696/5085/1272
o cube
v -0.6114611661508198 2.444671875 -4.4842435332947534
v -0.7744200838491822 2.444671875 -4.578327908294753
v -0.6114611661508198 2.1637618749999996 -4.4842435332947534
v -0.7744200838491822 2.1637618749999996 -4.578327908294753
v -0.9693091463491821 2.444671875 -4.240770150205287
v -0.8063502286508197 2.444671875 -4.146685775205287
v -0.9693091463491821 2.1637618749999996 -4.240770150205287
v -0.8063502286508197 2.1637618749999996 -4.146685775205287
vt 0.6474609375 0.529296875
vt 0.6416015625 0.529296875
vt 0.6416015625 0.525390625
vt 0.6474609375 0.525390625
vt 0.650390625 0.529296875
vt 0.6474609375 0.529296875
vt 0.6474609375 0.525390625
vt 0.650390625 0.525390625
vt 0.65625 0.529296875
vt 0.650390625 0.529296875
vt 0.650390625 0.525390625
vt 0.65625 0.525390625
vt 0.6416015625 0.529296875
vt 0.638671875 0.529296875
vt 0.638671875 0.525390625
vt 0.6416015625 0.525390625
vt 0.6416015625 0.529296875
vt 0.6474609375 0.529296875
vt 0.6474609375 0.5322265625
vt 0.6416015625 0.5322265625
vt 0.6474609375 0.5322265625
vt 0.6533203125 0.5322265625
vt 0.6533203125 0.529296875
vt 0.6474609375 0.529296875
vn -0.8660254037844386 0 -0.5000000000000001
vn 0.5000000000000001 0 -0.8660254037844386
vn 0.8660254037844386 0 0.5000000000000001
vn -0.5000000000000001 0 0.8660254037844386
vn 0 1 0
vn 0 -1 0
usemtl m_a520c05c-83fc-6d1a-7b60-0c8dd74607e0
f 1700/5092/1273 1703/5091/1273 1701/5090/1273 1698/5089/1273
f 1699/5096/1274 1700/5095/1274 1698/5094/1274 1697/5093/1274
f 1704/5100/1275 1699/5099/1275 1697/5098/1275 1702/5097/1275
f 1703/5104/1276 1704/5103/1276 1702/5102/1276 1701/5101/1276
f 1702/5108/1277 1697/5107/1277 1698/5106/1277 1701/5105/1277
f 1703/5112/1278 1700/5111/1278 1699/5110/1278 1704/5109/1278
o cube
v -0.599525988411185 2.444671875 -4.1920876276778305
v -0.9693088962760052 2.444671875 -4.240770471063364
v -0.599525988411185 2.1605675 -4.1920876276778305
v -0.9693088962760052 2.1605675 -4.240770471063364
v -1.3120684744163664 2.444671875 -1.637252995727773
v -0.9422855665515462 2.444671875 -1.5885701523422397
v -1.3120684744163664 2.1605675 -1.637252995727773
v -0.9422855665515462 2.1605675 -1.5885701523422397
vt 0.6005859375 0.6044921875
vt 0.5595703125 0.6044921875
vt 0.5595703125 0.6005859375
vt 0.6005859375 0.6005859375
vt 0.60546875 0.6044921875
vt 0.6005859375 0.6044921875
vt 0.6005859375 0.6005859375
vt 0.60546875 0.6005859375
vt 0.646484375 0.6044921875
vt 0.60546875 0.6044921875
vt 0.60546875 0.6005859375
vt 0.646484375 0.6005859375
vt 0.5595703125 0.6044921875
vt 0.5546875 0.6044921875
vt 0.5546875 0.6005859375
vt 0.5595703125 0.6005859375
vt 0.5595703125 0.6044921875
vt 0.6005859375 0.6044921875
vt 0.6005859375 0.609375
vt 0.5595703125 0.609375
vt 0.6005859375 0.609375
vt 0.6416015625 0.609375
vt 0.6416015625 0.6044921875
vt 0.6005859375 0.6044921875
vn -0.9914448613738105 0 -0.13052619222005135
vn 0.13052619222005135 0 -0.9914448613738105
vn 0.9914448613738105 0 0.13052619222005135
vn -0.13052619222005135 0 0.9914448613738105
vn 0 1 0
vn 0 -1 0
usemtl m_a520c05c-83fc-6d1a-7b60-0c8dd74607e0
f 1708/5116/1279 1711/5115/1279 1709/5114/1279 1706/5113/1279
f 1707/5120/1280 1708/5119/1280 1706/5118/1280 1705/5117/1280
f 1712/5124/1281 1707/5123/1281 1705/5122/1281 1710/5121/1281
f 1711/5128/1282 1712/5127/1282 1710/5126/1282 1709/5125/1282
f 1710/5132/1283 1705/5131/1283 1706/5130/1283 1709/5129/1283
f 1711/5136/1284 1708/5135/1284 1707/5134/1284 1712/5133/1284
o cube
v -0.662737572553936 2.9538785878704132 4.592744375
v -1.42641523927835 2.6375529410317204 4.592744374999999
v -0.5791554449139311 2.7520934817499145 4.592744375
v -1.3428331116383454 2.4357678349112217 4.592744374999999
v -1.4264152392783505 2.63755294103172 7.284733124999999
v -0.6627375725539365 2.953878587870413 7.284733124999999
v -1.3428331116383458 2.4357678349112213 7.284733124999999
v -0.5791554449139318 2.752093481749914 7.284733124999999
vt 0.6923828125 0.6328125
vt 0.650390625 0.6328125
vt 0.650390625 0.6298828125
vt 0.6923828125 0.6298828125
vt 0.1962890625 0.353515625
vt 0.18359375 0.353515625
vt 0.18359375 0.3505859375
vt 0.1962890625 0.3505859375
vt 0.6982421875 0.5263671875
vt 0.65625 0.5263671875
vt 0.65625 0.5234375
vt 0.6982421875 0.5234375
vt 0.6455078125 0.46875
vt 0.6328125 0.46875
vt 0.6328125 0.4658203125
vt 0.6455078125 0.4658203125
vt 0.2109375 0.3369140625
vt 0.2529296875 0.3369140625
vt 0.2529296875 0.349609375
vt 0.2109375 0.349609375
vt 0.65625 0.37890625
vt 0.6982421875 0.37890625
vt 0.6982421875 0.3662109375
vt 0.65625 0.3662109375
vn -0.9238795325112868 -0.3826834323650897 -2.370072626263643e-16
vn 1.9452086685093367e-16 1.1061559977521022e-16 -1
vn 0.9238795325112868 0.3826834323650897 2.370072626263643e-16
vn -1.9452086685093367e-16 -1.1061559977521022e-16 1
vn -0.3826834323650897 0.9238795325112867 -8.044366877814565e-18
vn 0.3826834323650897 -0.9238795325112867 8.044366877814565e-18
usemtl m_a520c05c-83fc-6d1a-7b60-0c8dd74607e0
f 1716/5140/1285 1719/5139/1285 1717/5138/1285 1714/5137/1285
f 1715/5144/1286 1716/5143/1286 1714/5142/1286 1713/5141/1286
f 1720/5148/1287 1715/5147/1287 1713/5146/1287 1718/5145/1287
f 1719/5152/1288 1720/5151/1288 1718/5150/1288 1717/5149/1288
f 1718/5156/1289 1713/5155/1289 1714/5154/1289 1717/5153/1289
f 1719/5160/1290 1716/5159/1290 1715/5158/1290 1720/5157/1290
o cube
v 0.3400476510726115 3.361094693648156 7.30050875
v 0.8209478793654146 2.8801944653553524 7.30050875
v 0.16244231501677175 3.183489357592316 7.30050875
v 0.6433425433095749 2.702589129299513 7.30050875
v 0.8209478793654139 2.880194465355353 3.924651875
v 0.3400476510726107 3.3610946936481563 3.924651875
v 0.6433425433095741 2.702589129299513 3.924651875
v 0.162442315016771 3.1834893575923164 3.924651875
vt 0.478515625 0.607421875
vt 0.42578125 0.607421875
vt 0.42578125 0.603515625
vt 0.478515625 0.603515625
vt 0.48828125 0.607421875
vt 0.478515625 0.607421875
vt 0.478515625 0.603515625
vt 0.48828125 0.603515625
vt 0.541015625 0.607421875
vt 0.48828125 0.607421875
vt 0.48828125 0.603515625
vt 0.541015625 0.603515625
vt 0.42578125 0.607421875
vt 0.416015625 0.607421875
vt 0.416015625 0.603515625
vt 0.42578125 0.603515625
vt 0.42578125 0.607421875
vt 0.478515625 0.607421875
vt 0.478515625 0.6171875
vt 0.42578125 0.6171875
vt 0.478515625 0.6171875
vt 0.53125 0.6171875
vt 0.53125 0.607421875
vt 0.478515625 0.607421875
vn 0.7071067811865476 -0.7071067811865475 -2.355138688025663e-16
vn 2.3551386880256634e-16 -2.355138688025663e-16 1
vn -0.7071067811865476 0.7071067811865475 2.355138688025663e-16
vn -2.3551386880256634e-16 2.355138688025663e-16 -1
vn 0.7071067811865476 0.7071067811865476 -7.850462293418876e-17
vn -0.7071067811865476 -0.7071067811865476 7.850462293418876e-17
usemtl m_a520c05c-83fc-6d1a-7b60-0c8dd74607e0
f 1724/5164/1291 1727/5163/1291 1725/5162/1291 1722/5161/1291
f 1723/5168/1292 1724/5167/1292 1722/5166/1292 1721/5165/1292
f 1728/5172/1293 1723/5171/1293 1721/5170/1293 1726/5169/1293
f 1727/5176/1294 1728/5175/1294 1726/5174/1294 1725/5173/1294
f 1726/5180/1295 1721/5179/1295 1722/5178/1295 1725/5177/1295
f 1727/5184/1296 1724/5183/1296 1723/5182/1296 1728/5181/1296
o cube
v 0.7263675176613003 2.6999329621155352 -1.3647773488495751
v 1.0530675389592958 2.56595514787166 -1.3612988466088547
v 0.6435006762655222 2.4981484364506725 -1.3538677246904354
v 0.9702006975635178 2.3641706222067977 -1.350389222449715
v 1.0370937151269608 2.4849563645799866 -2.980786478282938
v 0.7103936938289652 2.618934178823862 -2.9842649805236583
v 0.9542268737311826 2.2831718389151243 -2.9698768541237985
v 0.6275268524331871 2.4171496531589995 -2.973355356364519
vt 0.2119140625 0.390625
vt 0.236328125 0.390625
vt 0.236328125 0.3876953125
vt 0.2119140625 0.3876953125
vt 0.20703125 0.390625
vt 0.2119140625 0.390625
vt 0.2119140625 0.3876953125
vt 0.20703125 0.3876953125
vt 0.2412109375 0.390625
vt 0.265625 0.390625
vt 0.265625 0.3876953125
vt 0.2412109375 0.3876953125
vt 0.236328125 0.390625
vt 0.2412109375 0.390625
vt 0.2412109375 0.3876953125
vt 0.236328125 0.3876953125
vt 0.236328125 0.390625
vt 0.2119140625 0.390625
vt 0.2119140625 0.3955078125
vt 0.236328125 0.3955078125
vt 0.2607421875 0.3955078125
vt 0.236328125 0.3955078125
vt 0.236328125 0.390625
vt 0.2607421875 0.390625
vn 0.9251763893075031 -0.3794095572353739 0.009850712988880845
vn 0.009850712988881048 0.04995020447387762 0.9987031293265424
vn -0.9251763893075031 0.3794095572353739 -0.009850712988880845
vn -0.009850712988881048 -0.04995020447387762 -0.9987031293265424
vn 0.3794095572353739 0.9238795186340455 -0.04995020447387772
vn -0.3794095572353739 -0.9238795186340455 0.04995020447387772
usemtl m_a520c05c-83fc-6d1a-7b60-0c8dd74607e0
f 1732/5188/1297 1735/5187/1297 1733/5186/1297 1730/5185/1297
f 1731/5192/1298 1732/5191/1298 1730/5190/1298 1729/5189/1298
f 1736/5196/1299 1731/5195/1299 1729/5194/1299 1734/5193/1299
f 1735/5200/1300 1736/5199/1300 1734/5198/1300 1733/5197/1300
f 1734/5204/1301 1729/5203/1301 1730/5202/1301 1733/5201/1301
f 1735/5208/1302 1732/5207/1302 1731/5206/1302 1736/5205/1302
o cube
v 1.0125179344589645 2.5798055256053036 -1.413128829858739
v 1.3359689610950216 2.4446716344371073 -1.455711965362583
v 0.9296511006385435 2.3780209969095134 -1.4022192042191208
v 1.2531021272746006 2.242887105741317 -1.4448023397229648
v 0.9693090582127276 2.4446716344371073 -4.240770430652178
v 0.6458580315766705 2.5798055256053036 -4.198187295148334
v 0.8864422243923068 2.242887105741317 -4.22986080501256
v 0.5629911977562497 2.3780209969095134 -4.187277669508716
vt 0.1650390625 0.44140625
vt 0.2080078125 0.44140625
vt 0.2080078125 0.4384765625
vt 0.1650390625 0.4384765625
vt 0.16015625 0.44140625
vt 0.1650390625 0.44140625
vt 0.1650390625 0.4384765625
vt 0.16015625 0.4384765625
vt 0.212890625 0.44140625
vt 0.255859375 0.44140625
vt 0.255859375 0.4384765625
vt 0.212890625 0.4384765625
vt 0.2080078125 0.44140625
vt 0.212890625 0.44140625
vt 0.212890625 0.4384765625
vt 0.2080078125 0.4384765625
vt 0.2080078125 0.44140625
vt 0.1650390625 0.44140625
vt 0.1650390625 0.4462890625
vt 0.2080078125 0.4462890625
vt 0.2509765625 0.4462890625
vt 0.2080078125 0.4462890625
vt 0.2080078125 0.44140625
vt 0.2509765625 0.44140625
vn 0.9159756150367536 -0.38268343236508984 -0.1205904774487393
vn 0.13052619222005127 6.245004513516506e-17 0.9914448613738105
vn -0.9159756150367536 0.38268343236508984 0.1205904774487393
vn -0.13052619222005127 -6.245004513516506e-17 -0.9914448613738105
vn 0.3794095225512604 0.923879532511287 -0.04995021125231468
vn -0.3794095225512604 -0.923879532511287 0.04995021125231468
usemtl m_a520c05c-83fc-6d1a-7b60-0c8dd74607e0
f 1740/5212/1303 1743/5211/1303 1741/5210/1303 1738/5209/1303
f 1739/5216/1304 1740/5215/1304 1738/5214/1304 1737/5213/1304
f 1744/5220/1305 1739/5219/1305 1737/5218/1305 1742/5217/1305
f 1743/5224/1306 1744/5223/1306 1742/5222/1306 1741/5221/1306
f 1742/5228/1307 1737/5227/1307 1738/5226/1307 1741/5225/1307
f 1743/5232/1308 1740/5231/1308 1739/5230/1308 1744/5229/1308
o cube
v -0.7103936938289652 2.618934178823862 -2.9842649805236583
v -1.0370937151269608 2.4849563645799866 -2.980786478282938
v -0.6275268524331871 2.4171496531589995 -2.973355356364519
v -0.9542268737311826 2.2831718389151243 -2.9698768541237985
v -1.0530675389592958 2.56595514787166 -1.3612988466088547
v -0.7263675176613003 2.6999329621155352 -1.3647773488495751
v -0.9702006975635178 2.3641706222067977 -1.350389222449715
v -0.6435006762655222 2.4981484364506725 -1.3538677246904354
vt 0.236328125 0.390625
vt 0.2119140625 0.390625
vt 0.2119140625 0.3876953125
vt 0.236328125 0.3876953125
vt 0.2412109375 0.390625
vt 0.236328125 0.390625
vt 0.236328125 0.3876953125
vt 0.2412109375 0.3876953125
vt 0.265625 0.390625
vt 0.2412109375 0.390625
vt 0.2412109375 0.3876953125
vt 0.265625 0.3876953125
vt 0.2119140625 0.390625
vt 0.20703125 0.390625
vt 0.20703125 0.3876953125
vt 0.2119140625 0.3876953125
vt 0.2119140625 0.390625
vt 0.236328125 0.390625
vt 0.236328125 0.3955078125
vt 0.2119140625 0.3955078125
vt 0.236328125 0.3955078125
vt 0.2607421875 0.3955078125
vt 0.2607421875 0.390625
vt 0.236328125 0.390625
vn -0.9251763893075031 -0.3794095572353739 0.009850712988880845
vn 0.009850712988881048 -0.04995020447387762 -0.9987031293265424
vn 0.9251763893075031 0.3794095572353739 -0.009850712988880845
vn -0.009850712988881048 0.04995020447387762 0.9987031293265424
vn -0.3794095572353739 0.9238795186340455 -0.04995020447387772
vn 0.3794095572353739 -0.9238795186340455 0.04995020447387772
usemtl m_a520c05c-83fc-6d1a-7b60-0c8dd74607e0
f 1748/5236/1309 1751/5235/1309 1749/5234/1309 1746/5233/1309
f 1747/5240/1310 1748/5239/1310 1746/5238/1310 1745/5237/1310
f 1752/5244/1311 1747/5243/1311 1745/5242/1311 1750/5241/1311
f 1751/5248/1312 1752/5247/1312 1750/5246/1312 1749/5245/1312
f 1750/5252/1313 1745/5251/1313 1746/5250/1313 1749/5249/1313
f 1751/5256/1314 1748/5255/1314 1747/5254/1314 1752/5253/1314
o cube
v -0.6458580315766707 2.5798055256053036 -4.198187295148334
v -0.9693090582127277 2.4446716344371073 -4.240770430652178
v -0.5629911977562497 2.3780209969095134 -4.187277669508716
v -0.8864422243923068 2.242887105741317 -4.22986080501256
v -1.3359689610950216 2.4446716344371073 -1.4557119653625825
v -1.0125179344589645 2.5798055256053036 -1.4131288298587386
v -1.2531021272746008 2.242887105741317 -1.4448023397229643
v -0.9296511006385435 2.3780209969095134 -1.4022192042191204
vt 0.2080078125 0.44140625
vt 0.1650390625 0.44140625
vt 0.1650390625 0.4384765625
vt 0.2080078125 0.4384765625
vt 0.212890625 0.44140625
vt 0.2080078125 0.44140625
vt 0.2080078125 0.4384765625
vt 0.212890625 0.4384765625
vt 0.255859375 0.44140625
vt 0.212890625 0.44140625
vt 0.212890625 0.4384765625
vt 0.255859375 0.4384765625
vt 0.1650390625 0.44140625
vt 0.16015625 0.44140625
vt 0.16015625 0.4384765625
vt 0.1650390625 0.4384765625
vt 0.1650390625 0.44140625
vt 0.2080078125 0.44140625
vt 0.2080078125 0.4462890625
vt 0.1650390625 0.4462890625
vt 0.2080078125 0.4462890625
vt 0.2509765625 0.4462890625
vt 0.2509765625 0.44140625
vt 0.2080078125 0.44140625
vn -0.9159756150367536 -0.38268343236508984 -0.1205904774487393
vn 0.13052619222005127 -6.245004513516506e-17 -0.9914448613738105
vn 0.9159756150367536 0.38268343236508984 0.1205904774487393
vn -0.13052619222005127 6.245004513516506e-17 0.9914448613738105
vn -0.3794095225512604 0.923879532511287 -0.04995021125231468
vn 0.3794095225512604 -0.923879532511287 0.04995021125231468
usemtl m_a520c05c-83fc-6d1a-7b60-0c8dd74607e0
f 1756/5260/1315 1759/5259/1315 1757/5258/1315 1754/5257/1315
f 1755/5264/1316 1756/5263/1316 1754/5262/1316 1753/5261/1316
f 1760/5268/1317 1755/5267/1317 1753/5266/1317 1758/5265/1317
f 1759/5272/1318 1760/5271/1318 1758/5270/1318 1757/5269/1318
f 1758/5276/1319 1753/5275/1319 1754/5274/1319 1757/5273/1319
f 1759/5280/1320 1756/5279/1320 1755/5278/1320 1760/5277/1320
o cube
v 0.3192093750000002 3.487009375 -2.1811437500000004
v -0.3192093749999993 3.487009375 -2.1811437500000004
v 0.31920937500000013 2.630169375 -2.18114375
v -0.31920937499999935 2.630169375 -2.1811437500000004
v -0.31920937499999963 3.4870093750000004 -0.6240375000000007
v 0.31920937499999985 3.4870093750000004 -0.6240375000000007
v -0.3192093749999997 2.6301693750000004 -0.6240375000000005
v 0.3192093749999998 2.6301693750000004 -0.6240375000000005
vt 0.658203125 0.884765625
vt 0.6826171875 0.884765625
vt 0.6826171875 0.87109375
vt 0.658203125 0.87109375
vt 0.662109375 0.486328125
vt 0.671875 0.486328125
vt 0.671875 0.47265625
vt 0.662109375 0.47265625
vt 0.658203125 0.8408203125
vt 0.6826171875 0.8408203125
vt 0.6826171875 0.8271484375
vt 0.658203125 0.8271484375
vt 0.17578125 0.3369140625
vt 0.185546875 0.3369140625
vt 0.185546875 0.3232421875
vt 0.17578125 0.3232421875
vt 0.6806640625 0.404296875
vt 0.65625 0.404296875
vt 0.65625 0.4140625
vt 0.6806640625 0.4140625
vt 0.6806640625 0.3662109375
vt 0.65625 0.3662109375
vt 0.65625 0.3564453125
vt 0.6806640625 0.3564453125
vn -1 7.850462293418871e-17 -2.2204460492503136e-16
vn 2.220446049250313e-16 -2.3551386880256624e-16 -1
vn 1 -7.850462293418871e-17 2.2204460492503136e-16
vn -2.220446049250313e-16 2.3551386880256624e-16 1
vn 7.850462293418882e-17 1 -2.355138688025663e-16
vn -7.850462293418882e-17 -1 2.355138688025663e-16
usemtl m_a520c05c-83fc-6d1a-7b60-0c8dd74607e0
f 1764/5284/1321 1767/5283/1321 1765/5282/1321 1762/5281/1321
f 1763/5288/1322 1764/5287/1322 1762/5286/1322 1761/5285/1322
f 1768/5292/1323 1763/5291/1323 1761/5290/1323 1766/5289/1323
f 1767/5296/1324 1768/5295/1324 1766/5294/1324 1765/5293/1324
f 1766/5300/1325 1761/5299/1325 1762/5298/1325 1765/5297/1325
f 1767/5304/1326 1764/5303/1326 1763/5302/1326 1768/5301/1326
o cube
v 0.31920955148487906 3.48700942587676 -2.18114375
v -0.13222067587676006 3.035579198515121 -2.18114375
v 0.6599218829318052 3.1462970944298343 -2.18114375
v 0.20849165557016597 2.694866867068195 -2.18114375
v -0.1322206758767605 3.035579198515121 -0.6240375000000001
v 0.31920955148487873 3.48700942587676 -0.6240374999999999
v 0.2084916555701656 2.694866867068195 -0.6240375000000001
v 0.6599218829318048 3.146297094429834 -0.6240374999999999
vt 0.658203125 0.884765625
vt 0.6826171875 0.884765625
vt 0.6826171875 0.87109375
vt 0.658203125 0.87109375
vt 0.662109375 0.486328125
vt 0.671875 0.486328125
vt 0.671875 0.47265625
vt 0.662109375 0.47265625
vt 0.658203125 0.8408203125
vt 0.6826171875 0.8408203125
vt 0.6826171875 0.8271484375
vt 0.658203125 0.8271484375
vt 0.17578125 0.3369140625
vt 0.185546875 0.3369140625
vt 0.185546875 0.3232421875
vt 0.17578125 0.3232421875
vt 0.6806640625 0.404296875
vt 0.65625 0.404296875
vt 0.65625 0.4140625
vt 0.6806640625 0.4140625
vt 0.6806640625 0.3662109375
vt 0.65625 0.3662109375
vt 0.65625 0.3564453125
vt 0.6806640625 0.3564453125
vn -0.7071067811865476 -0.7071067811865475 -2.355138688025663e-16
vn 2.3551386880256634e-16 2.355138688025663e-16 -1
vn 0.7071067811865476 0.7071067811865475 2.355138688025663e-16
vn -2.3551386880256634e-16 -2.355138688025663e-16 1
vn -0.7071067811865476 0.7071067811865476 -7.850462293418876e-17
vn 0.7071067811865476 -0.7071067811865476 7.850462293418876e-17
usemtl m_a520c05c-83fc-6d1a-7b60-0c8dd74607e0
f 1772/5308/1327 1775/5307/1327 1773/5306/1327 1770/5305/1327
f 1771/5312/1328 1772/5311/1328 1770/5310/1328 1769/5309/1328
f 1776/5316/1329 1771/5315/1329 1769/5314/1329 1774/5313/1329
f 1775/5320/1330 1776/5319/1330 1774/5318/1330 1773/5317/1330
f 1774/5324/1331 1769/5323/1331 1770/5322/1331 1773/5321/1331
f 1775/5328/1332 1772/5327/1332 1771/5326/1332 1776/5325/1332
o cube
v -0.31920955148487873 3.48700942587676 -0.6240374999999999
v 0.1322206758767605 3.035579198515121 -0.6240375000000001
v -0.6599218829318048 3.146297094429834 -0.6240374999999999
v -0.2084916555701656 2.694866867068195 -0.6240375000000001
v 0.13222067587676006 3.035579198515121 -2.18114375
v -0.31920955148487906 3.48700942587676 -2.18114375
v -0.20849165557016597 2.694866867068195 -2.18114375
v -0.6599218829318052 3.1462970944298343 -2.18114375
vt 0.6826171875 0.884765625
vt 0.658203125 0.884765625
vt 0.658203125 0.87109375
vt 0.6826171875 0.87109375
vt 0.185546875 0.3369140625
vt 0.17578125 0.3369140625
vt 0.17578125 0.3232421875
vt 0.185546875 0.3232421875
vt 0.6826171875 0.8408203125
vt 0.658203125 0.8408203125
vt 0.658203125 0.8271484375
vt 0.6826171875 0.8271484375
vt 0.671875 0.486328125
vt 0.662109375 0.486328125
vt 0.662109375 0.47265625
vt 0.671875 0.47265625
vt 0.65625 0.404296875
vt 0.6806640625 0.404296875
vt 0.6806640625 0.4140625
vt 0.65625 0.4140625
vt 0.65625 0.3662109375
vt 0.6806640625 0.3662109375
vt 0.6806640625 0.3564453125
vt 0.65625 0.3564453125
vn 0.7071067811865476 -0.7071067811865475 -2.355138688025663e-16
vn 2.3551386880256634e-16 -2.355138688025663e-16 1
vn -0.7071067811865476 0.7071067811865475 2.355138688025663e-16
vn -2.3551386880256634e-16 2.355138688025663e-16 -1
vn 0.7071067811865476 0.7071067811865476 -7.850462293418876e-17
vn -0.7071067811865476 -0.7071067811865476 7.850462293418876e-17
usemtl m_a520c05c-83fc-6d1a-7b60-0c8dd74607e0
f 1780/5332/1333 1783/5331/1333 1781/5330/1333 1778/5329/1333
f 1779/5336/1334 1780/5335/1334 1778/5334/1334 1777/5333/1334
f 1784/5340/1335 1779/5339/1335 1777/5338/1335 1782/5337/1335
f 1783/5344/1336 1784/5343/1336 1782/5342/1336 1781/5341/1336
f 1782/5348/1337 1777/5347/1337 1778/5346/1337 1781/5345/1337
f 1783/5352/1338 1780/5351/1338 1779/5350/1338 1784/5349/1338
o cube
v -0.44181481634765746 3.1028997188527323 -3.7058764992266715
v -0.5021927640535008 3.1015100990599342 -3.71643168044504
v -0.44181478660475093 2.6438334828021928 -3.645439286562294
v -0.5021927343105943 2.6424438630093947 -3.655994467780662
v -0.6717461120555575 3.227022076690666 -2.7630734156756622
v -0.6113681643497142 3.2284116964834646 -2.7525182344572943
v -0.671746082312651 2.7679558406401266 -2.7026362030112847
v -0.6113681346068077 2.769345460432925 -2.6920810217929163
vt 0.6640625 0.5634765625
vt 0.6796875 0.5634765625
vt 0.6796875 0.556640625
vt 0.6640625 0.556640625
vt 0.263671875 0.673828125
vt 0.2646484375 0.673828125
vt 0.2646484375 0.6669921875
vt 0.263671875 0.6669921875
vt 0.6640625 0.5234375
vt 0.6796875 0.5234375
vt 0.6796875 0.5166015625
vt 0.6640625 0.5166015625
vt 0.2646484375 0.673828125
vt 0.265625 0.673828125
vt 0.265625 0.6669921875
vt 0.2646484375 0.6669921875
vt 0.40234375 0.80859375
vt 0.38671875 0.80859375
vt 0.38671875 0.8095703125
vt 0.40234375 0.8095703125
vt 0.41796875 0.8095703125
vt 0.40234375 0.8095703125
vt 0.40234375 0.80859375
vt 0.41796875 0.80859375
vn -0.9848077509490655 -0.022665698236170862 -0.17216259696609548
vn 0.173648189367581 -0.1285431866509446 -0.9763825866405962
vn 0.9848077509490655 0.022665698236170862 0.17216259696609548
vn -0.173648189367581 0.1285431866509446 0.9763825866405962
vn -6.423572353544961e-8 0.9914448624553397 -0.13052618400500574
vn 6.423572353544961e-8 -0.9914448624553397 0.13052618400500574
usemtl m_a520c05c-83fc-6d1a-7b60-0c8dd74607e0
f 1788/5356/1339 1791/5355/1339 1789/5354/1339 1786/5353/1339
f 1787/5360/1340 1788/5359/1340 1786/5358/1340 1785/5357/1340
f 1792/5364/1341 1787/5363/1341 1785/5362/1341 1790/5361/1341
f 1791/5368/1342 1792/5367/1342 1790/5366/1342 1789/5365/1342
f 1790/5372/1343 1785/5371/1343 1786/5370/1343 1789/5369/1343
f 1791/5376/1344 1788/5375/1344 1787/5374/1344 1792/5373/1344
o cube
v -0.607089260184333 3.2254719055573733 -2.7748481838354855
v -0.6678741252401623 3.226516432158216 -2.766914168003926
v -0.607089205986196 2.704440365522581 -2.7062530852844997
v -0.6678740710420253 2.705484892123424 -2.6983190694529404
v -0.42621554478596246 3.466107657141582 -0.9470381933135101
v -0.3654306797301332 3.4650631305407393 -0.9549722091450694
v -0.4262154905878255 2.94507611710679 -0.8784430947625241
v -0.36543062553199623 2.944031590505947 -0.8863771105940834
vt 0.6640625 0.5634765625
vt 0.6796875 0.5634765625
vt 0.6796875 0.556640625
vt 0.6640625 0.556640625
vt 0.263671875 0.673828125
vt 0.2646484375 0.673828125
vt 0.2646484375 0.6669921875
vt 0.263671875 0.6669921875
vt 0.6640625 0.5234375
vt 0.6796875 0.5234375
vt 0.6796875 0.5166015625
vt 0.6640625 0.5166015625
vt 0.2646484375 0.673828125
vt 0.265625 0.673828125
vt 0.265625 0.6669921875
vt 0.2646484375 0.6669921875
vt 0.40234375 0.80859375
vt 0.38671875 0.80859375
vt 0.38671875 0.8095703125
vt 0.40234375 0.8095703125
vt 0.41796875 0.8095703125
vt 0.40234375 0.8095703125
vt 0.40234375 0.80859375
vt 0.41796875 0.80859375
vn -0.9914448655826106 0.01703698008408713 0.12940950436306412
vn -0.13052616025099664 -0.12940952714417858 -0.9829629167849881
vn 0.9914448655826106 -0.01703698008408713 -0.12940950436306412
vn 0.13052616025099664 0.12940952714417858 0.9829629167849881
vn -1.03130924584971e-7 0.9914448626090786 -0.13052618283721792
vn 1.03130924584971e-7 -0.9914448626090786 0.13052618283721792
usemtl m_a520c05c-83fc-6d1a-7b60-0c8dd74607e0
f 1796/5380/1345 1799/5379/1345 1797/5378/1345 1794/5377/1345
f 1795/5384/1346 1796/5383/1346 1794/5382/1346 1793/5381/1346
f 1800/5388/1347 1795/5387/1347 1793/5386/1347 1798/5385/1347
f 1799/5392/1348 1800/5391/1348 1798/5390/1348 1797/5389/1348
f 1798/5396/1349 1793/5395/1349 1794/5394/1349 1797/5393/1349
f 1799/5400/1350 1796/5399/1350 1795/5398/1350 1800/5397/1350
o cube
v -0.44088309564128747 2.949588223259722 -4.870392968616056
v -0.5021924706412879 2.9495882231681776 -4.870392970012752
v -0.44088309633265854 2.49052198770996 -4.809955752147887
v -0.502192471332659 2.4905219876184157 -4.809955753544583
v -0.5021924975126137 3.1035495774126356 -3.700940380309657
v -0.4408831225126133 3.1035495775041797 -3.700940378912961
v -0.5021924982039848 2.6444833418628737 -3.6405031638414886
v -0.4408831232039844 2.644483341954418 -3.6405031624447926
vt 0.6640625 0.5634765625
vt 0.6796875 0.5634765625
vt 0.6796875 0.556640625
vt 0.6640625 0.556640625
vt 0.263671875 0.673828125
vt 0.2646484375 0.673828125
vt 0.2646484375 0.6669921875
vt 0.263671875 0.6669921875
vt 0.6640625 0.5234375
vt 0.6796875 0.5234375
vt 0.6796875 0.5166015625
vt 0.6640625 0.5166015625
vt 0.2646484375 0.673828125
vt 0.265625 0.673828125
vt 0.265625 0.6669921875
vt 0.2646484375 0.6669921875
vt 0.40234375 0.80859375
vt 0.38671875 0.80859375
vt 0.38671875 0.8095703125
vt 0.40234375 0.8095703125
vt 0.41796875 0.8095703125
vt 0.40234375 0.8095703125
vt 0.40234375 0.80859375
vt 0.41796875 0.80859375
vn -0.9999999999999998 -1.4931533994083088e-9 -2.2781118434765387e-8
vn 2.2781118434765387e-8 -0.1305261922200494 -0.9914448613738105
vn 0.9999999999999998 1.4931533994083088e-9 2.2781118434765387e-8
vn -2.2781118434765387e-8 0.1305261922200494 0.9914448613738105
vn 1.4931533994083092e-9 0.9914448613738108 -0.13052619222004944
vn -1.4931533994083092e-9 -0.9914448613738108 0.13052619222004944
usemtl m_a520c05c-83fc-6d1a-7b60-0c8dd74607e0
f 1804/5404/1351 1807/5403/1351 1805/5402/1351 1802/5401/1351
f 1803/5408/1352 1804/5407/1352 1802/5406/1352 1801/5405/1352
f 1808/5412/1353 1803/5411/1353 1801/5410/1353 1806/5409/1353
f 1807/5416/1354 1808/5415/1354 1806/5414/1354 1805/5413/1354
f 1806/5420/1355 1801/5419/1355 1802/5418/1355 1805/5417/1355
f 1807/5424/1356 1804/5423/1356 1803/5422/1356 1808/5421/1356
o cube
v 0.3654306797301332 3.4650631305407393 -0.9549722091450694
v 0.42621554478596246 3.466107657141582 -0.9470381933135101
v 0.36543062553199623 2.944031590505947 -0.8863771105940834
v 0.4262154905878255 2.94507611710679 -0.8784430947625241
v 0.6678741252401623 3.226516432158216 -2.766914168003926
v 0.607089260184333 3.2254719055573733 -2.7748481838354855
v 0.6678740710420253 2.705484892123424 -2.6983190694529404
v 0.607089205986196 2.704440365522581 -2.7062530852844997
vt 0.6796875 0.5634765625
vt 0.6640625 0.5634765625
vt 0.6640625 0.556640625
vt 0.6796875 0.556640625
vt 0.265625 0.673828125
vt 0.2646484375 0.673828125
vt 0.2646484375 0.6669921875
vt 0.265625 0.6669921875
vt 0.6796875 0.5234375
vt 0.6640625 0.5234375
vt 0.6640625 0.5166015625
vt 0.6796875 0.5166015625
vt 0.2646484375 0.673828125
vt 0.263671875 0.673828125
vt 0.263671875 0.6669921875
vt 0.2646484375 0.6669921875
vt 0.38671875 0.80859375
vt 0.40234375 0.80859375
vt 0.40234375 0.8095703125
vt 0.38671875 0.8095703125
vt 0.40234375 0.8095703125
vt 0.41796875 0.8095703125
vt 0.41796875 0.80859375
vt 0.40234375 0.80859375
vn 0.9914448655826106 0.01703698008408713 0.12940950436306412
vn -0.13052616025099664 0.12940952714417858 0.9829629167849881
vn -0.9914448655826106 -0.01703698008408713 -0.12940950436306412
vn 0.13052616025099664 -0.12940952714417858 -0.9829629167849881
vn 1.03130924584971e-7 0.9914448626090786 -0.13052618283721792
vn -1.03130924584971e-7 -0.9914448626090786 0.13052618283721792
usemtl m_a520c05c-83fc-6d1a-7b60-0c8dd74607e0
f 1812/5428/1357 1815/5427/1357 1813/5426/1357 1810/5425/1357
f 1811/5432/1358 1812/5431/1358 1810/5430/1358 1809/5429/1358
f 1816/5436/1359 1811/5435/1359 1809/5434/1359 1814/5433/1359
f 1815/5440/1360 1816/5439/1360 1814/5438/1360 1813/5437/1360
f 1814/5444/1361 1809/5443/1361 1810/5442/1361 1813/5441/1361
f 1815/5448/1362 1812/5447/1362 1811/5446/1362 1816/5445/1362
o cube
v 0.6113681643497142 3.2284116964834646 -2.752518234457294
v 0.6717461120555575 3.227022076690666 -2.7630734156756622
v 0.6113681346068077 2.769345460432925 -2.6920810217929163
v 0.671746082312651 2.7679558406401266 -2.7026362030112847
v 0.5021927640535008 3.1015100990599342 -3.71643168044504
v 0.44181481634765746 3.1028997188527323 -3.7058764992266715
v 0.5021927343105943 2.6424438630093947 -3.655994467780662
v 0.44181478660475093 2.6438334828021928 -3.645439286562294
vt 0.6796875 0.5634765625
vt 0.6640625 0.5634765625
vt 0.6640625 0.556640625
vt 0.6796875 0.556640625
vt 0.265625 0.673828125
vt 0.2646484375 0.673828125
vt 0.2646484375 0.6669921875
vt 0.265625 0.6669921875
vt 0.6796875 0.5234375
vt 0.6640625 0.5234375
vt 0.6640625 0.5166015625
vt 0.6796875 0.5166015625
vt 0.2646484375 0.673828125
vt 0.263671875 0.673828125
vt 0.263671875 0.6669921875
vt 0.2646484375 0.6669921875
vt 0.38671875 0.80859375
vt 0.40234375 0.80859375
vt 0.40234375 0.8095703125
vt 0.38671875 0.8095703125
vt 0.40234375 0.8095703125
vt 0.41796875 0.8095703125
vt 0.41796875 0.80859375
vt 0.40234375 0.80859375
vn 0.9848077509490655 -0.022665698236170862 -0.17216259696609548
vn 0.173648189367581 0.1285431866509446 0.9763825866405962
vn -0.9848077509490655 0.022665698236170862 0.17216259696609548
vn -0.173648189367581 -0.1285431866509446 -0.9763825866405962
vn 6.423572353544961e-8 0.9914448624553397 -0.13052618400500574
vn -6.423572353544961e-8 -0.9914448624553397 0.13052618400500574
usemtl m_a520c05c-83fc-6d1a-7b60-0c8dd74607e0
f 1820/5452/1363 1823/5451/1363 1821/5450/1363 1818/5449/1363
f 1819/5456/1364 1820/5455/1364 1818/5454/1364 1817/5453/1364
f 1824/5460/1365 1819/5459/1365 1817/5458/1365 1822/5457/1365
f 1823/5464/1366 1824/5463/1366 1822/5462/1366 1821/5461/1366
f 1822/5468/1367 1817/5467/1367 1818/5466/1367 1821/5465/1367
f 1823/5472/1368 1820/5471/1368 1819/5470/1368 1824/5469/1368
o cube
v 0.4408831225126133 3.1035495775041797 -3.700940378912961
v 0.5021924975126137 3.1035495774126356 -3.700940380309657
v 0.4408831232039844 2.644483341954418 -3.640503162444792
v 0.5021924982039848 2.6444833418628737 -3.640503163841488
v 0.5021924706412879 2.9495882231681776 -4.870392970012752
v 0.44088309564128747 2.949588223259722 -4.870392968616056
v 0.502192471332659 2.4905219876184157 -4.809955753544583
v 0.44088309633265854 2.49052198770996 -4.809955752147887
vt 0.6796875 0.5634765625
vt 0.6640625 0.5634765625
vt 0.6640625 0.556640625
vt 0.6796875 0.556640625
vt 0.265625 0.673828125
vt 0.2646484375 0.673828125
vt 0.2646484375 0.6669921875
vt 0.265625 0.6669921875
vt 0.6796875 0.5234375
vt 0.6640625 0.5234375
vt 0.6640625 0.5166015625
vt 0.6796875 0.5166015625
vt 0.2646484375 0.673828125
vt 0.263671875 0.673828125
vt 0.263671875 0.6669921875
vt 0.2646484375 0.6669921875
vt 0.38671875 0.80859375
vt 0.40234375 0.80859375
vt 0.40234375 0.8095703125
vt 0.38671875 0.8095703125
vt 0.40234375 0.8095703125
vt 0.41796875 0.8095703125
vt 0.41796875 0.80859375
vt 0.40234375 0.80859375
vn 0.9999999999999998 -1.4931533994083088e-9 -2.2781118434765387e-8
vn 2.2781118434765387e-8 0.1305261922200494 0.9914448613738105
vn -0.9999999999999998 1.4931533994083088e-9 2.2781118434765387e-8
vn -2.2781118434765387e-8 -0.1305261922200494 -0.9914448613738105
vn -1.4931533994083092e-9 0.9914448613738108 -0.13052619222004944
vn 1.4931533994083092e-9 -0.9914448613738108 0.13052619222004944
usemtl m_a520c05c-83fc-6d1a-7b60-0c8dd74607e0
f 1828/5476/1369 1831/5475/1369 1829/5474/1369 1826/5473/1369
f 1827/5480/1370 1828/5479/1370 1826/5478/1370 1825/5477/1370
f 1832/5484/1371 1827/5483/1371 1825/5482/1371 1830/5481/1371
f 1831/5488/1372 1832/5487/1372 1830/5486/1372 1829/5485/1372
f 1830/5492/1373 1825/5491/1373 1826/5490/1373 1829/5489/1373
f 1831/5496/1374 1828/5495/1374 1827/5494/1374 1832/5493/1374
o cube
v 0.7500750050266275 0.7511883386438988 5.325428724361031
v 0.45340835497981147 1.4674049886907148 5.004319056263484
v 0.8751994746628778 0.8030165909519742 5.325428724361031
v 0.5785328246160618 1.5192332409987903 5.004319056263484
v 0.5127433039509568 1.3241577501618602 4.629995982898256
v 0.8094099539977728 0.6079411001150441 4.951105650995803
v 0.6378677735872071 1.3759860024699355 4.629995982898256
v 0.9345344236340232 0.6597693524231194 4.951105650995803
vt 0.4951171875 0.4208984375
vt 0.4892578125 0.4208984375
vt 0.4892578125 0.4189453125
vt 0.4951171875 0.4189453125
vt 0.5078125 0.4208984375
vt 0.4951171875 0.4208984375
vt 0.4951171875 0.4189453125
vt 0.5078125 0.4189453125
vt 0.513671875 0.4208984375
vt 0.5078125 0.4208984375
vt 0.5078125 0.4189453125
vt 0.513671875 0.4189453125
vt 0.4892578125 0.4208984375
vt 0.4765625 0.4208984375
vt 0.4765625 0.4189453125
vt 0.4892578125 0.4189453125
vt 0.4892578125 0.4208984375
vt 0.4951171875 0.4208984375
vt 0.4951171875 0.43359375
vt 0.4892578125 0.43359375
vt 0.4951171875 0.43359375
vt 0.5009765625 0.43359375
vt 0.5009765625 0.4208984375
vt 0.4951171875 0.4208984375
vn -0.3535533905932736 0.8535533905932738 -0.3826834323650899
vn -0.14644660940672627 0.35355339059327384 0.9238795325112867
vn 0.3535533905932736 -0.8535533905932738 0.3826834323650899
vn 0.14644660940672627 -0.35355339059327384 -0.9238795325112867
vn -0.9238795325112868 -0.38268343236508967 -2.7755575615628914e-17
vn 0.9238795325112868 0.38268343236508967 2.7755575615628914e-17
usemtl m_a520c05c-83fc-6d1a-7b60-0c8dd74607e0
f 1836/5500/1375 1839/5499/1375 1837/5498/1375 1834/5497/1375
f 1835/5504/1376 1836/5503/1376 1834/5502/1376 1833/5501/1376
f 1840/5508/1377 1835/5507/1377 1833/5506/1377 1838/5505/1377
f 1839/5512/1378 1840/5511/1378 1838/5510/1378 1837/5509/1378
f 1838/5516/1379 1833/5515/1379 1834/5514/1379 1837/5513/1379
f 1839/5520/1380 1836/5519/1380 1835/5518/1380 1840/5517/1380
o cube
v 0.7284938492306483 0.803290965980852 6.15027
v 0.4073841811331015 1.578518281711073 6.15027
v 0.8536183188668987 0.8551192182889273 6.15027
v 0.5325086507693518 1.6303465340191485 6.15027
v 0.40738418113310154 1.578518281711073 5.995105625
v 0.7284938492306484 0.803290965980852 5.995105625
v 0.5325086507693518 1.6303465340191485 5.995105625
v 0.8536183188668987 0.8551192182889273 5.995105625
vt 0.3271484375 0.419921875
vt 0.3251953125 0.419921875
vt 0.3251953125 0.41796875
vt 0.3271484375 0.41796875
vt 0.33984375 0.419921875
vt 0.3271484375 0.419921875
vt 0.3271484375 0.41796875
vt 0.33984375 0.41796875
vt 0.341796875 0.419921875
vt 0.33984375 0.419921875
vt 0.33984375 0.41796875
vt 0.341796875 0.41796875
vt 0.3251953125 0.419921875
vt 0.3125 0.419921875
vt 0.3125 0.41796875
vt 0.3251953125 0.41796875
vt 0.3251953125 0.419921875
vt 0.3271484375 0.419921875
vt 0.3271484375 0.4326171875
vt 0.3251953125 0.4326171875
vt 0.3271484375 0.4326171875
vt 0.3291015625 0.4326171875
vt 0.3291015625 0.419921875
vt 0.3271484375 0.419921875
vn -0.38268343236508984 0.923879532511287 -2.388296408969548e-16
vn -5.128561644869781e-17 -2.1243197887715313e-17 1
vn 0.38268343236508984 -0.923879532511287 2.388296408969548e-16
vn 5.128561644869781e-17 2.1243197887715313e-17 -1
vn -0.923879532511287 -0.3826834323650897 -1.4141287213164536e-16
vn 0.923879532511287 0.3826834323650897 1.4141287213164536e-16
usemtl m_a520c05c-83fc-6d1a-7b60-0c8dd74607e0
f 1844/5524/1381 1847/5523/1381 1845/5522/1381 1842/5521/1381
f 1843/5528/1382 1844/5527/1382 1842/5526/1382 1841/5525/1382
f 1848/5532/1383 1843/5531/1383 1841/5530/1383 1846/5529/1383
f 1847/5536/1384 1848/5535/1384 1846/5534/1384 1845/5533/1384
f 1846/5540/1385 1841/5539/1385 1842/5538/1385 1845/5537/1385
f 1847/5544/1386 1844/5543/1386 1843/5542/1386 1848/5541/1386
o cube
v 0.7284938939083843 0.8032908344111558 6.15027019372112
v 0.41226260319874336 1.5667407052891202 6.004562007840799
v 0.8536183635446346 0.8551190867192312 6.15027019372112
v 0.5373870728349937 1.6185689575971955 6.004562007840799
v 0.4931791779880409 1.3713908130120207 4.805396690774034
v 0.8094104686976819 0.6079409421340564 4.951104876654356
v 0.6183036476242911 1.423219065320096 4.805396690774034
v 0.9345349383339321 0.6597691944421318 4.951104876654356
vt 0.1015625 0.388671875
vt 0.0830078125 0.388671875
vt 0.0830078125 0.38671875
vt 0.1015625 0.38671875
vt 0.1142578125 0.388671875
vt 0.1015625 0.388671875
vt 0.1015625 0.38671875
vt 0.1142578125 0.38671875
vt 0.1328125 0.388671875
vt 0.1142578125 0.388671875
vt 0.1142578125 0.38671875
vt 0.1328125 0.38671875
vt 0.0830078125 0.388671875
vt 0.0703125 0.388671875
vt 0.0703125 0.38671875
vt 0.0830078125 0.38671875
vt 0.0830078125 0.388671875
vt 0.1015625 0.388671875
vt 0.1015625 0.4013671875
vt 0.0830078125 0.4013671875
vt 0.1015625 0.4013671875
vt 0.1201171875 0.4013671875
vt 0.1201171875 0.388671875
vt 0.1015625 0.388671875
vn -0.37686961114246326 0.9098437264664097 -0.1736481776669304
vn -0.06645228065352383 0.16042999720436069 0.9848077530122081
vn 0.37686961114246326 -0.9098437264664097 0.1736481776669304
vn 0.06645228065352383 -0.16042999720436069 -0.9848077530122081
vn -0.9238795325112868 -0.38268343236508967 1.2490009027033014e-16
vn 0.9238795325112868 0.38268343236508967 -1.2490009027033014e-16
usemtl m_a520c05c-83fc-6d1a-7b60-0c8dd74607e0
f 1852/5548/1387 1855/5547/1387 1853/5546/1387 1850/5545/1387
f 1851/5552/1388 1852/5551/1388 1850/5550/1388 1849/5549/1388
f 1856/5556/1389 1851/5555/1389 1849/5554/1389 1854/5553/1389
f 1855/5560/1390 1856/5559/1390 1854/5558/1390 1853/5557/1390
f 1854/5564/1391 1849/5563/1391 1850/5562/1391 1853/5561/1391
f 1855/5568/1392 1852/5567/1392 1851/5566/1392 1856/5565/1392
o cube
v 0.375 1.3483750000000003 -2.2643025
v 0.375 1.2233750000000003 -2.2643025
v 0.375 1.3483749999999999 -0.13930249999999988
v 0.375 1.2233749999999999 -0.13930249999999988
v -0.375 1.2233750000000003 -2.2643025
v -0.375 1.3483750000000003 -2.2643025
v -0.375 1.2233749999999999 -0.13930249999999988
v -0.375 1.3483749999999999 -0.13930249999999988
vt 0.34375 0.5712890625
vt 0.35546875 0.5712890625
vt 0.35546875 0.5380859375
vt 0.34375 0.5380859375
vt 0.341796875 0.5712890625
vt 0.34375 0.5712890625
vt 0.34375 0.5380859375
vt 0.341796875 0.5380859375
vt 0.357421875 0.5712890625
vt 0.369140625 0.5712890625
vt 0.369140625 0.5380859375
vt 0.357421875 0.5380859375
vt 0.35546875 0.5712890625
vt 0.357421875 0.5712890625
vt 0.357421875 0.5380859375
vt 0.35546875 0.5380859375
vt 0.35546875 0.5712890625
vt 0.34375 0.5712890625
vt 0.34375 0.5732421875
vt 0.35546875 0.5732421875
vt 0.3671875 0.5732421875
vt 0.35546875 0.5732421875
vt 0.35546875 0.5712890625
vt 0.3671875 0.5712890625
vn 0 -1 -2.220446049250313e-16
vn 1 0 0
vn 0 1 2.220446049250313e-16
vn -1 0 0
vn 0 2.220446049250313e-16 -1
vn 0 -2.220446049250313e-16 1
usemtl m_a520c05c-83fc-6d1a-7b60-0c8dd74607e0
f 1860/5572/1393 1863/5571/1393 1861/5570/1393 1858/5569/1393
f 1859/5576/1394 1860/5575/1394 1858/5574/1394 1857/5573/1394
f 1864/5580/1395 1859/5579/1395 1857/5578/1395 1862/5577/1395
f 1863/5584/1396 1864/5583/1396 1862/5582/1396 1861/5581/1396
f 1862/5588/1397 1857/5587/1397 1858/5586/1397 1861/5585/1397
f 1863/5592/1398 1860/5591/1398 1859/5590/1398 1864/5589/1398
o cube
v 0.8446581264539036 1.7091129586390683 3.5200974999999994
v 0.8446581264539036 1.7091129586390683 3.3293162499999998
v -0.7269333781004816 2.1302196331160284 3.5200974999999994
v -0.7269333781004816 2.1302196331160284 3.3293162499999998
v 0.8940359474023688 1.8933934951857794 3.3293162499999998
v 0.8940359474023688 1.8933934951857794 3.5200974999999994
v -0.6775555571520165 2.3145001696627396 3.3293162499999998
v -0.6775555571520165 2.3145001696627396 3.5200974999999994
vt 0.3427734375 0.365234375
vt 0.345703125 0.365234375
vt 0.345703125 0.33984375
vt 0.3427734375 0.33984375
vt 0.33984375 0.365234375
vt 0.3427734375 0.365234375
vt 0.3427734375 0.33984375
vt 0.33984375 0.33984375
vt 0.3486328125 0.365234375
vt 0.3515625 0.365234375
vt 0.3515625 0.33984375
vt 0.3486328125 0.33984375
vt 0.345703125 0.365234375
vt 0.3486328125 0.365234375
vt 0.3486328125 0.33984375
vt 0.345703125 0.33984375
vt 0.345703125 0.365234375
vt 0.3427734375 0.365234375
vt 0.3427734375 0.3681640625
vt 0.345703125 0.3681640625
vt 0.3486328125 0.3681640625
vt 0.345703125 0.3681640625
vt 0.345703125 0.365234375
vt 0.3486328125 0.365234375
vn 0 0 -1
vn -0.2588190451025204 -0.9659258262890684 0
vn 0 0 1
vn 0.2588190451025204 0.9659258262890684 0
vn 0.9659258262890684 -0.2588190451025204 0
vn -0.9659258262890684 0.2588190451025204 0
usemtl m_a520c05c-83fc-6d1a-7b60-0c8dd74607e0
f 1868/5596/1399 1871/5595/1399 1869/5594/1399 1866/5593/1399
f 1867/5600/1400 1868/5599/1400 1866/5598/1400 1865/5597/1400
f 1872/5604/1401 1867/5603/1401 1865/5602/1401 1870/5601/1401
f 1871/5608/1402 1872/5607/1402 1870/5606/1402 1869/5605/1402
f 1870/5612/1403 1865/5611/1403 1866/5610/1403 1869/5609/1403
f 1871/5616/1404 1868/5615/1404 1867/5614/1404 1872/5613/1404
o cube
v 1.0468846247058894 2.2776784034304605 3.5200974999999994
v 1.0468846247058894 2.2776784034304605 3.3293162499999998
v -0.7846517477659757 2.1977117984371026 3.5200974999999994
v -0.7846517477659757 2.1977117984371026 3.3293162499999998
v 1.0385628634600963 2.4682780719541246 3.3293162499999998
v 1.0385628634600963 2.4682780719541246 3.5200974999999994
v -0.7929735090117688 2.3883114669607663 3.3293162499999998
v -0.7929735090117688 2.3883114669607663 3.5200974999999994
vt 0.6318359375 0.716796875
vt 0.634765625 0.716796875
vt 0.634765625 0.6884765625
vt 0.6318359375 0.6884765625
vt 0.62890625 0.716796875
vt 0.6318359375 0.716796875
vt 0.6318359375 0.6884765625
vt 0.62890625 0.6884765625
vt 0.6376953125 0.716796875
vt 0.640625 0.716796875
vt 0.640625 0.6884765625
vt 0.6376953125 0.6884765625
vt 0.634765625 0.716796875
vt 0.6376953125 0.716796875
vt 0.6376953125 0.6884765625
vt 0.634765625 0.6884765625
vt 0.634765625 0.716796875
vt 0.6318359375 0.716796875
vt 0.6318359375 0.7197265625
vt 0.634765625 0.7197265625
vt 0.6376953125 0.7197265625
vt 0.634765625 0.7197265625
vt 0.634765625 0.716796875
vt 0.6376953125 0.716796875
vn 0 0 -1
vn 0.043619387365336396 -0.9990482215818578 0
vn 0 0 1
vn -0.043619387365336396 0.9990482215818578 0
vn 0.9990482215818578 0.043619387365336396 0
vn -0.9990482215818578 -0.043619387365336396 0
usemtl m_a520c05c-83fc-6d1a-7b60-0c8dd74607e0
f 1876/5620/1405 1879/5619/1405 1877/5618/1405 1874/5617/1405
f 1875/5624/1406 1876/5623/1406 1874/5622/1406 1873/5621/1406
f 1880/5628/1407 1875/5627/1407 1873/5626/1407 1878/5625/1407
f 1879/5632/1408 1880/5631/1408 1878/5630/1408 1877/5629/1408
f 1878/5636/1409 1873/5635/1409 1874/5634/1409 1877/5633/1409
f 1879/5640/1410 1876/5639/1410 1875/5638/1410 1880/5637/1410
o cube
v 1.1784124308151447 2.283421004546603 2.634433400819116
v 1.0760033035663454 2.2789497254884825 2.473530126547626
v -0.208304292665905 2.222875644852417 3.518711021868662
v -0.3107134199147043 2.2184043657942967 3.357807747597172
v 1.0676815423205523 2.4695493940121462 2.473530126547626
v 1.1700906695693516 2.4740206730702665 2.634433400819116
v -0.3190351811604974 2.4090040343179604 3.357807747597172
v -0.2166260539116981 2.4134753133760807 3.518711021868662
vt 0.4111328125 0.3369140625
vt 0.4140625 0.3369140625
vt 0.4140625 0.3115234375
vt 0.4111328125 0.3115234375
vt 0.1044921875 0.3349609375
vt 0.107421875 0.3349609375
vt 0.107421875 0.3095703125
vt 0.1044921875 0.3095703125
vt 0.66015625 0.333984375
vt 0.6630859375 0.333984375
vt 0.6630859375 0.30859375
vt 0.66015625 0.30859375
vt 0.6630859375 0.333984375
vt 0.666015625 0.333984375
vt 0.666015625 0.30859375
vt 0.6630859375 0.30859375
vt 0.4326171875 0.435546875
vt 0.4296875 0.435546875
vt 0.4296875 0.4384765625
vt 0.4326171875 0.4384765625
vt 0.578125 0.4052734375
vt 0.5751953125 0.4052734375
vt 0.5751953125 0.40234375
vt 0.578125 0.40234375
vn -0.5367882181755232 -0.023436679747723618 -0.8433914458128858
vn 0.043619387365336465 -0.9990482215818578 -6.591949208711868e-17
vn 0.5367882181755232 0.023436679747723618 0.8433914458128858
vn -0.043619387365336465 0.9990482215818578 6.591949208711868e-17
vn 0.8425887240367151 0.036788218175523385 -0.5372996083468238
vn -0.8425887240367151 -0.036788218175523385 0.5372996083468238
usemtl m_a520c05c-83fc-6d1a-7b60-0c8dd74607e0
f 1884/5644/1411 1887/5643/1411 1885/5642/1411 1882/5641/1411
f 1883/5648/1412 1884/5647/1412 1882/5646/1412 1881/5645/1412
f 1888/5652/1413 1883/5651/1413 1881/5650/1413 1886/5649/1413
f 1887/5656/1414 1888/5655/1414 1886/5654/1414 1885/5653/1414
f 1886/5660/1415 1881/5659/1415 1882/5658/1415 1885/5657/1415
f 1887/5664/1416 1884/5663/1416 1883/5662/1416 1888/5661/1416
o cube
v -0.45289421226929505 1.681675708551303 3.5197518749999994
v -0.45289421226929505 1.681675708551303 3.330946874999999
v -0.5776102747542138 1.8303065240719087 3.5197518749999994
v -0.5776102747542138 1.8303065240719087 3.330946874999999
v -0.25348901350320974 1.8489965372907575 3.330946874999999
v -0.25348901350320974 1.8489965372907575 3.5197518749999994
v -0.3782050759881284 1.9976273528113633 3.330946874999999
v -0.3782050759881284 1.9976273528113633 3.5197518749999994
vt 0.5029296875 0.357421875
vt 0.5068359375 0.357421875
vt 0.5068359375 0.3544921875
vt 0.5029296875 0.3544921875
vt 0.5 0.357421875
vt 0.5029296875 0.357421875
vt 0.5029296875 0.3544921875
vt 0.5 0.3544921875
vt 0.509765625 0.357421875
vt 0.513671875 0.357421875
vt 0.513671875 0.3544921875
vt 0.509765625 0.3544921875
vt 0.5068359375 0.357421875
vt 0.509765625 0.357421875
vt 0.509765625 0.3544921875
vt 0.5068359375 0.3544921875
vt 0.5068359375 0.357421875
vt 0.5029296875 0.357421875
vt 0.5029296875 0.3603515625
vt 0.5068359375 0.3603515625
vt 0.5107421875 0.3603515625
vt 0.5068359375 0.3603515625
vt 0.5068359375 0.357421875
vt 0.5107421875 0.357421875
vn 0 0 -1
vn -0.7660444431189778 -0.6427876096865397 0
vn 0 0 1
vn 0.7660444431189778 0.6427876096865397 0
vn 0.6427876096865397 -0.7660444431189778 0
vn -0.6427876096865397 0.7660444431189778 0
usemtl m_a520c05c-83fc-6d1a-7b60-0c8dd74607e0
f 1892/5668/1417 1895/5667/1417 1893/5666/1417 1890/5665/1417
f 1891/5672/1418 1892/5671/1418 1890/5670/1418 1889/5669/1418
f 1896/5676/1419 1891/5675/1419 1889/5674/1419 1894/5673/1419
f 1895/5680/1420 1896/5679/1420 1894/5678/1420 1893/5677/1420
f 1894/5684/1421 1889/5683/1421 1890/5682/1421 1893/5681/1421
f 1895/5688/1422 1892/5687/1422 1891/5686/1422 1896/5685/1422
o cube
v -0.8169783544676401 2.1155742930227617 3.1473612499999994
v -0.6956168398207728 1.9709412719396826 3.1473612499999994
v -0.8169783544676401 2.1155742930227617 2.9533375
v -0.6956168398207728 1.9709412719396828 2.9533375
v -0.4962116410546875 2.138262100679137 3.1473612499999994
v -0.6175731557015548 2.282895121762216 3.1473612499999994
v -0.4962116410546875 2.138262100679137 2.9533375
v -0.6175731557015548 2.282895121762216 2.9533375
vt 0.5166015625 0.357421875
vt 0.5205078125 0.357421875
vt 0.5205078125 0.3544921875
vt 0.5166015625 0.3544921875
vt 0.513671875 0.357421875
vt 0.5166015625 0.357421875
vt 0.5166015625 0.3544921875
vt 0.513671875 0.3544921875
vt 0.5234375 0.357421875
vt 0.52734375 0.357421875
vt 0.52734375 0.3544921875
vt 0.5234375 0.3544921875
vt 0.5205078125 0.357421875
vt 0.5234375 0.357421875
vt 0.5234375 0.3544921875
vt 0.5205078125 0.3544921875
vt 0.5205078125 0.357421875
vt 0.5166015625 0.357421875
vt 0.5166015625 0.3603515625
vt 0.5205078125 0.3603515625
vt 0.5244140625 0.3603515625
vt 0.5205078125 0.3603515625
vt 0.5205078125 0.357421875
vt 0.5244140625 0.357421875
vn 0.6427876096865397 -0.7660444431189778 -2.2204460492503126e-16
vn -0.7660444431189778 -0.6427876096865397 0
vn -0.6427876096865397 0.7660444431189778 2.2204460492503126e-16
vn 0.7660444431189778 0.6427876096865397 0
vn 1.4272752084355296e-16 -1.700960357273691e-16 1
vn -1.4272752084355296e-16 1.700960357273691e-16 -1
usemtl m_a520c05c-83fc-6d1a-7b60-0c8dd74607e0
f 1900/5692/1423 1903/5691/1423 1901/5690/1423 1898/5689/1423
f 1899/5696/1424 1900/5695/1424 1898/5694/1424 1897/5693/1424
f 1904/5700/1425 1899/5699/1425 1897/5698/1425 1902/5697/1425
f 1903/5704/1426 1904/5703/1426 1902/5702/1426 1901/5701/1426
f 1902/5708/1427 1897/5707/1427 1898/5706/1427 1901/5705/1427
f 1903/5712/1428 1900/5711/1428 1899/5710/1428 1904/5709/1428
o cube
v -0.8807399847049411 2.1915624449277287 3.2046481087551557
v -0.7686165652881316 2.0579389570237985 3.132395563307465
v -0.9284667555677287 2.2484409955663764 3.025393537309069
v -0.8163433361509194 2.1148175076624462 2.9531409918613782
v -0.5692113665220463 2.225259785763253 3.132395563307465
v -0.6813347859388557 2.3588832736671828 3.2046481087551557
v -0.6169381373848339 2.282138336401901 2.9531409918613782
v -0.7290615568016434 2.415761824305831 3.025393537309069
vt 0.5302734375 0.357421875
vt 0.5341796875 0.357421875
vt 0.5341796875 0.3544921875
vt 0.5302734375 0.3544921875
vt 0.52734375 0.357421875
vt 0.5302734375 0.357421875
vt 0.5302734375 0.3544921875
vt 0.52734375 0.3544921875
vt 0.537109375 0.357421875
vt 0.541015625 0.357421875
vt 0.541015625 0.3544921875
vt 0.537109375 0.3544921875
vt 0.5341796875 0.357421875
vt 0.537109375 0.357421875
vt 0.537109375 0.3544921875
vt 0.5341796875 0.3544921875
vt 0.5341796875 0.357421875
vt 0.5302734375 0.357421875
vt 0.5302734375 0.3603515625
vt 0.5341796875 0.3603515625
vt 0.5380859375 0.3603515625
vt 0.5341796875 0.3603515625
vt 0.5341796875 0.357421875
vt 0.5380859375 0.357421875
vn 0.5938583163412476 -0.7077327819916301 -0.3826834323650898
vn -0.7660444431189779 -0.6427876096865396 2.7755575615628926e-17
vn -0.5938583163412476 0.7077327819916301 0.3826834323650898
vn 0.7660444431189779 0.6427876096865396 -2.7755575615628926e-17
vn 0.2459841687565967 -0.29315251683697435 0.9238795325112867
vn -0.2459841687565967 0.29315251683697435 -0.9238795325112867
usemtl m_a520c05c-83fc-6d1a-7b60-0c8dd74607e0
f 1908/5716/1429 1911/5715/1429 1909/5714/1429 1906/5713/1429
f 1907/5720/1430 1908/5719/1430 1906/5718/1430 1905/5717/1430
f 1912/5724/1431 1907/5723/1431 1905/5722/1431 1910/5721/1431
f 1911/5728/1432 1912/5727/1432 1910/5726/1432 1909/5725/1432
f 1910/5732/1433 1905/5731/1433 1906/5730/1433 1909/5729/1433
f 1911/5736/1434 1908/5735/1434 1907/5734/1434 1912/5733/1434
o cube
v -0.9255563895091725 2.2449725563603278 3.295534734634129
v -0.839740839527302 2.1427015663689857 3.1620294388122026
v -1.0137439630151437 2.350070413908235 3.1583392252978855
v -0.9279284130332732 2.247799423916893 3.0248339294759594
v -0.6403356407612169 2.31002239510844 3.1620294388122026
v -0.7261511907430872 2.4122933850997823 3.295534734634129
v -0.728523214267188 2.4151202526563473 3.0248339294759594
v -0.8143387642490584 2.5173912426476894 3.1583392252978855
vt 0.5439453125 0.357421875
vt 0.5478515625 0.357421875
vt 0.5478515625 0.3544921875
vt 0.5439453125 0.3544921875
vt 0.541015625 0.357421875
vt 0.5439453125 0.357421875
vt 0.5439453125 0.3544921875
vt 0.541015625 0.3544921875
vt 0.55078125 0.357421875
vt 0.5546875 0.357421875
vt 0.5546875 0.3544921875
vt 0.55078125 0.3544921875
vt 0.5478515625 0.357421875
vt 0.55078125 0.357421875
vt 0.55078125 0.3544921875
vt 0.5478515625 0.3544921875
vt 0.5478515625 0.357421875
vt 0.5439453125 0.357421875
vt 0.5439453125 0.3603515625
vt 0.5478515625 0.3603515625
vt 0.5517578125 0.3603515625
vt 0.5478515625 0.3603515625
vt 0.5478515625 0.357421875
vt 0.5517578125 0.357421875
vn 0.4545194776720439 -0.5416752204197017 -0.7071067811865475
vn -0.7660444431189778 -0.6427876096865397 2.775557561562892e-17
vn -0.4545194776720439 0.5416752204197017 0.7071067811865475
vn 0.7660444431189778 0.6427876096865397 -2.775557561562892e-17
vn 0.454519477672044 -0.5416752204197017 0.7071067811865476
vn -0.454519477672044 0.5416752204197017 -0.7071067811865476
usemtl m_a520c05c-83fc-6d1a-7b60-0c8dd74607e0
f 1916/5740/1435 1919/5739/1435 1917/5738/1435 1914/5737/1435
f 1915/5744/1436 1916/5743/1436 1914/5742/1436 1913/5741/1436
f 1920/5748/1437 1915/5747/1437 1913/5746/1437 1918/5745/1437
f 1919/5752/1438 1920/5751/1438 1918/5750/1438 1917/5749/1438
f 1918/5756/1439 1913/5755/1439 1914/5754/1439 1917/5753/1439
f 1919/5760/1440 1916/5759/1440 1915/5758/1440 1920/5757/1440
o cube
v -0.9446046775106115 2.2676734220188117 3.4061844627361606
v -0.8981616365285222 2.212324761077407 3.231751387600367
v -1.0598272950158265 2.40499039037876 3.3319347881258143
v -1.0133842540337372 2.3496417294373555 3.1575017129900207
v -0.6987564377624369 2.379645589816861 3.231751387600367
v -0.7451994787445262 2.4349942507582663 3.4061844627361606
v -0.813979055267652 2.51696255817681 3.1575017129900207
v -0.8604220962497413 2.5723112191182147 3.3319347881258143
vt 0.5576171875 0.357421875
vt 0.5615234375 0.357421875
vt 0.5615234375 0.3544921875
vt 0.5576171875 0.3544921875
vt 0.5546875 0.357421875
vt 0.5576171875 0.357421875
vt 0.5576171875 0.3544921875
vt 0.5546875 0.3544921875
vt 0.564453125 0.357421875
vt 0.568359375 0.357421875
vt 0.568359375 0.3544921875
vt 0.564453125 0.3544921875
vt 0.5615234375 0.357421875
vt 0.564453125 0.357421875
vt 0.564453125 0.3544921875
vt 0.5615234375 0.3544921875
vt 0.5615234375 0.357421875
vt 0.5576171875 0.357421875
vt 0.5576171875 0.3603515625
vt 0.5615234375 0.3603515625
vt 0.5654296875 0.3603515625
vt 0.5615234375 0.3603515625
vt 0.5615234375 0.357421875
vt 0.5654296875 0.357421875
vn 0.24598416875659662 -0.29315251683697424 -0.9238795325112868
vn -0.7660444431189777 -0.6427876096865397 2.775557561562892e-17
vn -0.24598416875659662 0.29315251683697424 0.9238795325112868
vn 0.7660444431189777 0.6427876096865397 -2.775557561562892e-17
vn 0.5938583163412476 -0.7077327819916303 0.38268343236508967
vn -0.5938583163412476 0.7077327819916303 -0.38268343236508967
usemtl m_a520c05c-83fc-6d1a-7b60-0c8dd74607e0
f 1924/5764/1441 1927/5763/1441 1925/5762/1441 1922/5761/1441
f 1923/5768/1442 1924/5767/1442 1922/5766/1442 1921/5765/1442
f 1928/5772/1443 1923/5771/1443 1921/5770/1443 1926/5769/1443
f 1927/5776/1444 1928/5775/1444 1926/5774/1444 1925/5773/1444
f 1926/5780/1445 1921/5779/1445 1922/5778/1445 1925/5777/1445
f 1927/5784/1446 1924/5783/1446 1923/5782/1446 1928/5781/1446
o cube
v -0.7439786290002812 2.028576607938646 3.1323955633074654
v -0.6318552095834719 1.8949531200347158 3.204648108755156
v -0.6962518581374936 1.9716980572999978 2.9531409918613782
v -0.5841284387206841 1.8380745693960678 3.0253935373090695
v -0.43245001081738654 2.06227394877417 3.204648108755156
v -0.544573430234196 2.1958974366781003 3.1323955633074654
v -0.3847232399545988 2.0053953981355224 3.0253935373090695
v -0.49684665937140826 2.1390188860394526 2.9531409918613782
vt 0.5712890625 0.357421875
vt 0.5751953125 0.357421875
vt 0.5751953125 0.3544921875
vt 0.5712890625 0.3544921875
vt 0.568359375 0.357421875
vt 0.5712890625 0.357421875
vt 0.5712890625 0.3544921875
vt 0.568359375 0.3544921875
vt 0.578125 0.357421875
vt 0.58203125 0.357421875
vt 0.58203125 0.3544921875
vt 0.578125 0.3544921875
vt 0.5751953125 0.357421875
vt 0.578125 0.357421875
vt 0.578125 0.3544921875
vt 0.5751953125 0.3544921875
vt 0.5751953125 0.357421875
vt 0.5712890625 0.357421875
vt 0.5712890625 0.3603515625
vt 0.5751953125 0.3603515625
vt 0.5791015625 0.3603515625
vt 0.5751953125 0.3603515625
vt 0.5751953125 0.357421875
vt 0.5791015625 0.357421875
vn 0.5938583163412477 -0.7077327819916303 0.3826834323650898
vn -0.7660444431189778 -0.6427876096865396 0
vn -0.5938583163412477 0.7077327819916303 -0.3826834323650898
vn 0.7660444431189778 0.6427876096865396 0
vn -0.24598416875659665 0.29315251683697424 0.9238795325112867
vn 0.24598416875659665 -0.29315251683697424 -0.9238795325112867
usemtl m_a520c05c-83fc-6d1a-7b60-0c8dd74607e0
f 1932/5788/1447 1935/5787/1447 1933/5786/1447 1930/5785/1447
f 1931/5792/1448 1932/5791/1448 1930/5790/1448 1929/5789/1448
f 1936/5796/1449 1931/5795/1449 1929/5794/1449 1934/5793/1449
f 1935/5800/1450 1936/5799/1450 1934/5798/1450 1933/5797/1450
f 1934/5804/1451 1929/5803/1451 1930/5802/1451 1933/5801/1451
f 1935/5808/1452 1932/5807/1452 1931/5806/1452 1936/5805/1452
o cube
v -0.6728543547611109 1.9438139985934586 3.162029438812203
v -0.5870388047792405 1.8415430086021167 3.2955347346341295
v -0.5846667812551397 1.8387161410455515 3.02483392947596
v -0.4988512312732693 1.7364451510542096 3.158339225297886
v -0.38763360601315516 2.008863837341571 3.2955347346341295
v -0.4734491559950256 2.111134827332913 3.162029438812203
v -0.299446032507184 1.9037659797936641 3.158339225297886
v -0.3852615824890544 2.006036969785006 3.02483392947596
vt 0.5849609375 0.357421875
vt 0.5888671875 0.357421875
vt 0.5888671875 0.3544921875
vt 0.5849609375 0.3544921875
vt 0.58203125 0.357421875
vt 0.5849609375 0.357421875
vt 0.5849609375 0.3544921875
vt 0.58203125 0.3544921875
vt 0.591796875 0.357421875
vt 0.595703125 0.357421875
vt 0.595703125 0.3544921875
vt 0.591796875 0.3544921875
vt 0.5888671875 0.357421875
vt 0.591796875 0.357421875
vt 0.591796875 0.3544921875
vt 0.5888671875 0.3544921875
vt 0.5888671875 0.357421875
vt 0.5849609375 0.357421875
vt 0.5849609375 0.3603515625
vt 0.5888671875 0.3603515625
vt 0.5927734375 0.3603515625
vt 0.5888671875 0.3603515625
vt 0.5888671875 0.357421875
vt 0.5927734375 0.357421875
vn 0.454519477672044 -0.5416752204197018 0.7071067811865475
vn -0.7660444431189778 -0.6427876096865397 -5.551115123125784e-17
vn -0.454519477672044 0.5416752204197018 -0.7071067811865475
vn 0.7660444431189778 0.6427876096865397 5.551115123125784e-17
vn -0.45451947767204387 0.5416752204197016 0.7071067811865477
vn 0.45451947767204387 -0.5416752204197016 -0.7071067811865477
usemtl m_a520c05c-83fc-6d1a-7b60-0c8dd74607e0
f 1940/5812/1453 1943/5811/1453 1941/5810/1453 1938/5809/1453
f 1939/5816/1454 1940/5815/1454 1938/5814/1454 1937/5813/1454
f 1944/5820/1455 1939/5819/1455 1937/5818/1455 1942/5817/1455
f 1943/5824/1456 1944/5823/1456 1942/5822/1456 1941/5821/1456
f 1942/5828/1457 1937/5827/1457 1938/5826/1457 1941/5825/1457
f 1943/5832/1458 1940/5831/1458 1939/5830/1458 1944/5829/1458
o cube
v -0.614433557759891 1.8741908038850377 3.2317513876003674
v -0.5679905167778017 1.8188421429436328 3.4061844627361615
v -0.4992109402546759 1.7368738355250892 3.1575017129900216
v -0.4527678992725866 1.6815251745836841 3.3319347881258152
v -0.36858531801171635 1.9861629716830873 3.4061844627361615
v -0.41502835899380564 2.041511632624492 3.2317513876003674
v -0.2533627005065013 1.8488460033231386 3.3319347881258152
v -0.29980574148859057 1.9041946642645438 3.1575017129900216
vt 0.5986328125 0.357421875
vt 0.6025390625 0.357421875
vt 0.6025390625 0.3544921875
vt 0.5986328125 0.3544921875
vt 0.595703125 0.357421875
vt 0.5986328125 0.357421875
vt 0.5986328125 0.3544921875
vt 0.595703125 0.3544921875
vt 0.60546875 0.357421875
vt 0.609375 0.357421875
vt 0.609375 0.3544921875
vt 0.60546875 0.3544921875
vt 0.6025390625 0.357421875
vt 0.60546875 0.357421875
vt 0.60546875 0.3544921875
vt 0.6025390625 0.3544921875
vt 0.6025390625 0.357421875
vt 0.5986328125 0.357421875
vt 0.5986328125 0.3603515625
vt 0.6025390625 0.3603515625
vt 0.6064453125 0.3603515625
vt 0.6025390625 0.3603515625
vt 0.6025390625 0.357421875
vt 0.6064453125 0.357421875
vn 0.24598416875659668 -0.2931525168369743 0.9238795325112866
vn -0.7660444431189778 -0.6427876096865398 -2.775557561562892e-17
vn -0.24598416875659668 0.2931525168369743 -0.9238795325112866
vn 0.7660444431189778 0.6427876096865398 2.775557561562892e-17
vn -0.5938583163412476 0.7077327819916303 0.3826834323650898
vn 0.5938583163412476 -0.7077327819916303 -0.3826834323650898
usemtl m_a520c05c-83fc-6d1a-7b60-0c8dd74607e0
f 1948/5836/1459 1951/5835/1459 1949/5834/1459 1946/5833/1459
f 1947/5840/1460 1948/5839/1460 1946/5838/1460 1945/5837/1460
f 1952/5844/1461 1947/5843/1461 1945/5842/1461 1950/5841/1461
f 1951/5848/1462 1952/5847/1462 1950/5846/1462 1949/5845/1462
f 1950/5852/1463 1945/5851/1463 1946/5850/1463 1949/5849/1463
f 1951/5856/1464 1948/5855/1464 1947/5854/1464 1952/5853/1464
o cube
v -0.5195951416528409 1.7854749655682096 3.1095875
v -0.9255315868601327 2.269251182508922 3.1095875
v -0.519595141652841 1.7854749655682098 3.74111125
v -0.9255315868601328 2.2692511825089223 3.74111125
v -0.7500652769415154 2.416484898445672 3.1095875
v -0.34412883173422365 1.93270868150496 3.1095875
v -0.7500652769415155 2.416484898445672 3.74111125
v -0.3441288317342237 1.93270868150496 3.74111125
vt 0.638671875 0.97265625
vt 0.6416015625 0.97265625
vt 0.6416015625 0.962890625
vt 0.638671875 0.962890625
vt 0.62890625 0.97265625
vt 0.638671875 0.97265625
vt 0.638671875 0.962890625
vt 0.62890625 0.962890625
vt 0.6513671875 0.97265625
vt 0.654296875 0.97265625
vt 0.654296875 0.962890625
vt 0.6513671875 0.962890625
vt 0.6416015625 0.97265625
vt 0.6513671875 0.97265625
vt 0.6513671875 0.962890625
vt 0.6416015625 0.962890625
vt 0.6416015625 0.97265625
vt 0.638671875 0.97265625
vt 0.638671875 0.982421875
vt 0.6416015625 0.982421875
vt 0.64453125 0.982421875
vt 0.6416015625 0.982421875
vt 0.6416015625 0.97265625
vt 0.64453125 0.97265625
vn -0.6427876096865397 0.7660444431189778 -2.2204460492503126e-16
vn -0.7660444431189778 -0.6427876096865397 0
vn 0.6427876096865397 -0.7660444431189778 2.2204460492503126e-16
vn 0.7660444431189778 0.6427876096865397 0
vn 1.4272752084355296e-16 -1.700960357273691e-16 -1
vn -1.4272752084355296e-16 1.700960357273691e-16 1
usemtl m_a520c05c-83fc-6d1a-7b60-0c8dd74607e0
f 1956/5860/1465 1959/5859/1465 1957/5858/1465 1954/5857/1465
f 1955/5864/1466 1956/5863/1466 1954/5862/1466 1953/5861/1466
f 1960/5868/1467 1955/5867/1467 1953/5866/1467 1958/5865/1467
f 1959/5872/1468 1960/5871/1468 1958/5870/1468 1957/5869/1468
f 1958/5876/1469 1953/5875/1469 1954/5874/1469 1957/5873/1469
f 1959/5880/1470 1956/5879/1470 1955/5878/1470 1960/5877/1470
o cube
v -0.6956168398207734 1.9709412719396835 3.7033375
v -0.8169783544676407 2.115574293022762 3.7033375
v -0.6956168398207734 1.9709412719396835 3.8973612499999994
v -0.8169783544676407 2.115574293022762 3.8973612499999994
v -0.6175731557015554 2.2828951217622167 3.7033375
v -0.49621164105468807 2.138262100679138 3.7033375
v -0.6175731557015554 2.2828951217622167 3.8973612499999994
v -0.49621164105468807 2.138262100679138 3.8973612499999994
vt 0.6123046875 0.357421875
vt 0.6162109375 0.357421875
vt 0.6162109375 0.3544921875
vt 0.6123046875 0.3544921875
vt 0.609375 0.357421875
vt 0.6123046875 0.357421875
vt 0.6123046875 0.3544921875
vt 0.609375 0.3544921875
vt 0.619140625 0.357421875
vt 0.623046875 0.357421875
vt 0.623046875 0.3544921875
vt 0.619140625 0.3544921875
vt 0.6162109375 0.357421875
vt 0.619140625 0.357421875
vt 0.619140625 0.3544921875
vt 0.6162109375 0.3544921875
vt 0.6162109375 0.357421875
vt 0.6123046875 0.357421875
vt 0.6123046875 0.3603515625
vt 0.6162109375 0.3603515625
vt 0.6201171875 0.3603515625
vt 0.6162109375 0.3603515625
vt 0.6162109375 0.357421875
vt 0.6201171875 0.357421875
vn -0.6427876096865397 0.7660444431189778 -2.2204460492503126e-16
vn -0.7660444431189778 -0.6427876096865397 0
vn 0.6427876096865397 -0.7660444431189778 2.2204460492503126e-16
vn 0.7660444431189778 0.6427876096865397 0
vn 1.4272752084355296e-16 -1.700960357273691e-16 -1
vn -1.4272752084355296e-16 1.700960357273691e-16 1
usemtl m_a520c05c-83fc-6d1a-7b60-0c8dd74607e0
f 1964/5884/1471 1967/5883/1471 1965/5882/1471 1962/5881/1471
f 1963/5888/1472 1964/5887/1472 1962/5886/1472 1961/5885/1472
f 1968/5892/1473 1963/5891/1473 1961/5890/1473 1966/5889/1473
f 1967/5896/1474 1968/5895/1474 1966/5894/1474 1965/5893/1474
f 1966/5900/1475 1961/5899/1475 1962/5898/1475 1965/5897/1475
f 1967/5904/1476 1964/5903/1476 1963/5902/1476 1968/5901/1476
o cube
v -0.6318552095834723 1.8949531200347165 3.6460506412448437
v -0.7439786290002818 2.0285766079386462 3.7183031866925345
v -0.5841284387206847 1.8380745693960685 3.8253052126909304
v -0.6962518581374941 1.9716980572999985 3.897557758138621
v -0.5445734302341965 2.195897436678101 3.7183031866925345
v -0.43245001081738704 2.062273948774171 3.6460506412448437
v -0.4968466593714088 2.139018886039453 3.897557758138621
v -0.38472323995459934 2.005395398135523 3.8253052126909304
vt 0.6259765625 0.357421875
vt 0.6298828125 0.357421875
vt 0.6298828125 0.3544921875
vt 0.6259765625 0.3544921875
vt 0.623046875 0.357421875
vt 0.6259765625 0.357421875
vt 0.6259765625 0.3544921875
vt 0.623046875 0.3544921875
vt 0.6328125 0.357421875
vt 0.63671875 0.357421875
vt 0.63671875 0.3544921875
vt 0.6328125 0.3544921875
vt 0.6298828125 0.357421875
vt 0.6328125 0.357421875
vt 0.6328125 0.3544921875
vt 0.6298828125 0.3544921875
vt 0.6298828125 0.357421875
vt 0.6259765625 0.357421875
vt 0.6259765625 0.3603515625
vt 0.6298828125 0.3603515625
vt 0.6337890625 0.3603515625
vt 0.6298828125 0.3603515625
vt 0.6298828125 0.357421875
vt 0.6337890625 0.357421875
vn -0.5938583163412477 0.7077327819916303 0.3826834323650898
vn -0.7660444431189778 -0.6427876096865396 0
vn 0.5938583163412477 -0.7077327819916303 -0.3826834323650898
vn 0.7660444431189778 0.6427876096865396 0
vn -0.24598416875659665 0.29315251683697424 -0.9238795325112867
vn 0.24598416875659665 -0.29315251683697424 0.9238795325112867
usemtl m_a520c05c-83fc-6d1a-7b60-0c8dd74607e0
f 1972/5908/1477 1975/5907/1477 1973/5906/1477 1970/5905/1477
f 1971/5912/1478 1972/5911/1478 1970/5910/1478 1969/5909/1478
f 1976/5916/1479 1971/5915/1479 1969/5914/1479 1974/5913/1479
f 1975/5920/1480 1976/5919/1480 1974/5918/1480 1973/5917/1480
f 1974/5924/1481 1969/5923/1481 1970/5922/1481 1973/5921/1481
f 1975/5928/1482 1972/5927/1482 1971/5926/1482 1976/5925/1482
o cube
v -0.5870388047792409 1.8415430086021172 3.5551640153658703
v -0.6728543547611112 1.943813998593459 3.688669311187797
v -0.4988512312732697 1.73644515105421 3.692359524702114
v -0.58466678125514 1.838716141045552 3.8258648205240404
v -0.47344915599502596 2.1111348273329136 3.688669311187797
v -0.38763360601315555 2.0088638373415715 3.5551640153658703
v -0.3852615824890548 2.0060369697850065 3.8258648205240404
v -0.2994460325071844 1.9037659797936646 3.692359524702114
vt 0.6396484375 0.357421875
vt 0.6435546875 0.357421875
vt 0.6435546875 0.3544921875
vt 0.6396484375 0.3544921875
vt 0.63671875 0.357421875
vt 0.6396484375 0.357421875
vt 0.6396484375 0.3544921875
vt 0.63671875 0.3544921875
vt 0.646484375 0.357421875
vt 0.650390625 0.357421875
vt 0.650390625 0.3544921875
vt 0.646484375 0.3544921875
vt 0.6435546875 0.357421875
vt 0.646484375 0.357421875
vt 0.646484375 0.3544921875
vt 0.6435546875 0.3544921875
vt 0.6435546875 0.357421875
vt 0.6396484375 0.357421875
vt 0.6396484375 0.3603515625
vt 0.6435546875 0.3603515625
vt 0.6474609375 0.3603515625
vt 0.6435546875 0.3603515625
vt 0.6435546875 0.357421875
vt 0.6474609375 0.357421875
vn -0.454519477672044 0.5416752204197018 0.7071067811865475
vn -0.7660444431189778 -0.6427876096865397 5.551115123125784e-17
vn 0.454519477672044 -0.5416752204197018 -0.7071067811865475
vn 0.7660444431189778 0.6427876096865397 -5.551115123125784e-17
vn -0.45451947767204387 0.5416752204197016 -0.7071067811865477
vn 0.45451947767204387 -0.5416752204197016 0.7071067811865477
usemtl m_a520c05c-83fc-6d1a-7b60-0c8dd74607e0
f 1980/5932/1483 1983/5931/1483 1981/5930/1483 1978/5929/1483
f 1979/5936/1484 1980/5935/1484 1978/5934/1484 1977/5933/1484
f 1984/5940/1485 1979/5939/1485 1977/5938/1485 1982/5937/1485
f 1983/5944/1486 1984/5943/1486 1982/5942/1486 1981/5941/1486
f 1982/5948/1487 1977/5947/1487 1978/5946/1487 1981/5945/1487
f 1983/5952/1488 1980/5951/1488 1979/5950/1488 1984/5949/1488
o cube
v -0.5679905167778019 1.818842142943633 3.444514287263839
v -0.6144335577598912 1.8741908038850381 3.6189473623996324
v -0.4527678992725868 1.6815251745836846 3.518763961874185
v -0.4992109402546761 1.7368738355250897 3.6931970370099787
v -0.41502835899380586 2.0415116326244926 3.6189473623996324
v -0.36858531801171657 1.9861629716830875 3.444514287263839
v -0.2998057414885908 1.904194664264544 3.6931970370099787
v -0.2533627005065015 1.848846003323139 3.518763961874185
vt 0.0029296875 0.3564453125
vt 0.0068359375 0.3564453125
vt 0.0068359375 0.353515625
vt 0.0029296875 0.353515625
vt 0 0.3564453125
vt 0.0029296875 0.3564453125
vt 0.0029296875 0.353515625
vt 0 0.353515625
vt 0.009765625 0.3564453125
vt 0.013671875 0.3564453125
vt 0.013671875 0.353515625
vt 0.009765625 0.353515625
vt 0.0068359375 0.3564453125
vt 0.009765625 0.3564453125
vt 0.009765625 0.353515625
vt 0.0068359375 0.353515625
vt 0.0068359375 0.3564453125
vt 0.0029296875 0.3564453125
vt 0.0029296875 0.359375
vt 0.0068359375 0.359375
vt 0.0107421875 0.359375
vt 0.0068359375 0.359375
vt 0.0068359375 0.3564453125
vt 0.0107421875 0.3564453125
vn -0.24598416875659668 0.2931525168369743 0.9238795325112866
vn -0.7660444431189778 -0.6427876096865398 2.775557561562892e-17
vn 0.24598416875659668 -0.2931525168369743 -0.9238795325112866
vn 0.7660444431189778 0.6427876096865398 -2.775557561562892e-17
vn -0.5938583163412476 0.7077327819916303 -0.3826834323650898
vn 0.5938583163412476 -0.7077327819916303 0.3826834323650898
usemtl m_a520c05c-83fc-6d1a-7b60-0c8dd74607e0
f 1988/5956/1489 1991/5955/1489 1989/5954/1489 1986/5953/1489
f 1987/5960/1490 1988/5959/1490 1986/5958/1490 1985/5957/1490
f 1992/5964/1491 1987/5963/1491 1985/5962/1491 1990/5961/1491
f 1991/5968/1492 1992/5967/1492 1990/5966/1492 1989/5965/1492
f 1990/5972/1493 1985/5971/1493 1986/5970/1493 1989/5969/1493
f 1991/5976/1494 1988/5975/1494 1987/5974/1494 1992/5973/1494
o cube
v -0.768616565288132 2.0579389570237994 3.718303186692534
v -0.8807399847049415 2.191562444927729 3.6460506412448432
v -0.8163433361509198 2.114817507662447 3.8975577581386207
v -0.9284667555677293 2.248440995566377 3.82530521269093
v -0.6813347859388562 2.3588832736671836 3.6460506412448432
v -0.5692113665220468 2.225259785763254 3.718303186692534
v -0.7290615568016439 2.4157618243058314 3.82530521269093
v -0.6169381373848345 2.2821383364019017 3.8975577581386207
vt 0.0166015625 0.3564453125
vt 0.0205078125 0.3564453125
vt 0.0205078125 0.353515625
vt 0.0166015625 0.353515625
vt 0.013671875 0.3564453125
vt 0.0166015625 0.3564453125
vt 0.0166015625 0.353515625
vt 0.013671875 0.353515625
vt 0.0234375 0.3564453125
vt 0.02734375 0.3564453125
vt 0.02734375 0.353515625
vt 0.0234375 0.353515625
vt 0.0205078125 0.3564453125
vt 0.0234375 0.3564453125
vt 0.0234375 0.353515625
vt 0.0205078125 0.353515625
vt 0.0205078125 0.3564453125
vt 0.0166015625 0.3564453125
vt 0.0166015625 0.359375
vt 0.0205078125 0.359375
vt 0.0244140625 0.359375
vt 0.0205078125 0.359375
vt 0.0205078125 0.3564453125
vt 0.0244140625 0.3564453125
vn -0.5938583163412476 0.7077327819916301 -0.3826834323650898
vn -0.7660444431189779 -0.6427876096865396 -2.7755575615628926e-17
vn 0.5938583163412476 -0.7077327819916301 0.3826834323650898
vn 0.7660444431189779 0.6427876096865396 2.7755575615628926e-17
vn 0.2459841687565967 -0.29315251683697435 -0.9238795325112867
vn -0.2459841687565967 0.29315251683697435 0.9238795325112867
usemtl m_a520c05c-83fc-6d1a-7b60-0c8dd74607e0
f 1996/5980/1495 1999/5979/1495 1997/5978/1495 1994/5977/1495
f 1995/5984/1496 1996/5983/1496 1994/5982/1496 1993/5981/1496
f 2000/5988/1497 1995/5987/1497 1993/5986/1497 1998/5985/1497
f 1999/5992/1498 2000/5991/1498 1998/5990/1498 1997/5989/1498
f 1998/5996/1499 1993/5995/1499 1994/5994/1499 1997/5993/1499
f 1999/6000/1500 1996/5999/1500 1995/5998/1500 2000/5997/1500
o cube
v -0.8397408395273025 2.142701566368986 3.6886693111877964
v -0.925556389509173 2.244972556360328 3.55516401536587
v -0.9279284130332737 2.2477994239168932 3.8258648205240395
v -1.0137439630151441 2.3500704139082353 3.6923595247021135
v -0.7261511907430875 2.4122933850997827 3.55516401536587
v -0.6403356407612172 2.3100223951084407 3.6886693111877964
v -0.8143387642490587 2.51739124264769 3.6923595247021135
v -0.7285232142671884 2.4151202526563478 3.8258648205240395
vt 0.6435546875 0.716796875
vt 0.6474609375 0.716796875
vt 0.6474609375 0.7138671875
vt 0.6435546875 0.7138671875
vt 0.640625 0.716796875
vt 0.6435546875 0.716796875
vt 0.6435546875 0.7138671875
vt 0.640625 0.7138671875
vt 0.650390625 0.716796875
vt 0.654296875 0.716796875
vt 0.654296875 0.7138671875
vt 0.650390625 0.7138671875
vt 0.6474609375 0.716796875
vt 0.650390625 0.716796875
vt 0.650390625 0.7138671875
vt 0.6474609375 0.7138671875
vt 0.6474609375 0.716796875
vt 0.6435546875 0.716796875
vt 0.6435546875 0.7197265625
vt 0.6474609375 0.7197265625
vt 0.6513671875 0.7197265625
vt 0.6474609375 0.7197265625
vt 0.6474609375 0.716796875
vt 0.6513671875 0.716796875
vn -0.4545194776720439 0.5416752204197017 -0.7071067811865475
vn -0.7660444431189778 -0.6427876096865397 -2.775557561562892e-17
vn 0.4545194776720439 -0.5416752204197017 0.7071067811865475
vn 0.7660444431189778 0.6427876096865397 2.775557561562892e-17
vn 0.454519477672044 -0.5416752204197017 -0.7071067811865476
vn -0.454519477672044 0.5416752204197017 0.7071067811865476
usemtl m_a520c05c-83fc-6d1a-7b60-0c8dd74607e0
f 2004/6004/1501 2007/6003/1501 2005/6002/1501 2002/6001/1501
f 2003/6008/1502 2004/6007/1502 2002/6006/1502 2001/6005/1502
f 2008/6012/1503 2003/6011/1503 2001/6010/1503 2006/6009/1503
f 2007/6016/1504 2008/6015/1504 2006/6014/1504 2005/6013/1504
f 2006/6020/1505 2001/6019/1505 2002/6018/1505 2005/6017/1505
f 2007/6024/1506 2004/6023/1506 2003/6022/1506 2008/6021/1506
o cube
v -0.8981616365285224 2.212324761077407 3.618947362399632
v -0.9446046775106117 2.267673422018812 3.444514287263838
v -1.0133842540337374 2.3496417294373555 3.693197037009978
v -1.0598272950158267 2.4049903903787606 3.518763961874184
v -0.7451994787445264 2.4349942507582667 3.444514287263838
v -0.6987564377624371 2.3796455898168616 3.618947362399632
v -0.8604220962497415 2.572311219118215 3.518763961874184
v -0.8139790552676522 2.51696255817681 3.693197037009978
vt 0.6435546875 0.7109375
vt 0.6474609375 0.7109375
vt 0.6474609375 0.7080078125
vt 0.6435546875 0.7080078125
vt 0.640625 0.7109375
vt 0.6435546875 0.7109375
vt 0.6435546875 0.7080078125
vt 0.640625 0.7080078125
vt 0.650390625 0.7109375
vt 0.654296875 0.7109375
vt 0.654296875 0.7080078125
vt 0.650390625 0.7080078125
vt 0.6474609375 0.7109375
vt 0.650390625 0.7109375
vt 0.650390625 0.7080078125
vt 0.6474609375 0.7080078125
vt 0.6474609375 0.7109375
vt 0.6435546875 0.7109375
vt 0.6435546875 0.7138671875
vt 0.6474609375 0.7138671875
vt 0.6513671875 0.7138671875
vt 0.6474609375 0.7138671875
vt 0.6474609375 0.7109375
vt 0.6513671875 0.7109375
vn -0.24598416875659662 0.29315251683697424 -0.9238795325112868
vn -0.7660444431189777 -0.6427876096865397 -2.775557561562892e-17
vn 0.24598416875659662 -0.29315251683697424 0.9238795325112868
vn 0.7660444431189777 0.6427876096865397 2.775557561562892e-17
vn 0.5938583163412476 -0.7077327819916303 -0.38268343236508967
vn -0.5938583163412476 0.7077327819916303 0.38268343236508967
usemtl m_a520c05c-83fc-6d1a-7b60-0c8dd74607e0
f 2012/6028/1507 2015/6027/1507 2013/6026/1507 2010/6025/1507
f 2011/6032/1508 2012/6031/1508 2010/6030/1508 2009/6029/1508
f 2016/6036/1509 2011/6035/1509 2009/6034/1509 2014/6033/1509
f 2015/6040/1510 2016/6039/1510 2014/6038/1510 2013/6037/1510
f 2014/6044/1511 2009/6043/1511 2010/6042/1511 2013/6041/1511
f 2015/6048/1512 2012/6047/1512 2011/6046/1512 2016/6045/1512
o cube
v -1.0597009820191183 2.404839856411142 3.330946875
v -1.0597009820191183 2.404839856411142 3.5197518750000003
v -0.9349849195341997 2.2562090408905364 3.330946875
v -0.9349849195341997 2.2562090408905364 3.5197518750000003
v -0.860295783253033 2.5721606851505965 3.5197518750000003
v -0.860295783253033 2.5721606851505965 3.330946875
v -0.7355797207681143 2.4235298696299905 3.5197518750000003
v -0.7355797207681144 2.4235298696299905 3.330946875
vt 0.6435546875 0.705078125
vt 0.6474609375 0.705078125
vt 0.6474609375 0.7021484375
vt 0.6435546875 0.7021484375
vt 0.640625 0.705078125
vt 0.6435546875 0.705078125
vt 0.6435546875 0.7021484375
vt 0.640625 0.7021484375
vt 0.650390625 0.705078125
vt 0.654296875 0.705078125
vt 0.654296875 0.7021484375
vt 0.650390625 0.7021484375
vt 0.6474609375 0.705078125
vt 0.650390625 0.705078125
vt 0.650390625 0.7021484375
vt 0.6474609375 0.7021484375
vt 0.6474609375 0.705078125
vt 0.6435546875 0.705078125
vt 0.6435546875 0.7080078125
vt 0.6474609375 0.7080078125
vt 0.6513671875 0.7080078125
vt 0.6474609375 0.7080078125
vt 0.6474609375 0.705078125
vt 0.6513671875 0.705078125
vn 7.871877887341991e-17 -9.381338752702731e-17 1
vn -0.7660444431189778 -0.6427876096865397 -1.2325951644078312e-32
vn -7.871877887341991e-17 9.381338752702731e-17 -1
vn 0.7660444431189778 0.6427876096865397 1.2325951644078312e-32
vn -0.6427876096865397 0.7660444431189778 1.2246467991473532e-16
vn 0.6427876096865397 -0.7660444431189778 -1.2246467991473532e-16
usemtl m_a520c05c-83fc-6d1a-7b60-0c8dd74607e0
f 2020/6052/1513 2023/6051/1513 2021/6050/1513 2018/6049/1513
f 2019/6056/1514 2020/6055/1514 2018/6054/1514 2017/6053/1514
f 2024/6060/1515 2019/6059/1515 2017/6058/1515 2022/6057/1515
f 2023/6064/1516 2024/6063/1516 2022/6062/1516 2021/6061/1516
f 2022/6068/1517 2017/6067/1517 2018/6066/1517 2021/6065/1517
f 2023/6072/1518 2020/6071/1518 2019/6070/1518 2024/6069/1518
o cube
v 0.43132677330013425 1.7736008566110082 3.2846287499999995
v 0.43132677330013414 1.7736008566110082 3.5647849999999996
v 0.5176563940247197 1.7504689044549704 3.2846287499999995
v 0.5176563940247196 1.7504689044549704 3.5647849999999996
v 0.5038365464046372 2.044211013882305 3.5647849999999996
v 0.5038365464046372 2.044211013882305 3.2846287499999995
v 0.5901661671292227 2.021079061726267 3.5647849999999996
v 0.5901661671292227 2.021079061726267 3.2846287499999995
vt 0.1484375 0.4111328125
vt 0.15234375 0.4111328125
vt 0.15234375 0.41015625
vt 0.1484375 0.41015625
vt 0.14453125 0.4111328125
vt 0.1484375 0.4111328125
vt 0.1484375 0.41015625
vt 0.14453125 0.41015625
vt 0.15625 0.4111328125
vt 0.16015625 0.4111328125
vt 0.16015625 0.41015625
vt 0.15625 0.41015625
vt 0.15234375 0.4111328125
vt 0.15625 0.4111328125
vt 0.15625 0.41015625
vt 0.15234375 0.41015625
vt 0.15234375 0.4111328125
vt 0.1484375 0.4111328125
vt 0.1484375 0.4150390625
vt 0.15234375 0.4150390625
vt 0.15625 0.4150390625
vt 0.15234375 0.4150390625
vt 0.15234375 0.4111328125
vt 0.15625 0.4111328125
vn -1.1829179713786698e-16 3.1696191514317606e-17 1
vn -0.2588190451025205 -0.9659258262890684 -1.8488927466117467e-32
vn 1.1829179713786698e-16 -3.1696191514317606e-17 -1
vn 0.2588190451025205 0.9659258262890684 1.8488927466117467e-32
vn -0.9659258262890684 0.2588190451025204 -1.224646799147353e-16
vn 0.9659258262890684 -0.2588190451025204 1.224646799147353e-16
usemtl m_a520c05c-83fc-6d1a-7b60-0c8dd74607e0
f 2028/6076/1519 2031/6075/1519 2029/6074/1519 2026/6073/1519
f 2027/6080/1520 2028/6079/1520 2026/6078/1520 2025/6077/1520
f 2032/6084/1521 2027/6083/1521 2025/6082/1521 2030/6081/1521
f 2031/6088/1522 2032/6087/1522 2030/6086/1522 2029/6085/1522
f 2030/6092/1523 2025/6091/1523 2026/6090/1523 2029/6089/1523
f 2031/6096/1524 2028/6095/1524 2027/6094/1524 2032/6093/1524
o cube
v 0.1565384939842408 1.8703621062992772 3.3069724999999996
v 0.15653849398424075 1.8703621062992772 3.5424412499999995
v 0.5018569768825826 1.777834297675126 3.3069724999999996
v 0.5018569768825826 1.777834297675126 3.5424412499999995
v 0.21748229101072483 2.097807453208281 3.5424412499999995
v 0.21748229101072486 2.097807453208281 3.3069724999999996
v 0.5628007739090666 2.00527964458413 3.5424412499999995
v 0.5628007739090666 2.00527964458413 3.3069724999999996
vt 0.6435546875 0.69921875
vt 0.646484375 0.69921875
vt 0.646484375 0.6943359375
vt 0.6435546875 0.6943359375
vt 0.640625 0.69921875
vt 0.6435546875 0.69921875
vt 0.6435546875 0.6943359375
vt 0.640625 0.6943359375
vt 0.6494140625 0.69921875
vt 0.65234375 0.69921875
vt 0.65234375 0.6943359375
vt 0.6494140625 0.6943359375
vt 0.646484375 0.69921875
vt 0.6494140625 0.69921875
vt 0.6494140625 0.6943359375
vt 0.646484375 0.6943359375
vt 0.646484375 0.69921875
vt 0.6435546875 0.69921875
vt 0.6435546875 0.7021484375
vt 0.646484375 0.7021484375
vt 0.6494140625 0.7021484375
vt 0.646484375 0.7021484375
vt 0.646484375 0.69921875
vt 0.6494140625 0.69921875
vn -1.1829179713786698e-16 3.1696191514317606e-17 1
vn -0.2588190451025205 -0.9659258262890684 -1.8488927466117467e-32
vn 1.1829179713786698e-16 -3.1696191514317606e-17 -1
vn 0.2588190451025205 0.9659258262890684 1.8488927466117467e-32
vn -0.9659258262890684 0.2588190451025204 -1.224646799147353e-16
vn 0.9659258262890684 -0.2588190451025204 1.224646799147353e-16
usemtl m_a520c05c-83fc-6d1a-7b60-0c8dd74607e0
f 2036/6100/1525 2039/6099/1525 2037/6098/1525 2034/6097/1525
f 2035/6104/1526 2036/6103/1526 2034/6102/1526 2033/6101/1526
f 2040/6108/1527 2035/6107/1527 2033/6106/1527 2038/6105/1527
f 2039/6112/1528 2040/6111/1528 2038/6110/1528 2037/6109/1528
f 2038/6116/1529 2033/6115/1529 2034/6114/1529 2037/6113/1529
f 2039/6120/1530 2036/6119/1530 2035/6118/1530 2040/6117/1530
o cube
v -0.18732669400528484 2.0494392705772873 3.3069724999999996
v -0.18732669400528484 2.0494392705772873 3.5424412499999995
v -0.5393954657071492 1.9873600470613597 3.3069724999999996
v -0.5393954657071492 1.9873600470613597 3.5424412499999995
v -0.1464379746702749 1.817547819985194 3.5424412499999995
v -0.14643797467027492 1.817547819985194 3.3069724999999996
v -0.49850674637213926 1.7554685964692665 3.5424412499999995
v -0.4985067463721393 1.7554685964692665 3.3069724999999996
vt 0.3310546875 0.3623046875
vt 0.333984375 0.3623046875
vt 0.333984375 0.357421875
vt 0.3310546875 0.357421875
vt 0.328125 0.3623046875
vt 0.3310546875 0.3623046875
vt 0.3310546875 0.357421875
vt 0.328125 0.357421875
vt 0.3369140625 0.3623046875
vt 0.33984375 0.3623046875
vt 0.33984375 0.357421875
vt 0.3369140625 0.357421875
vt 0.333984375 0.3623046875
vt 0.3369140625 0.3623046875
vt 0.3369140625 0.357421875
vt 0.333984375 0.357421875
vt 0.333984375 0.3623046875
vt 0.3310546875 0.3623046875
vt 0.3310546875 0.365234375
vt 0.333984375 0.365234375
vt 0.3369140625 0.365234375
vt 0.333984375 0.365234375
vt 0.333984375 0.3623046875
vt 0.3369140625 0.3623046875
vn 1.2060416625018974e-16 2.1265768495757685e-17 1
vn -0.1736481776669303 0.9848077530122082 1.8488927466117461e-32
vn -1.2060416625018974e-16 -2.1265768495757685e-17 -1
vn 0.1736481776669303 -0.9848077530122082 -1.8488927466117461e-32
vn 0.9848077530122081 0.1736481776669302 -1.2246467991473532e-16
vn -0.9848077530122081 -0.1736481776669302 1.2246467991473532e-16
usemtl m_a520c05c-83fc-6d1a-7b60-0c8dd74607e0
f 2044/6124/1531 2047/6123/1531 2045/6122/1531 2042/6121/1531
f 2043/6128/1532 2044/6127/1532 2042/6126/1532 2041/6125/1532
f 2048/6132/1533 2043/6131/1533 2041/6130/1533 2046/6129/1533
f 2047/6136/1534 2048/6135/1534 2046/6134/1534 2045/6133/1534
f 2046/6140/1535 2041/6139/1535 2042/6138/1535 2045/6137/1535
f 2047/6144/1536 2044/6143/1536 2043/6142/1536 2048/6141/1536
o cube
v -0.879121709816665 1.9047687058107798 3.5200974999999994
v -0.879121709816665 1.9047687058107798 3.3293162499999998
v 0.7231912795764792 2.1872997173804274 3.5200974999999994
v 0.7231912795764792 2.1872997173804274 3.3293162499999998
v -0.845992893421146 1.7168858516814196 3.3293162499999998
v -0.845992893421146 1.7168858516814196 3.5200974999999994
v 0.7563200959719983 1.9994168632510672 3.3293162499999998
v 0.7563200959719983 1.9994168632510672 3.5200974999999994
vt 0.1201171875 0.3662109375
vt 0.123046875 0.3662109375
vt 0.123046875 0.3408203125
vt 0.1201171875 0.3408203125
vt 0.1171875 0.3662109375
vt 0.1201171875 0.3662109375
vt 0.1201171875 0.3408203125
vt 0.1171875 0.3408203125
vt 0.1259765625 0.3662109375
vt 0.12890625 0.3662109375
vt 0.12890625 0.3408203125
vt 0.1259765625 0.3408203125
vt 0.123046875 0.3662109375
vt 0.1259765625 0.3662109375
vt 0.1259765625 0.3408203125
vt 0.123046875 0.3408203125
vt 0.123046875 0.3662109375
vt 0.1201171875 0.3662109375
vt 0.1201171875 0.369140625
vt 0.123046875 0.369140625
vt 0.1259765625 0.369140625
vt 0.123046875 0.369140625
vt 0.123046875 0.3662109375
vt 0.1259765625 0.3662109375
vn 0 0 -1
vn -0.1736481776669302 0.9848077530122081 0
vn 0 0 1
vn 0.1736481776669302 -0.9848077530122081 0
vn -0.9848077530122081 -0.1736481776669302 0
vn 0.9848077530122081 0.1736481776669302 0
usemtl m_a520c05c-83fc-6d1a-7b60-0c8dd74607e0
f 2052/6148/1537 2055/6147/1537 2053/6146/1537 2050/6145/1537
f 2051/6152/1538 2052/6151/1538 2050/6150/1538 2049/6149/1538
f 2056/6156/1539 2051/6155/1539 2049/6154/1539 2054/6153/1539
f 2055/6160/1540 2056/6159/1540 2054/6158/1540 2053/6157/1540
f 2054/6164/1541 2049/6163/1541 2050/6162/1541 2053/6161/1541
f 2055/6168/1542 2052/6167/1542 2051/6166/1542 2056/6165/1542
o cube
v -0.9729941650425059 2.490062023918162 3.5200974999999994
v -0.9729941650425059 2.490062023918162 3.3293162499999998
v 0.8446031097229503 2.2507708030872453 3.5200974999999994
v 0.8446031097229503 2.2507708030872453 3.3293162499999998
v -0.9978961151519877 2.30091293395919 3.3293162499999998
v -0.9978961151519877 2.30091293395919 3.5200974999999994
v 0.8197011596134685 2.061621713128273 3.3293162499999998
v 0.8197011596134685 2.061621713128273 3.5200974999999994
vt 0.3310546875 0.513671875
vt 0.333984375 0.513671875
vt 0.333984375 0.4853515625
vt 0.3310546875 0.4853515625
vt 0.328125 0.513671875
vt 0.3310546875 0.513671875
vt 0.3310546875 0.4853515625
vt 0.328125 0.4853515625
vt 0.3369140625 0.513671875
vt 0.33984375 0.513671875
vt 0.33984375 0.4853515625
vt 0.3369140625 0.4853515625
vt 0.333984375 0.513671875
vt 0.3369140625 0.513671875
vt 0.3369140625 0.4853515625
vt 0.333984375 0.4853515625
vt 0.333984375 0.513671875
vt 0.3310546875 0.513671875
vt 0.3310546875 0.5166015625
vt 0.333984375 0.5166015625
vt 0.3369140625 0.5166015625
vt 0.333984375 0.5166015625
vt 0.333984375 0.513671875
vt 0.3369140625 0.513671875
vn 0 0 -1
vn 0.13052619222005174 0.9914448613738105 0
vn 0 0 1
vn -0.13052619222005174 -0.9914448613738105 0
vn -0.9914448613738105 0.13052619222005174 0
vn 0.9914448613738105 -0.13052619222005174 0
usemtl m_a520c05c-83fc-6d1a-7b60-0c8dd74607e0
f 2060/6172/1543 2063/6171/1543 2061/6170/1543 2058/6169/1543
f 2059/6176/1544 2060/6175/1544 2058/6174/1544 2057/6173/1544
f 2064/6180/1545 2059/6179/1545 2057/6178/1545 2062/6177/1545
f 2063/6184/1546 2064/6183/1546 2062/6182/1546 2061/6181/1546
f 2062/6188/1547 2057/6187/1547 2058/6186/1547 2061/6185/1547
f 2063/6192/1548 2060/6191/1548 2059/6190/1548 2064/6189/1548
o cube
v -1.1035209674746045 2.5072461763367406 2.634433400819116
v -1.0018912355204899 2.493866368295844 2.473530126547626
v 0.2203809972259406 2.332951176123053 3.485129796346986
v 0.32201072918005486 2.3195713680821566 3.3242265220754956
v -1.026793185629972 2.304717278336872 2.473530126547626
v -1.128422917584086 2.3180970863777683 2.634433400819116
v 0.29710877907057315 2.1304222781231843 3.3242265220754956
v 0.1954790471164589 2.1438020861640807 3.485129796346986
vt 0.666015625 0.333984375
vt 0.6689453125 0.333984375
vt 0.6689453125 0.3095703125
vt 0.666015625 0.3095703125
vt 0.037109375 0.3330078125
vt 0.0400390625 0.3330078125
vt 0.0400390625 0.30859375
vt 0.037109375 0.30859375
vt 0.0400390625 0.3330078125
vt 0.04296875 0.3330078125
vt 0.04296875 0.30859375
vt 0.0400390625 0.30859375
vt 0.04296875 0.3330078125
vt 0.0458984375 0.3330078125
vt 0.0458984375 0.30859375
vt 0.04296875 0.30859375
vt 0.3740234375 0.5869140625
vt 0.37109375 0.5869140625
vt 0.37109375 0.58984375
vt 0.3740234375 0.58984375
vt 0.5458984375 0.48828125
vt 0.54296875 0.48828125
vt 0.54296875 0.4853515625
vt 0.5458984375 0.4853515625
vn 0.5327029357136195 -0.07013167195883609 -0.8433914458128857
vn 0.13052619222005188 0.9914448613738105 6.938893903907228e-17
vn -0.5327029357136195 0.07013167195883609 0.8433914458128857
vn -0.13052619222005188 -0.9914448613738105 -6.938893903907228e-17
vn -0.8361761150778141 0.11008467397292018 -0.537299608346824
vn 0.8361761150778141 -0.11008467397292018 0.537299608346824
usemtl m_a520c05c-83fc-6d1a-7b60-0c8dd74607e0
f 2068/6196/1549 2071/6195/1549 2069/6194/1549 2066/6193/1549
f 2067/6200/1550 2068/6199/1550 2066/6198/1550 2065/6197/1550
f 2072/6204/1551 2067/6203/1551 2065/6202/1551 2070/6201/1551
f 2071/6208/1552 2072/6207/1552 2070/6206/1552 2069/6205/1552
f 2070/6212/1553 2065/6211/1553 2066/6210/1553 2069/6209/1553
f 2071/6216/1554 2068/6215/1554 2067/6214/1554 2072/6213/1554
o cube
v 0.26016712232433287 1.7605273014551537 3.5197518749999994
v 0.26016712232433287 1.7605273014551537 3.330946874999999
v 0.3973626316605763 1.897722810791397 3.5197518749999994
v 0.3973626316605763 1.897722810791397 3.330946874999999
v 0.444230553001097 1.5764638707783896 3.330946874999999
v 0.444230553001097 1.5764638707783896 3.5197518749999994
v 0.5814260623373404 1.713659380114633 3.330946874999999
v 0.5814260623373404 1.713659380114633 3.5197518749999994
vt 0.2548828125 0.6484375
vt 0.2587890625 0.6484375
vt 0.2587890625 0.6455078125
vt 0.2548828125 0.6455078125
vt 0.251953125 0.6484375
vt 0.2548828125 0.6484375
vt 0.2548828125 0.6455078125
vt 0.251953125 0.6455078125
vt 0.26171875 0.6484375
vt 0.265625 0.6484375
vt 0.265625 0.6455078125
vt 0.26171875 0.6455078125
vt 0.2587890625 0.6484375
vt 0.26171875 0.6484375
vt 0.26171875 0.6455078125
vt 0.2587890625 0.6455078125
vt 0.2587890625 0.6484375
vt 0.2548828125 0.6484375
vt 0.2548828125 0.6513671875
vt 0.2587890625 0.6513671875
vt 0.2626953125 0.6513671875
vt 0.2587890625 0.6513671875
vt 0.2587890625 0.6484375
vt 0.2626953125 0.6484375
vn 0 0 -1
vn -0.7071067811865475 0.7071067811865477 0
vn 0 0 1
vn 0.7071067811865475 -0.7071067811865477 0
vn -0.7071067811865477 -0.7071067811865475 0
vn 0.7071067811865477 0.7071067811865475 0
usemtl m_a520c05c-83fc-6d1a-7b60-0c8dd74607e0
f 2076/6220/1555 2079/6219/1555 2077/6218/1555 2074/6217/1555
f 2075/6224/1556 2076/6223/1556 2074/6222/1556 2073/6221/1556
f 2080/6228/1557 2075/6227/1557 2073/6226/1557 2078/6225/1557
f 2079/6232/1558 2080/6231/1558 2078/6230/1558 2077/6229/1558
f 2078/6236/1559 2073/6235/1559 2074/6234/1559 2077/6233/1559
f 2079/6240/1560 2076/6239/1560 2075/6238/1560 2080/6237/1560
o cube
v 0.6606825678483729 2.1610427469791933 3.1473612499999994
v 0.5271772720264465 2.0275374511572672 3.1473612499999994
v 0.6606825678483729 2.1610427469791933 2.9533375
v 0.5271772720264465 2.0275374511572672 2.9533375
v 0.7112407027032106 1.8434740204805031 3.1473612499999994
v 0.844745998525137 1.9769793163024294 3.1473612499999994
v 0.7112407027032106 1.8434740204805031 2.9533375
v 0.844745998525137 1.9769793163024294 2.9533375
vt 0.4384765625 0.640625
vt 0.4423828125 0.640625
vt 0.4423828125 0.6376953125
vt 0.4384765625 0.6376953125
vt 0.435546875 0.640625
vt 0.4384765625 0.640625
vt 0.4384765625 0.6376953125
vt 0.435546875 0.6376953125
vt 0.4453125 0.640625
vt 0.44921875 0.640625
vt 0.44921875 0.6376953125
vt 0.4453125 0.6376953125
vt 0.4423828125 0.640625
vt 0.4453125 0.640625
vt 0.4453125 0.6376953125
vt 0.4423828125 0.6376953125
vt 0.4423828125 0.640625
vt 0.4384765625 0.640625
vt 0.4384765625 0.6435546875
vt 0.4423828125 0.6435546875
vt 0.4462890625 0.6435546875
vt 0.4423828125 0.6435546875
vt 0.4423828125 0.640625
vt 0.4462890625 0.640625
vn -0.7071067811865477 -0.7071067811865475 -2.220446049250313e-16
vn -0.7071067811865475 0.7071067811865477 0
vn 0.7071067811865477 0.7071067811865475 2.220446049250313e-16
vn 0.7071067811865475 -0.7071067811865477 0
vn -1.5700924586837754e-16 -1.570092458683775e-16 1
vn 1.5700924586837754e-16 1.570092458683775e-16 -1
usemtl m_a520c05c-83fc-6d1a-7b60-0c8dd74607e0
f 2084/6244/1561 2087/6243/1561 2085/6242/1561 2082/6241/1561
f 2083/6248/1562 2084/6247/1562 2082/6246/1562 2081/6245/1562
f 2088/6252/1563 2083/6251/1563 2081/6250/1563 2086/6249/1563
f 2087/6256/1564 2088/6255/1564 2086/6254/1564 2085/6253/1564
f 2086/6260/1565 2081/6259/1565 2082/6258/1565 2085/6257/1565
f 2087/6264/1566 2084/6263/1566 2083/6262/1566 2088/6261/1566
o cube
v 0.7308243696517577 2.2311845487825783 3.2046481087551557
v 0.6074815593600154 2.107841738490836 3.132395563307465
v 0.783326818069628 2.2836869972004488 3.025393537309069
v 0.6599840077778857 2.160344186908706 2.9531409918613782
v 0.7915449900367794 1.9237783078140718 3.132395563307465
v 0.9148878003285217 2.047121118105814 3.2046481087551557
v 0.8440474384546498 1.9762807562319422 2.9531409918613782
v 0.9673902487463921 2.0996235665236846 3.025393537309069
vt 0.4384765625 0.634765625
vt 0.4423828125 0.634765625
vt 0.4423828125 0.6318359375
vt 0.4384765625 0.6318359375
vt 0.435546875 0.634765625
vt 0.4384765625 0.634765625
vt 0.4384765625 0.6318359375
vt 0.435546875 0.6318359375
vt 0.4453125 0.634765625
vt 0.44921875 0.634765625
vt 0.44921875 0.6318359375
vt 0.4453125 0.6318359375
vt 0.4423828125 0.634765625
vt 0.4453125 0.634765625
vt 0.4453125 0.6318359375
vt 0.4423828125 0.6318359375
vt 0.4423828125 0.634765625
vt 0.4384765625 0.634765625
vt 0.4384765625 0.6376953125
vt 0.4423828125 0.6376953125
vt 0.4462890625 0.6376953125
vt 0.4423828125 0.6376953125
vt 0.4423828125 0.634765625
vt 0.4462890625 0.634765625
vn -0.6532814824381884 -0.6532814824381882 -0.38268343236509006
vn -0.7071067811865474 0.7071067811865477 -2.775557561562892e-17
vn 0.6532814824381884 0.6532814824381882 0.38268343236509006
vn 0.7071067811865474 -0.7071067811865477 2.775557561562892e-17
vn -0.2705980500730986 -0.2705980500730985 0.9238795325112867
vn 0.2705980500730986 0.2705980500730985 -0.9238795325112867
usemtl m_a520c05c-83fc-6d1a-7b60-0c8dd74607e0
f 2092/6268/1567 2095/6267/1567 2093/6266/1567 2090/6265/1567
f 2091/6272/1568 2092/6271/1568 2090/6270/1568 2089/6269/1568
f 2096/6276/1569 2091/6275/1569 2089/6274/1569 2094/6273/1569
f 2095/6280/1570 2096/6279/1570 2094/6278/1570 2093/6277/1570
f 2094/6284/1571 2089/6283/1571 2090/6282/1571 2093/6281/1571
f 2095/6288/1572 2092/6287/1572 2091/6286/1572 2096/6285/1572
o cube
v 0.7801252324374099 2.2804854115682307 3.295534734634129
v 0.6857227324374097 2.1860829115682305 3.1620294388122026
v 0.8771371074374099 2.3774972865682305 3.1583392252978855
v 0.7827346074374096 2.2830947865682303 3.0248339294759594
v 0.8697861631141738 2.002019480891466 3.1620294388122026
v 0.964188663114174 2.096421980891466 3.295534734634129
v 0.9667980381141739 2.099031355891466 3.0248339294759594
v 1.061200538114174 2.1934338558914663 3.1583392252978855
vt 0.5439453125 0.6064453125
vt 0.5478515625 0.6064453125
vt 0.5478515625 0.603515625
vt 0.5439453125 0.603515625
vt 0.541015625 0.6064453125
vt 0.5439453125 0.6064453125
vt 0.5439453125 0.603515625
vt 0.541015625 0.603515625
vt 0.55078125 0.6064453125
vt 0.5546875 0.6064453125
vt 0.5546875 0.603515625
vt 0.55078125 0.603515625
vt 0.5478515625 0.6064453125
vt 0.55078125 0.6064453125
vt 0.55078125 0.603515625
vt 0.5478515625 0.603515625
vt 0.5478515625 0.6064453125
vt 0.5439453125 0.6064453125
vt 0.5439453125 0.609375
vt 0.5478515625 0.609375
vt 0.5517578125 0.609375
vt 0.5478515625 0.609375
vt 0.5478515625 0.6064453125
vt 0.5517578125 0.6064453125
vn -0.5000000000000001 -0.5 -0.7071067811865476
vn -0.7071067811865475 0.7071067811865477 -5.551115123125783e-17
vn 0.5000000000000001 0.5 0.7071067811865476
vn 0.7071067811865475 -0.7071067811865477 5.551115123125783e-17
vn -0.5000000000000001 -0.4999999999999999 0.7071067811865477
vn 0.5000000000000001 0.4999999999999999 -0.7071067811865477
usemtl m_a520c05c-83fc-6d1a-7b60-0c8dd74607e0
f 2100/6292/1573 2103/6291/1573 2101/6290/1573 2098/6289/1573
f 2099/6296/1574 2100/6295/1574 2098/6294/1574 2097/6293/1574
f 2104/6300/1575 2099/6299/1575 2097/6298/1575 2102/6297/1575
f 2103/6304/1576 2104/6303/1576 2102/6302/1576 2101/6301/1576
f 2102/6308/1577 2097/6307/1577 2098/6306/1577 2101/6305/1577
f 2103/6312/1578 2100/6311/1578 2099/6310/1578 2104/6309/1578
o cube
v 0.8010795467596481 2.3014397258904684 3.4061844627361606
v 0.7499892819155966 2.250349461046417 3.231751387600367
v 0.9278316697878644 2.428191848918685 3.3319347881258143
v 0.8767414049438129 2.3771015840746337 3.1575017129900207
v 0.9340527125923607 2.066286030369653 3.231751387600367
v 0.9851429774364121 2.1173762952137043 3.4061844627361606
v 1.060804835620577 2.1930381533978696 3.1575017129900207
v 1.1118951004646285 2.244128418241921 3.3319347881258143
vt 0.5673828125 0.8427734375
vt 0.5712890625 0.8427734375
vt 0.5712890625 0.83984375
vt 0.5673828125 0.83984375
vt 0.564453125 0.8427734375
vt 0.5673828125 0.8427734375
vt 0.5673828125 0.83984375
vt 0.564453125 0.83984375
vt 0.57421875 0.8427734375
vt 0.578125 0.8427734375
vt 0.578125 0.83984375
vt 0.57421875 0.83984375
vt 0.5712890625 0.8427734375
vt 0.57421875 0.8427734375
vt 0.57421875 0.83984375
vt 0.5712890625 0.83984375
vt 0.5712890625 0.8427734375
vt 0.5673828125 0.8427734375
vt 0.5673828125 0.845703125
vt 0.5712890625 0.845703125
vt 0.5751953125 0.845703125
vt 0.5712890625 0.845703125
vt 0.5712890625 0.8427734375
vt 0.5751953125 0.8427734375
vn -0.2705980500730985 -0.27059805007309845 -0.9238795325112868
vn -0.7071067811865475 0.7071067811865477 -2.775557561562892e-17
vn 0.2705980500730985 0.27059805007309845 0.9238795325112868
vn 0.7071067811865475 -0.7071067811865477 2.775557561562892e-17
vn -0.6532814824381884 -0.6532814824381882 0.3826834323650898
vn 0.6532814824381884 0.6532814824381882 -0.3826834323650898
usemtl m_a520c05c-83fc-6d1a-7b60-0c8dd74607e0
f 2108/6316/1579 2111/6315/1579 2109/6314/1579 2106/6313/1579
f 2107/6320/1580 2108/6319/1580 2106/6318/1580 2105/6317/1580
f 2112/6324/1581 2107/6323/1581 2105/6322/1581 2110/6321/1581
f 2111/6328/1582 2112/6327/1582 2110/6326/1582 2109/6325/1582
f 2110/6332/1583 2105/6331/1583 2106/6330/1583 2109/6329/1583
f 2111/6336/1584 2108/6335/1584 2107/6334/1584 2112/6333/1584
o cube
v 0.5803782805148041 2.080738459645625 3.1323955633074654
v 0.4570354702230617 1.9573956493538824 3.204648108755156
v 0.5278758320969337 2.0282360112277544 2.9531409918613782
v 0.4045330218051913 1.904893200936012 3.0253935373090695
v 0.6410989008998258 1.7733322186771183 3.204648108755156
v 0.7644417111915681 1.8966750289688605 3.1323955633074654
v 0.5885964524819554 1.7208297702592479 3.0253935373090695
v 0.7119392627736978 1.8441725805509903 2.9531409918613782
vt 0.1318359375 0.357421875
vt 0.1357421875 0.357421875
vt 0.1357421875 0.3544921875
vt 0.1318359375 0.3544921875
vt 0.12890625 0.357421875
vt 0.1318359375 0.357421875
vt 0.1318359375 0.3544921875
vt 0.12890625 0.3544921875
vt 0.138671875 0.357421875
vt 0.142578125 0.357421875
vt 0.142578125 0.3544921875
vt 0.138671875 0.3544921875
vt 0.1357421875 0.357421875
vt 0.138671875 0.357421875
vt 0.138671875 0.3544921875
vt 0.1357421875 0.3544921875
vt 0.1357421875 0.357421875
vt 0.1318359375 0.357421875
vt 0.1318359375 0.3603515625
vt 0.1357421875 0.3603515625
vt 0.1396484375 0.3603515625
vt 0.1357421875 0.3603515625
vt 0.1357421875 0.357421875
vt 0.1396484375 0.357421875
vn -0.6532814824381883 -0.6532814824381881 0.3826834323650899
vn -0.7071067811865475 0.7071067811865477 2.7755575615628907e-17
vn 0.6532814824381883 0.6532814824381881 -0.3826834323650899
vn 0.7071067811865475 -0.7071067811865477 -2.7755575615628907e-17
vn 0.2705980500730986 0.2705980500730985 0.923879532511287
vn -0.2705980500730986 -0.2705980500730985 -0.923879532511287
usemtl m_a520c05c-83fc-6d1a-7b60-0c8dd74607e0
f 2116/6340/1585 2119/6339/1585 2117/6338/1585 2114/6337/1585
f 2115/6344/1586 2116/6343/1586 2114/6342/1586 2113/6341/1586
f 2120/6348/1587 2115/6347/1587 2113/6346/1587 2118/6345/1587
f 2119/6352/1588 2120/6351/1588 2118/6350/1588 2117/6349/1588
f 2118/6356/1589 2113/6355/1589 2114/6354/1589 2117/6353/1589
f 2119/6360/1590 2116/6359/1590 2115/6358/1590 2120/6357/1590
o cube
v 0.5021371074374098 2.0024972865682305 3.162029438812203
v 0.40773460743740964 1.9080947865682303 3.2955347346341295
v 0.4051252324374098 1.9054854115682305 3.02483392947596
v 0.3107227324374096 1.8110829115682303 3.158339225297886
v 0.5917980381141736 1.7240313558914662 3.2955347346341295
v 0.6862005381141739 1.8184338558914663 3.162029438812203
v 0.49478616311417367 1.6270194808914662 3.158339225297886
v 0.589188663114174 1.7214219808914664 3.02483392947596
vt 0.1455078125 0.357421875
vt 0.1494140625 0.357421875
vt 0.1494140625 0.3544921875
vt 0.1455078125 0.3544921875
vt 0.142578125 0.357421875
vt 0.1455078125 0.357421875
vt 0.1455078125 0.3544921875
vt 0.142578125 0.3544921875
vt 0.15234375 0.357421875
vt 0.15625 0.357421875
vt 0.15625 0.3544921875
vt 0.15234375 0.3544921875
vt 0.1494140625 0.357421875
vt 0.15234375 0.357421875
vt 0.15234375 0.3544921875
vt 0.1494140625 0.3544921875
vt 0.1494140625 0.357421875
vt 0.1455078125 0.357421875
vt 0.1455078125 0.3603515625
vt 0.1494140625 0.3603515625
vt 0.1533203125 0.3603515625
vt 0.1494140625 0.3603515625
vt 0.1494140625 0.357421875
vt 0.1533203125 0.357421875
vn -0.5000000000000001 -0.5 0.7071067811865474
vn -0.7071067811865474 0.7071067811865476 5.5511151231257815e-17
vn 0.5000000000000001 0.5 -0.7071067811865474
vn 0.7071067811865474 -0.7071067811865476 -5.5511151231257815e-17
vn 0.5000000000000001 0.4999999999999999 0.7071067811865478
vn -0.5000000000000001 -0.4999999999999999 -0.7071067811865478
usemtl m_a520c05c-83fc-6d1a-7b60-0c8dd74607e0
f 2124/6364/1591 2127/6363/1591 2125/6362/1591 2122/6361/1591
f 2123/6368/1592 2124/6367/1592 2122/6366/1592 2121/6365/1592
f 2128/6372/1593 2123/6371/1593 2121/6370/1593 2126/6369/1593
f 2127/6376/1594 2128/6375/1594 2126/6374/1594 2125/6373/1594
f 2126/6380/1595 2121/6379/1595 2122/6378/1595 2125/6377/1595
f 2127/6384/1596 2124/6383/1596 2123/6382/1596 2128/6381/1596
o cube
v 0.43787055795922314 1.9382307370900438 3.2317513876003674
v 0.3867802931151717 1.8871404722459924 3.4061844627361615
v 0.3111184349310067 1.8114786140618275 3.1575017129900216
v 0.2600281700869552 1.760388349217776 3.3319347881258152
v 0.5708437237919357 1.7030770415692282 3.4061844627361615
v 0.6219339886359873 1.7541673064132797 3.2317513876003674
v 0.44409160076371934 1.576324918541012 3.3319347881258152
v 0.49518186560777083 1.6274151833850634 3.1575017129900216
vt 0.1591796875 0.357421875
vt 0.1630859375 0.357421875
vt 0.1630859375 0.3544921875
vt 0.1591796875 0.3544921875
vt 0.15625 0.357421875
vt 0.1591796875 0.357421875
vt 0.1591796875 0.3544921875
vt 0.15625 0.3544921875
vt 0.166015625 0.357421875
vt 0.169921875 0.357421875
vt 0.169921875 0.3544921875
vt 0.166015625 0.3544921875
vt 0.1630859375 0.357421875
vt 0.166015625 0.357421875
vt 0.166015625 0.3544921875
vt 0.1630859375 0.3544921875
vt 0.1630859375 0.357421875
vt 0.1591796875 0.357421875
vt 0.1591796875 0.3603515625
vt 0.1630859375 0.3603515625
vt 0.1669921875 0.3603515625
vt 0.1630859375 0.3603515625
vt 0.1630859375 0.357421875
vt 0.1669921875 0.357421875
vn -0.2705980500730986 -0.27059805007309856 0.9238795325112868
vn -0.7071067811865475 0.7071067811865477 2.7755575615628914e-17
vn 0.2705980500730986 0.27059805007309856 -0.9238795325112868
vn 0.7071067811865475 -0.7071067811865477 -2.7755575615628914e-17
vn 0.6532814824381884 0.6532814824381882 0.38268343236508995
vn -0.6532814824381884 -0.6532814824381882 -0.38268343236508995
usemtl m_a520c05c-83fc-6d1a-7b60-0c8dd74607e0
f 2132/6388/1597 2135/6387/1597 2133/6386/1597 2130/6385/1597
f 2131/6392/1598 2132/6391/1598 2130/6390/1598 2129/6389/1598
f 2136/6396/1599 2131/6395/1599 2129/6394/1599 2134/6393/1599
f 2135/6400/1600 2136/6399/1600 2134/6398/1600 2133/6397/1600
f 2134/6404/1601 2129/6403/1601 2130/6402/1601 2133/6401/1601
f 2135/6408/1602 2132/6407/1602 2131/6406/1602 2136/6405/1602
o cube
v 0.35775802278805624 1.8360211150067975 3.1095875
v 0.8043136327768907 2.2825767249956317 3.1095875
v 0.35775802278805635 1.8360211150067975 3.74111125
v 0.8043136327768908 2.2825767249956317 3.74111125
v 0.9662799765415753 2.1206103812309474 3.1095875
v 0.5197243665527407 1.674054771242113 3.1095875
v 0.9662799765415753 2.1206103812309474 3.74111125
v 0.5197243665527409 1.674054771242113 3.74111125
vt 0.388671875 0.3671875
vt 0.3916015625 0.3671875
vt 0.3916015625 0.357421875
vt 0.388671875 0.357421875
vt 0.37890625 0.3671875
vt 0.388671875 0.3671875
vt 0.388671875 0.357421875
vt 0.37890625 0.357421875
vt 0.4013671875 0.3671875
vt 0.404296875 0.3671875
vt 0.404296875 0.357421875
vt 0.4013671875 0.357421875
vt 0.3916015625 0.3671875
vt 0.4013671875 0.3671875
vt 0.4013671875 0.357421875
vt 0.3916015625 0.357421875
vt 0.3916015625 0.3671875
vt 0.388671875 0.3671875
vt 0.388671875 0.376953125
vt 0.3916015625 0.376953125
vt 0.39453125 0.376953125
vt 0.3916015625 0.376953125
vt 0.3916015625 0.3671875
vt 0.39453125 0.3671875
vn 0.7071067811865477 0.7071067811865475 -2.220446049250313e-16
vn -0.7071067811865475 0.7071067811865477 0
vn -0.7071067811865477 -0.7071067811865475 2.220446049250313e-16
vn 0.7071067811865475 -0.7071067811865477 0
vn -1.5700924586837754e-16 -1.570092458683775e-16 -1
vn 1.5700924586837754e-16 1.570092458683775e-16 1
usemtl m_a520c05c-83fc-6d1a-7b60-0c8dd74607e0
f 2140/6412/1603 2143/6411/1603 2141/6410/1603 2138/6409/1603
f 2139/6416/1604 2140/6415/1604 2138/6414/1604 2137/6413/1604
f 2144/6420/1605 2139/6419/1605 2137/6418/1605 2142/6417/1605
f 2143/6424/1606 2144/6423/1606 2142/6422/1606 2141/6421/1606
f 2142/6428/1607 2137/6427/1607 2138/6426/1607 2141/6425/1607
f 2143/6432/1608 2140/6431/1608 2139/6430/1608 2144/6429/1608
o cube
v 0.5271772720264472 2.0275374511572677 3.7033375
v 0.6606825678483735 2.161042746979194 3.7033375
v 0.5271772720264472 2.0275374511572677 3.8973612499999994
v 0.6606825678483735 2.161042746979194 3.8973612499999994
v 0.8447459985251375 1.97697931630243 3.7033375
v 0.7112407027032113 1.8434740204805036 3.7033375
v 0.8447459985251377 1.97697931630243 3.8973612499999994
v 0.7112407027032113 1.8434740204805036 3.8973612499999994
vt 0.4892578125 0.357421875
vt 0.4931640625 0.357421875
vt 0.4931640625 0.3544921875
vt 0.4892578125 0.3544921875
vt 0.486328125 0.357421875
vt 0.4892578125 0.357421875
vt 0.4892578125 0.3544921875
vt 0.486328125 0.3544921875
vt 0.49609375 0.357421875
vt 0.5 0.357421875
vt 0.5 0.3544921875
vt 0.49609375 0.3544921875
vt 0.4931640625 0.357421875
vt 0.49609375 0.357421875
vt 0.49609375 0.3544921875
vt 0.4931640625 0.3544921875
vt 0.4931640625 0.357421875
vt 0.4892578125 0.357421875
vt 0.4892578125 0.3603515625
vt 0.4931640625 0.3603515625
vt 0.4970703125 0.3603515625
vt 0.4931640625 0.3603515625
vt 0.4931640625 0.357421875
vt 0.4970703125 0.357421875
vn 0.7071067811865477 0.7071067811865475 -2.220446049250313e-16
vn -0.7071067811865475 0.7071067811865477 0
vn -0.7071067811865477 -0.7071067811865475 2.220446049250313e-16
vn 0.7071067811865475 -0.7071067811865477 0
vn -1.5700924586837754e-16 -1.570092458683775e-16 -1
vn 1.5700924586837754e-16 1.570092458683775e-16 1
usemtl m_a520c05c-83fc-6d1a-7b60-0c8dd74607e0
f 2148/6436/1609 2151/6435/1609 2149/6434/1609 2146/6433/1609
f 2147/6440/1610 2148/6439/1610 2146/6438/1610 2145/6437/1610
f 2152/6444/1611 2147/6443/1611 2145/6442/1611 2150/6441/1611
f 2151/6448/1612 2152/6447/1612 2150/6446/1612 2149/6445/1612
f 2150/6452/1613 2145/6451/1613 2146/6450/1613 2149/6449/1613
f 2151/6456/1614 2148/6455/1614 2147/6454/1614 2152/6453/1614
o cube
v 0.45703547022306223 1.9573956493538829 3.6460506412448437
v 0.5803782805148047 2.0807384596456253 3.7183031866925345
v 0.4045330218051919 1.9048932009360127 3.8253052126909304
v 0.5278758320969343 2.028236011227755 3.897557758138621
v 0.7644417111915687 1.8966750289688612 3.7183031866925345
v 0.6410989008998264 1.7733322186771188 3.6460506412448437
v 0.7119392627736983 1.8441725805509908 3.897557758138621
v 0.588596452481956 1.7208297702592485 3.8253052126909304
vt 0.4755859375 0.357421875
vt 0.4794921875 0.357421875
vt 0.4794921875 0.3544921875
vt 0.4755859375 0.3544921875
vt 0.47265625 0.357421875
vt 0.4755859375 0.357421875
vt 0.4755859375 0.3544921875
vt 0.47265625 0.3544921875
vt 0.482421875 0.357421875
vt 0.486328125 0.357421875
vt 0.486328125 0.3544921875
vt 0.482421875 0.3544921875
vt 0.4794921875 0.357421875
vt 0.482421875 0.357421875
vt 0.482421875 0.3544921875
vt 0.4794921875 0.3544921875
vt 0.4794921875 0.357421875
vt 0.4755859375 0.357421875
vt 0.4755859375 0.3603515625
vt 0.4794921875 0.3603515625
vt 0.4833984375 0.3603515625
vt 0.4794921875 0.3603515625
vt 0.4794921875 0.357421875
vt 0.4833984375 0.357421875
vn 0.6532814824381883 0.6532814824381881 0.3826834323650899
vn -0.7071067811865475 0.7071067811865477 -2.7755575615628907e-17
vn -0.6532814824381883 -0.6532814824381881 -0.3826834323650899
vn 0.7071067811865475 -0.7071067811865477 2.7755575615628907e-17
vn 0.2705980500730986 0.2705980500730985 -0.923879532511287
vn -0.2705980500730986 -0.2705980500730985 0.923879532511287
usemtl m_a520c05c-83fc-6d1a-7b60-0c8dd74607e0
f 2156/6460/1615 2159/6459/1615 2157/6458/1615 2154/6457/1615
f 2155/6464/1616 2156/6463/1616 2154/6462/1616 2153/6461/1616
f 2160/6468/1617 2155/6467/1617 2153/6466/1617 2158/6465/1617
f 2159/6472/1618 2160/6471/1618 2158/6470/1618 2157/6469/1618
f 2158/6476/1619 2153/6475/1619 2154/6474/1619 2157/6473/1619
f 2159/6480/1620 2156/6479/1620 2155/6478/1620 2160/6477/1620
o cube
v 0.4077346074374101 1.9080947865682307 3.5551640153658703
v 0.5021371074374102 2.002497286568231 3.688669311187797
v 0.31072273243741005 1.8110829115682308 3.692359524702114
v 0.4051252324374102 1.905485411568231 3.8258648205240404
v 0.6862005381141744 1.8184338558914668 3.688669311187797
v 0.5917980381141741 1.7240313558914666 3.5551640153658703
v 0.5891886631141744 1.7214219808914668 3.8258648205240404
v 0.4947861631141741 1.6270194808914666 3.692359524702114
vt 0.4619140625 0.357421875
vt 0.4658203125 0.357421875
vt 0.4658203125 0.3544921875
vt 0.4619140625 0.3544921875
vt 0.458984375 0.357421875
vt 0.4619140625 0.357421875
vt 0.4619140625 0.3544921875
vt 0.458984375 0.3544921875
vt 0.46875 0.357421875
vt 0.47265625 0.357421875
vt 0.47265625 0.3544921875
vt 0.46875 0.3544921875
vt 0.4658203125 0.357421875
vt 0.46875 0.357421875
vt 0.46875 0.3544921875
vt 0.4658203125 0.3544921875
vt 0.4658203125 0.357421875
vt 0.4619140625 0.357421875
vt 0.4619140625 0.3603515625
vt 0.4658203125 0.3603515625
vt 0.4697265625 0.3603515625
vt 0.4658203125 0.3603515625
vt 0.4658203125 0.357421875
vt 0.4697265625 0.357421875
vn 0.5000000000000001 0.5 0.7071067811865474
vn -0.7071067811865474 0.7071067811865476 -5.5511151231257815e-17
vn -0.5000000000000001 -0.5 -0.7071067811865474
vn 0.7071067811865474 -0.7071067811865476 5.5511151231257815e-17
vn 0.5000000000000001 0.4999999999999999 -0.7071067811865478
vn -0.5000000000000001 -0.4999999999999999 0.7071067811865478
usemtl m_a520c05c-83fc-6d1a-7b60-0c8dd74607e0
f 2164/6484/1621 2167/6483/1621 2165/6482/1621 2162/6481/1621
f 2163/6488/1622 2164/6487/1622 2162/6486/1622 2161/6485/1622
f 2168/6492/1623 2163/6491/1623 2161/6490/1623 2166/6489/1623
f 2167/6496/1624 2168/6495/1624 2166/6494/1624 2165/6493/1624
f 2166/6500/1625 2161/6499/1625 2162/6498/1625 2165/6497/1625
f 2167/6504/1626 2164/6503/1626 2163/6502/1626 2168/6501/1626
o cube
v 0.3867802931151719 1.8871404722459926 3.444514287263839
v 0.43787055795922336 1.938230737090044 3.6189473623996324
v 0.2600281700869555 1.7603883492177763 3.518763961874185
v 0.311118434931007 1.8114786140618278 3.6931970370099787
v 0.6219339886359875 1.75416730641328 3.6189473623996324
v 0.5708437237919359 1.7030770415692285 3.444514287263839
v 0.4951818656077711 1.6274151833850636 3.6931970370099787
v 0.4440916007637196 1.5763249185410122 3.518763961874185
vt 0.4482421875 0.357421875
vt 0.4521484375 0.357421875
vt 0.4521484375 0.3544921875
vt 0.4482421875 0.3544921875
vt 0.4453125 0.357421875
vt 0.4482421875 0.357421875
vt 0.4482421875 0.3544921875
vt 0.4453125 0.3544921875
vt 0.455078125 0.357421875
vt 0.458984375 0.357421875
vt 0.458984375 0.3544921875
vt 0.455078125 0.3544921875
vt 0.4521484375 0.357421875
vt 0.455078125 0.357421875
vt 0.455078125 0.3544921875
vt 0.4521484375 0.3544921875
vt 0.4521484375 0.357421875
vt 0.4482421875 0.357421875
vt 0.4482421875 0.3603515625
vt 0.4521484375 0.3603515625
vt 0.4560546875 0.3603515625
vt 0.4521484375 0.3603515625
vt 0.4521484375 0.357421875
vt 0.4560546875 0.357421875
vn 0.2705980500730986 0.27059805007309856 0.9238795325112868
vn -0.7071067811865475 0.7071067811865477 -2.7755575615628914e-17
vn -0.2705980500730986 -0.27059805007309856 -0.9238795325112868
vn 0.7071067811865475 -0.7071067811865477 2.7755575615628914e-17
vn 0.6532814824381884 0.6532814824381882 -0.38268343236508995
vn -0.6532814824381884 -0.6532814824381882 0.38268343236508995
usemtl m_a520c05c-83fc-6d1a-7b60-0c8dd74607e0
f 2172/6508/1627 2175/6507/1627 2173/6506/1627 2170/6505/1627
f 2171/6512/1628 2172/6511/1628 2170/6510/1628 2169/6509/1628
f 2176/6516/1629 2171/6515/1629 2169/6514/1629 2174/6513/1629
f 2175/6520/1630 2176/6519/1630 2174/6518/1630 2173/6517/1630
f 2174/6524/1631 2169/6523/1631 2170/6522/1631 2173/6521/1631
f 2175/6528/1632 2172/6527/1632 2171/6526/1632 2176/6525/1632
o cube
v 0.6074815593600159 2.1078417384908366 3.718303186692534
v 0.7308243696517582 2.2311845487825788 3.6460506412448432
v 0.6599840077778862 2.160344186908707 3.8975577581386207
v 0.7833268180696286 2.283686997200449 3.82530521269093
v 0.9148878003285223 2.0471211181058147 3.6460506412448432
v 0.7915449900367799 1.9237783078140724 3.718303186692534
v 0.9673902487463927 2.099623566523685 3.82530521269093
v 0.8440474384546504 1.9762807562319427 3.8975577581386207
vt 0.3154296875 0.357421875
vt 0.3193359375 0.357421875
vt 0.3193359375 0.3544921875
vt 0.3154296875 0.3544921875
vt 0.3125 0.357421875
vt 0.3154296875 0.357421875
vt 0.3154296875 0.3544921875
vt 0.3125 0.3544921875
vt 0.322265625 0.357421875
vt 0.326171875 0.357421875
vt 0.326171875 0.3544921875
vt 0.322265625 0.3544921875
vt 0.3193359375 0.357421875
vt 0.322265625 0.357421875
vt 0.322265625 0.3544921875
vt 0.3193359375 0.3544921875
vt 0.3193359375 0.357421875
vt 0.3154296875 0.357421875
vt 0.3154296875 0.3603515625
vt 0.3193359375 0.3603515625
vt 0.3232421875 0.3603515625
vt 0.3193359375 0.3603515625
vt 0.3193359375 0.357421875
vt 0.3232421875 0.357421875
vn 0.6532814824381884 0.6532814824381882 -0.38268343236509006
vn -0.7071067811865474 0.7071067811865477 2.775557561562892e-17
vn -0.6532814824381884 -0.6532814824381882 0.38268343236509006
vn 0.7071067811865474 -0.7071067811865477 -2.775557561562892e-17
vn -0.2705980500730986 -0.2705980500730985 -0.9238795325112867
vn 0.2705980500730986 0.2705980500730985 0.9238795325112867
usemtl m_a520c05c-83fc-6d1a-7b60-0c8dd74607e0
f 2180/6532/1633 2183/6531/1633 2181/6530/1633 2178/6529/1633
f 2179/6536/1634 2180/6535/1634 2178/6534/1634 2177/6533/1634
f 2184/6540/1635 2179/6539/1635 2177/6538/1635 2182/6537/1635
f 2183/6544/1636 2184/6543/1636 2182/6542/1636 2181/6541/1636
f 2182/6548/1637 2177/6547/1637 2178/6546/1637 2181/6545/1637
f 2183/6552/1638 2180/6551/1638 2179/6550/1638 2184/6549/1638
o cube
v 0.6857227324374101 2.1860829115682305 3.6886693111877964
v 0.7801252324374104 2.2804854115682307 3.55516401536587
v 0.7827346074374101 2.2830947865682307 3.8258648205240395
v 0.8771371074374104 2.377497286568231 3.6923595247021135
v 0.9641886631141744 2.0964219808914666 3.55516401536587
v 0.8697861631141742 2.0020194808914664 3.6886693111877964
v 1.0612005381141745 2.1934338558914668 3.6923595247021135
v 0.9667980381141743 2.0990313558914666 3.8258648205240395
vt 0.3017578125 0.357421875
vt 0.3056640625 0.357421875
vt 0.3056640625 0.3544921875
vt 0.3017578125 0.3544921875
vt 0.298828125 0.357421875
vt 0.3017578125 0.357421875
vt 0.3017578125 0.3544921875
vt 0.298828125 0.3544921875
vt 0.30859375 0.357421875
vt 0.3125 0.357421875
vt 0.3125 0.3544921875
vt 0.30859375 0.3544921875
vt 0.3056640625 0.357421875
vt 0.30859375 0.357421875
vt 0.30859375 0.3544921875
vt 0.3056640625 0.3544921875
vt 0.3056640625 0.357421875
vt 0.3017578125 0.357421875
vt 0.3017578125 0.3603515625
vt 0.3056640625 0.3603515625
vt 0.3095703125 0.3603515625
vt 0.3056640625 0.3603515625
vt 0.3056640625 0.357421875
vt 0.3095703125 0.357421875
vn 0.5000000000000001 0.5 -0.7071067811865476
vn -0.7071067811865475 0.7071067811865477 5.551115123125783e-17
vn -0.5000000000000001 -0.5 0.7071067811865476
vn 0.7071067811865475 -0.7071067811865477 -5.551115123125783e-17
vn -0.5000000000000001 -0.4999999999999999 -0.7071067811865477
vn 0.5000000000000001 0.4999999999999999 0.7071067811865477
usemtl m_a520c05c-83fc-6d1a-7b60-0c8dd74607e0
f 2188/6556/1639 2191/6555/1639 2189/6554/1639 2186/6553/1639
f 2187/6560/1640 2188/6559/1640 2186/6558/1640 2185/6557/1640
f 2192/6564/1641 2187/6563/1641 2185/6562/1641 2190/6561/1641
f 2191/6568/1642 2192/6567/1642 2190/6566/1642 2189/6565/1642
f 2190/6572/1643 2185/6571/1643 2186/6570/1643 2189/6569/1643
f 2191/6576/1644 2188/6575/1644 2187/6574/1644 2192/6573/1644
o cube
v 0.7499892819155968 2.2503494610464174 3.618947362399632
v 0.8010795467596483 2.301439725890469 3.444514287263838
v 0.8767414049438131 2.3771015840746337 3.693197037009978
v 0.9278316697878646 2.428191848918685 3.518763961874184
v 0.9851429774364123 2.1173762952137047 3.444514287263838
v 0.9340527125923609 2.0662860303696533 3.618947362399632
v 1.1118951004646287 2.244128418241921 3.518763961874184
v 1.0608048356205773 2.1930381533978696 3.693197037009978
vt 0.2451171875 0.357421875
vt 0.2490234375 0.357421875
vt 0.2490234375 0.3544921875
vt 0.2451171875 0.3544921875
vt 0.2421875 0.357421875
vt 0.2451171875 0.357421875
vt 0.2451171875 0.3544921875
vt 0.2421875 0.3544921875
vt 0.251953125 0.357421875
vt 0.255859375 0.357421875
vt 0.255859375 0.3544921875
vt 0.251953125 0.3544921875
vt 0.2490234375 0.357421875
vt 0.251953125 0.357421875
vt 0.251953125 0.3544921875
vt 0.2490234375 0.3544921875
vt 0.2490234375 0.357421875
vt 0.2451171875 0.357421875
vt 0.2451171875 0.3603515625
vt 0.2490234375 0.3603515625
vt 0.2529296875 0.3603515625
vt 0.2490234375 0.3603515625
vt 0.2490234375 0.357421875
vt 0.2529296875 0.357421875
vn 0.2705980500730985 0.27059805007309845 -0.9238795325112868
vn -0.7071067811865475 0.7071067811865477 2.775557561562892e-17
vn -0.2705980500730985 -0.27059805007309845 0.9238795325112868
vn 0.7071067811865475 -0.7071067811865477 -2.775557561562892e-17
vn -0.6532814824381884 -0.6532814824381882 -0.3826834323650898
vn 0.6532814824381884 0.6532814824381882 0.3826834323650898
usemtl m_a520c05c-83fc-6d1a-7b60-0c8dd74607e0
f 2196/6580/1645 2199/6579/1645 2197/6578/1645 2194/6577/1645
f 2195/6584/1646 2196/6583/1646 2194/6582/1646 2193/6581/1646
f 2200/6588/1647 2195/6587/1647 2193/6586/1647 2198/6585/1647
f 2199/6592/1648 2200/6591/1648 2198/6590/1648 2197/6589/1648
f 2198/6596/1649 2193/6595/1649 2194/6594/1649 2197/6593/1649
f 2199/6600/1650 2196/6599/1650 2195/6598/1650 2200/6597/1650
o cube
v 0.927692717550487 2.4280528966813075 3.330946875
v 0.927692717550487 2.4280528966813075 3.5197518750000003
v 0.7904972082142436 2.2908573873450644 3.330946875
v 0.7904972082142436 2.2908573873450644 3.5197518750000003
v 1.111756148227251 2.2439894660045434 3.5197518750000003
v 1.111756148227251 2.2439894660045434 3.330946875
v 0.9745606388910077 2.1067939566683003 3.5197518750000003
v 0.9745606388910077 2.1067939566683003 3.330946875
vt 0.1728515625 0.357421875
vt 0.1767578125 0.357421875
vt 0.1767578125 0.3544921875
vt 0.1728515625 0.3544921875
vt 0.169921875 0.357421875
vt 0.1728515625 0.357421875
vt 0.1728515625 0.3544921875
vt 0.169921875 0.3544921875
vt 0.1796875 0.357421875
vt 0.18359375 0.357421875
vt 0.18359375 0.3544921875
vt 0.1796875 0.3544921875
vt 0.1767578125 0.357421875
vt 0.1796875 0.357421875
vt 0.1796875 0.3544921875
vt 0.1767578125 0.3544921875
vt 0.1767578125 0.357421875
vt 0.1728515625 0.357421875
vt 0.1728515625 0.3603515625
vt 0.1767578125 0.3603515625
vt 0.1806640625 0.3603515625
vt 0.1767578125 0.3603515625
vt 0.1767578125 0.357421875
vt 0.1806640625 0.357421875
vn -8.659560562354935e-17 -8.659560562354932e-17 1
vn -0.7071067811865475 0.7071067811865477 -1.232595164407831e-32
vn 8.659560562354935e-17 8.659560562354932e-17 -1
vn 0.7071067811865475 -0.7071067811865477 1.232595164407831e-32
vn 0.7071067811865477 0.7071067811865475 1.2246467991473535e-16
vn -0.7071067811865477 -0.7071067811865475 -1.2246467991473535e-16
usemtl m_a520c05c-83fc-6d1a-7b60-0c8dd74607e0
f 2204/6604/1651 2207/6603/1651 2205/6602/1651 2202/6601/1651
f 2203/6608/1652 2204/6607/1652 2202/6606/1652 2201/6605/1652
f 2208/6612/1653 2203/6611/1653 2201/6610/1653 2206/6609/1653
f 2207/6616/1654 2208/6615/1654 2206/6614/1654 2205/6613/1654
f 2206/6620/1655 2201/6619/1655 2202/6618/1655 2205/6617/1655
f 2207/6624/1656 2204/6623/1656 2203/6622/1656 2208/6621/1656
o cube
v -0.4772625224827953 2.0210041997019625 3.2846287499999995
v -0.4772625224827952 2.0210041997019625 3.5647849999999996
v -0.5652797154082614 2.005484393822981 3.2846287499999995
v -0.5652797154082614 2.005484393822981 3.5647849999999996
v -0.4286139002082944 1.7451041526471363 3.5647849999999996
v -0.4286139002082944 1.7451041526471363 3.2846287499999995
v -0.5166310931337605 1.7295843467681544 3.5647849999999996
v -0.5166310931337605 1.7295843467681544 3.2846287499999995
vt 0.55078125 0.73828125
vt 0.5546875 0.73828125
vt 0.5546875 0.7373046875
vt 0.55078125 0.7373046875
vt 0.546875 0.73828125
vt 0.55078125 0.73828125
vt 0.55078125 0.7373046875
vt 0.546875 0.7373046875
vt 0.55859375 0.73828125
vt 0.5625 0.73828125
vt 0.5625 0.7373046875
vt 0.55859375 0.7373046875
vt 0.5546875 0.73828125
vt 0.55859375 0.73828125
vt 0.55859375 0.7373046875
vt 0.5546875 0.7373046875
vt 0.5546875 0.73828125
vt 0.55078125 0.73828125
vt 0.55078125 0.7421875
vt 0.5546875 0.7421875
vt 0.55859375 0.7421875
vt 0.5546875 0.7421875
vt 0.5546875 0.73828125
vt 0.55859375 0.73828125
vn 1.2060416625018974e-16 2.1265768495757685e-17 1
vn -0.1736481776669303 0.9848077530122082 1.8488927466117461e-32
vn -1.2060416625018974e-16 -2.1265768495757685e-17 -1
vn 0.1736481776669303 -0.9848077530122082 -1.8488927466117461e-32
vn 0.9848077530122081 0.1736481776669302 -1.2246467991473532e-16
vn -0.9848077530122081 -0.1736481776669302 1.2246467991473532e-16
usemtl m_a520c05c-83fc-6d1a-7b60-0c8dd74607e0
f 2212/6628/1657 2215/6627/1657 2213/6626/1657 2210/6625/1657
f 2211/6632/1658 2212/6631/1658 2210/6630/1658 2209/6629/1658
f 2216/6636/1659 2211/6635/1659 2209/6634/1659 2214/6633/1659
f 2215/6640/1660 2216/6639/1660 2214/6638/1660 2213/6637/1660
f 2214/6644/1661 2209/6643/1661 2210/6642/1661 2213/6641/1661
f 2215/6648/1662 2212/6647/1662 2211/6646/1662 2216/6645/1662
o cube
v 0.09076 1.64318940960038 -1.2255082567325786
v 0.09076 1.5011372405942096 -1.2193061250915698
v 0.09076 1.6801977608302745 -0.37787765682908264
v 0.09076 1.538145591824104 -0.3716755251880739
v -0.051427500000000015 1.5011372405942096 -1.2193061250915698
v -0.051427500000000015 1.64318940960038 -1.2255082567325786
v -0.051427500000000015 1.538145591824104 -0.3716755251880739
v -0.051427500000000015 1.6801977608302745 -0.37787765682908264
vt 0.25390625 0.666015625
vt 0.255859375 0.666015625
vt 0.255859375 0.6533203125
vt 0.25390625 0.6533203125
vt 0.251953125 0.666015625
vt 0.25390625 0.666015625
vt 0.25390625 0.6533203125
vt 0.251953125 0.6533203125
vt 0.2578125 0.666015625
vt 0.259765625 0.666015625
vt 0.259765625 0.6533203125
vt 0.2578125 0.6533203125
vt 0.255859375 0.666015625
vt 0.2578125 0.666015625
vt 0.2578125 0.6533203125
vt 0.255859375 0.6533203125
vt 0.255859375 0.666015625
vt 0.25390625 0.666015625
vt 0.25390625 0.66796875
vt 0.255859375 0.66796875
vt 0.2578125 0.66796875
vt 0.255859375 0.66796875
vt 0.255859375 0.666015625
vt 0.2578125 0.666015625
vn 0 -0.9990482215818578 0.043619387365336104
vn 1 0 0
vn 0 0.9990482215818578 -0.043619387365336104
vn -1 0 0
vn 0 -0.043619387365336104 -0.9990482215818578
vn 0 0.043619387365336104 0.9990482215818578
usemtl m_a520c05c-83fc-6d1a-7b60-0c8dd74607e0
f 2220/6652/1663 2223/6651/1663 2221/6650/1663 2218/6649/1663
f 2219/6656/1664 2220/6655/1664 2218/6654/1664 2217/6653/1664
f 2224/6660/1665 2219/6659/1665 2217/6658/1665 2222/6657/1665
f 2223/6664/1666 2224/6663/1666 2222/6662/1666 2221/6661/1666
f 2222/6668/1667 2217/6667/1667 2218/6666/1667 2221/6665/1667
f 2223/6672/1668 2220/6671/1668 2219/6670/1668 2224/6669/1668
o cube
v -0.008508278762065294 1.707659277693 -0.4474196277026855
v -0.008508296611916003 1.5047276076530298 -0.43855944035769
v 0.18853790882808613 1.7112194390068622 -0.36587812410378995
v 0.18853789097823542 1.5082877689668923 -0.35701793675879445
v -0.03960131993039959 1.5080019087801464 -0.3635656715962442
v -0.03960130208054888 1.7109335788201163 -0.3724258589412397
v 0.15744486765975185 1.511562070094009 -0.28202416799734864
v 0.15744488550960256 1.7144937401339788 -0.29088435534234414
vt 0.2373046875 0.4765625
vt 0.23828125 0.4765625
vt 0.23828125 0.4736328125
vt 0.2373046875 0.4736328125
vt 0.234375 0.4765625
vt 0.2373046875 0.4765625
vt 0.2373046875 0.4736328125
vt 0.234375 0.4736328125
vt 0.2412109375 0.4765625
vt 0.2421875 0.4765625
vt 0.2421875 0.4736328125
vt 0.2412109375 0.4736328125
vt 0.23828125 0.4765625
vt 0.2412109375 0.4765625
vt 0.2412109375 0.4736328125
vt 0.23828125 0.4736328125
vt 0.23828125 0.4765625
vt 0.2373046875 0.4765625
vt 0.2373046875 0.4794921875
vt 0.23828125 0.4794921875
vt 0.2392578125 0.4794921875
vt 0.23828125 0.4794921875
vt 0.23828125 0.4765625
vt 0.2392578125 0.4765625
vn -8.787618825840944e-8 -0.999048221735237 0.04361938385228568
vn 0.38268336391979796 -0.04029909079527996 -0.923000230910102
vn 8.787618825840944e-8 0.999048221735237 -0.04361938385228568
vn -0.38268336391979796 0.04029909079527996 0.923000230910102
vn -0.923879560862248 -0.016692331434959615 -0.3823191377530631
vn 0.923879560862248 0.016692331434959615 0.3823191377530631
usemtl m_a520c05c-83fc-6d1a-7b60-0c8dd74607e0
f 2228/6676/1669 2231/6675/1669 2229/6674/1669 2226/6673/1669
f 2227/6680/1670 2228/6679/1670 2226/6678/1670 2225/6677/1670
f 2232/6684/1671 2227/6683/1671 2225/6682/1671 2230/6681/1671
f 2231/6688/1672 2232/6687/1672 2230/6686/1672 2229/6685/1672
f 2230/6692/1673 2225/6691/1673 2226/6690/1673 2229/6689/1673
f 2231/6696/1674 2228/6695/1674 2227/6694/1674 2232/6693/1674
o cube
v 0.188538125 1.7112194757454016 -0.3658775085465527
v 0.188538125 1.5082878057365867 -0.3570173204879688
v 0.188538125 1.725395776639136 -0.041186836532449034
v 0.188538125 1.522464106630321 -0.03232664847386513
v 0.10728812500000001 1.5082878057365867 -0.3570173204879688
v 0.10728812500000001 1.7112194757454016 -0.3658775085465527
v 0.10728812500000001 1.522464106630321 -0.03232664847386513
v 0.10728812500000001 1.725395776639136 -0.041186836532449034
vt 0.2373046875 0.484375
vt 0.23828125 0.484375
vt 0.23828125 0.4794921875
vt 0.2373046875 0.4794921875
vt 0.234375 0.484375
vt 0.2373046875 0.484375
vt 0.2373046875 0.4794921875
vt 0.234375 0.4794921875
vt 0.2412109375 0.484375
vt 0.2421875 0.484375
vt 0.2421875 0.4794921875
vt 0.2412109375 0.4794921875
vt 0.23828125 0.484375
vt 0.2412109375 0.484375
vt 0.2412109375 0.4794921875
vt 0.23828125 0.4794921875
vt 0.23828125 0.484375
vt 0.2373046875 0.484375
vt 0.2373046875 0.4873046875
vt 0.23828125 0.4873046875
vt 0.2392578125 0.4873046875
vt 0.23828125 0.4873046875
vt 0.23828125 0.484375
vt 0.2392578125 0.484375
vn 0 -0.9990482215818578 0.043619387365336104
vn 1 0 0
vn 0 0.9990482215818578 -0.043619387365336104
vn -1 0 0
vn 0 -0.043619387365336104 -0.9990482215818578
vn 0 0.043619387365336104 0.9990482215818578
usemtl m_a520c05c-83fc-6d1a-7b60-0c8dd74607e0
f 2236/6700/1675 2239/6699/1675 2237/6698/1675 2234/6697/1675
f 2235/6704/1676 2236/6703/1676 2234/6702/1676 2233/6701/1676
f 2240/6708/1677 2235/6707/1677 2233/6706/1677 2238/6705/1677
f 2239/6712/1678 2240/6711/1678 2238/6710/1678 2237/6709/1678
f 2238/6716/1679 2233/6715/1679 2234/6714/1679 2237/6713/1679
f 2239/6720/1680 2236/6719/1680 2235/6718/1680 2240/6717/1680
o cube
v 0.117775625 1.5552090779397565 -0.3565375806124202
v 0.117775625 1.4451210039331484 -0.3052026686316046
v 0.117775625 1.6005745069734847 -0.2592511040977047
v 0.117775625 1.4904864329668768 -0.20791619211688914
v -0.078443125 1.4451210039331484 -0.3052026686316046
v -0.078443125 1.5552090779397565 -0.3565375806124202
v -0.078443125 1.4904864329668768 -0.20791619211688914
v -0.078443125 1.6005745069734847 -0.2592511040977047
vt 0.2529296875 0.65234375
vt 0.255859375 0.65234375
vt 0.255859375 0.6513671875
vt 0.2529296875 0.6513671875
vt 0.251953125 0.65234375
vt 0.2529296875 0.65234375
vt 0.2529296875 0.6513671875
vt 0.251953125 0.6513671875
vt 0.2568359375 0.65234375
vt 0.259765625 0.65234375
vt 0.259765625 0.6513671875
vt 0.2568359375 0.6513671875
vt 0.255859375 0.65234375
vt 0.2568359375 0.65234375
vt 0.2568359375 0.6513671875
vt 0.255859375 0.6513671875
vt 0.255859375 0.65234375
vt 0.2529296875 0.65234375
vt 0.2529296875 0.6533203125
vt 0.255859375 0.6533203125
vt 0.2587890625 0.6533203125
vt 0.255859375 0.6533203125
vt 0.255859375 0.65234375
vt 0.2587890625 0.65234375
vn 0 -0.90630778703665 0.4226182617406995
vn 1 0 0
vn 0 0.90630778703665 -0.4226182617406995
vn -1 0 0
vn 0 -0.4226182617406995 -0.90630778703665
vn 0 0.4226182617406995 0.90630778703665
usemtl m_a520c05c-83fc-6d1a-7b60-0c8dd74607e0
f 2244/6724/1681 2247/6723/1681 2245/6722/1681 2242/6721/1681
f 2243/6728/1682 2244/6727/1682 2242/6726/1682 2241/6725/1682
f 2248/6732/1683 2243/6731/1683 2241/6730/1683 2246/6729/1683
f 2247/6736/1684 2248/6735/1684 2246/6734/1684 2245/6733/1684
f 2246/6740/1685 2241/6739/1685 2242/6738/1685 2245/6737/1685
f 2247/6744/1686 2244/6743/1686 2243/6742/1686 2248/6741/1686
o cube
v 0.117775625 1.4762360683770945 0.0823659483161227
v 0.117775625 1.4249011563962788 -0.027722125690485377
v 0.117775625 1.378949591862379 0.12773137734985093
v 0.117775625 1.3276146798815636 0.01764330334324285
v -0.078443125 1.4249011563962788 -0.027722125690485377
v -0.078443125 1.4762360683770945 0.0823659483161227
v -0.078443125 1.3276146798815636 0.01764330334324285
v -0.078443125 1.378949591862379 0.12773137734985093
vt 0.2529296875 0.64453125
vt 0.255859375 0.64453125
vt 0.255859375 0.6435546875
vt 0.2529296875 0.6435546875
vt 0.251953125 0.64453125
vt 0.2529296875 0.64453125
vt 0.2529296875 0.6435546875
vt 0.251953125 0.6435546875
vt 0.2568359375 0.64453125
vt 0.259765625 0.64453125
vt 0.259765625 0.6435546875
vt 0.2568359375 0.6435546875
vt 0.255859375 0.64453125
vt 0.2568359375 0.64453125
vt 0.2568359375 0.6435546875
vt 0.255859375 0.6435546875
vt 0.255859375 0.64453125
vt 0.2529296875 0.64453125
vt 0.2529296875 0.6455078125
vt 0.255859375 0.6455078125
vt 0.2587890625 0.6455078125
vt 0.255859375 0.6455078125
vt 0.255859375 0.64453125
vt 0.2587890625 0.64453125
vn 0 -0.4226182617406997 -0.9063077870366499
vn 1 0 0
vn 0 0.4226182617406997 0.9063077870366499
vn -1 0 0
vn 0 0.9063077870366499 -0.4226182617406997
vn 0 -0.9063077870366499 0.4226182617406997
usemtl m_a520c05c-83fc-6d1a-7b60-0c8dd74607e0
f 2252/6748/1687 2255/6747/1687 2253/6746/1687 2250/6745/1687
f 2251/6752/1688 2252/6751/1688 2250/6750/1688 2249/6749/1688
f 2256/6756/1689 2251/6755/1689 2249/6754/1689 2254/6753/1689
f 2255/6760/1690 2256/6759/1690 2254/6758/1690 2253/6757/1690
f 2254/6764/1691 2249/6763/1691 2250/6762/1691 2253/6761/1691
f 2255/6768/1692 2252/6767/1692 2251/6766/1692 2256/6765/1692
o cube
v 0.117775625 1.8784381442196056 -0.23850878185397173
v 0.117775625 1.7888819877139508 -0.32057187988528646
v 0.117775625 1.805917757870862 -0.15936666773075991
v 0.117775625 1.7163616013652072 -0.24142976576207464
v -0.078443125 1.7888819877139508 -0.32057187988528646
v -0.078443125 1.8784381442196056 -0.23850878185397173
v -0.078443125 1.7163616013652072 -0.24142976576207464
v -0.078443125 1.805917757870862 -0.15936666773075991
vt 0.0791015625 0.6044921875
vt 0.08203125 0.6044921875
vt 0.08203125 0.603515625
vt 0.0791015625 0.603515625
vt 0.078125 0.6044921875
vt 0.0791015625 0.6044921875
vt 0.0791015625 0.603515625
vt 0.078125 0.603515625
vt 0.0830078125 0.6044921875
vt 0.0859375 0.6044921875
vt 0.0859375 0.603515625
vt 0.0830078125 0.603515625
vt 0.08203125 0.6044921875
vt 0.0830078125 0.6044921875
vt 0.0830078125 0.603515625
vt 0.08203125 0.603515625
vt 0.08203125 0.6044921875
vt 0.0791015625 0.6044921875
vt 0.0791015625 0.60546875
vt 0.08203125 0.60546875
vt 0.0849609375 0.60546875
vt 0.08203125 0.60546875
vt 0.08203125 0.6044921875
vt 0.0849609375 0.6044921875
vn 0 -0.7372773368101242 -0.6755902076156601
vn 1 0 0
vn 0 0.7372773368101242 0.6755902076156601
vn -1 0 0
vn 0 0.6755902076156601 -0.7372773368101242
vn 0 -0.6755902076156601 0.7372773368101242
usemtl m_a520c05c-83fc-6d1a-7b60-0c8dd74607e0
f 2260/6772/1693 2263/6771/1693 2261/6770/1693 2258/6769/1693
f 2259/6776/1694 2260/6775/1694 2258/6774/1694 2257/6773/1694
f 2264/6780/1695 2259/6779/1695 2257/6778/1695 2262/6777/1695
f 2263/6784/1696 2264/6783/1696 2262/6782/1696 2261/6781/1696
f 2262/6788/1697 2257/6787/1697 2258/6786/1697 2261/6785/1697
f 2263/6792/1698 2260/6791/1698 2259/6790/1698 2264/6789/1698
o cube
v 0.117775625 1.7894358631155103 -0.320235780040918
v 0.117775625 1.6752925750844219 -0.3617805393255079
v 0.117775625 1.7527221383553955 -0.2193656502784306
v 0.117775625 1.638578850324307 -0.2609104095630205
v -0.078443125 1.6752925750844219 -0.3617805393255079
v -0.078443125 1.7894358631155103 -0.320235780040918
v -0.078443125 1.638578850324307 -0.2609104095630205
v -0.078443125 1.7527221383553955 -0.2193656502784306
vt 0.0869140625 0.6044921875
vt 0.08984375 0.6044921875
vt 0.08984375 0.603515625
vt 0.0869140625 0.603515625
vt 0.0859375 0.6044921875
vt 0.0869140625 0.6044921875
vt 0.0869140625 0.603515625
vt 0.0859375 0.603515625
vt 0.0908203125 0.6044921875
vt 0.09375 0.6044921875
vt 0.09375 0.603515625
vt 0.0908203125 0.603515625
vt 0.08984375 0.6044921875
vt 0.0908203125 0.6044921875
vt 0.0908203125 0.603515625
vt 0.08984375 0.603515625
vt 0.08984375 0.6044921875
vt 0.0869140625 0.6044921875
vt 0.0869140625 0.60546875
vt 0.08984375 0.60546875
vt 0.0927734375 0.60546875
vt 0.08984375 0.60546875
vt 0.08984375 0.6044921875
vt 0.0927734375 0.6044921875
vn 0 -0.9396926207859084 -0.3420201433256688
vn 1 0 0
vn 0 0.9396926207859084 0.3420201433256688
vn -1 0 0
vn 0 0.3420201433256688 -0.9396926207859084
vn 0 -0.3420201433256688 0.9396926207859084
usemtl m_a520c05c-83fc-6d1a-7b60-0c8dd74607e0
f 2268/6796/1699 2271/6795/1699 2269/6794/1699 2266/6793/1699
f 2267/6800/1700 2268/6799/1700 2266/6798/1700 2265/6797/1700
f 2272/6804/1701 2267/6803/1701 2265/6802/1701 2270/6801/1701
f 2271/6808/1702 2272/6807/1702 2270/6806/1702 2269/6805/1702
f 2270/6812/1703 2265/6811/1703 2266/6810/1703 2269/6809/1703
f 2271/6816/1704 2268/6815/1704 2267/6814/1704 2272/6813/1704
o cube
v 0.117775625 1.6759329090735442 -0.361681982498187
v 0.117775625 1.5545797704082729 -0.3563835900391538
v 0.117775625 1.680615177686042 -0.25444039996275936
v 0.117775625 1.5592620390207708 -0.2491420075037262
v -0.078443125 1.5545797704082729 -0.3563835900391538
v -0.078443125 1.6759329090735442 -0.361681982498187
v -0.078443125 1.5592620390207708 -0.2491420075037262
v -0.078443125 1.680615177686042 -0.25444039996275936
vt 0.0947265625 0.6044921875
vt 0.09765625 0.6044921875
vt 0.09765625 0.603515625
vt 0.0947265625 0.603515625
vt 0.09375 0.6044921875
vt 0.0947265625 0.6044921875
vt 0.0947265625 0.603515625
vt 0.09375 0.603515625
vt 0.0986328125 0.6044921875
vt 0.1015625 0.6044921875
vt 0.1015625 0.603515625
vt 0.0986328125 0.603515625
vt 0.09765625 0.6044921875
vt 0.0986328125 0.6044921875
vt 0.0986328125 0.603515625
vt 0.09765625 0.603515625
vt 0.09765625 0.6044921875
vt 0.0947265625 0.6044921875
vt 0.0947265625 0.60546875
vt 0.09765625 0.60546875
vt 0.1005859375 0.60546875
vt 0.09765625 0.60546875
vt 0.09765625 0.6044921875
vt 0.1005859375 0.6044921875
vn 0 -0.9990482215818578 0.043619387365336104
vn 1 0 0
vn 0 0.9990482215818578 -0.043619387365336104
vn -1 0 0
vn 0 -0.043619387365336104 -0.9990482215818578
vn 0 0.043619387365336104 0.9990482215818578
usemtl m_a520c05c-83fc-6d1a-7b60-0c8dd74607e0
f 2276/6820/1705 2279/6819/1705 2277/6818/1705 2274/6817/1705
f 2275/6824/1706 2276/6823/1706 2274/6822/1706 2273/6821/1706
f 2280/6828/1707 2275/6827/1707 2273/6826/1707 2278/6825/1707
f 2279/6832/1708 2280/6831/1708 2278/6830/1708 2277/6829/1708
f 2278/6836/1709 2273/6835/1709 2274/6834/1709 2277/6833/1709
f 2279/6840/1710 2276/6839/1710 2275/6838/1710 2280/6837/1710
o cube
v 0.117775625 1.4350102529902573 0.013590342262228633
v 0.117775625 1.4297118605312242 -0.1077627964030427
v 0.117775625 1.3277686704548297 0.01827261087472641
v 0.117775625 1.3224702779957966 -0.10308052779054491
v -0.078443125 1.4297118605312242 -0.1077627964030427
v -0.078443125 1.4350102529902573 0.013590342262228633
v -0.078443125 1.3224702779957966 -0.10308052779054491
v -0.078443125 1.3277686704548297 0.01827261087472641
vt 0.1025390625 0.6044921875
vt 0.10546875 0.6044921875
vt 0.10546875 0.603515625
vt 0.1025390625 0.603515625
vt 0.1015625 0.6044921875
vt 0.1025390625 0.6044921875
vt 0.1025390625 0.603515625
vt 0.1015625 0.603515625
vt 0.1064453125 0.6044921875
vt 0.109375 0.6044921875
vt 0.109375 0.603515625
vt 0.1064453125 0.603515625
vt 0.10546875 0.6044921875
vt 0.1064453125 0.6044921875
vt 0.1064453125 0.603515625
vt 0.10546875 0.603515625
vt 0.10546875 0.6044921875
vt 0.1025390625 0.6044921875
vt 0.1025390625 0.60546875
vt 0.10546875 0.60546875
vt 0.1083984375 0.60546875
vt 0.10546875 0.60546875
vt 0.10546875 0.6044921875
vt 0.1083984375 0.6044921875
vn 0 -0.04361938736533599 -0.9990482215818579
vn 1 0 0
vn 0 0.04361938736533599 0.9990482215818579
vn -1 0 0
vn 0 0.9990482215818579 -0.04361938736533599
vn 0 -0.9990482215818579 0.04361938736533599
usemtl m_a520c05c-83fc-6d1a-7b60-0c8dd74607e0
f 2284/6844/1711 2287/6843/1711 2285/6842/1711 2282/6841/1711
f 2283/6848/1712 2284/6847/1712 2282/6846/1712 2281/6845/1712
f 2288/6852/1713 2283/6851/1713 2281/6850/1713 2286/6849/1713
f 2287/6856/1714 2288/6855/1714 2286/6854/1714 2285/6853/1714
f 2286/6860/1715 2281/6859/1715 2282/6858/1715 2285/6857/1715
f 2287/6864/1716 2284/6863/1716 2283/6862/1716 2288/6861/1716
o cube
v 0.117775625 1.423241850930963 -0.06572646904130774
v 0.117775625 1.464786610215553 -0.17986975707239608
v 0.117775625 1.3223717211684758 -0.10244019380142247
v 0.117775625 1.3639164804530655 -0.21658348183251083
v -0.078443125 1.464786610215553 -0.17986975707239608
v -0.078443125 1.423241850930963 -0.06572646904130774
v -0.078443125 1.3639164804530655 -0.21658348183251083
v -0.078443125 1.3223717211684758 -0.10244019380142247
vt 0.1103515625 0.6044921875
vt 0.11328125 0.6044921875
vt 0.11328125 0.603515625
vt 0.1103515625 0.603515625
vt 0.109375 0.6044921875
vt 0.1103515625 0.6044921875
vt 0.1103515625 0.603515625
vt 0.109375 0.603515625
vt 0.1142578125 0.6044921875
vt 0.1171875 0.6044921875
vt 0.1171875 0.603515625
vt 0.1142578125 0.603515625
vt 0.11328125 0.6044921875
vt 0.1142578125 0.6044921875
vt 0.1142578125 0.603515625
vt 0.11328125 0.603515625
vt 0.11328125 0.6044921875
vt 0.1103515625 0.6044921875
vt 0.1103515625 0.60546875
vt 0.11328125 0.60546875
vt 0.1162109375 0.60546875
vt 0.11328125 0.60546875
vt 0.11328125 0.6044921875
vt 0.1162109375 0.6044921875
vn 0 0.3420201433256685 -0.9396926207859084
vn 1 0 0
vn 0 -0.3420201433256685 0.9396926207859084
vn -1 0 0
vn 0 0.9396926207859084 0.3420201433256685
vn 0 -0.9396926207859084 -0.3420201433256685
usemtl m_a520c05c-83fc-6d1a-7b60-0c8dd74607e0
f 2292/6868/1717 2295/6867/1717 2293/6866/1717 2290/6865/1717
f 2291/6872/1718 2292/6871/1718 2290/6870/1718 2289/6869/1718
f 2296/6876/1719 2291/6875/1719 2289/6874/1719 2294/6873/1719
f 2295/6880/1720 2296/6879/1720 2294/6878/1720 2293/6877/1720
f 2294/6884/1721 2289/6883/1721 2290/6882/1721 2293/6881/1721
f 2295/6888/1722 2292/6887/1722 2291/6886/1722 2296/6885/1722
o cube
v 0.117775625 1.442722494731909 -0.14350922008220798
v 0.117775625 1.5247855927632237 -0.23306537658786278
v 0.117775625 1.3635803806086972 -0.2160296064309515
v 0.117775625 1.4456434786400119 -0.30558576293660633
v -0.078443125 1.5247855927632237 -0.23306537658786278
v -0.078443125 1.442722494731909 -0.14350922008220798
v -0.078443125 1.4456434786400119 -0.30558576293660633
v -0.078443125 1.3635803806086972 -0.2160296064309515
vt 0.1162109375 0.57421875
vt 0.119140625 0.57421875
vt 0.119140625 0.5732421875
vt 0.1162109375 0.5732421875
vt 0.115234375 0.57421875
vt 0.1162109375 0.57421875
vt 0.1162109375 0.5732421875
vt 0.115234375 0.5732421875
vt 0.1201171875 0.57421875
vt 0.123046875 0.57421875
vt 0.123046875 0.5732421875
vt 0.1201171875 0.5732421875
vt 0.119140625 0.57421875
vt 0.1201171875 0.57421875
vt 0.1201171875 0.5732421875
vt 0.119140625 0.5732421875
vt 0.119140625 0.57421875
vt 0.1162109375 0.57421875
vt 0.1162109375 0.5751953125
vt 0.119140625 0.5751953125
vt 0.1220703125 0.5751953125
vt 0.119140625 0.5751953125
vt 0.119140625 0.57421875
vt 0.1220703125 0.57421875
vn 0 0.6755902076156601 -0.7372773368101242
vn 1 0 0
vn 0 -0.6755902076156601 0.7372773368101242
vn -1 0 0
vn 0 0.7372773368101242 0.6755902076156601
vn 0 -0.7372773368101242 -0.6755902076156601
usemtl m_a520c05c-83fc-6d1a-7b60-0c8dd74607e0
f 2300/6892/1723 2303/6891/1723 2301/6890/1723 2298/6889/1723
f 2299/6896/1724 2300/6895/1724 2298/6894/1724 2297/6893/1724
f 2304/6900/1725 2299/6899/1725 2297/6898/1725 2302/6897/1725
f 2303/6904/1726 2304/6903/1726 2302/6902/1726 2301/6901/1726
f 2302/6908/1727 2297/6907/1727 2298/6906/1727 2301/6905/1727
f 2303/6912/1728 2300/6911/1728 2299/6910/1728 2304/6909/1728
o cube
v 0.13138500000000003 1.708379804287903 -0.6637546568582787
v 0.13138500000000003 1.4851549672782065 -0.6540084499938364
v 0.13138500000000003 1.7119239067734537 -0.5825813644496143
v 0.13138500000000003 1.4886990697637572 -0.572835157585172
v -0.09205249999999998 1.4851549672782065 -0.6540084499938364
v -0.09205249999999998 1.708379804287903 -0.6637546568582787
v -0.09205249999999998 1.4886990697637572 -0.572835157585172
v -0.09205249999999998 1.7119239067734537 -0.5825813644496143
vt 0.1513671875 0.3515625
vt 0.154296875 0.3515625
vt 0.154296875 0.3505859375
vt 0.1513671875 0.3505859375
vt 0.1484375 0.3515625
vt 0.1513671875 0.3515625
vt 0.1513671875 0.3505859375
vt 0.1484375 0.3505859375
vt 0.1572265625 0.3515625
vt 0.16015625 0.3515625
vt 0.16015625 0.3505859375
vt 0.1572265625 0.3505859375
vt 0.154296875 0.3515625
vt 0.1572265625 0.3515625
vt 0.1572265625 0.3505859375
vt 0.154296875 0.3505859375
vt 0.154296875 0.3515625
vt 0.1513671875 0.3515625
vt 0.1513671875 0.3544921875
vt 0.154296875 0.3544921875
vt 0.1572265625 0.3544921875
vt 0.154296875 0.3544921875
vt 0.154296875 0.3515625
vt 0.1572265625 0.3515625
vn 0 -0.9990482215818578 0.043619387365336104
vn 1 0 0
vn 0 0.9990482215818578 -0.043619387365336104
vn -1 0 0
vn 0 -0.043619387365336104 -0.9990482215818578
vn 0 0.043619387365336104 0.9990482215818578
usemtl m_a520c05c-83fc-6d1a-7b60-0c8dd74607e0
f 2308/6916/1729 2311/6915/1729 2309/6914/1729 2306/6913/1729
f 2307/6920/1730 2308/6919/1730 2306/6918/1730 2305/6917/1730
f 2312/6924/1731 2307/6923/1731 2305/6922/1731 2310/6921/1731
f 2311/6928/1732 2312/6927/1732 2310/6926/1732 2309/6925/1732
f 2310/6932/1733 2305/6931/1733 2306/6930/1733 2309/6929/1733
f 2311/6936/1734 2308/6935/1734 2307/6934/1734 2312/6933/1734
o cube
v 0.11107249999999999 1.6765683928108623 -0.9266798090638795
v 0.11107249999999999 1.493929889802929 -0.9187056398111539
v 0.11107249999999999 1.6907447209667135 -0.6019885126446374
v 0.11107249999999999 1.5081062179587803 -0.5940143433919118
v -0.07174 1.493929889802929 -0.9187056398111539
v -0.07174 1.6765683928108623 -0.9266798090638795
v -0.07174 1.5081062179587803 -0.5940143433919118
v -0.07174 1.6907447209667135 -0.6019885126446374
vt 0.2421875 0.4248046875
vt 0.244140625 0.4248046875
vt 0.244140625 0.419921875
vt 0.2421875 0.419921875
vt 0.240234375 0.4248046875
vt 0.2421875 0.4248046875
vt 0.2421875 0.419921875
vt 0.240234375 0.419921875
vt 0.24609375 0.4248046875
vt 0.248046875 0.4248046875
vt 0.248046875 0.419921875
vt 0.24609375 0.419921875
vt 0.244140625 0.4248046875
vt 0.24609375 0.4248046875
vt 0.24609375 0.419921875
vt 0.244140625 0.419921875
vt 0.244140625 0.4248046875
vt 0.2421875 0.4248046875
vt 0.2421875 0.4267578125
vt 0.244140625 0.4267578125
vt 0.24609375 0.4267578125
vt 0.244140625 0.4267578125
vt 0.244140625 0.4248046875
vt 0.24609375 0.4248046875
vn 0 -0.9990482215818578 0.043619387365336104
vn 1 0 0
vn 0 0.9990482215818578 -0.043619387365336104
vn -1 0 0
vn 0 -0.043619387365336104 -0.9990482215818578
vn 0 0.043619387365336104 0.9990482215818578
usemtl m_a520c05c-83fc-6d1a-7b60-0c8dd74607e0
f 2316/6940/1735 2319/6939/1735 2317/6938/1735 2314/6937/1735
f 2315/6944/1736 2316/6943/1736 2314/6942/1736 2313/6941/1736
f 2320/6948/1737 2315/6947/1737 2313/6946/1737 2318/6945/1737
f 2319/6952/1738 2320/6951/1738 2318/6950/1738 2317/6949/1738
f 2318/6956/1739 2313/6955/1739 2314/6954/1739 2317/6953/1739
f 2319/6960/1740 2316/6959/1740 2315/6958/1740 2320/6957/1740
o cube
v 0.060291250000000005 1.9808479371074834 -0.5116617633698544
v 0.060291250000000005 1.9465102033410515 -0.5852992710665821
v 0.060291250000000005 1.6678885293963903 -0.3657263948625189
v 0.060291250000000005 1.6335507956299584 -0.43936390255924673
v -0.02095875 1.9465102033410515 -0.5852992710665821
v -0.02095875 1.9808479371074834 -0.5116617633698544
v -0.02095875 1.6335507956299584 -0.43936390255924673
v -0.02095875 1.6678885293963903 -0.3657263948625189
vt 0.5439453125 0.4736328125
vt 0.544921875 0.4736328125
vt 0.544921875 0.46875
vt 0.5439453125 0.46875
vt 0.54296875 0.4736328125
vt 0.5439453125 0.4736328125
vt 0.5439453125 0.46875
vt 0.54296875 0.46875
vt 0.5458984375 0.4736328125
vt 0.546875 0.4736328125
vt 0.546875 0.46875
vt 0.5458984375 0.46875
vt 0.544921875 0.4736328125
vt 0.5458984375 0.4736328125
vt 0.5458984375 0.46875
vt 0.544921875 0.46875
vt 0.544921875 0.4736328125
vt 0.5439453125 0.4736328125
vt 0.5439453125 0.474609375
vt 0.544921875 0.474609375
vt 0.5458984375 0.474609375
vt 0.544921875 0.474609375
vt 0.544921875 0.4736328125
vt 0.5458984375 0.4736328125
vn 0 -0.4226182617406997 -0.9063077870366499
vn 1 0 0
vn 0 0.4226182617406997 0.9063077870366499
vn -1 0 0
vn 0 0.9063077870366499 -0.4226182617406997
vn 0 -0.9063077870366499 0.4226182617406997
usemtl m_a520c05c-83fc-6d1a-7b60-0c8dd74607e0
f 2324/6964/1741 2327/6963/1741 2325/6962/1741 2322/6961/1741
f 2323/6968/1742 2324/6967/1742 2322/6966/1742 2321/6965/1742
f 2328/6972/1743 2323/6971/1743 2321/6970/1743 2326/6969/1743
f 2327/6976/1744 2328/6975/1744 2326/6974/1744 2325/6973/1744
f 2326/6980/1745 2321/6979/1745 2322/6978/1745 2325/6977/1745
f 2327/6984/1746 2324/6983/1746 2323/6982/1746 2328/6981/1746
o cube
v 0.060291250000000005 1.9187213303963218 -0.5089490135774916
v 0.060291250000000005 1.9465104670415323 -0.5852990390163466
v 0.060291250000000005 1.5942337222811878 -0.6270528443196365
v 0.060291250000000005 1.6220228589263983 -0.7034028697584915
v -0.02095875 1.9465104670415323 -0.5852990390163466
v -0.02095875 1.9187213303963218 -0.5089490135774916
v -0.02095875 1.6220228589263983 -0.7034028697584915
v -0.02095875 1.5942337222811878 -0.6270528443196365
vt 0.4306640625 0.447265625
vt 0.431640625 0.447265625
vt 0.431640625 0.4423828125
vt 0.4306640625 0.4423828125
vt 0.4296875 0.447265625
vt 0.4306640625 0.447265625
vt 0.4306640625 0.4423828125
vt 0.4296875 0.4423828125
vt 0.4326171875 0.447265625
vt 0.43359375 0.447265625
vt 0.43359375 0.4423828125
vt 0.4326171875 0.4423828125
vt 0.431640625 0.447265625
vt 0.4326171875 0.447265625
vt 0.4326171875 0.4423828125
vt 0.431640625 0.4423828125
vt 0.431640625 0.447265625
vt 0.4306640625 0.447265625
vt 0.4306640625 0.4482421875
vt 0.431640625 0.4482421875
vt 0.4326171875 0.4482421875
vt 0.431640625 0.4482421875
vt 0.431640625 0.447265625
vt 0.4326171875 0.447265625
vn 0 0.3420201433256685 -0.9396926207859084
vn 1 0 0
vn 0 -0.3420201433256685 0.9396926207859084
vn -1 0 0
vn 0 0.9396926207859084 0.3420201433256685
vn 0 -0.9396926207859084 -0.3420201433256685
usemtl m_a520c05c-83fc-6d1a-7b60-0c8dd74607e0
f 2332/6988/1747 2335/6987/1747 2333/6986/1747 2330/6985/1747
f 2331/6992/1748 2332/6991/1748 2330/6990/1748 2329/6989/1748
f 2336/6996/1749 2331/6995/1749 2329/6994/1749 2334/6993/1749
f 2335/7000/1750 2336/6999/1750 2334/6998/1750 2333/6997/1750
f 2334/7004/1751 2329/7003/1751 2330/7002/1751 2333/7001/1751
f 2335/7008/1752 2332/7007/1752 2331/7006/1752 2336/7005/1752
o cube
v 0.060291250000000005 1.848779730313515 -0.7948829468188073
v 0.060291250000000005 1.814441996547083 -0.8685204545155352
v 0.060291250000000005 1.649108795982003 -0.7017748610290595
v 0.060291250000000005 1.614771062215571 -0.7754123687257873
v -0.02095875 1.814441996547083 -0.8685204545155352
v -0.02095875 1.848779730313515 -0.7948829468188073
v -0.02095875 1.614771062215571 -0.7754123687257873
v -0.02095875 1.649108795982003 -0.7017748610290595
vt 0.5439453125 0.4677734375
vt 0.544921875 0.4677734375
vt 0.544921875 0.46484375
vt 0.5439453125 0.46484375
vt 0.54296875 0.4677734375
vt 0.5439453125 0.4677734375
vt 0.5439453125 0.46484375
vt 0.54296875 0.46484375
vt 0.5458984375 0.4677734375
vt 0.546875 0.4677734375
vt 0.546875 0.46484375
vt 0.5458984375 0.46484375
vt 0.544921875 0.4677734375
vt 0.5458984375 0.4677734375
vt 0.5458984375 0.46484375
vt 0.544921875 0.46484375
vt 0.544921875 0.4677734375
vt 0.5439453125 0.4677734375
vt 0.5439453125 0.46875
vt 0.544921875 0.46875
vt 0.5458984375 0.46875
vt 0.544921875 0.46875
vt 0.544921875 0.4677734375
vt 0.5458984375 0.4677734375
vn 0 -0.4226182617406997 -0.9063077870366499
vn 1 0 0
vn 0 0.4226182617406997 0.9063077870366499
vn -1 0 0
vn 0 0.9063077870366499 -0.4226182617406997
vn 0 -0.9063077870366499 0.4226182617406997
usemtl m_a520c05c-83fc-6d1a-7b60-0c8dd74607e0
f 2340/7012/1753 2343/7011/1753 2341/7010/1753 2338/7009/1753
f 2339/7016/1754 2340/7015/1754 2338/7014/1754 2337/7013/1754
f 2344/7020/1755 2339/7019/1755 2337/7018/1755 2342/7017/1755
f 2343/7024/1756 2344/7023/1756 2342/7022/1756 2341/7021/1756
f 2342/7028/1757 2337/7027/1757 2338/7026/1757 2341/7025/1757
f 2343/7032/1758 2340/7031/1758 2339/7030/1758 2344/7029/1758
o cube
v 0.060291250000000005 2.5126589334925726 -1.5860634457794744
v 0.060291250000000005 2.4504178224891557 -1.6382899390665058
v 0.060291250000000005 1.8487798553631936 -0.794883169370655
v 0.060291250000000005 1.7865387443597764 -0.8471096626576864
v -0.02095875 2.4504178224891557 -1.6382899390665058
v -0.02095875 2.5126589334925726 -1.5860634457794744
v -0.02095875 1.7865387443597764 -0.8471096626576864
v -0.02095875 1.8487798553631936 -0.794883169370655
vt 0.2607421875 0.6669921875
vt 0.26171875 0.6669921875
vt 0.26171875 0.6513671875
vt 0.2607421875 0.6513671875
vt 0.259765625 0.6669921875
vt 0.2607421875 0.6669921875
vt 0.2607421875 0.6513671875
vt 0.259765625 0.6513671875
vt 0.2626953125 0.6669921875
vt 0.263671875 0.6669921875
vt 0.263671875 0.6513671875
vt 0.2626953125 0.6513671875
vt 0.26171875 0.6669921875
vt 0.2626953125 0.6669921875
vt 0.2626953125 0.6513671875
vt 0.26171875 0.6513671875
vt 0.26171875 0.6669921875
vt 0.2607421875 0.6669921875
vt 0.2607421875 0.66796875
vt 0.26171875 0.66796875
vt 0.2626953125 0.66796875
vt 0.26171875 0.66796875
vt 0.26171875 0.6669921875
vt 0.2626953125 0.6669921875
vn 0 -0.766044443118978 -0.6427876096865396
vn 1 0 0
vn 0 0.766044443118978 0.6427876096865396
vn -1 0 0
vn 0 0.6427876096865396 -0.766044443118978
vn 0 -0.6427876096865396 0.766044443118978
usemtl m_a520c05c-83fc-6d1a-7b60-0c8dd74607e0
f 2348/7036/1759 2351/7035/1759 2349/7034/1759 2346/7033/1759
f 2347/7040/1760 2348/7039/1760 2346/7038/1760 2345/7037/1760
f 2352/7044/1761 2347/7043/1761 2345/7042/1761 2350/7041/1761
f 2351/7048/1762 2352/7047/1762 2350/7046/1762 2349/7045/1762
f 2350/7052/1763 2345/7051/1763 2346/7050/1763 2349/7049/1763
f 2351/7056/1764 2348/7055/1764 2347/7054/1764 2352/7053/1764
o cube
v 0.117775625 1.7807685733998884 -0.1936658275271069
v 0.117775625 1.832103485380704 -0.08357775352049879
v 0.117775625 1.8780550499146038 -0.23903125656083507
v 0.117775625 1.9293899618954193 -0.128943182554227
v -0.078443125 1.832103485380704 -0.08357775352049879
v -0.078443125 1.7807685733998884 -0.1936658275271069
v -0.078443125 1.9293899618954193 -0.128943182554227
v -0.078443125 1.8780550499146038 -0.23903125656083507
vt 0.1240234375 0.57421875
vt 0.126953125 0.57421875
vt 0.126953125 0.5732421875
vt 0.1240234375 0.5732421875
vt 0.123046875 0.57421875
vt 0.1240234375 0.57421875
vt 0.1240234375 0.5732421875
vt 0.123046875 0.5732421875
vt 0.1279296875 0.57421875
vt 0.130859375 0.57421875
vt 0.130859375 0.5732421875
vt 0.1279296875 0.5732421875
vt 0.126953125 0.57421875
vt 0.1279296875 0.57421875
vt 0.1279296875 0.5732421875
vt 0.126953125 0.5732421875
vt 0.126953125 0.57421875
vt 0.1240234375 0.57421875
vt 0.1240234375 0.5751953125
vt 0.126953125 0.5751953125
vt 0.1298828125 0.5751953125
vt 0.126953125 0.5751953125
vt 0.126953125 0.57421875
vt 0.1298828125 0.57421875
vn 0 0.4226182617406993 0.9063077870366502
vn 1 0 0
vn 0 -0.4226182617406993 -0.9063077870366502
vn -1 0 0
vn 0 -0.9063077870366502 0.4226182617406993
vn 0 0.9063077870366502 -0.4226182617406993
usemtl m_a520c05c-83fc-6d1a-7b60-0c8dd74607e0
f 2356/7060/1765 2359/7059/1765 2357/7058/1765 2354/7057/1765
f 2355/7064/1766 2356/7063/1766 2354/7062/1766 2353/7061/1766
f 2360/7068/1767 2355/7067/1767 2353/7066/1767 2358/7065/1767
f 2359/7072/1768 2360/7071/1768 2358/7070/1768 2357/7069/1768
f 2358/7076/1769 2353/7075/1769 2354/7074/1769 2357/7073/1769
f 2359/7080/1770 2356/7079/1770 2355/7078/1770 2360/7077/1770
o cube
v 0.117775625 1.8219943887867256 -0.12489022147321288
v 0.117775625 1.8272927812457587 -0.0035370828079415856
v 0.117775625 1.929235971322153 -0.12957249008571065
v 0.117775625 1.9345343637811863 -0.008219351420439364
v -0.078443125 1.8272927812457587 -0.0035370828079415856
v -0.078443125 1.8219943887867256 -0.12489022147321288
v -0.078443125 1.9345343637811863 -0.008219351420439364
v -0.078443125 1.929235971322153 -0.12957249008571065
vt 0.1318359375 0.57421875
vt 0.134765625 0.57421875
vt 0.134765625 0.5732421875
vt 0.1318359375 0.5732421875
vt 0.130859375 0.57421875
vt 0.1318359375 0.57421875
vt 0.1318359375 0.5732421875
vt 0.130859375 0.5732421875
vt 0.1357421875 0.57421875
vt 0.138671875 0.57421875
vt 0.138671875 0.5732421875
vt 0.1357421875 0.5732421875
vt 0.134765625 0.57421875
vt 0.1357421875 0.57421875
vt 0.1357421875 0.5732421875
vt 0.134765625 0.5732421875
vt 0.134765625 0.57421875
vt 0.1318359375 0.57421875
vt 0.1318359375 0.5751953125
vt 0.134765625 0.5751953125
vt 0.1376953125 0.5751953125
vt 0.134765625 0.5751953125
vt 0.134765625 0.57421875
vt 0.1376953125 0.57421875
vn 0 0.04361938736533594 0.9990482215818577
vn 1 0 0
vn 0 -0.04361938736533594 -0.9990482215818577
vn -1 0 0
vn 0 -0.9990482215818577 0.04361938736533594
vn 0 0.9990482215818577 -0.04361938736533594
usemtl m_a520c05c-83fc-6d1a-7b60-0c8dd74607e0
f 2364/7084/1771 2367/7083/1771 2365/7082/1771 2362/7081/1771
f 2363/7088/1772 2364/7087/1772 2362/7086/1772 2361/7085/1772
f 2368/7092/1773 2363/7091/1773 2361/7090/1773 2366/7089/1773
f 2367/7096/1774 2368/7095/1774 2366/7094/1774 2365/7093/1774
f 2366/7100/1775 2361/7099/1775 2362/7098/1775 2365/7097/1775
f 2367/7104/1776 2364/7103/1776 2363/7102/1776 2368/7101/1776
o cube
v 0.117775625 1.8337627908460197 -0.045573410169676525
v 0.117775625 1.79221803156143 0.0685698778614118
v 0.117775625 1.9346329206085071 -0.008859685409561772
v 0.117775625 1.8930881613239174 0.10528360262152656
v -0.078443125 1.79221803156143 0.0685698778614118
v -0.078443125 1.8337627908460197 -0.045573410169676525
v -0.078443125 1.8930881613239174 0.10528360262152656
v -0.078443125 1.9346329206085071 -0.008859685409561772
vt 0.1396484375 0.57421875
vt 0.142578125 0.57421875
vt 0.142578125 0.5732421875
vt 0.1396484375 0.5732421875
vt 0.138671875 0.57421875
vt 0.1396484375 0.57421875
vt 0.1396484375 0.5732421875
vt 0.138671875 0.5732421875
vt 0.1435546875 0.57421875
vt 0.146484375 0.57421875
vt 0.146484375 0.5732421875
vt 0.1435546875 0.5732421875
vt 0.142578125 0.57421875
vt 0.1435546875 0.57421875
vt 0.1435546875 0.5732421875
vt 0.142578125 0.5732421875
vt 0.142578125 0.57421875
vt 0.1396484375 0.57421875
vt 0.1396484375 0.5751953125
vt 0.142578125 0.5751953125
vt 0.1455078125 0.5751953125
vt 0.142578125 0.5751953125
vt 0.142578125 0.57421875
vt 0.1455078125 0.57421875
vn 0 -0.34202014332566866 0.9396926207859084
vn 1 0 0
vn 0 0.34202014332566866 -0.9396926207859084
vn -1 0 0
vn 0 -0.9396926207859084 -0.34202014332566866
vn 0 0.9396926207859084 0.34202014332566866
usemtl m_a520c05c-83fc-6d1a-7b60-0c8dd74607e0
f 2372/7108/1777 2375/7107/1777 2373/7106/1777 2370/7105/1777
f 2371/7112/1778 2372/7111/1778 2370/7110/1778 2369/7109/1778
f 2376/7116/1779 2371/7115/1779 2369/7114/1779 2374/7113/1779
f 2375/7120/1780 2376/7119/1780 2374/7118/1780 2373/7117/1780
f 2374/7124/1781 2369/7123/1781 2370/7122/1781 2373/7121/1781
f 2375/7128/1782 2372/7127/1782 2371/7126/1782 2376/7125/1782
o cube
v 0.117775625 1.8142821470450738 0.03220934087122375
v 0.117775625 1.7322190490137592 0.12176549737687853
v 0.117775625 1.8934242611682857 0.10472972721996732
v 0.117775625 1.811361163136971 0.19428588372562205
v -0.078443125 1.7322190490137592 0.12176549737687853
v -0.078443125 1.8142821470450738 0.03220934087122375
v -0.078443125 1.811361163136971 0.19428588372562205
v -0.078443125 1.8934242611682857 0.10472972721996732
vt 0.1474609375 0.57421875
vt 0.150390625 0.57421875
vt 0.150390625 0.5732421875
vt 0.1474609375 0.5732421875
vt 0.146484375 0.57421875
vt 0.1474609375 0.57421875
vt 0.1474609375 0.5732421875
vt 0.146484375 0.5732421875
vt 0.1513671875 0.57421875
vt 0.154296875 0.57421875
vt 0.154296875 0.5732421875
vt 0.1513671875 0.5732421875
vt 0.150390625 0.57421875
vt 0.1513671875 0.57421875
vt 0.1513671875 0.5732421875
vt 0.150390625 0.5732421875
vt 0.150390625 0.57421875
vt 0.1474609375 0.57421875
vt 0.1474609375 0.5751953125
vt 0.150390625 0.5751953125
vt 0.1533203125 0.5751953125
vt 0.150390625 0.5751953125
vt 0.150390625 0.57421875
vt 0.1533203125 0.57421875
vn 0 -0.6755902076156602 0.7372773368101241
vn 1 0 0
vn 0 0.6755902076156602 -0.7372773368101241
vn -1 0 0
vn 0 -0.7372773368101241 -0.6755902076156602
vn 0 0.7372773368101241 0.6755902076156602
usemtl m_a520c05c-83fc-6d1a-7b60-0c8dd74607e0
f 2380/7132/1783 2383/7131/1783 2381/7130/1783 2378/7129/1783
f 2379/7136/1784 2380/7135/1784 2378/7134/1784 2377/7133/1784
f 2384/7140/1785 2379/7139/1785 2377/7138/1785 2382/7137/1785
f 2383/7144/1786 2384/7143/1786 2382/7142/1786 2381/7141/1786
f 2382/7148/1787 2377/7147/1787 2378/7146/1787 2381/7145/1787
f 2383/7152/1788 2380/7151/1788 2379/7150/1788 2384/7149/1788
o cube
v 0.117775625 1.7017955638372264 0.24523770140143591
v 0.117775625 1.8118836378438345 0.1939027894206203
v 0.117775625 1.6564301348034982 0.14795122488672044
v 0.117775625 1.7665182088101061 0.09661631290590486
v -0.078443125 1.8118836378438345 0.1939027894206203
v -0.078443125 1.7017955638372264 0.24523770140143591
v -0.078443125 1.7665182088101061 0.09661631290590486
v -0.078443125 1.6564301348034982 0.14795122488672044
vt 0.1552734375 0.57421875
vt 0.158203125 0.57421875
vt 0.158203125 0.5732421875
vt 0.1552734375 0.5732421875
vt 0.154296875 0.57421875
vt 0.1552734375 0.57421875
vt 0.1552734375 0.5732421875
vt 0.154296875 0.5732421875
vt 0.1591796875 0.57421875
vt 0.162109375 0.57421875
vt 0.162109375 0.5732421875
vt 0.1591796875 0.5732421875
vt 0.158203125 0.57421875
vt 0.1591796875 0.57421875
vt 0.1591796875 0.5732421875
vt 0.158203125 0.5732421875
vt 0.158203125 0.57421875
vt 0.1552734375 0.57421875
vt 0.1552734375 0.5751953125
vt 0.158203125 0.5751953125
vt 0.1611328125 0.5751953125
vt 0.158203125 0.5751953125
vt 0.158203125 0.57421875
vt 0.1611328125 0.57421875
vn 0 0.90630778703665 -0.4226182617406994
vn 1 0 0
vn 0 -0.90630778703665 0.4226182617406994
vn -1 0 0
vn 0 0.4226182617406994 0.90630778703665
vn 0 -0.4226182617406994 -0.90630778703665
usemtl m_a520c05c-83fc-6d1a-7b60-0c8dd74607e0
f 2388/7156/1789 2391/7155/1789 2389/7154/1789 2386/7153/1789
f 2387/7160/1790 2388/7159/1790 2386/7158/1790 2385/7157/1790
f 2392/7164/1791 2387/7163/1791 2385/7162/1791 2390/7161/1791
f 2391/7168/1792 2392/7167/1792 2390/7166/1792 2389/7165/1792
f 2390/7172/1793 2385/7171/1793 2386/7170/1793 2389/7169/1793
f 2391/7176/1794 2388/7175/1794 2387/7174/1794 2392/7173/1794
o cube
v 0.117775625 1.3785664975573773 0.12720890264298745
v 0.117775625 1.4681226540630319 0.20927200067430218
v 0.117775625 1.4510868839061208 0.048066788519775624
v 0.117775625 1.5406430404117755 0.13012988655109037
v -0.078443125 1.4681226540630319 0.20927200067430218
v -0.078443125 1.3785664975573773 0.12720890264298745
v -0.078443125 1.5406430404117755 0.13012988655109037
v -0.078443125 1.4510868839061208 0.048066788519775624
vt 0.1630859375 0.57421875
vt 0.166015625 0.57421875
vt 0.166015625 0.5732421875
vt 0.1630859375 0.5732421875
vt 0.162109375 0.57421875
vt 0.1630859375 0.57421875
vt 0.1630859375 0.5732421875
vt 0.162109375 0.5732421875
vt 0.1669921875 0.57421875
vt 0.169921875 0.57421875
vt 0.169921875 0.5732421875
vt 0.1669921875 0.5732421875
vt 0.166015625 0.57421875
vt 0.1669921875 0.57421875
vt 0.1669921875 0.5732421875
vt 0.166015625 0.5732421875
vt 0.166015625 0.57421875
vt 0.1630859375 0.57421875
vt 0.1630859375 0.5751953125
vt 0.166015625 0.5751953125
vt 0.1689453125 0.5751953125
vt 0.166015625 0.5751953125
vt 0.166015625 0.57421875
vt 0.1689453125 0.57421875
vn 0 0.7372773368101242 0.6755902076156604
vn 1 0 0
vn 0 -0.7372773368101242 -0.6755902076156604
vn -1 0 0
vn 0 -0.6755902076156604 0.7372773368101242
vn 0 0.6755902076156604 -0.7372773368101242
usemtl m_a520c05c-83fc-6d1a-7b60-0c8dd74607e0
f 2396/7180/1795 2399/7179/1795 2397/7178/1795 2394/7177/1795
f 2395/7184/1796 2396/7183/1796 2394/7182/1796 2393/7181/1796
f 2400/7188/1797 2395/7187/1797 2393/7186/1797 2398/7185/1797
f 2399/7192/1798 2400/7191/1798 2398/7190/1798 2397/7189/1798
f 2398/7196/1799 2393/7195/1799 2394/7194/1799 2397/7193/1799
f 2399/7200/1800 2396/7199/1800 2395/7198/1800 2400/7197/1800
o cube
v 0.117775625 1.4675687786614726 0.20893590082993374
v 0.117775625 1.581712066692561 0.25048066011452363
v 0.117775625 1.5042825034215874 0.10806577106744633
v 0.117775625 1.6184257914526758 0.14961053035203617
v -0.078443125 1.581712066692561 0.25048066011452363
v -0.078443125 1.4675687786614726 0.20893590082993374
v -0.078443125 1.6184257914526758 0.14961053035203617
v -0.078443125 1.5042825034215874 0.10806577106744633
vt 0.1708984375 0.57421875
vt 0.173828125 0.57421875
vt 0.173828125 0.5732421875
vt 0.1708984375 0.5732421875
vt 0.169921875 0.57421875
vt 0.1708984375 0.57421875
vt 0.1708984375 0.5732421875
vt 0.169921875 0.5732421875
vt 0.1748046875 0.57421875
vt 0.177734375 0.57421875
vt 0.177734375 0.5732421875
vt 0.1748046875 0.5732421875
vt 0.173828125 0.57421875
vt 0.1748046875 0.57421875
vt 0.1748046875 0.5732421875
vt 0.173828125 0.5732421875
vt 0.173828125 0.57421875
vt 0.1708984375 0.57421875
vt 0.1708984375 0.5751953125
vt 0.173828125 0.5751953125
vt 0.1767578125 0.5751953125
vt 0.173828125 0.5751953125
vt 0.173828125 0.57421875
vt 0.1767578125 0.57421875
vn 0 0.9396926207859084 0.34202014332566893
vn 1 0 0
vn 0 -0.9396926207859084 -0.34202014332566893
vn -1 0 0
vn 0 -0.34202014332566893 0.9396926207859084
vn 0 0.34202014332566893 -0.9396926207859084
usemtl m_a520c05c-83fc-6d1a-7b60-0c8dd74607e0
f 2404/7204/1801 2407/7203/1801 2405/7202/1801 2402/7201/1801
f 2403/7208/1802 2404/7207/1802 2402/7206/1802 2401/7205/1802
f 2408/7212/1803 2403/7211/1803 2401/7210/1803 2406/7209/1803
f 2407/7216/1804 2408/7215/1804 2406/7214/1804 2405/7213/1804
f 2406/7220/1805 2401/7219/1805 2402/7218/1805 2405/7217/1805
f 2407/7224/1806 2404/7223/1806 2403/7222/1806 2408/7221/1806
o cube
v 0.117775625 1.5810717327034387 0.25038210328720273
v 0.117775625 1.70242487136871 0.24508371082816954
v 0.117775625 1.5763894640909408 0.14314052075177508
v 0.117775625 1.6977426027562121 0.13784212829274195
v -0.078443125 1.70242487136871 0.24508371082816954
v -0.078443125 1.5810717327034387 0.25038210328720273
v -0.078443125 1.6977426027562121 0.13784212829274195
v -0.078443125 1.5763894640909408 0.14314052075177508
vt 0.1787109375 0.57421875
vt 0.181640625 0.57421875
vt 0.181640625 0.5732421875
vt 0.1787109375 0.5732421875
vt 0.177734375 0.57421875
vt 0.1787109375 0.57421875
vt 0.1787109375 0.5732421875
vt 0.177734375 0.5732421875
vt 0.1826171875 0.57421875
vt 0.185546875 0.57421875
vt 0.185546875 0.5732421875
vt 0.1826171875 0.5732421875
vt 0.181640625 0.57421875
vt 0.1826171875 0.57421875
vt 0.1826171875 0.5732421875
vt 0.181640625 0.5732421875
vt 0.181640625 0.57421875
vt 0.1787109375 0.57421875
vt 0.1787109375 0.5751953125
vt 0.181640625 0.5751953125
vt 0.1845703125 0.5751953125
vt 0.181640625 0.5751953125
vt 0.181640625 0.57421875
vt 0.1845703125 0.57421875
vn 0 0.9990482215818579 -0.04361938736533594
vn 1 0 0
vn 0 -0.9990482215818579 0.04361938736533594
vn -1 0 0
vn 0 0.04361938736533594 0.9990482215818579
vn 0 -0.04361938736533594 -0.9990482215818579
usemtl m_a520c05c-83fc-6d1a-7b60-0c8dd74607e0
f 2412/7228/1807 2415/7227/1807 2413/7226/1807 2410/7225/1807
f 2411/7232/1808 2412/7231/1808 2410/7230/1808 2409/7229/1808
f 2416/7236/1809 2411/7235/1809 2409/7234/1809 2414/7233/1809
f 2415/7240/1810 2416/7239/1810 2414/7238/1810 2413/7237/1810
f 2414/7244/1811 2409/7243/1811 2410/7242/1811 2413/7241/1811
f 2415/7248/1812 2412/7247/1812 2411/7246/1812 2416/7245/1812
o cube
v 0.102150625 1.9104577102577178 0.05228787120843999
v 0.102150625 1.7270545914829336 -0.3410213862471212
v 0.102150625 1.5299500502940493 0.22972150703613692
v 0.102150625 1.346546931519265 -0.16358775041942425
v -0.062818125 1.7270545914829336 -0.3410213862471212
v -0.062818125 1.9104577102577178 0.05228787120843999
v -0.062818125 1.346546931519265 -0.16358775041942425
v -0.062818125 1.5299500502940493 0.22972150703613692
vt 0.193359375 0.359375
vt 0.1953125 0.359375
vt 0.1953125 0.353515625
vt 0.193359375 0.353515625
vt 0.1875 0.359375
vt 0.193359375 0.359375
vt 0.193359375 0.353515625
vt 0.1875 0.353515625
vt 0.201171875 0.359375
vt 0.203125 0.359375
vt 0.203125 0.353515625
vt 0.201171875 0.353515625
vt 0.1953125 0.359375
vt 0.201171875 0.359375
vt 0.201171875 0.353515625
vt 0.1953125 0.353515625
vt 0.1953125 0.359375
vt 0.193359375 0.359375
vt 0.193359375 0.365234375
vt 0.1953125 0.365234375
vt 0.197265625 0.365234375
vt 0.1953125 0.365234375
vt 0.1953125 0.359375
vt 0.197265625 0.359375
vn 0 -0.4226182617406997 -0.9063077870366499
vn 1 0 0
vn 0 0.4226182617406997 0.9063077870366499
vn -1 0 0
vn 0 0.9063077870366499 -0.4226182617406997
vn 0 -0.9063077870366499 0.4226182617406997
usemtl m_a520c05c-83fc-6d1a-7b60-0c8dd74607e0
f 2420/7252/1813 2423/7251/1813 2421/7250/1813 2418/7249/1813
f 2419/7256/1814 2420/7255/1814 2418/7254/1814 2417/7253/1814
f 2424/7260/1815 2419/7259/1815 2417/7258/1815 2422/7257/1815
f 2423/7264/1816 2424/7263/1816 2422/7262/1816 2421/7261/1816
f 2422/7268/1817 2417/7267/1817 2418/7266/1817 2421/7265/1817
f 2423/7272/1818 2420/7271/1818 2419/7270/1818 2424/7269/1818
o cube
v -0.20190305531928 3.97003488353932 -2.7548305557666772
v -0.20190305531928 3.97003488353932 -2.7548305557666772
v 0.20190319468071438 3.970034813061834 -2.7548305557666772
v 0.20190319468071438 3.970034813061834 -2.7548305557666772
v -0.20190309043279728 3.768849252267638 -3.895810968766098
v -0.20190309043279728 3.768849252267638 -3.895810968766098
v 0.2019031595671971 3.7688491817901517 -3.895810968766098
v 0.2019031595671971 3.7688491817901517 -3.895810968766098
vt 0.662109375 0.6162109375
vt 0.6806640625 0.6162109375
vt 0.6806640625 0.6103515625
vt 0.662109375 0.6103515625
vt 0 1
vt 0 1
vt 0 0.994140625
vt 0 0.994140625
vt 0.6640625 0.787109375
vt 0.6826171875 0.787109375
vt 0.6826171875 0.78125
vt 0.6640625 0.78125
vt 0 1
vt 0 1
vt 0 0.994140625
vt 0 0.994140625
vt 0.0185546875 1
vt 0 1
vt 0 1
vt 0.0185546875 1
vt 0 1
vt 0.0185546875 1
vt 0.0185546875 1
vt 0 1
vn 1.7188137834361027e-7 0.984807753012193 -0.17364817766693044
vn 3.0307324539705696e-8 0.17364817766692803 0.984807753012208
vn -1.7188137834361027e-7 -0.984807753012193 0.17364817766693044
vn -3.0307324539705696e-8 -0.17364817766692803 -0.984807753012208
vn -0.9999999999999848 1.7453292540588322e-7 4.3902978279443937e-16
vn 0.9999999999999848 -1.7453292540588322e-7 -4.3902978279443937e-16
usemtl m_a520c05c-83fc-6d1a-7b60-0c8dd74607e0
f 2428/7276/1819 2431/7275/1819 2429/7274/1819 2426/7273/1819
f 2427/7280/1820 2428/7279/1820 2426/7278/1820 2425/7277/1820
f 2432/7284/1821 2427/7283/1821 2425/7282/1821 2430/7281/1821
f 2431/7288/1822 2432/7287/1822 2430/7286/1822 2429/7285/1822
f 2430/7292/1823 2425/7291/1823 2426/7290/1823 2429/7289/1823
f 2431/7296/1824 2428/7295/1824 2427/7294/1824 2432/7293/1824
o cube
v -0.20190431896958302 3.8451251392297094 -1.8060451853811452
v -0.20190431896958302 3.8451251392297094 -1.8060451853811452
v 0.20190255603041077 3.8451250693550603 -1.8060451945803173
v 0.20190255603041077 3.8451250693550603 -1.8060451945803173
v -0.20190431896958302 3.9700351157140124 -2.754830652982194
v -0.20190431896958302 3.9700351157140124 -2.754830652982194
v 0.20190255603041077 3.970035045839363 -2.7548306621813663
v 0.20190255603041077 3.970035045839363 -2.7548306621813663
vt 0.6328125 0.6220703125
vt 0.6474609375 0.6220703125
vt 0.6474609375 0.6162109375
vt 0.6328125 0.6162109375
vt 0.6328125 0.6220703125
vt 0.6328125 0.6220703125
vt 0.6328125 0.6162109375
vt 0.6328125 0.6162109375
vt 0.6474609375 0.6220703125
vt 0.662109375 0.6220703125
vt 0.662109375 0.6162109375
vt 0.6474609375 0.6162109375
vt 0.6474609375 0.6220703125
vt 0.6474609375 0.6220703125
vt 0.6474609375 0.6162109375
vt 0.6474609375 0.6162109375
vt 0.6474609375 0.6220703125
vt 0.6328125 0.6220703125
vt 0.6328125 0.6220703125
vt 0.6474609375 0.6220703125
vt 0.662109375 0.6220703125
vt 0.6474609375 0.6220703125
vt 0.6474609375 0.6220703125
vt 0.662109375 0.6220703125
vn 1.7453292478341808e-7 0.9914448613737955 0.13052619222004938
vn 1.2614790215053368e-16 -0.13052619222005155 0.9914448613738105
vn -1.7453292478341808e-7 -0.9914448613737955 -0.13052619222004938
vn -1.2614790215053368e-16 0.13052619222005155 -0.9914448613738105
vn -0.9999999999999848 1.7303977157810105e-7 2.2781118110209437e-8
vn 0.9999999999999848 -1.7303977157810105e-7 -2.2781118110209437e-8
usemtl m_a520c05c-83fc-6d1a-7b60-0c8dd74607e0
f 2436/7300/1825 2439/7299/1825 2437/7298/1825 2434/7297/1825
f 2435/7304/1826 2436/7303/1826 2434/7302/1826 2433/7301/1826
f 2440/7308/1827 2435/7307/1827 2433/7306/1827 2438/7305/1827
f 2439/7312/1828 2440/7311/1828 2438/7310/1828 2437/7309/1828
f 2438/7316/1829 2433/7315/1829 2434/7314/1829 2437/7313/1829
f 2439/7320/1830 2436/7319/1830 2435/7318/1830 2440/7317/1830
o cube
v -0.4842749823487143 3.549067129153296 -2.1237803873854726
v -0.6356406073487124 3.5490671052101983 -2.1237803985503225
v -0.4842749054481985 3.1497411208765507 -2.309989163145385
v -0.6356405304481967 3.149741096933453 -2.309989174310235
v -0.6356406073487125 3.455411200498669 -1.9229346627498642
v -0.48427498234871436 3.4554112244417667 -1.9229346515850145
v -0.6356405304481967 3.056085192221924 -2.109143438509777
v -0.48427490544819857 3.0560852161650214 -2.109143427344927
vt 0.1328125 0.4013671875
vt 0.13671875 0.4013671875
vt 0.13671875 0.39453125
vt 0.1328125 0.39453125
vt 0.263671875 0.69921875
vt 0.265625 0.69921875
vt 0.265625 0.6923828125
vt 0.263671875 0.6923828125
vt 0.203125 0.39453125
vt 0.20703125 0.39453125
vt 0.20703125 0.3876953125
vt 0.203125 0.3876953125
vt 0.263671875 0.6923828125
vt 0.265625 0.6923828125
vt 0.265625 0.685546875
vt 0.263671875 0.685546875
vt 0.43359375 0.43359375
vt 0.4296875 0.43359375
vt 0.4296875 0.435546875
vt 0.43359375 0.435546875
vt 0.599609375 0.810546875
vt 0.595703125 0.810546875
vt 0.595703125 0.80859375
vt 0.599609375 0.80859375
vn -0.9999999999999849 -1.5818054897948474e-7 -7.37608016052947e-8
vn 1.915483086247733e-16 0.42261826174069933 -0.9063077870366502
vn 0.9999999999999849 1.5818054897948474e-7 7.37608016052947e-8
vn -1.915483086247733e-16 -0.42261826174069933 0.9063077870366502
vn -1.745329250570381e-7 0.9063077870366364 0.422618261740693
vn 1.745329250570381e-7 -0.9063077870366364 -0.422618261740693
usemtl m_a520c05c-83fc-6d1a-7b60-0c8dd74607e0
f 2444/7324/1831 2447/7323/1831 2445/7322/1831 2442/7321/1831
f 2443/7328/1832 2444/7327/1832 2442/7326/1832 2441/7325/1832
f 2448/7332/1833 2443/7331/1833 2441/7330/1833 2446/7329/1833
f 2447/7336/1834 2448/7335/1834 2446/7334/1834 2445/7333/1834
f 2446/7340/1835 2441/7339/1835 2442/7338/1835 2445/7337/1835
f 2447/7344/1836 2444/7343/1836 2443/7342/1836 2448/7341/1836
o cube
v -0.3384045151578057 3.716599692579857 -2.045658670069329
v -0.46606394842803467 3.790307889677785 -2.011287973293767
v -0.5079795832175067 3.475359011107992 -2.1581510472981904
v -0.6356390164877357 3.5490672082059196 -2.1237803505226287
v -0.4660639484280346 3.696651984966256 -1.810442237493309
v -0.3384045151578056 3.6229437878683277 -1.8448129342688708
v -0.6356390164877357 3.4554113034943907 -1.9229346147221702
v -0.5079795832175067 3.3817031063964627 -1.9573053114977321
vt 0.431640625 0.353515625
vt 0.4345703125 0.353515625
vt 0.4345703125 0.3486328125
vt 0.431640625 0.3486328125
vt 0.4296875 0.353515625
vt 0.431640625 0.353515625
vt 0.431640625 0.3486328125
vt 0.4296875 0.3486328125
vt 0.4365234375 0.353515625
vt 0.439453125 0.353515625
vt 0.439453125 0.3486328125
vt 0.4365234375 0.3486328125
vt 0.4345703125 0.353515625
vt 0.4365234375 0.353515625
vt 0.4365234375 0.3486328125
vt 0.4345703125 0.3486328125
vt 0.4345703125 0.353515625
vt 0.431640625 0.353515625
vt 0.431640625 0.35546875
vt 0.4345703125 0.35546875
vt 0.4375 0.35546875
vt 0.4345703125 0.35546875
vt 0.4345703125 0.353515625
vt 0.4375 0.353515625
vn -0.8433915395893452 0.4869586856083392 0.22707256430426107
vn -1.6653345369377346e-16 0.42261826174069955 -0.9063077870366499
vn 0.8433915395893452 -0.4869586856083392 -0.22707256430426107
vn 1.6653345369377346e-16 -0.42261826174069955 0.9063077870366499
vn 0.5372994611472397 0.7643723198506527 0.3564326664280613
vn -0.5372994611472397 -0.7643723198506527 -0.3564326664280613
usemtl m_a520c05c-83fc-6d1a-7b60-0c8dd74607e0
f 2452/7348/1837 2455/7347/1837 2453/7346/1837 2450/7345/1837
f 2451/7352/1838 2452/7351/1838 2450/7350/1838 2449/7349/1838
f 2456/7356/1839 2451/7355/1839 2449/7354/1839 2454/7353/1839
f 2455/7360/1840 2456/7359/1840 2454/7358/1840 2453/7357/1840
f 2454/7364/1841 2449/7363/1841 2450/7362/1841 2453/7361/1841
f 2455/7368/1842 2452/7367/1842 2451/7366/1842 2456/7365/1842
o cube
v -0.11855499671912047 3.82829650950181 -1.9935735889470854
v -0.19988337421740013 3.9439956999668766 -1.9396221703908911
v -0.38473563285694834 3.6746086119244685 -2.065239432553141
v -0.46606401035522804 3.790307802389535 -2.0112880139969467
v -0.19988337421740013 3.8503397952553473 -1.738776434590433
v -0.11855499671912047 3.734640604790281 -1.7927278531466273
v -0.46606401035522804 3.696651897678006 -1.8104422781964884
v -0.38473563285694834 3.5809527072129397 -1.8643936967526826
vt 0.029296875 0.3525390625
vt 0.0322265625 0.3525390625
vt 0.0322265625 0.34765625
vt 0.029296875 0.34765625
vt 0.02734375 0.3525390625
vt 0.029296875 0.3525390625
vt 0.029296875 0.34765625
vt 0.02734375 0.34765625
vt 0.0341796875 0.3525390625
vt 0.037109375 0.3525390625
vt 0.037109375 0.34765625
vt 0.0341796875 0.34765625
vt 0.0322265625 0.3525390625
vt 0.0341796875 0.3525390625
vt 0.0341796875 0.34765625
vt 0.0322265625 0.34765625
vt 0.0322265625 0.3525390625
vt 0.029296875 0.3525390625
vt 0.029296875 0.3544921875
vt 0.0322265625 0.3544921875
vt 0.03515625 0.3544921875
vt 0.0322265625 0.3544921875
vt 0.0322265625 0.3525390625
vt 0.03515625 0.3525390625
vn -0.537299755546392 0.7643721498699584 0.35643258716476184
vn -2.775557561562892e-17 0.4226182617406994 -0.90630778703665
vn 0.537299755546392 -0.7643721498699584 -0.35643258716476184
vn 2.775557561562892e-17 -0.4226182617406994 0.90630778703665
vn 0.8433913520364005 0.4869589524245833 0.2270726887227188
vn -0.8433913520364005 -0.4869589524245833 -0.2270726887227188
usemtl m_a520c05c-83fc-6d1a-7b60-0c8dd74607e0
f 2460/7372/1843 2463/7371/1843 2461/7370/1843 2458/7369/1843
f 2459/7376/1844 2460/7375/1844 2458/7374/1844 2457/7373/1844
f 2464/7380/1845 2459/7379/1845 2457/7378/1845 2462/7377/1845
f 2463/7384/1846 2464/7383/1846 2462/7382/1846 2461/7381/1846
f 2462/7388/1847 2457/7387/1847 2458/7386/1847 2461/7385/1847
f 2463/7392/1848 2460/7391/1848 2459/7390/1848 2464/7389/1848
o cube
v 0.48427498234871436 3.4554112244417667 -1.9229346515850145
v 0.6356406073487125 3.455411200498669 -1.9229346627498642
v 0.4842749163565064 3.1127294528548113 -2.0827297859861336
v 0.6356405413565045 3.1127294289117136 -2.0827297971509835
v 0.6356406073487124 3.5490671052101983 -2.1237803985503225
v 0.4842749823487143 3.549067129153296 -2.1237803873854726
v 0.6356405413565045 3.206385333623243 -2.2835755329514416
v 0.4842749163565063 3.2063853575663406 -2.2835755217865916
vt 0.12890625 0.375
vt 0.1328125 0.375
vt 0.1328125 0.369140625
vt 0.12890625 0.369140625
vt 0.263671875 0.685546875
vt 0.265625 0.685546875
vt 0.265625 0.6796875
vt 0.263671875 0.6796875
vt 0.298828125 0.3720703125
vt 0.302734375 0.3720703125
vt 0.302734375 0.3662109375
vt 0.298828125 0.3662109375
vt 0.263671875 0.6796875
vt 0.265625 0.6796875
vt 0.265625 0.673828125
vt 0.263671875 0.673828125
vt 0.603515625 0.916015625
vt 0.599609375 0.916015625
vt 0.599609375 0.91796875
vt 0.603515625 0.91796875
vt 0.45703125 0.3994140625
vt 0.453125 0.3994140625
vt 0.453125 0.3974609375
vt 0.45703125 0.3974609375
vn 0.9999999999999849 -1.5818054897948474e-7 -7.37608016052947e-8
vn 1.915483086247733e-16 -0.42261826174069933 0.9063077870366502
vn -0.9999999999999849 1.5818054897948474e-7 7.37608016052947e-8
vn -1.915483086247733e-16 0.42261826174069933 -0.9063077870366502
vn 1.745329250570381e-7 0.9063077870366364 0.422618261740693
vn -1.745329250570381e-7 -0.9063077870366364 -0.422618261740693
usemtl m_a520c05c-83fc-6d1a-7b60-0c8dd74607e0
f 2468/7396/1849 2471/7395/1849 2469/7394/1849 2466/7393/1849
f 2467/7400/1850 2468/7399/1850 2466/7398/1850 2465/7397/1850
f 2472/7404/1851 2467/7403/1851 2465/7402/1851 2470/7401/1851
f 2471/7408/1852 2472/7407/1852 2470/7406/1852 2469/7405/1852
f 2470/7412/1853 2465/7411/1853 2466/7410/1853 2469/7409/1853
f 2471/7416/1854 2468/7415/1854 2467/7414/1854 2472/7413/1854
o cube
v 0.3384045151578056 3.6229437878683277 -1.8448129342688708
v 0.4660639484280346 3.696651984966256 -1.810442237493309
v 0.5079795832175067 3.3817031063964627 -1.9573053114977321
v 0.6356390164877357 3.4554113034943907 -1.9229346147221702
v 0.46606394842803467 3.790307889677785 -2.011287973293767
v 0.3384045151578057 3.716599692579857 -2.045658670069329
v 0.6356390164877357 3.5490672082059196 -2.1237803505226287
v 0.5079795832175067 3.475359011107992 -2.1581510472981904
vt 0.130859375 0.3525390625
vt 0.1337890625 0.3525390625
vt 0.1337890625 0.34765625
vt 0.130859375 0.34765625
vt 0.12890625 0.3525390625
vt 0.130859375 0.3525390625
vt 0.130859375 0.34765625
vt 0.12890625 0.34765625
vt 0.1357421875 0.3525390625
vt 0.138671875 0.3525390625
vt 0.138671875 0.34765625
vt 0.1357421875 0.34765625
vt 0.1337890625 0.3525390625
vt 0.1357421875 0.3525390625
vt 0.1357421875 0.34765625
vt 0.1337890625 0.34765625
vt 0.1337890625 0.3525390625
vt 0.130859375 0.3525390625
vt 0.130859375 0.3544921875
vt 0.1337890625 0.3544921875
vt 0.13671875 0.3544921875
vt 0.1337890625 0.3544921875
vt 0.1337890625 0.3525390625
vt 0.13671875 0.3525390625
vn 0.8433915395893452 0.4869586856083392 0.22707256430426107
vn -1.6653345369377346e-16 -0.42261826174069955 0.9063077870366499
vn -0.8433915395893452 -0.4869586856083392 -0.22707256430426107
vn 1.6653345369377346e-16 0.42261826174069955 -0.9063077870366499
vn -0.5372994611472397 0.7643723198506527 0.3564326664280613
vn 0.5372994611472397 -0.7643723198506527 -0.3564326664280613
usemtl m_a520c05c-83fc-6d1a-7b60-0c8dd74607e0
f 2476/7420/1855 2479/7419/1855 2477/7418/1855 2474/7417/1855
f 2475/7424/1856 2476/7423/1856 2474/7422/1856 2473/7421/1856
f 2480/7428/1857 2475/7427/1857 2473/7426/1857 2478/7425/1857
f 2479/7432/1858 2480/7431/1858 2478/7430/1858 2477/7429/1858
f 2478/7436/1859 2473/7435/1859 2474/7434/1859 2477/7433/1859
f 2479/7440/1860 2476/7439/1860 2475/7438/1860 2480/7437/1860
o cube
v 0.11855499671912047 3.734640604790281 -1.7927278531466273
v 0.19988337421740013 3.8503397952553473 -1.738776434590433
v 0.38473563285694834 3.5809527072129397 -1.8643936967526826
v 0.46606401035522804 3.696651897678006 -1.8104422781964884
v 0.19988337421740013 3.9439956999668766 -1.9396221703908911
v 0.11855499671912047 3.82829650950181 -1.9935735889470854
v 0.46606401035522804 3.790307802389535 -2.0112880139969467
v 0.38473563285694834 3.6746086119244685 -2.065239432553141
vt 0.140625 0.3525390625
vt 0.1435546875 0.3525390625
vt 0.1435546875 0.34765625
vt 0.140625 0.34765625
vt 0.138671875 0.3525390625
vt 0.140625 0.3525390625
vt 0.140625 0.34765625
vt 0.138671875 0.34765625
vt 0.1455078125 0.3525390625
vt 0.1484375 0.3525390625
vt 0.1484375 0.34765625
vt 0.1455078125 0.34765625
vt 0.1435546875 0.3525390625
vt 0.1455078125 0.3525390625
vt 0.1455078125 0.34765625
vt 0.1435546875 0.34765625
vt 0.1435546875 0.3525390625
vt 0.140625 0.3525390625
vt 0.140625 0.3544921875
vt 0.1435546875 0.3544921875
vt 0.146484375 0.3544921875
vt 0.1435546875 0.3544921875
vt 0.1435546875 0.3525390625
vt 0.146484375 0.3525390625
vn 0.537299755546392 0.7643721498699584 0.35643258716476184
vn -2.775557561562892e-17 -0.4226182617406994 0.90630778703665
vn -0.537299755546392 -0.7643721498699584 -0.35643258716476184
vn 2.775557561562892e-17 0.4226182617406994 -0.90630778703665
vn -0.8433913520364005 0.4869589524245833 0.2270726887227188
vn 0.8433913520364005 -0.4869589524245833 -0.2270726887227188
usemtl m_a520c05c-83fc-6d1a-7b60-0c8dd74607e0
f 2484/7444/1861 2487/7443/1861 2485/7442/1861 2482/7441/1861
f 2483/7448/1862 2484/7447/1862 2482/7446/1862 2481/7445/1862
f 2488/7452/1863 2483/7451/1863 2481/7450/1863 2486/7449/1863
f 2487/7456/1864 2488/7455/1864 2486/7454/1864 2485/7453/1864
f 2486/7460/1865 2481/7459/1865 2482/7458/1865 2485/7457/1865
f 2487/7464/1866 2484/7463/1866 2483/7462/1866 2488/7461/1866
o cube
v -0.1998843430158566 3.713156204217821 -1.802746193664435
v -0.1998843165976804 3.850339482402622 -1.7387765804760549
v 0.19988378198413692 3.7131561409822798 -1.8027462231516522
v 0.19988380840231312 3.85033941916708 -1.7387766099632722
v -0.1998843165976804 3.943995387114151 -1.9396223162765132
v -0.1998843430158566 3.8068121089293503 -2.003591929464893
v 0.19988380840231312 3.9439953238786094 -1.9396223457637305
v 0.19988378198413692 3.806812045693809 -2.0035919589521103
vt 0.40234375 0.388671875
vt 0.4052734375 0.388671875
vt 0.4052734375 0.3828125
vt 0.40234375 0.3828125
vt 0.400390625 0.388671875
vt 0.40234375 0.388671875
vt 0.40234375 0.3828125
vt 0.400390625 0.3828125
vt 0.4072265625 0.388671875
vt 0.41015625 0.388671875
vt 0.41015625 0.3828125
vt 0.4072265625 0.3828125
vt 0.4052734375 0.388671875
vt 0.4072265625 0.388671875
vt 0.4072265625 0.3828125
vt 0.4052734375 0.3828125
vt 0.4052734375 0.388671875
vt 0.40234375 0.388671875
vt 0.40234375 0.390625
vt 0.4052734375 0.390625
vt 0.408203125 0.390625
vt 0.4052734375 0.390625
vt 0.4052734375 0.388671875
vt 0.408203125 0.388671875
vn 1.7453292498665802e-7 0.9063077870366364 0.42261826174069295
vn 4.061775768479566e-17 -0.4226182617406992 0.90630778703665
vn -1.7453292498665802e-7 -0.9063077870366364 -0.42261826174069295
vn -4.061775768479566e-17 0.4226182617406992 -0.90630778703665
vn -0.9999999999999848 1.5818054897609462e-7 7.376080148121427e-8
vn 0.9999999999999848 -1.5818054897609462e-7 -7.376080148121427e-8
usemtl m_a520c05c-83fc-6d1a-7b60-0c8dd74607e0
f 2492/7468/1867 2495/7467/1867 2493/7466/1867 2490/7465/1867
f 2491/7472/1868 2492/7471/1868 2490/7470/1868 2489/7469/1868
f 2496/7476/1869 2491/7475/1869 2489/7474/1869 2494/7473/1869
f 2495/7480/1870 2496/7479/1870 2494/7478/1870 2493/7477/1870
f 2494/7484/1871 2489/7483/1871 2490/7482/1871 2493/7481/1871
f 2495/7488/1872 2492/7487/1872 2491/7486/1872 2496/7485/1872
o cube
v 0.470769708229848 3.798748973525158 -2.7548301631019747
v 0.470769708229848 3.798748973525158 -2.7548301631019747
v 0.2019033382207808 3.970035676582235 -2.7548301703644102
v 0.2019033382207808 3.970035676582235 -2.7548301703644102
v 0.4036556267862209 3.693400967861608 -1.806044695500926
v 0.4036556267862209 3.693400967861608 -1.806044695500926
v 0.13478925677715373 3.864687670918685 -1.8060447027633613
v 0.13478925677715373 3.864687670918685 -1.8060447027633613
vt 0.6328125 0.48828125
vt 0.6474609375 0.48828125
vt 0.6474609375 0.4833984375
vt 0.6328125 0.4833984375
vt 0.6328125 0.48828125
vt 0.6328125 0.48828125
vt 0.6328125 0.4833984375
vt 0.6328125 0.4833984375
vt 0.6474609375 0.48828125
vt 0.662109375 0.48828125
vt 0.662109375 0.4833984375
vt 0.6474609375 0.4833984375
vt 0.6474609375 0.48828125
vt 0.6474609375 0.48828125
vt 0.6474609375 0.4833984375
vt 0.6474609375 0.4833984375
vt 0.6474609375 0.48828125
vt 0.6328125 0.48828125
vt 0.6328125 0.48828125
vt 0.6474609375 0.48828125
vt 0.662109375 0.48828125
vt 0.6474609375 0.48828125
vt 0.6474609375 0.48828125
vt 0.662109375 0.48828125
vn 0.5327027885140353 0.8361762088542737 0.13052619222004935
vn 0.07013167195883589 0.11008467397291971 -0.9914448613738105
vn -0.5327027885140353 -0.8361762088542737 -0.13052619222004935
vn -0.07013167195883589 -0.11008467397291971 0.9914448613738105
vn 0.8433915387870745 -0.5372994624065524 2.278111817244355e-8
vn -0.8433915387870745 0.5372994624065524 -2.278111817244355e-8
usemtl m_a520c05c-83fc-6d1a-7b60-0c8dd74607e0
f 2500/7492/1873 2503/7491/1873 2501/7490/1873 2498/7489/1873
f 2499/7496/1874 2500/7495/1874 2498/7494/1874 2497/7493/1874
f 2504/7500/1875 2499/7499/1875 2497/7498/1875 2502/7497/1875
f 2503/7504/1876 2504/7503/1876 2502/7502/1876 2501/7501/1876
f 2502/7508/1877 2497/7507/1877 2498/7506/1877 2501/7505/1877
f 2503/7512/1878 2500/7511/1878 2499/7510/1878 2504/7509/1878
o cube
v 0.6536202360315229 3.5376100981372485 -2.7548308750278205
v 0.6536202360315229 3.5376100981372485 -2.7548308750278205
v 0.4707690417292829 3.798748570635667 -2.754830882290242
v 0.4707690417292829 3.798748570635667 -2.754830882290242
v 0.5512999734423165 3.465964678960689 -1.8060454074267716
v 0.5512999734423165 3.465964678960689 -1.8060454074267716
v 0.36844877914007657 3.7271031514591075 -1.8060454146891927
v 0.36844877914007657 3.7271031514591075 -1.8060454146891927
vt 0.6328125 0.4833984375
vt 0.6474609375 0.4833984375
vt 0.6474609375 0.478515625
vt 0.6328125 0.478515625
vt 0.6328125 0.4833984375
vt 0.6328125 0.4833984375
vt 0.6328125 0.478515625
vt 0.6328125 0.478515625
vt 0.6474609375 0.4833984375
vt 0.662109375 0.4833984375
vt 0.662109375 0.478515625
vt 0.6474609375 0.478515625
vt 0.6474609375 0.4833984375
vt 0.6474609375 0.4833984375
vt 0.6474609375 0.478515625
vt 0.6474609375 0.478515625
vt 0.6474609375 0.4833984375
vt 0.6328125 0.4833984375
vt 0.6328125 0.4833984375
vt 0.6474609375 0.4833984375
vt 0.662109375 0.4833984375
vt 0.6474609375 0.4833984375
vt 0.6474609375 0.4833984375
vt 0.662109375 0.4833984375
vn 0.8121439848861877 0.5686695533943407 0.130526192220049
vn 0.10692079719031312 0.0748667481840488 -0.9914448613738105
vn -0.8121439848861877 -0.5686695533943407 -0.130526192220049
vn -0.10692079719031312 -0.0748667481840488 0.9914448613738105
vn 0.5735765780969202 -0.8191519450374437 2.2781117936521146e-8
vn -0.5735765780969202 0.8191519450374437 -2.2781117936521146e-8
usemtl m_a520c05c-83fc-6d1a-7b60-0c8dd74607e0
f 2508/7516/1879 2511/7515/1879 2509/7514/1879 2506/7513/1879
f 2507/7520/1880 2508/7519/1880 2506/7518/1880 2505/7517/1880
f 2512/7524/1881 2507/7523/1881 2505/7522/1881 2510/7521/1881
f 2511/7528/1882 2512/7527/1882 2510/7526/1882 2509/7525/1882
f 2510/7532/1883 2505/7531/1883 2506/7530/1883 2509/7529/1883
f 2511/7536/1884 2508/7535/1884 2507/7534/1884 2512/7533/1884
o cube
v 0.36267254608117805 3.629070328605912 -3.895810763234406
v 0.36267254608117805 3.629070328605912 -3.895810763234406
v 0.09380617581635353 3.80035703126153 -3.895810763234406
v 0.09380617581635353 3.80035703126153 -3.895810763234406
v 0.47076947735402164 3.798748587907393 -2.754830350234985
v 0.47076947735402164 3.798748587907393 -2.754830350234985
v 0.20190310708919712 3.9700352905630107 -2.754830350234985
v 0.20190310708919712 3.9700352905630107 -2.754830350234985
vt 0.4140625 0.3486328125
vt 0.4326171875 0.3486328125
vt 0.4326171875 0.34375
vt 0.4140625 0.34375
vt 0 1
vt 0 1
vt 0 0.9951171875
vt 0 0.9951171875
vt 0.6640625 0.396484375
vt 0.6826171875 0.396484375
vt 0.6826171875 0.3916015625
vt 0.6640625 0.3916015625
vt 0 1
vt 0 1
vt 0 0.9951171875
vt 0 0.9951171875
vt 0 1
vt 0.0185546875 1
vt 0.0185546875 1
vt 0 1
vt 0 1
vt 0.0185546875 1
vt 0.0185546875 1
vt 0 1
vn 0.5291366750270828 0.8305785270124899 -0.17364817766693033
vn -0.09330107228964184 -0.14645340390939676 -0.984807753012208
vn -0.5291366750270828 -0.8305785270124899 0.17364817766693033
vn 0.09330107228964184 0.14645340390939676 0.984807753012208
vn 0.8433915395893453 -0.5372994611472394 6.93889390390723e-17
vn -0.8433915395893453 0.5372994611472394 -6.93889390390723e-17
usemtl m_a520c05c-83fc-6d1a-7b60-0c8dd74607e0
f 2516/7540/1885 2519/7539/1885 2517/7538/1885 2514/7537/1885
f 2515/7544/1886 2516/7543/1886 2514/7542/1886 2513/7541/1886
f 2520/7548/1887 2515/7547/1887 2513/7546/1887 2518/7545/1887
f 2519/7552/1888 2520/7551/1888 2518/7550/1888 2517/7549/1888
f 2518/7556/1889 2513/7555/1889 2514/7554/1889 2517/7553/1889
f 2519/7560/1890 2516/7559/1890 2515/7558/1890 2520/7557/1890
o cube
v 0.4888187917745692 3.422214063483474 -3.8958112891994494
v 0.4888187917745692 3.422214063483474 -3.8958112891994494
v 0.3059675970824094 3.6833525357088677 -3.8958112891994494
v 0.3059675970824094 3.6833525357088677 -3.8958112891994494
v 0.6536203927720533 3.53760942967663 -2.754830876200028
v 0.6536203927720533 3.53760942967663 -2.754830876200028
v 0.4707691980798935 3.798747901902024 -2.754830876200028
v 0.4707691980798935 3.798747901902024 -2.754830876200028
vt 0.6640625 0.3916015625
vt 0.6826171875 0.3916015625
vt 0.6826171875 0.38671875
vt 0.6640625 0.38671875
vt 0 1
vt 0 1
vt 0 0.9951171875
vt 0 0.9951171875
vt 0.6640625 0.38671875
vt 0.6826171875 0.38671875
vt 0.6826171875 0.3818359375
vt 0.6640625 0.3818359375
vt 0 1
vt 0 1
vt 0 0.9951171875
vt 0 0.9951171875
vt 0 1
vt 0.0185546875 1
vt 0.0185546875 1
vt 0 1
vt 0 1
vt 0.0185546875 1
vt 0.0185546875 1
vt 0 1
vn 0.8067071855244784 0.564862662260597 -0.17364817766693047
vn -0.14224424233935476 -0.09960052775135651 -0.984807753012208
vn -0.8067071855244784 -0.564862662260597 0.17364817766693047
vn 0.14224424233935476 0.09960052775135651 0.984807753012208
vn 0.5735765793200399 -0.8191519441810059 -2.7755575615628914e-17
vn -0.5735765793200399 0.8191519441810059 2.7755575615628914e-17
usemtl m_a520c05c-83fc-6d1a-7b60-0c8dd74607e0
f 2524/7564/1891 2527/7563/1891 2525/7562/1891 2522/7561/1891
f 2523/7568/1892 2524/7567/1892 2522/7566/1892 2521/7565/1892
f 2528/7572/1893 2523/7571/1893 2521/7570/1893 2526/7569/1893
f 2527/7576/1894 2528/7575/1894 2526/7574/1894 2525/7573/1894
f 2526/7580/1895 2521/7579/1895 2522/7578/1895 2525/7577/1895
f 2527/7584/1896 2524/7583/1896 2523/7582/1896 2528/7581/1896
o cube
v 0.6536209331887695 3.0172075694485105 -2.7548308635569807
v 0.6536209331887695 3.0172075694485105 -2.7548308635569807
v 0.653620843138764 3.537608194448503 -2.754830875412289
v 0.653620843138764 3.537608194448503 -2.754830875412289
v 0.5287109567044666 3.0172075694485105 -1.806045395955932
v 0.5287109567044666 3.0172075694485105 -1.806045395955932
v 0.5287108666544611 3.537608194448503 -1.80604540781124
v 0.5287108666544611 3.537608194448503 -1.80604540781124
vt 0.341796875 0.5380859375
vt 0.3564453125 0.5380859375
vt 0.3564453125 0.5302734375
vt 0.341796875 0.5302734375
vt 0.341796875 0.5380859375
vt 0.341796875 0.5380859375
vt 0.341796875 0.5302734375
vt 0.341796875 0.5302734375
vt 0.3564453125 0.5380859375
vt 0.37109375 0.5380859375
vt 0.37109375 0.5302734375
vt 0.3564453125 0.5302734375
vt 0.3564453125 0.5380859375
vt 0.3564453125 0.5380859375
vt 0.3564453125 0.5302734375
vt 0.3564453125 0.5302734375
vt 0.3564453125 0.5380859375
vt 0.341796875 0.5380859375
vt 0.341796875 0.5380859375
vt 0.3564453125 0.5380859375
vt 0.37109375 0.5380859375
vt 0.3564453125 0.5380859375
vt 0.3564453125 0.5380859375
vt 0.37109375 0.5380859375
vn 0.9914448613737954 1.7453292512382204e-7 0.13052619222004913
vn 0.13052619222005155 1.3234889800848437e-23 -0.9914448613738105
vn -0.9914448613737954 -1.7453292512382204e-7 -0.13052619222004913
vn -0.13052619222005155 -1.3234889800848437e-23 0.9914448613738105
vn 1.7303977175455345e-7 -0.9999999999999849 2.2781118133439815e-8
vn -1.7303977175455345e-7 0.9999999999999849 -2.2781118133439815e-8
usemtl m_a520c05c-83fc-6d1a-7b60-0c8dd74607e0
f 2532/7588/1897 2535/7587/1897 2533/7586/1897 2530/7585/1897
f 2531/7592/1898 2532/7591/1898 2530/7590/1898 2529/7589/1898
f 2536/7596/1899 2531/7595/1899 2529/7594/1899 2534/7593/1899
f 2535/7600/1900 2536/7599/1900 2534/7598/1900 2533/7597/1900
f 2534/7604/1901 2529/7603/1901 2530/7602/1901 2533/7601/1901
f 2535/7608/1902 2532/7607/1902 2531/7606/1902 2536/7605/1902
o cube
v 0.45243485719055243 3.0172068968614183 -3.895811279704295
v 0.45243485719055243 3.0172068968614183 -3.895811279704295
v 0.4524347663635091 3.53760752186141 -3.895811279704295
v 0.4524347663635091 3.53760752186141 -3.895811279704295
v 0.6536204884622345 3.017206931974935 -2.7548308667048738
v 0.6536204884622345 3.017206931974935 -2.7548308667048738
v 0.6536203976351913 3.5376075569749266 -2.7548308667048738
v 0.6536203976351913 3.5376075569749266 -2.7548308667048738
vt 0.658203125 0.8984375
vt 0.6767578125 0.8984375
vt 0.6767578125 0.890625
vt 0.658203125 0.890625
vt 0 1
vt 0 1
vt 0 0.9921875
vt 0 0.9921875
vt 0.66015625 0.455078125
vt 0.6787109375 0.455078125
vt 0.6787109375 0.447265625
vt 0.66015625 0.447265625
vt 0 1
vt 0 1
vt 0 0.9921875
vt 0 0.9921875
vt 0 1
vt 0.0185546875 1
vt 0.0185546875 1
vt 0 1
vt 0 1
vt 0.0185546875 1
vt 0.0185546875 1
vt 0 1
vn 0.9848077530121931 1.7188137781783924e-7 -0.17364817766693033
vn -0.17364817766692792 -3.030732439063054e-8 -0.984807753012208
vn -0.9848077530121931 -1.7188137781783924e-7 0.17364817766693033
vn 0.17364817766692792 3.030732439063054e-8 0.984807753012208
vn 1.7453292512382207e-7 -0.9999999999999848 1.9852334701272667e-23
vn -1.7453292512382207e-7 0.9999999999999848 -1.9852334701272667e-23
usemtl m_a520c05c-83fc-6d1a-7b60-0c8dd74607e0
f 2540/7612/1903 2543/7611/1903 2541/7610/1903 2538/7609/1903
f 2539/7616/1904 2540/7615/1904 2538/7614/1904 2537/7613/1904
f 2544/7620/1905 2539/7619/1905 2537/7618/1905 2542/7617/1905
f 2543/7624/1906 2544/7623/1906 2542/7622/1906 2541/7621/1906
f 2542/7628/1907 2537/7627/1907 2538/7626/1907 2541/7625/1907
f 2543/7632/1908 2540/7631/1908 2539/7630/1908 2544/7629/1908
o cube
v -0.47076947735402164 3.798748587907393 -2.754830350234985
v -0.47076947735402164 3.798748587907393 -2.754830350234985
v -0.20190310708919712 3.9700352905630107 -2.754830350234985
v -0.20190310708919712 3.9700352905630107 -2.754830350234985
v -0.362672546081178 3.629070328605912 -3.895810763234406
v -0.362672546081178 3.629070328605912 -3.895810763234406
v -0.09380617581635353 3.80035703126153 -3.895810763234406
v -0.09380617581635353 3.80035703126153 -3.895810763234406
vt 0.080078125 0.3349609375
vt 0.0986328125 0.3349609375
vt 0.0986328125 0.330078125
vt 0.080078125 0.330078125
vt 0 1
vt 0 1
vt 0 0.9951171875
vt 0 0.9951171875
vt 0.666015625 1
vt 0.6845703125 1
vt 0.6845703125 0.9951171875
vt 0.666015625 0.9951171875
vt 0 1
vt 0 1
vt 0 0.9951171875
vt 0 0.9951171875
vt 0 1
vt 0.0185546875 1
vt 0.0185546875 1
vt 0 1
vt 0 1
vt 0.0185546875 1
vt 0.0185546875 1
vt 0 1
vn -0.5291366750270828 0.8305785270124899 -0.17364817766693033
vn -0.09330107228964184 0.14645340390939676 0.984807753012208
vn 0.5291366750270828 -0.8305785270124899 0.17364817766693033
vn 0.09330107228964184 -0.14645340390939676 -0.984807753012208
vn -0.8433915395893453 -0.5372994611472394 6.93889390390723e-17
vn 0.8433915395893453 0.5372994611472394 -6.93889390390723e-17
usemtl m_a520c05c-83fc-6d1a-7b60-0c8dd74607e0
f 2548/7636/1909 2551/7635/1909 2549/7634/1909 2546/7633/1909
f 2547/7640/1910 2548/7639/1910 2546/7638/1910 2545/7637/1910
f 2552/7644/1911 2547/7643/1911 2545/7642/1911 2550/7641/1911
f 2551/7648/1912 2552/7647/1912 2550/7646/1912 2549/7645/1912
f 2550/7652/1913 2545/7651/1913 2546/7650/1913 2549/7649/1913
f 2551/7656/1914 2548/7655/1914 2547/7654/1914 2552/7653/1914
o cube
v -0.4036556267862209 3.693400967861608 -1.806044695500926
v -0.4036556267862209 3.693400967861608 -1.806044695500926
v -0.13478925677715373 3.864687670918685 -1.8060447027633613
v -0.13478925677715373 3.864687670918685 -1.8060447027633613
v -0.470769708229848 3.798748973525158 -2.7548301631019747
v -0.470769708229848 3.798748973525158 -2.7548301631019747
v -0.2019033382207808 3.970035676582235 -2.7548301703644102
v -0.2019033382207808 3.970035676582235 -2.7548301703644102
vt 0.6328125 0.478515625
vt 0.6474609375 0.478515625
vt 0.6474609375 0.4736328125
vt 0.6328125 0.4736328125
vt 0.6328125 0.478515625
vt 0.6328125 0.478515625
vt 0.6328125 0.4736328125
vt 0.6328125 0.4736328125
vt 0.6474609375 0.478515625
vt 0.662109375 0.478515625
vt 0.662109375 0.4736328125
vt 0.6474609375 0.4736328125
vt 0.6474609375 0.478515625
vt 0.6474609375 0.478515625
vt 0.6474609375 0.4736328125
vt 0.6474609375 0.4736328125
vt 0.6474609375 0.478515625
vt 0.6328125 0.478515625
vt 0.6328125 0.478515625
vt 0.6474609375 0.478515625
vt 0.662109375 0.478515625
vt 0.6474609375 0.478515625
vt 0.6474609375 0.478515625
vt 0.662109375 0.478515625
vn -0.5327027885140353 0.8361762088542737 0.13052619222004935
vn 0.07013167195883589 -0.11008467397291971 0.9914448613738105
vn 0.5327027885140353 -0.8361762088542737 -0.13052619222004935
vn -0.07013167195883589 0.11008467397291971 -0.9914448613738105
vn -0.8433915387870745 -0.5372994624065524 2.278111817244355e-8
vn 0.8433915387870745 0.5372994624065524 -2.278111817244355e-8
usemtl m_a520c05c-83fc-6d1a-7b60-0c8dd74607e0
f 2556/7660/1915 2559/7659/1915 2557/7658/1915 2554/7657/1915
f 2555/7664/1916 2556/7663/1916 2554/7662/1916 2553/7661/1916
f 2560/7668/1917 2555/7667/1917 2553/7666/1917 2558/7665/1917
f 2559/7672/1918 2560/7671/1918 2558/7670/1918 2557/7669/1918
f 2558/7676/1919 2553/7675/1919 2554/7674/1919 2557/7673/1919
f 2559/7680/1920 2556/7679/1920 2555/7678/1920 2560/7677/1920
o cube
v -0.5512999734423165 3.465964678960689 -1.8060454074267716
v -0.5512999734423165 3.465964678960689 -1.8060454074267716
v -0.36844877914007657 3.7271031514591075 -1.8060454146891927
v -0.36844877914007657 3.7271031514591075 -1.8060454146891927
v -0.6536202360315229 3.5376100981372485 -2.7548308750278205
v -0.6536202360315229 3.5376100981372485 -2.7548308750278205
v -0.4707690417292829 3.798748570635667 -2.754830882290242
v -0.4707690417292829 3.798748570635667 -2.754830882290242
vt 0.6328125 0.4736328125
vt 0.6474609375 0.4736328125
vt 0.6474609375 0.46875
vt 0.6328125 0.46875
vt 0.6328125 0.4736328125
vt 0.6328125 0.4736328125
vt 0.6328125 0.46875
vt 0.6328125 0.46875
vt 0.6474609375 0.4736328125
vt 0.662109375 0.4736328125
vt 0.662109375 0.46875
vt 0.6474609375 0.46875
vt 0.6474609375 0.4736328125
vt 0.6474609375 0.4736328125
vt 0.6474609375 0.46875
vt 0.6474609375 0.46875
vt 0.6474609375 0.4736328125
vt 0.6328125 0.4736328125
vt 0.6328125 0.4736328125
vt 0.6474609375 0.4736328125
vt 0.662109375 0.4736328125
vt 0.6474609375 0.4736328125
vt 0.6474609375 0.4736328125
vt 0.662109375 0.4736328125
vn -0.8121439848861877 0.5686695533943407 0.130526192220049
vn 0.10692079719031312 -0.0748667481840488 0.9914448613738105
vn 0.8121439848861877 -0.5686695533943407 -0.130526192220049
vn -0.10692079719031312 0.0748667481840488 -0.9914448613738105
vn -0.5735765780969202 -0.8191519450374437 2.2781117936521146e-8
vn 0.5735765780969202 0.8191519450374437 -2.2781117936521146e-8
usemtl m_a520c05c-83fc-6d1a-7b60-0c8dd74607e0
f 2564/7684/1921 2567/7683/1921 2565/7682/1921 2562/7681/1921
f 2563/7688/1922 2564/7687/1922 2562/7686/1922 2561/7685/1922
f 2568/7692/1923 2563/7691/1923 2561/7690/1923 2566/7689/1923
f 2567/7696/1924 2568/7695/1924 2566/7694/1924 2565/7693/1924
f 2566/7700/1925 2561/7699/1925 2562/7698/1925 2565/7697/1925
f 2567/7704/1926 2564/7703/1926 2563/7702/1926 2568/7701/1926
o cube
v -0.5287109567043584 3.017208819448511 -1.8060453959559462
v -0.5287109567043584 3.017208819448511 -1.8060453959559462
v -0.528710866654353 3.5376094444485036 -1.8060454078112544
v -0.528710866654353 3.5376094444485036 -1.8060454078112544
v -0.6536209331886613 3.017208819448511 -2.7548308635569954
v -0.6536209331886613 3.017208819448511 -2.7548308635569954
v -0.6536208431386559 3.5376094444485036 -2.754830875412303
v -0.6536208431386559 3.5376094444485036 -2.754830875412303
vt 0.4453125 0.3681640625
vt 0.4599609375 0.3681640625
vt 0.4599609375 0.3603515625
vt 0.4453125 0.3603515625
vt 0.4453125 0.3681640625
vt 0.4453125 0.3681640625
vt 0.4453125 0.3603515625
vt 0.4453125 0.3603515625
vt 0.4599609375 0.3681640625
vt 0.474609375 0.3681640625
vt 0.474609375 0.3603515625
vt 0.4599609375 0.3603515625
vt 0.4599609375 0.3681640625
vt 0.4599609375 0.3681640625
vt 0.4599609375 0.3603515625
vt 0.4599609375 0.3603515625
vt 0.4599609375 0.3681640625
vt 0.4453125 0.3681640625
vt 0.4453125 0.3681640625
vt 0.4599609375 0.3681640625
vt 0.474609375 0.3681640625
vt 0.4599609375 0.3681640625
vt 0.4599609375 0.3681640625
vt 0.474609375 0.3681640625
vn -0.9914448613737954 1.7453292512382204e-7 0.13052619222004913
vn 0.13052619222005155 -1.3234889800848437e-23 0.9914448613738105
vn 0.9914448613737954 -1.7453292512382204e-7 -0.13052619222004913
vn -0.13052619222005155 1.3234889800848437e-23 -0.9914448613738105
vn -1.7303977175455345e-7 -0.9999999999999849 2.2781118133439815e-8
vn 1.7303977175455345e-7 0.9999999999999849 -2.2781118133439815e-8
usemtl m_a520c05c-83fc-6d1a-7b60-0c8dd74607e0
f 2572/7708/1927 2575/7707/1927 2573/7706/1927 2570/7705/1927
f 2571/7712/1928 2572/7711/1928 2570/7710/1928 2569/7709/1928
f 2576/7716/1929 2571/7715/1929 2569/7714/1929 2574/7713/1929
f 2575/7720/1930 2576/7719/1930 2574/7718/1930 2573/7717/1930
f 2574/7724/1931 2569/7723/1931 2570/7722/1931 2573/7721/1931
f 2575/7728/1932 2572/7727/1932 2571/7726/1932 2576/7725/1932
o cube
v -0.6536204884621255 3.0172081819749352 -2.7548308667048738
v -0.6536204884621255 3.0172081819749352 -2.7548308667048738
v -0.6536203976350822 3.537608806974927 -2.7548308667048738
v -0.6536203976350822 3.537608806974927 -2.7548308667048738
v -0.4524348571904433 3.0172081468614187 -3.895811279704295
v -0.4524348571904433 3.0172081468614187 -3.895811279704295
v -0.4524347663634 3.5376087718614104 -3.895811279704295
v -0.4524347663634 3.5376087718614104 -3.895811279704295
vt 0.66015625 0.404296875
vt 0.6787109375 0.404296875
vt 0.6787109375 0.396484375
vt 0.66015625 0.396484375
vt 0 1
vt 0 1
vt 0 0.9921875
vt 0 0.9921875
vt 0.662109375 0.77734375
vt 0.6806640625 0.77734375
vt 0.6806640625 0.76953125
vt 0.662109375 0.76953125
vt 0 1
vt 0 1
vt 0 0.9921875
vt 0 0.9921875
vt 0 1
vt 0.0185546875 1
vt 0.0185546875 1
vt 0 1
vt 0 1
vt 0.0185546875 1
vt 0.0185546875 1
vt 0 1
vn -0.9848077530121931 1.7188137781783924e-7 -0.17364817766693033
vn -0.17364817766692792 3.030732439063054e-8 0.984807753012208
vn 0.9848077530121931 -1.7188137781783924e-7 0.17364817766693033
vn 0.17364817766692792 -3.030732439063054e-8 -0.984807753012208
vn -1.7453292512382207e-7 -0.9999999999999848 1.9852334701272667e-23
vn 1.7453292512382207e-7 0.9999999999999848 -1.9852334701272667e-23
usemtl m_a520c05c-83fc-6d1a-7b60-0c8dd74607e0
f 2580/7732/1933 2583/7731/1933 2581/7730/1933 2578/7729/1933
f 2579/7736/1934 2580/7735/1934 2578/7734/1934 2577/7733/1934
f 2584/7740/1935 2579/7739/1935 2577/7738/1935 2582/7737/1935
f 2583/7744/1936 2584/7743/1936 2582/7742/1936 2581/7741/1936
f 2582/7748/1937 2577/7747/1937 2578/7746/1937 2581/7745/1937
f 2583/7752/1938 2580/7751/1938 2579/7750/1938 2584/7749/1938
o cube
v -0.6536203927720533 3.53760942967663 -2.754830876200028
v -0.6536203927720533 3.53760942967663 -2.754830876200028
v -0.4707691980798935 3.798747901902024 -2.754830876200028
v -0.4707691980798935 3.798747901902024 -2.754830876200028
v -0.4888187917745692 3.422214063483474 -3.8958112891994494
v -0.4888187917745692 3.422214063483474 -3.8958112891994494
v -0.3059675970824094 3.6833525357088677 -3.8958112891994494
v -0.3059675970824094 3.6833525357088677 -3.8958112891994494
vt 0.666015625 0.9951171875
vt 0.6845703125 0.9951171875
vt 0.6845703125 0.990234375
vt 0.666015625 0.990234375
vt 0 1
vt 0 1
vt 0 0.9951171875
vt 0 0.9951171875
vt 0.666015625 0.990234375
vt 0.6845703125 0.990234375
vt 0.6845703125 0.9853515625
vt 0.666015625 0.9853515625
vt 0 1
vt 0 1
vt 0 0.9951171875
vt 0 0.9951171875
vt 0 1
vt 0.0185546875 1
vt 0.0185546875 1
vt 0 1
vt 0 1
vt 0.0185546875 1
vt 0.0185546875 1
vt 0 1
vn -0.8067071855244784 0.564862662260597 -0.17364817766693047
vn -0.14224424233935476 0.09960052775135651 0.984807753012208
vn 0.8067071855244784 -0.564862662260597 0.17364817766693047
vn 0.14224424233935476 -0.09960052775135651 -0.984807753012208
vn -0.5735765793200399 -0.8191519441810059 -2.7755575615628914e-17
vn 0.5735765793200399 0.8191519441810059 2.7755575615628914e-17
usemtl m_a520c05c-83fc-6d1a-7b60-0c8dd74607e0
f 2588/7756/1939 2591/7755/1939 2589/7754/1939 2586/7753/1939
f 2587/7760/1940 2588/7759/1940 2586/7758/1940 2585/7757/1940
f 2592/7764/1941 2587/7763/1941 2585/7762/1941 2590/7761/1941
f 2591/7768/1942 2592/7767/1942 2590/7766/1942 2589/7765/1942
f 2590/7772/1943 2585/7771/1943 2586/7770/1943 2589/7769/1943
f 2591/7776/1944 2588/7775/1944 2587/7774/1944 2592/7773/1944
o cube
v -0.20190487883855546 3.7688477086598167 -3.89581121602402
v -0.20190487883855546 3.7688477086598167 -3.89581121602402
v 0.20190262116143837 3.7688476381821125 -3.89581121602402
v 0.20190262116143837 3.7688476381821125 -3.89581121602402
v -0.2019049853378579 3.1586516550118233 -4.853627160649301
v -0.2019049853378579 3.1586516550118233 -4.853627160649301
v 0.20190251466213593 3.1586515845341188 -4.853627160649301
v 0.20190251466213593 3.1586515845341188 -4.853627160649301
vt 0.630859375 0.87109375
vt 0.6484375 0.87109375
vt 0.6484375 0.865234375
vt 0.630859375 0.865234375
vt 0.630859375 0.87109375
vt 0.630859375 0.87109375
vt 0.630859375 0.865234375
vt 0.630859375 0.865234375
vt 0.6484375 0.87109375
vt 0.666015625 0.87109375
vt 0.666015625 0.865234375
vt 0.6484375 0.865234375
vt 0.6484375 0.87109375
vt 0.6484375 0.87109375
vt 0.6484375 0.865234375
vt 0.6484375 0.865234375
vt 0.6484375 0.87109375
vt 0.630859375 0.87109375
vt 0.630859375 0.87109375
vt 0.6484375 0.87109375
vt 0.666015625 0.87109375
vt 0.6484375 0.87109375
vt 0.6484375 0.87109375
vt 0.666015625 0.87109375
vn 1.4719957645685002e-7 0.843391445812873 -0.5372996083468239
vn 9.377647249829902e-8 0.5372996083468159 0.8433914458128857
vn -1.4719957645685002e-7 -0.843391445812873 0.5372996083468239
vn -9.377647249829902e-8 -0.5372996083468159 -0.8433914458128857
vn -0.9999999999999849 1.745329254300639e-7 1.3047117154820953e-16
vn 0.9999999999999849 -1.745329254300639e-7 -1.3047117154820953e-16
usemtl m_a520c05c-83fc-6d1a-7b60-0c8dd74607e0
f 2596/7780/1945 2599/7779/1945 2597/7778/1945 2594/7777/1945
f 2595/7784/1946 2596/7783/1946 2594/7782/1946 2593/7781/1946
f 2600/7788/1947 2595/7787/1947 2593/7786/1947 2598/7785/1947
f 2599/7792/1948 2600/7791/1948 2598/7790/1948 2597/7789/1948
f 2598/7796/1949 2593/7795/1949 2594/7794/1949 2597/7793/1949
f 2599/7800/1950 2596/7799/1950 2595/7798/1950 2600/7797/1950
o cube
v 0.49549319915167195 3.3982715320759906 -3.659727472360063
v 0.49549319915167195 3.3982715320759906 -3.659727472360063
v 0.4954931594960142 3.1710613494543494 -3.5149786220591737
v 0.4954931594960142 3.1710613494543494 -3.5149786220591737
v 0.4954930926523696 2.788075478427997 -4.6175434169853435
v 0.4954930926523696 2.788075478427997 -4.6175434169853435
v 0.49549305299671187 2.5608652958063556 -4.472794566684454
v 0.49549305299671187 2.5608652958063556 -4.472794566684454
vt 0.19921875 0.4775390625
vt 0.216796875 0.4775390625
vt 0.216796875 0.4736328125
vt 0.19921875 0.4736328125
vt 0.19921875 0.4775390625
vt 0.19921875 0.4775390625
vt 0.19921875 0.4736328125
vt 0.19921875 0.4736328125
vt 0.216796875 0.4775390625
vt 0.234375 0.4775390625
vt 0.234375 0.4736328125
vt 0.216796875 0.4736328125
vt 0.216796875 0.4775390625
vt 0.216796875 0.4775390625
vt 0.216796875 0.4736328125
vt 0.216796875 0.4736328125
vt 0.216796875 0.4775390625
vt 0.19921875 0.4775390625
vt 0.19921875 0.4775390625
vt 0.216796875 0.4775390625
vt 0.234375 0.4775390625
vt 0.216796875 0.4775390625
vt 0.216796875 0.4775390625
vt 0.234375 0.4775390625
vn 0.9999999999999849 -1.7453292518314108e-7 -1.5614039913563264e-16
vn 9.377647240014291e-8 0.5372996083468157 0.8433914458128858
vn -0.9999999999999849 1.7453292518314108e-7 1.5614039913563264e-16
vn -9.377647240014291e-8 -0.5372996083468157 -0.8433914458128858
vn 1.4719957599283057e-7 0.8433914458128731 -0.5372996083468238
vn -1.4719957599283057e-7 -0.8433914458128731 0.5372996083468238
usemtl m_a520c05c-83fc-6d1a-7b60-0c8dd74607e0
f 2604/7804/1951 2607/7803/1951 2605/7802/1951 2602/7801/1951
f 2603/7808/1952 2604/7807/1952 2602/7806/1952 2601/7805/1952
f 2608/7812/1953 2603/7811/1953 2601/7810/1953 2606/7809/1953
f 2607/7816/1954 2608/7815/1954 2606/7814/1954 2605/7813/1954
f 2606/7820/1955 2601/7819/1955 2602/7818/1955 2605/7817/1955
f 2607/7824/1956 2604/7823/1956 2603/7822/1956 2608/7821/1956
o cube
v 0.3923976460760159 3.608186613405359 -3.793457635641392
v 0.3923976460760159 3.608186613405359 -3.793457635641392
v 0.49549276529526387 3.3982717581095736 -3.65972713549386
v 0.49549276529526387 3.3982717581095736 -3.65972713549386
v 0.39239753957671347 2.997990559757365 -4.751273580266672
v 0.39239753957671347 2.997990559757365 -4.751273580266672
v 0.49549265879596144 2.78807570446158 -4.617543080119141
v 0.49549265879596144 2.78807570446158 -4.617543080119141
vt 0.599609375 0.787109375
vt 0.6171875 0.787109375
vt 0.6171875 0.783203125
vt 0.599609375 0.783203125
vt 0.599609375 0.787109375
vt 0.599609375 0.787109375
vt 0.599609375 0.783203125
vt 0.599609375 0.783203125
vt 0.6171875 0.787109375
vt 0.634765625 0.787109375
vt 0.634765625 0.783203125
vt 0.6171875 0.783203125
vt 0.6171875 0.787109375
vt 0.6171875 0.787109375
vt 0.6171875 0.783203125
vt 0.6171875 0.783203125
vt 0.6171875 0.787109375
vt 0.599609375 0.787109375
vt 0.599609375 0.787109375
vt 0.6171875 0.787109375
vt 0.634765625 0.787109375
vt 0.6171875 0.787109375
vt 0.6171875 0.787109375
vt 0.634765625 0.787109375
vn 0.9238795888421117 0.32275177206362826 -0.20561565833058112
vn 9.37764726149926e-8 0.5372996083468156 0.8433914458128858
vn -0.9238795888421117 -0.32275177206362826 0.20561565833058112
vn -9.37764726149926e-8 -0.5372996083468156 -0.8433914458128858
vn -0.3826832963704085 0.7791921614724743 -0.49640011097796105
vn 0.3826832963704085 -0.7791921614724743 0.49640011097796105
usemtl m_a520c05c-83fc-6d1a-7b60-0c8dd74607e0
f 2612/7828/1957 2615/7827/1957 2613/7826/1957 2610/7825/1957
f 2611/7832/1958 2612/7831/1958 2610/7830/1958 2609/7829/1958
f 2616/7836/1959 2611/7835/1959 2609/7834/1959 2614/7833/1959
f 2615/7840/1960 2616/7839/1960 2614/7838/1960 2613/7837/1960
f 2614/7844/1961 2609/7843/1961 2610/7842/1961 2613/7841/1961
f 2615/7848/1962 2612/7847/1962 2611/7846/1962 2616/7845/1962
o cube
v 0.2019021130770549 3.7688480764463934 -3.895811366102885
v 0.2019021130770549 3.7688480764463934 -3.895811366102885
v 0.3923970938296617 3.6081861823123456 -3.7934584724861695
v 0.3923970938296617 3.6081861823123456 -3.7934584724861695
v 0.2019020065777527 3.1586520227984 -4.853627310728166
v 0.2019020065777527 3.1586520227984 -4.853627310728166
v 0.39239698733035955 2.997990128664352 -4.751274417111451
v 0.39239698733035955 2.997990128664352 -4.751274417111451
vt 0.62890625 0.921875
vt 0.646484375 0.921875
vt 0.646484375 0.91796875
vt 0.62890625 0.91796875
vt 0.62890625 0.921875
vt 0.62890625 0.921875
vt 0.62890625 0.91796875
vt 0.62890625 0.91796875
vt 0.646484375 0.921875
vt 0.6640625 0.921875
vt 0.6640625 0.91796875
vt 0.646484375 0.91796875
vt 0.646484375 0.921875
vt 0.646484375 0.921875
vt 0.646484375 0.91796875
vt 0.646484375 0.91796875
vt 0.646484375 0.921875
vt 0.62890625 0.921875
vt 0.62890625 0.921875
vt 0.646484375 0.921875
vt 0.6640625 0.921875
vt 0.646484375 0.921875
vt 0.646484375 0.921875
vt 0.6640625 0.921875
vn 0.7071068852723554 0.596367687115594 -0.3799281965909152
vn 9.377647239294795e-8 0.5372996083468156 0.8433914458128857
vn -0.7071068852723554 -0.596367687115594 0.3799281965909152
vn -9.377647239294795e-8 -0.5372996083468156 -0.8433914458128857
vn -0.7071066771007182 0.5963679339424243 -0.37992819659091537
vn 0.7071066771007182 -0.5963679339424243 0.37992819659091537
usemtl m_a520c05c-83fc-6d1a-7b60-0c8dd74607e0
f 2620/7852/1963 2623/7851/1963 2621/7850/1963 2618/7849/1963
f 2619/7856/1964 2620/7855/1964 2618/7854/1964 2617/7853/1964
f 2624/7860/1965 2619/7859/1965 2617/7858/1965 2622/7857/1965
f 2623/7864/1966 2624/7863/1966 2622/7862/1966 2621/7861/1966
f 2622/7868/1967 2617/7867/1967 2618/7866/1967 2621/7865/1967
f 2623/7872/1968 2620/7871/1968 2619/7870/1968 2624/7869/1968
o cube
v -0.2019020065777527 3.1586520227984 -4.853627310728166
v -0.2019020065777527 3.1586520227984 -4.853627310728166
v -0.39239698733035955 2.997990128664352 -4.751274417111451
v -0.39239698733035955 2.997990128664352 -4.751274417111451
v -0.2019021130770549 3.7688480764463934 -3.895811366102885
v -0.2019021130770549 3.7688480764463934 -3.895811366102885
v -0.3923970938296617 3.6081861823123456 -3.7934584724861695
v -0.3923970938296617 3.6081861823123456 -3.7934584724861695
vt 0.62890625 0.650390625
vt 0.646484375 0.650390625
vt 0.646484375 0.646484375
vt 0.62890625 0.646484375
vt 0.62890625 0.650390625
vt 0.62890625 0.650390625
vt 0.62890625 0.646484375
vt 0.62890625 0.646484375
vt 0.646484375 0.650390625
vt 0.6640625 0.650390625
vt 0.6640625 0.646484375
vt 0.646484375 0.646484375
vt 0.646484375 0.650390625
vt 0.646484375 0.650390625
vt 0.646484375 0.646484375
vt 0.646484375 0.646484375
vt 0.646484375 0.650390625
vt 0.62890625 0.650390625
vt 0.62890625 0.650390625
vt 0.646484375 0.650390625
vt 0.6640625 0.650390625
vt 0.646484375 0.650390625
vt 0.646484375 0.650390625
vt 0.6640625 0.650390625
vn -0.7071068852723554 0.596367687115594 -0.3799281965909152
vn 9.377647239294795e-8 -0.5372996083468156 -0.8433914458128857
vn 0.7071068852723554 -0.596367687115594 0.3799281965909152
vn -9.377647239294795e-8 0.5372996083468156 0.8433914458128857
vn 0.7071066771007182 0.5963679339424243 -0.37992819659091537
vn -0.7071066771007182 -0.5963679339424243 0.37992819659091537
usemtl m_a520c05c-83fc-6d1a-7b60-0c8dd74607e0
f 2628/7876/1969 2631/7875/1969 2629/7874/1969 2626/7873/1969
f 2627/7880/1970 2628/7879/1970 2626/7878/1970 2625/7877/1970
f 2632/7884/1971 2627/7883/1971 2625/7882/1971 2630/7881/1971
f 2631/7888/1972 2632/7887/1972 2630/7886/1972 2629/7885/1972
f 2630/7892/1973 2625/7891/1973 2626/7890/1973 2629/7889/1973
f 2631/7896/1974 2628/7895/1974 2627/7894/1974 2632/7893/1974
o cube
v -0.39239753957671347 2.997990559757365 -4.751273580266672
v -0.39239753957671347 2.997990559757365 -4.751273580266672
v -0.49549265879596144 2.7880757044615803 -4.617543080119141
v -0.49549265879596144 2.7880757044615803 -4.617543080119141
v -0.3923976460760159 3.608186613405359 -3.793457635641392
v -0.3923976460760159 3.608186613405359 -3.793457635641392
v -0.49549276529526387 3.3982717581095736 -3.65972713549386
v -0.49549276529526387 3.3982717581095736 -3.65972713549386
vt 0.630859375 0.865234375
vt 0.6484375 0.865234375
vt 0.6484375 0.861328125
vt 0.630859375 0.861328125
vt 0.630859375 0.865234375
vt 0.630859375 0.865234375
vt 0.630859375 0.861328125
vt 0.630859375 0.861328125
vt 0.6484375 0.865234375
vt 0.666015625 0.865234375
vt 0.666015625 0.861328125
vt 0.6484375 0.861328125
vt 0.6484375 0.865234375
vt 0.6484375 0.865234375
vt 0.6484375 0.861328125
vt 0.6484375 0.861328125
vt 0.6484375 0.865234375
vt 0.630859375 0.865234375
vt 0.630859375 0.865234375
vt 0.6484375 0.865234375
vt 0.666015625 0.865234375
vt 0.6484375 0.865234375
vt 0.6484375 0.865234375
vt 0.666015625 0.865234375
vn -0.9238795888421117 0.32275177206362826 -0.20561565833058112
vn 9.37764726149926e-8 -0.5372996083468156 -0.8433914458128858
vn 0.9238795888421117 -0.32275177206362826 0.20561565833058112
vn -9.37764726149926e-8 0.5372996083468156 0.8433914458128858
vn 0.3826832963704085 0.7791921614724743 -0.49640011097796105
vn -0.3826832963704085 -0.7791921614724743 0.49640011097796105
usemtl m_a520c05c-83fc-6d1a-7b60-0c8dd74607e0
f 2636/7900/1975 2639/7899/1975 2637/7898/1975 2634/7897/1975
f 2635/7904/1976 2636/7903/1976 2634/7902/1976 2633/7901/1976
f 2640/7908/1977 2635/7907/1977 2633/7906/1977 2638/7905/1977
f 2639/7912/1978 2640/7911/1978 2638/7910/1978 2637/7909/1978
f 2638/7916/1979 2633/7915/1979 2634/7914/1979 2637/7913/1979
f 2639/7920/1980 2636/7919/1980 2635/7918/1980 2640/7917/1980
o cube
v -0.4954930926523696 2.788075478427997 -4.6175434169853435
v -0.4954930926523696 2.788075478427997 -4.6175434169853435
v -0.49549305299671187 2.560865295806356 -4.472794566684454
v -0.49549305299671187 2.560865295806356 -4.472794566684454
v -0.49549319915167195 3.3982715320759906 -3.659727472360063
v -0.49549319915167195 3.3982715320759906 -3.659727472360063
v -0.4954931594960142 3.1710613494543494 -3.5149786220591737
v -0.4954931594960142 3.1710613494543494 -3.5149786220591737
vt 0.630859375 0.861328125
vt 0.6484375 0.861328125
vt 0.6484375 0.857421875
vt 0.630859375 0.857421875
vt 0.630859375 0.861328125
vt 0.630859375 0.861328125
vt 0.630859375 0.857421875
vt 0.630859375 0.857421875
vt 0.6484375 0.861328125
vt 0.666015625 0.861328125
vt 0.666015625 0.857421875
vt 0.6484375 0.857421875
vt 0.6484375 0.861328125
vt 0.6484375 0.861328125
vt 0.6484375 0.857421875
vt 0.6484375 0.857421875
vt 0.6484375 0.861328125
vt 0.630859375 0.861328125
vt 0.630859375 0.861328125
vt 0.6484375 0.861328125
vt 0.666015625 0.861328125
vt 0.6484375 0.861328125
vt 0.6484375 0.861328125
vt 0.666015625 0.861328125
vn -0.9999999999999849 -1.7453292518314108e-7 -1.5614039913563264e-16
vn 9.377647240014291e-8 -0.5372996083468157 -0.8433914458128858
vn 0.9999999999999849 1.7453292518314108e-7 1.5614039913563264e-16
vn -9.377647240014291e-8 0.5372996083468157 0.8433914458128858
vn -1.4719957599283057e-7 0.8433914458128731 -0.5372996083468238
vn 1.4719957599283057e-7 -0.8433914458128731 0.5372996083468238
usemtl m_a520c05c-83fc-6d1a-7b60-0c8dd74607e0
f 2644/7924/1981 2647/7923/1981 2645/7922/1981 2642/7921/1981
f 2643/7928/1982 2644/7927/1982 2642/7926/1982 2641/7925/1982
f 2648/7932/1983 2643/7931/1983 2641/7930/1983 2646/7929/1983
f 2647/7936/1984 2648/7935/1984 2646/7934/1984 2645/7933/1984
f 2646/7940/1985 2641/7939/1985 2642/7938/1985 2645/7937/1985
f 2647/7944/1986 2644/7943/1986 2643/7942/1986 2648/7941/1986
o cube
v -0.04468812500000006 3.9845687309999303 8.862721498830574
v 0.044688749999999174 3.9845687309999303 8.862721498830574
v -0.04468812500000007 4.109233353158425 8.623242987798491
v 0.04468874999999916 4.109233353158425 8.623242987798491
v 0.04468874999999865 6.0813359415895185 9.95422942134081
v -0.04468812500000058 6.0813359415895185 9.95422942134081
v 0.04468874999999864 6.206000563748013 9.714750910308727
v -0.04468812500000059 6.206000563748013 9.714750910308727
vt 0.1162109375 0.5791015625
vt 0.15234375 0.5791015625
vt 0.15234375 0.5751953125
vt 0.1162109375 0.5751953125
vt 0.115234375 0.5791015625
vt 0.1162109375 0.5791015625
vt 0.1162109375 0.5751953125
vt 0.115234375 0.5751953125
vt 0.1533203125 0.5791015625
vt 0.189453125 0.5791015625
vt 0.189453125 0.5751953125
vt 0.1533203125 0.5751953125
vt 0.15234375 0.5791015625
vt 0.1533203125 0.5791015625
vt 0.1533203125 0.5751953125
vt 0.15234375 0.5751953125
vt 0.15234375 0.5791015625
vt 0.1162109375 0.5791015625
vt 0.1162109375 0.580078125
vt 0.15234375 0.580078125
vt 0.1884765625 0.580078125
vt 0.15234375 0.580078125
vt 0.15234375 0.5791015625
vt 0.1884765625 0.5791015625
vn 1 2.2258816711739474e-16 5.3289795896133914e-17
vn 7.46523770068996e-17 -0.8870108331782217 -0.46174861323503386
vn -1 -2.2258816711739474e-16 -5.3289795896133914e-17
vn -7.46523770068996e-17 0.8870108331782217 0.46174861323503386
vn 2.1636154254985468e-16 -0.461748613235034 0.8870108331782216
vn -2.1636154254985468e-16 0.461748613235034 -0.8870108331782216
usemtl m_a520c05c-83fc-6d1a-7b60-0c8dd74607e0
f 2652/7948/1987 2655/7947/1987 2653/7946/1987 2650/7945/1987
f 2651/7952/1988 2652/7951/1988 2650/7950/1988 2649/7949/1988
f 2656/7956/1989 2651/7955/1989 2649/7954/1989 2654/7953/1989
f 2655/7960/1990 2656/7959/1990 2654/7958/1990 2653/7957/1990
f 2654/7964/1991 2649/7963/1991 2650/7962/1991 2653/7961/1991
f 2655/7968/1992 2652/7967/1992 2651/7966/1992 2656/7965/1992
o cube
v -0.044688125000000016 4.022037328795391 8.644657733776752
v 0.04468874999999923 4.022037328795391 8.644657733776752
v -0.04468812500000013 4.301424394017104 8.206107887065045
v 0.04468874999999912 4.301424394017104 8.206107887065045
v 0.04468874999999873 5.928719780566571 9.859348420603688
v -0.044688125000000516 5.928719780566571 9.859348420603688
v 0.04468874999999861 6.208106845788284 9.420798573891982
v -0.044688125000000634 6.208106845788284 9.420798573891982
vt 0.3134765625 0.4130859375
vt 0.3486328125 0.4130859375
vt 0.3486328125 0.4052734375
vt 0.3134765625 0.4052734375
vt 0.3125 0.4130859375
vt 0.3134765625 0.4130859375
vt 0.3134765625 0.4052734375
vt 0.3125 0.4052734375
vt 0.349609375 0.4130859375
vt 0.384765625 0.4130859375
vt 0.384765625 0.4052734375
vt 0.349609375 0.4052734375
vt 0.3486328125 0.4130859375
vt 0.349609375 0.4130859375
vt 0.349609375 0.4052734375
vt 0.3486328125 0.4052734375
vt 0.3486328125 0.4130859375
vt 0.3134765625 0.4130859375
vt 0.3134765625 0.4140625
vt 0.3486328125 0.4140625
vt 0.3837890625 0.4140625
vt 0.3486328125 0.4140625
vt 0.3486328125 0.4130859375
vt 0.3837890625 0.4130859375
vn 1 3.0657499964441775e-16 -6.79660411209286e-17
vn 2.2204460492503136e-16 -0.8433914458128857 -0.5372996083468239
vn -1 -3.0657499964441775e-16 6.79660411209286e-17
vn -2.2204460492503136e-16 0.8433914458128857 0.5372996083468239
vn 2.220446049250313e-16 -0.5372996083468239 0.8433914458128857
vn -2.220446049250313e-16 0.5372996083468239 -0.8433914458128857
usemtl m_a520c05c-83fc-6d1a-7b60-0c8dd74607e0
f 2660/7972/1993 2663/7971/1993 2661/7970/1993 2658/7969/1993
f 2659/7976/1994 2660/7975/1994 2658/7974/1994 2657/7973/1994
f 2664/7980/1995 2659/7979/1995 2657/7978/1995 2662/7977/1995
f 2663/7984/1996 2664/7983/1996 2662/7982/1996 2661/7981/1996
f 2662/7988/1997 2657/7987/1997 2658/7986/1997 2661/7985/1997
f 2663/7992/1998 2660/7991/1998 2659/7990/1998 2664/7989/1998
o cube
v -0.04468875000000084 6.065711445819737 9.420450165626633
v 0.04468812499999839 6.065711445819737 9.420450165626633
v -0.04468875000000089 6.207508320819738 9.420450165626633
v 0.044688124999998344 6.207508320819738 9.420450165626633
v 0.044688124999998274 6.065711445819737 9.954228915626633
v -0.04468875000000096 6.065711445819737 9.954228915626633
v 0.044688124999998226 6.207508320819738 9.954228915626633
v -0.044688750000001005 6.207508320819738 9.954228915626633
vt 0.4130859375 0.435546875
vt 0.4208984375 0.435546875
vt 0.4208984375 0.43359375
vt 0.4130859375 0.43359375
vt 0.412109375 0.435546875
vt 0.4130859375 0.435546875
vt 0.4130859375 0.43359375
vt 0.412109375 0.43359375
vt 0.421875 0.435546875
vt 0.4296875 0.435546875
vt 0.4296875 0.43359375
vt 0.421875 0.43359375
vt 0.4208984375 0.435546875
vt 0.421875 0.435546875
vt 0.421875 0.43359375
vt 0.4208984375 0.43359375
vt 0.4208984375 0.435546875
vt 0.4130859375 0.435546875
vt 0.4130859375 0.4365234375
vt 0.4208984375 0.4365234375
vt 0.4287109375 0.4365234375
vt 0.4208984375 0.4365234375
vt 0.4208984375 0.435546875
vt 0.4287109375 0.435546875
vn 1 3.33066907387547e-16 2.220446049250313e-16
vn -8.313801490056306e-18 -5.551115123125784e-17 -1
vn -1 -3.33066907387547e-16 -2.220446049250313e-16
vn 8.313801490056306e-18 5.551115123125784e-17 1
vn 4.0021025983575443e-16 -1 8.886452903217422e-32
vn -4.0021025983575443e-16 1 -8.886452903217422e-32
usemtl m_a520c05c-83fc-6d1a-7b60-0c8dd74607e0
f 2668/7996/1999 2671/7995/1999 2669/7994/1999 2666/7993/1999
f 2667/8000/2000 2668/7999/2000 2666/7998/2000 2665/7997/2000
f 2672/8004/2001 2667/8003/2001 2665/8002/2001 2670/8001/2001
f 2671/8008/2002 2672/8007/2002 2670/8006/2002 2669/8005/2002
f 2670/8012/2003 2665/8011/2003 2666/8010/2003 2669/8009/2003
f 2671/8016/2004 2668/8015/2004 2667/8014/2004 2672/8013/2004
o cube
v -0.04468812499999901 3.9877516662443586 8.206108029701463
v 0.04468875000000022 3.9877516662443586 8.206108029701463
v -0.044688124999999114 4.301423541244358 8.206108029701463
v 0.04468875000000012 4.301423541244358 8.206108029701463
v 0.044688750000000076 3.9877516662443586 8.864886779701463
v -0.044688124999999156 3.9877516662443586 8.864886779701463
v 0.04468874999999997 4.301423541244358 8.864886779701463
v -0.04468812499999926 4.301423541244358 8.864886779701463
vt 0.2041015625 0.3603515625
vt 0.2138671875 0.3603515625
vt 0.2138671875 0.35546875
vt 0.2041015625 0.35546875
vt 0.203125 0.3603515625
vt 0.2041015625 0.3603515625
vt 0.2041015625 0.35546875
vt 0.203125 0.35546875
vt 0.21484375 0.3603515625
vt 0.224609375 0.3603515625
vt 0.224609375 0.35546875
vt 0.21484375 0.35546875
vt 0.2138671875 0.3603515625
vt 0.21484375 0.3603515625
vt 0.21484375 0.35546875
vt 0.2138671875 0.35546875
vt 0.2138671875 0.3603515625
vt 0.2041015625 0.3603515625
vt 0.2041015625 0.361328125
vt 0.2138671875 0.361328125
vt 0.2236328125 0.361328125
vt 0.2138671875 0.361328125
vt 0.2138671875 0.3603515625
vt 0.2236328125 0.3603515625
vn 1 3.33066907387547e-16 2.220446049250313e-16
vn -8.313801490056306e-18 -5.551115123125784e-17 -1
vn -1 -3.33066907387547e-16 -2.220446049250313e-16
vn 8.313801490056306e-18 5.551115123125784e-17 1
vn 4.0021025983575443e-16 -1 8.886452903217422e-32
vn -4.0021025983575443e-16 1 -8.886452903217422e-32
usemtl m_a520c05c-83fc-6d1a-7b60-0c8dd74607e0
f 2676/8020/2005 2679/8019/2005 2677/8018/2005 2674/8017/2005
f 2675/8024/2006 2676/8023/2006 2674/8022/2006 2673/8021/2006
f 2680/8028/2007 2675/8027/2007 2673/8026/2007 2678/8025/2007
f 2679/8032/2008 2680/8031/2008 2678/8030/2008 2677/8029/2008
f 2678/8036/2009 2673/8035/2009 2674/8034/2009 2677/8033/2009
f 2679/8040/2010 2676/8039/2010 2675/8038/2010 2680/8037/2010
o cube
v -0.04468812500000004 4.00428151409181 8.20723903085104
v 0.04468874999999921 4.00428151409181 8.20723903085104
v -0.04468812500000007 4.090576532563882 8.07178298497834
v 0.044688749999999174 4.090576532563882 8.07178298497834
v 0.04468874999999914 4.276893039600523 8.380911726506005
v -0.044688125000000106 4.276893039600523 8.380911726506005
v 0.0446887499999991 4.363188058072597 8.245455680633304
v -0.04468812500000015 4.363188058072597 8.245455680633304
vt 0.5654296875 0.8388671875
vt 0.5703125 0.8388671875
vt 0.5703125 0.8369140625
vt 0.5654296875 0.8369140625
vt 0.564453125 0.8388671875
vt 0.5654296875 0.8388671875
vt 0.5654296875 0.8369140625
vt 0.564453125 0.8369140625
vt 0.5712890625 0.8388671875
vt 0.576171875 0.8388671875
vt 0.576171875 0.8369140625
vt 0.5712890625 0.8369140625
vt 0.5703125 0.8388671875
vt 0.5712890625 0.8388671875
vt 0.5712890625 0.8369140625
vt 0.5703125 0.8369140625
vt 0.5703125 0.8388671875
vt 0.5654296875 0.8388671875
vt 0.5654296875 0.83984375
vt 0.5703125 0.83984375
vt 0.5751953125 0.83984375
vt 0.5703125 0.83984375
vt 0.5703125 0.8388671875
vt 0.5751953125 0.8388671875
vn 1 3.0657499964441775e-16 -6.79660411209286e-17
vn 2.2204460492503136e-16 -0.8433914458128857 -0.5372996083468239
vn -1 -3.0657499964441775e-16 6.79660411209286e-17
vn -2.2204460492503136e-16 0.8433914458128857 0.5372996083468239
vn 2.220446049250313e-16 -0.5372996083468239 0.8433914458128857
vn -2.220446049250313e-16 0.5372996083468239 -0.8433914458128857
usemtl m_a520c05c-83fc-6d1a-7b60-0c8dd74607e0
f 2684/8044/2011 2687/8043/2011 2685/8042/2011 2682/8041/2011
f 2683/8048/2012 2684/8047/2012 2682/8046/2012 2681/8045/2012
f 2688/8052/2013 2683/8051/2013 2681/8050/2013 2686/8049/2013
f 2687/8056/2014 2688/8055/2014 2686/8054/2014 2685/8053/2014
f 2686/8060/2015 2681/8059/2015 2682/8058/2015 2685/8057/2015
f 2687/8064/2016 2684/8063/2016 2683/8062/2016 2688/8061/2016
o cube
v -0.044688124999998975 3.9877516662443586 8.071733029701463
v 0.044688750000000256 3.9877516662443586 8.071733029701463
v -0.04468812499999902 4.095173541244359 8.071733029701463
v 0.044688750000000214 4.095173541244359 8.071733029701463
v 0.044688750000000214 3.9877516662443586 8.239886779701463
v -0.04468812499999902 3.9877516662443586 8.239886779701463
v 0.04468875000000018 4.095173541244359 8.239886779701463
v -0.04468812499999905 4.095173541244359 8.239886779701463
vt 0.2607421875 0.64453125
vt 0.2626953125 0.64453125
vt 0.2626953125 0.6435546875
vt 0.2607421875 0.6435546875
vt 0.259765625 0.64453125
vt 0.2607421875 0.64453125
vt 0.2607421875 0.6435546875
vt 0.259765625 0.6435546875
vt 0.263671875 0.64453125
vt 0.265625 0.64453125
vt 0.265625 0.6435546875
vt 0.263671875 0.6435546875
vt 0.2626953125 0.64453125
vt 0.263671875 0.64453125
vt 0.263671875 0.6435546875
vt 0.2626953125 0.6435546875
vt 0.2626953125 0.64453125
vt 0.2607421875 0.64453125
vt 0.2607421875 0.6455078125
vt 0.2626953125 0.6455078125
vt 0.2646484375 0.6455078125
vt 0.2626953125 0.6455078125
vt 0.2626953125 0.64453125
vt 0.2646484375 0.64453125
vn 1 3.33066907387547e-16 2.220446049250313e-16
vn -8.313801490056306e-18 -5.551115123125784e-17 -1
vn -1 -3.33066907387547e-16 -2.220446049250313e-16
vn 8.313801490056306e-18 5.551115123125784e-17 1
vn 4.0021025983575443e-16 -1 8.886452903217422e-32
vn -4.0021025983575443e-16 1 -8.886452903217422e-32
usemtl m_a520c05c-83fc-6d1a-7b60-0c8dd74607e0
f 2692/8068/2017 2695/8067/2017 2693/8066/2017 2690/8065/2017
f 2691/8072/2018 2692/8071/2018 2690/8070/2018 2689/8069/2018
f 2696/8076/2019 2691/8075/2019 2689/8074/2019 2694/8073/2019
f 2695/8080/2020 2696/8079/2020 2694/8078/2020 2693/8077/2020
f 2694/8084/2021 2689/8083/2021 2690/8082/2021 2693/8081/2021
f 2695/8088/2022 2692/8087/2022 2691/8086/2022 2696/8085/2022
o cube
v 0.37706343668423636 1.1989943749999998 1.9765169242353378
v 0.16482521107808085 1.1989943749999998 1.8886049727352674
v 0.37706343668423636 1.3344281249999996 1.9765169242353378
v 0.16482521107808085 1.3344281249999996 1.8886049727352674
v 0.3916280483435916 1.1989943749999998 1.3410544870241736
v 0.6038662739497471 1.1989943749999998 1.428966438524244
v 0.39162804834359166 1.3344281249999996 1.3410544870241736
v 0.6038662739497471 1.3344281249999996 1.428966438524244
vt 0.4560546875 0.4013671875
vt 0.46484375 0.4013671875
vt 0.46484375 0.3994140625
vt 0.4560546875 0.3994140625
vt 0.453125 0.4013671875
vt 0.4560546875 0.4013671875
vt 0.4560546875 0.3994140625
vt 0.453125 0.3994140625
vt 0.4677734375 0.4013671875
vt 0.4765625 0.4013671875
vt 0.4765625 0.3994140625
vt 0.4677734375 0.3994140625
vt 0.46484375 0.4013671875
vt 0.4677734375 0.4013671875
vt 0.4677734375 0.3994140625
vt 0.46484375 0.3994140625
vt 0.46484375 0.4013671875
vt 0.4560546875 0.4013671875
vt 0.4560546875 0.404296875
vt 0.46484375 0.404296875
vt 0.4736328125 0.404296875
vt 0.46484375 0.404296875
vt 0.46484375 0.4013671875
vt 0.4736328125 0.4013671875
vn -0.9238795325112866 1.1314261122877003e-16 -0.38268343236508984
vn -0.38268343236508984 4.686520405326299e-17 0.9238795325112866
vn 0.9238795325112866 -1.1314261122877003e-16 0.38268343236508984
vn 0.38268343236508984 -4.686520405326299e-17 -0.9238795325112866
vn -1.2246467991473532e-16 -1 0
vn 1.2246467991473532e-16 1 0
usemtl m_a520c05c-83fc-6d1a-7b60-0c8dd74607e0
f 2700/8092/2023 2703/8091/2023 2701/8090/2023 2698/8089/2023
f 2699/8096/2024 2700/8095/2024 2698/8094/2024 2697/8093/2024
f 2704/8100/2025 2699/8099/2025 2697/8098/2025 2702/8097/2025
f 2703/8104/2026 2704/8103/2026 2702/8102/2026 2701/8101/2026
f 2702/8108/2027 2697/8107/2027 2698/8106/2027 2701/8105/2027
f 2703/8112/2028 2700/8111/2028 2699/8110/2028 2704/8109/2028
o cube
v 0.3944584127099857 1.1989941836292557 1.3505799999999994
v 1.007837047386632 1.4530639329822148 1.3505799999999994
v 0.3426301604019103 1.324118653265506 1.3505799999999994
v 0.9560087950785567 1.5781884026184652 1.3505799999999994
v 1.0078370473866325 1.453063932982215 3.568244374999999
v 0.39445841270998616 1.1989941836292561 3.568244374999999
v 0.9560087950785572 1.5781884026184654 3.568244374999999
v 0.3426301604019108 1.3241186532655063 3.568244374999999
vt 0.169921875 0.4287109375
vt 0.2041015625 0.4287109375
vt 0.2041015625 0.4267578125
vt 0.169921875 0.4267578125
vt 0.16015625 0.4287109375
vt 0.169921875 0.4287109375
vt 0.169921875 0.4267578125
vt 0.16015625 0.4267578125
vt 0.2138671875 0.4287109375
vt 0.248046875 0.4287109375
vt 0.248046875 0.4267578125
vt 0.2138671875 0.4267578125
vt 0.2041015625 0.4287109375
vt 0.2138671875 0.4287109375
vt 0.2138671875 0.4267578125
vt 0.2041015625 0.4267578125
vt 0.2041015625 0.4287109375
vt 0.169921875 0.4287109375
vt 0.169921875 0.4384765625
vt 0.2041015625 0.4384765625
vt 0.23828125 0.4384765625
vt 0.2041015625 0.4384765625
vt 0.2041015625 0.4287109375
vt 0.23828125 0.4287109375
vn 0.9238795325112866 0.38268343236508984 -2.3700726262636426e-16
vn -1.9452086685093367e-16 -1.1061559977521027e-16 -1
vn -0.9238795325112866 -0.38268343236508984 2.3700726262636426e-16
vn 1.9452086685093367e-16 1.1061559977521027e-16 1
vn 0.38268343236508984 -0.9238795325112867 -8.04436687781459e-18
vn -0.38268343236508984 0.9238795325112867 8.04436687781459e-18
usemtl m_a520c05c-83fc-6d1a-7b60-0c8dd74607e0
f 2708/8116/2029 2711/8115/2029 2709/8114/2029 2706/8113/2029
f 2707/8120/2030 2708/8119/2030 2706/8118/2030 2705/8117/2030
f 2712/8124/2031 2707/8123/2031 2705/8122/2031 2710/8121/2031
f 2711/8128/2032 2712/8127/2032 2710/8126/2032 2709/8125/2032
f 2710/8132/2033 2705/8131/2033 2706/8130/2033 2709/8129/2033
f 2711/8136/2034 2708/8135/2034 2707/8134/2034 2712/8133/2034
o cube
v 0.3945499999999993 1.1989943749999998 3.575019375
v 0.16482499999999917 1.1989943749999998 3.575019375
v 0.3945499999999993 1.3344281249999996 3.575019375
v 0.16482499999999917 1.3344281249999996 3.575019375
v 0.16482499999999953 1.1989943749999998 1.888605
v 0.3945499999999997 1.1989943749999998 1.888605
v 0.16482499999999956 1.3344281249999996 1.888605
v 0.3945499999999997 1.3344281249999996 1.888605
vt 0.4677734375 0.810546875
vt 0.4931640625 0.810546875
vt 0.4931640625 0.80859375
vt 0.4677734375 0.80859375
vt 0.46484375 0.810546875
vt 0.4677734375 0.810546875
vt 0.4677734375 0.80859375
vt 0.46484375 0.80859375
vt 0.49609375 0.810546875
vt 0.521484375 0.810546875
vt 0.521484375 0.80859375
vt 0.49609375 0.80859375
vt 0.4931640625 0.810546875
vt 0.49609375 0.810546875
vt 0.49609375 0.80859375
vt 0.4931640625 0.80859375
vt 0.4931640625 0.810546875
vt 0.4677734375 0.810546875
vt 0.4677734375 0.8134765625
vt 0.4931640625 0.8134765625
vt 0.5185546875 0.8134765625
vt 0.4931640625 0.8134765625
vt 0.4931640625 0.810546875
vt 0.5185546875 0.810546875
vn -1 1.2246467991473532e-16 -2.220446049250313e-16
vn -2.220446049250313e-16 2.719262146893782e-32 1
vn 1 -1.2246467991473532e-16 2.220446049250313e-16
vn 2.220446049250313e-16 -2.719262146893782e-32 -1
vn -1.2246467991473532e-16 -1 -2.5407181807812022e-33
vn 1.2246467991473532e-16 1 2.5407181807812022e-33
usemtl m_a520c05c-83fc-6d1a-7b60-0c8dd74607e0
f 2716/8140/2035 2719/8139/2035 2717/8138/2035 2714/8137/2035
f 2715/8144/2036 2716/8143/2036 2714/8142/2036 2713/8141/2036
f 2720/8148/2037 2715/8147/2037 2713/8146/2037 2718/8145/2037
f 2719/8152/2038 2720/8151/2038 2718/8150/2038 2717/8149/2038
f 2718/8156/2039 2713/8155/2039 2714/8154/2039 2717/8153/2039
f 2719/8160/2040 2716/8159/2040 2715/8158/2040 2720/8157/2040
o cube
v -0.6038662739497471 1.1989943749999998 1.428966438524244
v -0.3916280483435916 1.1989943749999998 1.3410544870241736
v -0.6038662739497471 1.3344281249999996 1.428966438524244
v -0.39162804834359166 1.3344281249999996 1.3410544870241736
v -0.16482521107808085 1.1989943749999998 1.8886049727352674
v -0.37706343668423636 1.1989943749999998 1.9765169242353378
v -0.16482521107808085 1.3344281249999996 1.8886049727352674
v -0.37706343668423636 1.3344281249999996 1.9765169242353378
vt 0.0693359375 0.4208984375
vt 0.078125 0.4208984375
vt 0.078125 0.4189453125
vt 0.0693359375 0.4189453125
vt 0.06640625 0.4208984375
vt 0.0693359375 0.4208984375
vt 0.0693359375 0.4189453125
vt 0.06640625 0.4189453125
vt 0.0810546875 0.4208984375
vt 0.08984375 0.4208984375
vt 0.08984375 0.4189453125
vt 0.0810546875 0.4189453125
vt 0.078125 0.4208984375
vt 0.0810546875 0.4208984375
vt 0.0810546875 0.4189453125
vt 0.078125 0.4189453125
vt 0.078125 0.4208984375
vt 0.0693359375 0.4208984375
vt 0.0693359375 0.423828125
vt 0.078125 0.423828125
vt 0.0869140625 0.423828125
vt 0.078125 0.423828125
vt 0.078125 0.4208984375
vt 0.0869140625 0.4208984375
vn 0.9238795325112866 1.1314261122877003e-16 -0.38268343236508984
vn -0.38268343236508984 -4.686520405326299e-17 -0.9238795325112866
vn -0.9238795325112866 -1.1314261122877003e-16 0.38268343236508984
vn 0.38268343236508984 4.686520405326299e-17 0.9238795325112866
vn 1.2246467991473532e-16 -1 0
vn -1.2246467991473532e-16 1 0
usemtl m_a520c05c-83fc-6d1a-7b60-0c8dd74607e0
f 2724/8164/2041 2727/8163/2041 2725/8162/2041 2722/8161/2041
f 2723/8168/2042 2724/8167/2042 2722/8166/2042 2721/8165/2042
f 2728/8172/2043 2723/8171/2043 2721/8170/2043 2726/8169/2043
f 2727/8176/2044 2728/8175/2044 2726/8174/2044 2725/8173/2044
f 2726/8180/2045 2721/8179/2045 2722/8178/2045 2725/8177/2045
f 2727/8184/2046 2724/8183/2046 2723/8182/2046 2728/8181/2046
o cube
v -0.39445841270998616 1.1989941836292561 3.568244374999999
v -1.0078370473866325 1.453063932982215 3.568244374999999
v -0.3426301604019108 1.3241186532655063 3.568244374999999
v -0.9560087950785572 1.5781884026184654 3.568244374999999
v -1.007837047386632 1.4530639329822148 1.3505799999999994
v -0.3944584127099857 1.1989941836292557 1.3505799999999994
v -0.9560087950785567 1.5781884026184652 1.3505799999999994
v -0.3426301604019103 1.324118653265506 1.3505799999999994
vt 0.564453125 0.5908203125
vt 0.5986328125 0.5908203125
vt 0.5986328125 0.5888671875
vt 0.564453125 0.5888671875
vt 0.5546875 0.5908203125
vt 0.564453125 0.5908203125
vt 0.564453125 0.5888671875
vt 0.5546875 0.5888671875
vt 0.6083984375 0.5908203125
vt 0.642578125 0.5908203125
vt 0.642578125 0.5888671875
vt 0.6083984375 0.5888671875
vt 0.5986328125 0.5908203125
vt 0.6083984375 0.5908203125
vt 0.6083984375 0.5888671875
vt 0.5986328125 0.5888671875
vt 0.5986328125 0.5908203125
vt 0.564453125 0.5908203125
vt 0.564453125 0.6005859375
vt 0.5986328125 0.6005859375
vt 0.6328125 0.6005859375
vt 0.5986328125 0.6005859375
vt 0.5986328125 0.5908203125
vt 0.6328125 0.5908203125
vn -0.9238795325112866 0.38268343236508984 -2.3700726262636426e-16
vn -1.9452086685093367e-16 1.1061559977521027e-16 1
vn 0.9238795325112866 -0.38268343236508984 2.3700726262636426e-16
vn 1.9452086685093367e-16 -1.1061559977521027e-16 -1
vn -0.38268343236508984 -0.9238795325112867 -8.04436687781459e-18
vn 0.38268343236508984 0.9238795325112867 8.04436687781459e-18
usemtl m_a520c05c-83fc-6d1a-7b60-0c8dd74607e0
f 2732/8188/2047 2735/8187/2047 2733/8186/2047 2730/8185/2047
f 2731/8192/2048 2732/8191/2048 2730/8190/2048 2729/8189/2048
f 2736/8196/2049 2731/8195/2049 2729/8194/2049 2734/8193/2049
f 2735/8200/2050 2736/8199/2050 2734/8198/2050 2733/8197/2050
f 2734/8204/2051 2729/8203/2051 2730/8202/2051 2733/8201/2051
f 2735/8208/2052 2732/8207/2052 2731/8206/2052 2736/8205/2052
o cube
v -0.3945499999999997 1.1989943749999998 1.888605
v -0.16482499999999953 1.1989943749999998 1.888605
v -0.3945499999999997 1.3344281249999996 1.888605
v -0.16482499999999956 1.3344281249999996 1.888605
v -0.16482499999999917 1.1989943749999998 3.575019375
v -0.3945499999999993 1.1989943749999998 3.575019375
v -0.16482499999999917 1.3344281249999996 3.575019375
v -0.3945499999999993 1.3344281249999996 3.575019375
vt 0.4267578125 0.619140625
vt 0.4521484375 0.619140625
vt 0.4521484375 0.6171875
vt 0.4267578125 0.6171875
vt 0.423828125 0.619140625
vt 0.4267578125 0.619140625
vt 0.4267578125 0.6171875
vt 0.423828125 0.6171875
vt 0.455078125 0.619140625
vt 0.48046875 0.619140625
vt 0.48046875 0.6171875
vt 0.455078125 0.6171875
vt 0.4521484375 0.619140625
vt 0.455078125 0.619140625
vt 0.455078125 0.6171875
vt 0.4521484375 0.6171875
vt 0.4521484375 0.619140625
vt 0.4267578125 0.619140625
vt 0.4267578125 0.6220703125
vt 0.4521484375 0.6220703125
vt 0.4775390625 0.6220703125
vt 0.4521484375 0.6220703125
vt 0.4521484375 0.619140625
vt 0.4775390625 0.619140625
vn 1 1.2246467991473532e-16 -2.220446049250313e-16
vn -2.220446049250313e-16 -2.719262146893782e-32 -1
vn -1 -1.2246467991473532e-16 2.220446049250313e-16
vn 2.220446049250313e-16 2.719262146893782e-32 1
vn 1.2246467991473532e-16 -1 -2.5407181807812022e-33
vn -1.2246467991473532e-16 1 2.5407181807812022e-33
usemtl m_a520c05c-83fc-6d1a-7b60-0c8dd74607e0
f 2740/8212/2053 2743/8211/2053 2741/8210/2053 2738/8209/2053
f 2739/8216/2054 2740/8215/2054 2738/8214/2054 2737/8213/2054
f 2744/8220/2055 2739/8219/2055 2737/8218/2055 2742/8217/2055
f 2743/8224/2056 2744/8223/2056 2742/8222/2056 2741/8221/2056
f 2742/8228/2057 2737/8227/2057 2738/8226/2057 2741/8225/2057
f 2743/8232/2058 2740/8231/2058 2739/8230/2058 2744/8229/2058
o cube
v 5.716270625 2.3477275000000004 3.16479
v 5.281726875 2.3477275000000004 3.16479
v 5.716270625 2.1918175 3.16479
v 5.281726875 2.1918175 3.16479
v 5.281726875 2.3477275000000004 4.56639125
v 5.716270625 2.3477275000000004 4.56639125
v 5.281726875 2.1918175 4.56639125
v 5.716270625 2.1918175 4.56639125
vt 0.611328125 0.4443359375
vt 0.6328125 0.4443359375
vt 0.6328125 0.4423828125
vt 0.611328125 0.4423828125
vt 0.60546875 0.4443359375
vt 0.611328125 0.4443359375
vt 0.611328125 0.4423828125
vt 0.60546875 0.4423828125
vt 0.638671875 0.4443359375
vt 0.66015625 0.4443359375
vt 0.66015625 0.4423828125
vt 0.638671875 0.4423828125
vt 0.6328125 0.4443359375
vt 0.638671875 0.4443359375
vt 0.638671875 0.4423828125
vt 0.6328125 0.4423828125
vt 0.6328125 0.4443359375
vt 0.611328125 0.4443359375
vt 0.611328125 0.4501953125
vt 0.6328125 0.4501953125
vt 0.654296875 0.4501953125
vt 0.6328125 0.4501953125
vt 0.6328125 0.4443359375
vt 0.654296875 0.4443359375
vn -1 0 -2.220446049250313e-16
vn 2.220446049250313e-16 0 -1
vn 1 0 2.220446049250313e-16
vn -2.220446049250313e-16 0 1
vn 0 1 0
vn 0 -1 0
usemtl m_a520c05c-83fc-6d1a-7b60-0c8dd74607e0
f 2748/8236/2059 2751/8235/2059 2749/8234/2059 2746/8233/2059
f 2747/8240/2060 2748/8239/2060 2746/8238/2060 2745/8237/2060
f 2752/8244/2061 2747/8243/2061 2745/8242/2061 2750/8241/2061
f 2751/8248/2062 2752/8247/2062 2750/8246/2062 2749/8245/2062
f 2750/8252/2063 2745/8251/2063 2746/8250/2063 2749/8249/2063
f 2751/8256/2064 2748/8255/2064 2747/8254/2064 2752/8253/2064
o cube
v 2.0512406366217117 2.3477275000000004 2.9930206267588453
v 1.9757827977875464 2.3477275000000004 3.4209632962866907
v 2.0512406366217117 2.1918175 2.9930206267588453
v 1.9757827977875464 2.1918175 3.4209632962866907
v 5.2817257982037304 2.3477275000000004 4.003890243944362
v 5.357183637037896 2.3477275000000004 3.5759475744165163
v 5.2817257982037304 2.1918175 4.003890243944362
v 5.357183637037896 2.1918175 3.5759475744165163
vt 0.4921875 0.546875
vt 0.5439453125 0.546875
vt 0.5439453125 0.544921875
vt 0.4921875 0.544921875
vt 0.486328125 0.546875
vt 0.4921875 0.546875
vt 0.4921875 0.544921875
vt 0.486328125 0.544921875
vt 0.5498046875 0.546875
vt 0.6015625 0.546875
vt 0.6015625 0.544921875
vt 0.5498046875 0.544921875
vt 0.5439453125 0.546875
vt 0.5498046875 0.546875
vt 0.5498046875 0.544921875
vt 0.5439453125 0.544921875
vt 0.5439453125 0.546875
vt 0.4921875 0.546875
vt 0.4921875 0.552734375
vt 0.5439453125 0.552734375
vt 0.595703125 0.552734375
vt 0.5439453125 0.552734375
vt 0.5439453125 0.546875
vt 0.595703125 0.546875
vn -0.17364817766693072 0 0.9848077530122081
vn -0.9848077530122081 0 -0.17364817766693072
vn 0.17364817766693072 0 -0.9848077530122081
vn 0.9848077530122081 0 0.17364817766693072
vn 0 1 0
vn 0 -1 0
usemtl m_a520c05c-83fc-6d1a-7b60-0c8dd74607e0
f 2756/8260/2065 2759/8259/2065 2757/8258/2065 2754/8257/2065
f 2755/8264/2066 2756/8263/2066 2754/8262/2066 2753/8261/2066
f 2760/8268/2067 2755/8267/2067 2753/8266/2067 2758/8265/2067
f 2759/8272/2068 2760/8271/2068 2758/8270/2068 2757/8269/2068
f 2758/8276/2069 2753/8275/2069 2754/8274/2069 2757/8273/2069
f 2759/8280/2070 2756/8279/2070 2755/8278/2070 2760/8277/2070
o cube
v 3.254794734496289 2.3477275000000004 3.543541069362697
v 3.7581434149337527 2.3477275000000004 2.8875642976304547
v 3.254794734496289 2.1918175 3.543541069362697
v 3.7581434149337527 2.1918175 2.8875642976304547
v 1.7148341196467665 2.3477275000000004 1.3196779305684796
v 1.2114854392093024 2.3477275000000004 1.9756547023007218
v 1.7148341196467665 2.1918175 1.3196779305684796
v 1.2114854392093024 2.1918175 1.9756547023007218
vt 0.0986328125 0.4638671875
vt 0.138671875 0.4638671875
vt 0.138671875 0.4619140625
vt 0.0986328125 0.4619140625
vt 0.0859375 0.4638671875
vt 0.0986328125 0.4638671875
vt 0.0986328125 0.4619140625
vt 0.0859375 0.4619140625
vt 0.1513671875 0.4638671875
vt 0.19140625 0.4638671875
vt 0.19140625 0.4619140625
vt 0.1513671875 0.4619140625
vt 0.138671875 0.4638671875
vt 0.1513671875 0.4638671875
vt 0.1513671875 0.4619140625
vt 0.138671875 0.4619140625
vt 0.138671875 0.4638671875
vt 0.0986328125 0.4638671875
vt 0.0986328125 0.4765625
vt 0.138671875 0.4765625
vt 0.1787109375 0.4765625
vt 0.138671875 0.4765625
vt 0.138671875 0.4638671875
vt 0.1787109375 0.4638671875
vn 0.6087614290087207 0 -0.7933533402912352
vn 0.7933533402912352 0 0.6087614290087207
vn -0.6087614290087207 0 0.7933533402912352
vn -0.7933533402912352 0 -0.6087614290087207
vn 0 1 0
vn 0 -1 0
usemtl m_a520c05c-83fc-6d1a-7b60-0c8dd74607e0
f 2764/8284/2071 2767/8283/2071 2765/8282/2071 2762/8281/2071
f 2763/8288/2072 2764/8287/2072 2762/8286/2072 2761/8285/2072
f 2768/8292/2073 2763/8291/2073 2761/8290/2073 2766/8289/2073
f 2767/8296/2074 2768/8295/2074 2766/8294/2074 2765/8293/2074
f 2766/8300/2075 2761/8299/2075 2762/8298/2075 2765/8297/2075
f 2767/8304/2076 2764/8303/2076 2763/8302/2076 2768/8301/2076
o cube
v 6.1444125 2.3949425 4.74013375
v 6.1444125 2.3949425 1.36513375
v 6.1444125 2.1449425 4.74013375
v 6.1444125 2.1449425 1.36513375
v 5.8944125 2.3949425 1.36513375
v 5.8944125 2.3949425 4.74013375
v 5.8944125 2.1449425 1.36513375
v 5.8944125 2.1449425 4.74013375
vt 0.16796875 0.5205078125
vt 0.171875 0.5205078125
vt 0.171875 0.5166015625
vt 0.16796875 0.5166015625
vt 0.115234375 0.5205078125
vt 0.16796875 0.5205078125
vt 0.16796875 0.5166015625
vt 0.115234375 0.5166015625
vt 0.224609375 0.5205078125
vt 0.228515625 0.5205078125
vt 0.228515625 0.5166015625
vt 0.224609375 0.5166015625
vt 0.171875 0.5205078125
vt 0.224609375 0.5205078125
vt 0.224609375 0.5166015625
vt 0.171875 0.5166015625
vt 0.171875 0.5205078125
vt 0.16796875 0.5205078125
vt 0.16796875 0.5732421875
vt 0.171875 0.5732421875
vt 0.17578125 0.5732421875
vt 0.171875 0.5732421875
vt 0.171875 0.5205078125
vt 0.17578125 0.5205078125
vn 0 0 -1
vn 1 0 0
vn 0 0 1
vn -1 0 0
vn 0 1 0
vn 0 -1 0
usemtl m_a520c05c-83fc-6d1a-7b60-0c8dd74607e0
f 2772/8308/2077 2775/8307/2077 2773/8306/2077 2770/8305/2077
f 2771/8312/2078 2772/8311/2078 2770/8310/2078 2769/8309/2078
f 2776/8316/2079 2771/8315/2079 2769/8314/2079 2774/8313/2079
f 2775/8320/2080 2776/8319/2080 2774/8318/2080 2773/8317/2080
f 2774/8324/2081 2769/8323/2081 2770/8322/2081 2773/8321/2081
f 2775/8328/2082 2772/8327/2082 2771/8326/2082 2776/8325/2082
o cube
v 6.2624804560328755 2.0710687177912837 4.72450875
v 6.2624804560328755 2.0710687177912837 4.47450875
v 6.218286282208716 2.026874543967124 4.72450875
v 6.218286282208716 2.026874543967124 4.47450875
v 5.820538717791283 2.513010456032876 4.47450875
v 5.820538717791283 2.513010456032876 4.72450875
v 5.776344543967124 2.4688162822087163 4.47450875
v 5.776344543967124 2.4688162822087163 4.72450875
vt 0.388671875 0.41015625
vt 0.3984375 0.41015625
vt 0.3984375 0.4091796875
vt 0.388671875 0.4091796875
vt 0.384765625 0.41015625
vt 0.388671875 0.41015625
vt 0.388671875 0.4091796875
vt 0.384765625 0.4091796875
vt 0.40234375 0.41015625
vt 0.412109375 0.41015625
vt 0.412109375 0.4091796875
vt 0.40234375 0.4091796875
vt 0.3984375 0.41015625
vt 0.40234375 0.41015625
vt 0.40234375 0.4091796875
vt 0.3984375 0.4091796875
vt 0.3984375 0.41015625
vt 0.388671875 0.41015625
vt 0.388671875 0.4140625
vt 0.3984375 0.4140625
vt 0.408203125 0.4140625
vt 0.3984375 0.4140625
vt 0.3984375 0.41015625
vt 0.408203125 0.41015625
vn 0 0 -1
vn 0.7071067811865475 -0.7071067811865476 0
vn 0 0 1
vn -0.7071067811865475 0.7071067811865476 0
vn 0.7071067811865476 0.7071067811865475 0
vn -0.7071067811865476 -0.7071067811865475 0
usemtl m_a520c05c-83fc-6d1a-7b60-0c8dd74607e0
f 2780/8332/2083 2783/8331/2083 2781/8330/2083 2778/8329/2083
f 2779/8336/2084 2780/8335/2084 2778/8334/2084 2777/8333/2084
f 2784/8340/2085 2779/8339/2085 2777/8338/2085 2782/8337/2085
f 2783/8344/2086 2784/8343/2086 2782/8342/2086 2781/8341/2086
f 2782/8348/2087 2777/8347/2087 2778/8346/2087 2781/8345/2087
f 2783/8352/2088 2780/8351/2088 2779/8350/2088 2784/8349/2088
o cube
v 5.820538717791283 2.026874543967124 4.72450875
v 5.820538717791283 2.026874543967124 4.47450875
v 5.776344543967124 2.0710687177912837 4.72450875
v 5.776344543967124 2.0710687177912837 4.47450875
v 6.2624804560328755 2.4688162822087163 4.47450875
v 6.2624804560328755 2.4688162822087163 4.72450875
v 6.218286282208716 2.513010456032876 4.47450875
v 6.218286282208716 2.513010456032876 4.72450875
vt 0.388671875 0.4052734375
vt 0.3984375 0.4052734375
vt 0.3984375 0.404296875
vt 0.388671875 0.404296875
vt 0.384765625 0.4052734375
vt 0.388671875 0.4052734375
vt 0.388671875 0.404296875
vt 0.384765625 0.404296875
vt 0.40234375 0.4052734375
vt 0.412109375 0.4052734375
vt 0.412109375 0.404296875
vt 0.40234375 0.404296875
vt 0.3984375 0.4052734375
vt 0.40234375 0.4052734375
vt 0.40234375 0.404296875
vt 0.3984375 0.404296875
vt 0.3984375 0.4052734375
vt 0.388671875 0.4052734375
vt 0.388671875 0.4091796875
vt 0.3984375 0.4091796875
vt 0.408203125 0.4091796875
vt 0.3984375 0.4091796875
vt 0.3984375 0.4052734375
vt 0.408203125 0.4052734375
vn 0 0 -1
vn -0.7071067811865475 -0.7071067811865477 0
vn 0 0 1
vn 0.7071067811865475 0.7071067811865477 0
vn 0.7071067811865477 -0.7071067811865475 0
vn -0.7071067811865477 0.7071067811865475 0
usemtl m_a520c05c-83fc-6d1a-7b60-0c8dd74607e0
f 2788/8356/2089 2791/8355/2089 2789/8354/2089 2786/8353/2089
f 2787/8360/2090 2788/8359/2090 2786/8358/2090 2785/8357/2090
f 2792/8364/2091 2787/8363/2091 2785/8362/2091 2790/8361/2091
f 2791/8368/2092 2792/8367/2092 2790/8366/2092 2789/8365/2092
f 2790/8372/2093 2785/8371/2093 2786/8370/2093 2789/8369/2093
f 2791/8376/2094 2788/8375/2094 2787/8374/2094 2792/8373/2094
o cube
v 6.16873021191208 2.3750660380879207 4.607091580010707
v 6.04373021191208 2.2500660380879207 4.43031488471407
v 6.12453603808792 2.41926021191208 4.607091580010707
v 5.99953603808792 2.29426021191208 4.43031488471407
v 6.13748021191208 2.3438160380879207 4.297732363241592
v 6.26248021191208 2.4688160380879207 4.474509058538229
v 6.09328603808792 2.38801021191208 4.297732363241592
v 6.21828603808792 2.51301021191208 4.474509058538229
vt 0.568359375 0.8095703125
vt 0.5712890625 0.8095703125
vt 0.5712890625 0.80859375
vt 0.568359375 0.80859375
vt 0.564453125 0.8095703125
vt 0.568359375 0.8095703125
vt 0.568359375 0.80859375
vt 0.564453125 0.80859375
vt 0.5751953125 0.8095703125
vt 0.578125 0.8095703125
vt 0.578125 0.80859375
vt 0.5751953125 0.80859375
vt 0.5712890625 0.8095703125
vt 0.5751953125 0.8095703125
vt 0.5751953125 0.80859375
vt 0.5712890625 0.80859375
vt 0.5712890625 0.8095703125
vt 0.568359375 0.8095703125
vt 0.568359375 0.8134765625
vt 0.5712890625 0.8134765625
vt 0.57421875 0.8134765625
vt 0.5712890625 0.8134765625
vt 0.5712890625 0.8095703125
vt 0.57421875 0.8095703125
vn -0.5 -0.5000000000000001 -0.7071067811865476
vn -0.4999999999999999 -0.5000000000000001 0.7071067811865476
vn 0.5 0.5000000000000001 0.7071067811865476
vn 0.4999999999999999 0.5000000000000001 -0.7071067811865476
vn 0.7071067811865476 -0.7071067811865475 1.1102230246251565e-16
vn -0.7071067811865476 0.7071067811865475 -1.1102230246251565e-16
usemtl m_a520c05c-83fc-6d1a-7b60-0c8dd74607e0
f 2796/8380/2095 2799/8379/2095 2797/8378/2095 2794/8377/2095
f 2795/8384/2096 2796/8383/2096 2794/8382/2096 2793/8381/2096
f 2800/8388/2097 2795/8387/2097 2793/8386/2097 2798/8385/2097
f 2799/8392/2098 2800/8391/2098 2798/8390/2098 2797/8389/2098
f 2798/8396/2099 2793/8395/2099 2794/8394/2099 2797/8393/2099
f 2799/8400/2100 2796/8399/2100 2795/8398/2100 2800/8397/2100
o cube
v 5.77634478808792 2.4688160380879207 4.474509058538229
v 5.90134478808792 2.3438160380879207 4.297732363241592
v 5.82053896191208 2.51301021191208 4.474509058538229
v 5.94553896191208 2.38801021191208 4.297732363241592
v 5.99509478808792 2.2500660380879207 4.43031488471407
v 5.87009478808792 2.3750660380879207 4.607091580010707
v 6.03928896191208 2.29426021191208 4.43031488471407
v 5.91428896191208 2.41926021191208 4.607091580010707
vt 0.046875 0.3544921875
vt 0.0498046875 0.3544921875
vt 0.0498046875 0.353515625
vt 0.046875 0.353515625
vt 0.04296875 0.3544921875
vt 0.046875 0.3544921875
vt 0.046875 0.353515625
vt 0.04296875 0.353515625
vt 0.0537109375 0.3544921875
vt 0.056640625 0.3544921875
vt 0.056640625 0.353515625
vt 0.0537109375 0.353515625
vt 0.0498046875 0.3544921875
vt 0.0537109375 0.3544921875
vt 0.0537109375 0.353515625
vt 0.0498046875 0.353515625
vt 0.0498046875 0.3544921875
vt 0.046875 0.3544921875
vt 0.046875 0.3583984375
vt 0.0498046875 0.3583984375
vt 0.052734375 0.3583984375
vt 0.0498046875 0.3583984375
vt 0.0498046875 0.3544921875
vt 0.052734375 0.3544921875
vn 0.5 -0.5000000000000001 -0.7071067811865476
vn -0.4999999999999999 0.5000000000000001 -0.7071067811865476
vn -0.5 0.5000000000000001 0.7071067811865476
vn 0.4999999999999999 -0.5000000000000001 0.7071067811865476
vn -0.7071067811865476 -0.7071067811865475 1.1102230246251565e-16
vn 0.7071067811865476 0.7071067811865475 -1.1102230246251565e-16
usemtl m_a520c05c-83fc-6d1a-7b60-0c8dd74607e0
f 2804/8404/2101 2807/8403/2101 2805/8402/2101 2802/8401/2101
f 2803/8408/2102 2804/8407/2102 2802/8406/2102 2801/8405/2102
f 2808/8412/2103 2803/8411/2103 2801/8410/2103 2806/8409/2103
f 2807/8416/2104 2808/8415/2104 2806/8414/2104 2805/8413/2104
f 2806/8420/2105 2801/8419/2105 2802/8418/2105 2805/8417/2105
f 2807/8424/2106 2804/8423/2106 2803/8422/2106 2808/8421/2106
o cube
v 5.82053896191208 2.02687478808792 4.474509058538229
v 5.94553896191208 2.15187478808792 4.297732363241592
v 5.77634478808792 2.0710689619120792 4.474509058538229
v 5.90134478808792 2.1960689619120792 4.297732363241592
v 6.03928896191208 2.24562478808792 4.43031488471407
v 5.91428896191208 2.12062478808792 4.607091580010707
v 5.99509478808792 2.2898189619120792 4.43031488471407
v 5.87009478808792 2.1648189619120792 4.607091580010707
vt 0.060546875 0.3544921875
vt 0.0634765625 0.3544921875
vt 0.0634765625 0.353515625
vt 0.060546875 0.353515625
vt 0.056640625 0.3544921875
vt 0.060546875 0.3544921875
vt 0.060546875 0.353515625
vt 0.056640625 0.353515625
vt 0.0673828125 0.3544921875
vt 0.0703125 0.3544921875
vt 0.0703125 0.353515625
vt 0.0673828125 0.353515625
vt 0.0634765625 0.3544921875
vt 0.0673828125 0.3544921875
vt 0.0673828125 0.353515625
vt 0.0634765625 0.353515625
vt 0.0634765625 0.3544921875
vt 0.060546875 0.3544921875
vt 0.060546875 0.3583984375
vt 0.0634765625 0.3583984375
vt 0.06640625 0.3583984375
vt 0.0634765625 0.3583984375
vt 0.0634765625 0.3544921875
vt 0.06640625 0.3544921875
vn 0.5 0.5000000000000001 -0.7071067811865476
vn -0.4999999999999999 -0.5000000000000001 -0.7071067811865476
vn -0.5 -0.5000000000000001 0.7071067811865476
vn 0.4999999999999999 0.5000000000000001 0.7071067811865476
vn 0.7071067811865476 -0.7071067811865475 -1.1102230246251565e-16
vn -0.7071067811865476 0.7071067811865475 1.1102230246251565e-16
usemtl m_a520c05c-83fc-6d1a-7b60-0c8dd74607e0
f 2812/8428/2107 2815/8427/2107 2813/8426/2107 2810/8425/2107
f 2811/8432/2108 2812/8431/2108 2810/8430/2108 2809/8429/2108
f 2816/8436/2109 2811/8435/2109 2809/8434/2109 2814/8433/2109
f 2815/8440/2110 2816/8439/2110 2814/8438/2110 2813/8437/2110
f 2814/8444/2111 2809/8443/2111 2810/8442/2111 2813/8441/2111
f 2815/8448/2112 2812/8447/2112 2811/8446/2112 2816/8445/2112
o cube
v 6.12453603808792 2.12062478808792 4.607091580010707
v 5.99953603808792 2.24562478808792 4.43031488471407
v 6.16873021191208 2.1648189619120792 4.607091580010707
v 6.04373021191208 2.2898189619120792 4.43031488471407
v 6.09328603808792 2.15187478808792 4.297732363241592
v 6.21828603808792 2.02687478808792 4.474509058538229
v 6.13748021191208 2.1960689619120792 4.297732363241592
v 6.26248021191208 2.0710689619120792 4.474509058538229
vt 0.07421875 0.3544921875
vt 0.0771484375 0.3544921875
vt 0.0771484375 0.353515625
vt 0.07421875 0.353515625
vt 0.0703125 0.3544921875
vt 0.07421875 0.3544921875
vt 0.07421875 0.353515625
vt 0.0703125 0.353515625
vt 0.0810546875 0.3544921875
vt 0.083984375 0.3544921875
vt 0.083984375 0.353515625
vt 0.0810546875 0.353515625
vt 0.0771484375 0.3544921875
vt 0.0810546875 0.3544921875
vt 0.0810546875 0.353515625
vt 0.0771484375 0.353515625
vt 0.0771484375 0.3544921875
vt 0.07421875 0.3544921875
vt 0.07421875 0.3583984375
vt 0.0771484375 0.3583984375
vt 0.080078125 0.3583984375
vt 0.0771484375 0.3583984375
vt 0.0771484375 0.3544921875
vt 0.080078125 0.3544921875
vn -0.5 0.5000000000000001 -0.7071067811865476
vn -0.4999999999999999 0.5000000000000001 0.7071067811865476
vn 0.5 -0.5000000000000001 0.7071067811865476
vn 0.4999999999999999 -0.5000000000000001 -0.7071067811865476
vn -0.7071067811865476 -0.7071067811865475 -1.1102230246251565e-16
vn 0.7071067811865476 0.7071067811865475 1.1102230246251565e-16
usemtl m_a520c05c-83fc-6d1a-7b60-0c8dd74607e0
f 2820/8452/2113 2823/8451/2113 2821/8450/2113 2818/8449/2113
f 2819/8456/2114 2820/8455/2114 2818/8454/2114 2817/8453/2114
f 2824/8460/2115 2819/8459/2115 2817/8458/2115 2822/8457/2115
f 2823/8464/2116 2824/8463/2116 2822/8462/2116 2821/8461/2116
f 2822/8468/2117 2817/8467/2117 2818/8466/2117 2821/8465/2117
f 2823/8472/2118 2820/8471/2118 2819/8470/2118 2824/8469/2118
o cube
v 6.16873021191208 2.3750660380879207 3.1695915800107066
v 6.04373021191208 2.2500660380879207 2.9928148847140696
v 6.12453603808792 2.41926021191208 3.1695915800107066
v 5.99953603808792 2.29426021191208 2.9928148847140696
v 6.13748021191208 2.3438160380879207 2.8602323632415922
v 6.26248021191208 2.4688160380879207 3.037009058538229
v 6.09328603808792 2.38801021191208 2.8602323632415922
v 6.21828603808792 2.51301021191208 3.037009058538229
vt 0.330078125 0.353515625
vt 0.3330078125 0.353515625
vt 0.3330078125 0.3525390625
vt 0.330078125 0.3525390625
vt 0.326171875 0.353515625
vt 0.330078125 0.353515625
vt 0.330078125 0.3525390625
vt 0.326171875 0.3525390625
vt 0.3369140625 0.353515625
vt 0.33984375 0.353515625
vt 0.33984375 0.3525390625
vt 0.3369140625 0.3525390625
vt 0.3330078125 0.353515625
vt 0.3369140625 0.353515625
vt 0.3369140625 0.3525390625
vt 0.3330078125 0.3525390625
vt 0.3330078125 0.353515625
vt 0.330078125 0.353515625
vt 0.330078125 0.357421875
vt 0.3330078125 0.357421875
vt 0.3359375 0.357421875
vt 0.3330078125 0.357421875
vt 0.3330078125 0.353515625
vt 0.3359375 0.353515625
vn -0.5 -0.5000000000000001 -0.7071067811865476
vn -0.4999999999999999 -0.5000000000000001 0.7071067811865476
vn 0.5 0.5000000000000001 0.7071067811865476
vn 0.4999999999999999 0.5000000000000001 -0.7071067811865476
vn 0.7071067811865476 -0.7071067811865475 1.1102230246251565e-16
vn -0.7071067811865476 0.7071067811865475 -1.1102230246251565e-16
usemtl m_a520c05c-83fc-6d1a-7b60-0c8dd74607e0
f 2828/8476/2119 2831/8475/2119 2829/8474/2119 2826/8473/2119
f 2827/8480/2120 2828/8479/2120 2826/8478/2120 2825/8477/2120
f 2832/8484/2121 2827/8483/2121 2825/8482/2121 2830/8481/2121
f 2831/8488/2122 2832/8487/2122 2830/8486/2122 2829/8485/2122
f 2830/8492/2123 2825/8491/2123 2826/8490/2123 2829/8489/2123
f 2831/8496/2124 2828/8495/2124 2827/8494/2124 2832/8493/2124
o cube
v 5.77634478808792 2.4688160380879207 3.037009058538229
v 5.90134478808792 2.3438160380879207 2.8602323632415922
v 5.82053896191208 2.51301021191208 3.037009058538229
v 5.94553896191208 2.38801021191208 2.8602323632415922
v 5.99509478808792 2.2500660380879207 2.9928148847140696
v 5.87009478808792 2.3750660380879207 3.1695915800107066
v 6.03928896191208 2.29426021191208 2.9928148847140696
v 5.91428896191208 2.41926021191208 3.1695915800107066
vt 0.380859375 0.353515625
vt 0.3837890625 0.353515625
vt 0.3837890625 0.3525390625
vt 0.380859375 0.3525390625
vt 0.376953125 0.353515625
vt 0.380859375 0.353515625
vt 0.380859375 0.3525390625
vt 0.376953125 0.3525390625
vt 0.3876953125 0.353515625
vt 0.390625 0.353515625
vt 0.390625 0.3525390625
vt 0.3876953125 0.3525390625
vt 0.3837890625 0.353515625
vt 0.3876953125 0.353515625
vt 0.3876953125 0.3525390625
vt 0.3837890625 0.3525390625
vt 0.3837890625 0.353515625
vt 0.380859375 0.353515625
vt 0.380859375 0.357421875
vt 0.3837890625 0.357421875
vt 0.38671875 0.357421875
vt 0.3837890625 0.357421875
vt 0.3837890625 0.353515625
vt 0.38671875 0.353515625
vn 0.5 -0.5000000000000001 -0.7071067811865476
vn -0.4999999999999999 0.5000000000000001 -0.7071067811865476
vn -0.5 0.5000000000000001 0.7071067811865476
vn 0.4999999999999999 -0.5000000000000001 0.7071067811865476
vn -0.7071067811865476 -0.7071067811865475 1.1102230246251565e-16
vn 0.7071067811865476 0.7071067811865475 -1.1102230246251565e-16
usemtl m_a520c05c-83fc-6d1a-7b60-0c8dd74607e0
f 2836/8500/2125 2839/8499/2125 2837/8498/2125 2834/8497/2125
f 2835/8504/2126 2836/8503/2126 2834/8502/2126 2833/8501/2126
f 2840/8508/2127 2835/8507/2127 2833/8506/2127 2838/8505/2127
f 2839/8512/2128 2840/8511/2128 2838/8510/2128 2837/8509/2128
f 2838/8516/2129 2833/8515/2129 2834/8514/2129 2837/8513/2129
f 2839/8520/2130 2836/8519/2130 2835/8518/2130 2840/8517/2130
o cube
v 6.12453603808792 2.12062478808792 3.1695915800107066
v 5.99953603808792 2.24562478808792 2.9928148847140696
v 6.16873021191208 2.1648189619120792 3.1695915800107066
v 6.04373021191208 2.2898189619120792 2.9928148847140696
v 6.09328603808792 2.15187478808792 2.8602323632415922
v 6.21828603808792 2.02687478808792 3.037009058538229
v 6.13748021191208 2.1960689619120792 2.8602323632415922
v 6.26248021191208 2.0710689619120792 3.037009058538229
vt 0.39453125 0.353515625
vt 0.3974609375 0.353515625
vt 0.3974609375 0.3525390625
vt 0.39453125 0.3525390625
vt 0.390625 0.353515625
vt 0.39453125 0.353515625
vt 0.39453125 0.3525390625
vt 0.390625 0.3525390625
vt 0.4013671875 0.353515625
vt 0.404296875 0.353515625
vt 0.404296875 0.3525390625
vt 0.4013671875 0.3525390625
vt 0.3974609375 0.353515625
vt 0.4013671875 0.353515625
vt 0.4013671875 0.3525390625
vt 0.3974609375 0.3525390625
vt 0.3974609375 0.353515625
vt 0.39453125 0.353515625
vt 0.39453125 0.357421875
vt 0.3974609375 0.357421875
vt 0.400390625 0.357421875
vt 0.3974609375 0.357421875
vt 0.3974609375 0.353515625
vt 0.400390625 0.353515625
vn -0.5 0.5000000000000001 -0.7071067811865476
vn -0.4999999999999999 0.5000000000000001 0.7071067811865476
vn 0.5 -0.5000000000000001 0.7071067811865476
vn 0.4999999999999999 -0.5000000000000001 -0.7071067811865476
vn -0.7071067811865476 -0.7071067811865475 -1.1102230246251565e-16
vn 0.7071067811865476 0.7071067811865475 1.1102230246251565e-16
usemtl m_a520c05c-83fc-6d1a-7b60-0c8dd74607e0
f 2844/8524/2131 2847/8523/2131 2845/8522/2131 2842/8521/2131
f 2843/8528/2132 2844/8527/2132 2842/8526/2132 2841/8525/2132
f 2848/8532/2133 2843/8531/2133 2841/8530/2133 2846/8529/2133
f 2847/8536/2134 2848/8535/2134 2846/8534/2134 2845/8533/2134
f 2846/8540/2135 2841/8539/2135 2842/8538/2135 2845/8537/2135
f 2847/8544/2136 2844/8543/2136 2843/8542/2136 2848/8541/2136
o cube
v 5.82053896191208 2.02687478808792 3.037009058538229
v 5.94553896191208 2.15187478808792 2.8602323632415922
v 5.77634478808792 2.0710689619120792 3.037009058538229
v 5.90134478808792 2.1960689619120792 2.8602323632415922
v 6.03928896191208 2.24562478808792 2.9928148847140696
v 5.91428896191208 2.12062478808792 3.1695915800107066
v 5.99509478808792 2.2898189619120792 2.9928148847140696
v 5.87009478808792 2.1648189619120792 3.1695915800107066
vt 0.646484375 0.5966796875
vt 0.6494140625 0.5966796875
vt 0.6494140625 0.595703125
vt 0.646484375 0.595703125
vt 0.642578125 0.5966796875
vt 0.646484375 0.5966796875
vt 0.646484375 0.595703125
vt 0.642578125 0.595703125
vt 0.6533203125 0.5966796875
vt 0.65625 0.5966796875
vt 0.65625 0.595703125
vt 0.6533203125 0.595703125
vt 0.6494140625 0.5966796875
vt 0.6533203125 0.5966796875
vt 0.6533203125 0.595703125
vt 0.6494140625 0.595703125
vt 0.6494140625 0.5966796875
vt 0.646484375 0.5966796875
vt 0.646484375 0.6005859375
vt 0.6494140625 0.6005859375
vt 0.65234375 0.6005859375
vt 0.6494140625 0.6005859375
vt 0.6494140625 0.5966796875
vt 0.65234375 0.5966796875
vn 0.5 0.5000000000000001 -0.7071067811865476
vn -0.4999999999999999 -0.5000000000000001 -0.7071067811865476
vn -0.5 -0.5000000000000001 0.7071067811865476
vn 0.4999999999999999 0.5000000000000001 0.7071067811865476
vn 0.7071067811865476 -0.7071067811865475 -1.1102230246251565e-16
vn -0.7071067811865476 0.7071067811865475 1.1102230246251565e-16
usemtl m_a520c05c-83fc-6d1a-7b60-0c8dd74607e0
f 2852/8548/2137 2855/8547/2137 2853/8546/2137 2850/8545/2137
f 2851/8552/2138 2852/8551/2138 2850/8550/2138 2849/8549/2138
f 2856/8556/2139 2851/8555/2139 2849/8554/2139 2854/8553/2139
f 2855/8560/2140 2856/8559/2140 2854/8558/2140 2853/8557/2140
f 2854/8564/2141 2849/8563/2141 2850/8562/2141 2853/8561/2141
f 2855/8568/2142 2852/8567/2142 2851/8566/2142 2856/8565/2142
o cube
v 5.820538717791283 2.026874543967124 3.28700875
v 5.820538717791283 2.026874543967124 3.03700875
v 5.776344543967124 2.0710687177912837 3.28700875
v 5.776344543967124 2.0710687177912837 3.03700875
v 6.2624804560328755 2.4688162822087163 3.03700875
v 6.2624804560328755 2.4688162822087163 3.28700875
v 6.218286282208716 2.513010456032876 3.03700875
v 6.218286282208716 2.513010456032876 3.28700875
vt 0.2890625 0.3994140625
vt 0.298828125 0.3994140625
vt 0.298828125 0.3984375
vt 0.2890625 0.3984375
vt 0.28515625 0.3994140625
vt 0.2890625 0.3994140625
vt 0.2890625 0.3984375
vt 0.28515625 0.3984375
vt 0.302734375 0.3994140625
vt 0.3125 0.3994140625
vt 0.3125 0.3984375
vt 0.302734375 0.3984375
vt 0.298828125 0.3994140625
vt 0.302734375 0.3994140625
vt 0.302734375 0.3984375
vt 0.298828125 0.3984375
vt 0.298828125 0.3994140625
vt 0.2890625 0.3994140625
vt 0.2890625 0.4033203125
vt 0.298828125 0.4033203125
vt 0.30859375 0.4033203125
vt 0.298828125 0.4033203125
vt 0.298828125 0.3994140625
vt 0.30859375 0.3994140625
vn 0 0 -1
vn -0.7071067811865475 -0.7071067811865477 0
vn 0 0 1
vn 0.7071067811865475 0.7071067811865477 0
vn 0.7071067811865477 -0.7071067811865475 0
vn -0.7071067811865477 0.7071067811865475 0
usemtl m_a520c05c-83fc-6d1a-7b60-0c8dd74607e0
f 2860/8572/2143 2863/8571/2143 2861/8570/2143 2858/8569/2143
f 2859/8576/2144 2860/8575/2144 2858/8574/2144 2857/8573/2144
f 2864/8580/2145 2859/8579/2145 2857/8578/2145 2862/8577/2145
f 2863/8584/2146 2864/8583/2146 2862/8582/2146 2861/8581/2146
f 2862/8588/2147 2857/8587/2147 2858/8586/2147 2861/8585/2147
f 2863/8592/2148 2860/8591/2148 2859/8590/2148 2864/8589/2148
o cube
v 6.2624804560328755 2.0710687177912837 3.28700875
v 6.2624804560328755 2.0710687177912837 3.03700875
v 6.218286282208716 2.026874543967124 3.28700875
v 6.218286282208716 2.026874543967124 3.03700875
v 5.820538717791283 2.513010456032876 3.03700875
v 5.820538717791283 2.513010456032876 3.28700875
v 5.776344543967124 2.4688162822087163 3.03700875
v 5.776344543967124 2.4688162822087163 3.28700875
vt 0.5078125 0.361328125
vt 0.517578125 0.361328125
vt 0.517578125 0.3603515625
vt 0.5078125 0.3603515625
vt 0.50390625 0.361328125
vt 0.5078125 0.361328125
vt 0.5078125 0.3603515625
vt 0.50390625 0.3603515625
vt 0.521484375 0.361328125
vt 0.53125 0.361328125
vt 0.53125 0.3603515625
vt 0.521484375 0.3603515625
vt 0.517578125 0.361328125
vt 0.521484375 0.361328125
vt 0.521484375 0.3603515625
vt 0.517578125 0.3603515625
vt 0.517578125 0.361328125
vt 0.5078125 0.361328125
vt 0.5078125 0.365234375
vt 0.517578125 0.365234375
vt 0.52734375 0.365234375
vt 0.517578125 0.365234375
vt 0.517578125 0.361328125
vt 0.52734375 0.361328125
vn 0 0 -1
vn 0.7071067811865475 -0.7071067811865476 0
vn 0 0 1
vn -0.7071067811865475 0.7071067811865476 0
vn 0.7071067811865476 0.7071067811865475 0
vn -0.7071067811865476 -0.7071067811865475 0
usemtl m_a520c05c-83fc-6d1a-7b60-0c8dd74607e0
f 2868/8596/2149 2871/8595/2149 2869/8594/2149 2866/8593/2149
f 2867/8600/2150 2868/8599/2150 2866/8598/2150 2865/8597/2150
f 2872/8604/2151 2867/8603/2151 2865/8602/2151 2870/8601/2151
f 2871/8608/2152 2872/8607/2152 2870/8606/2152 2869/8605/2152
f 2870/8612/2153 2865/8611/2153 2866/8610/2153 2869/8609/2153
f 2871/8616/2154 2868/8615/2154 2867/8614/2154 2872/8613/2154
o cube
v 6.1131625 2.3636925 4.55263375
v 6.1131625 2.3636925 1.11513375
v 6.1131625 2.1761925 4.55263375
v 6.1131625 2.1761925 1.11513375
v 5.9256625 2.3636925 1.11513375
v 5.9256625 2.3636925 4.55263375
v 5.9256625 2.1761925 1.11513375
v 5.9256625 2.1761925 4.55263375
vt 0.2822265625 0.51953125
vt 0.28515625 0.51953125
vt 0.28515625 0.5166015625
vt 0.2822265625 0.5166015625
vt 0.228515625 0.51953125
vt 0.2822265625 0.51953125
vt 0.2822265625 0.5166015625
vt 0.228515625 0.5166015625
vt 0.3388671875 0.51953125
vt 0.341796875 0.51953125
vt 0.341796875 0.5166015625
vt 0.3388671875 0.5166015625
vt 0.28515625 0.51953125
vt 0.3388671875 0.51953125
vt 0.3388671875 0.5166015625
vt 0.28515625 0.5166015625
vt 0.28515625 0.51953125
vt 0.2822265625 0.51953125
vt 0.2822265625 0.5732421875
vt 0.28515625 0.5732421875
vt 0.2880859375 0.5732421875
vt 0.28515625 0.5732421875
vt 0.28515625 0.51953125
vt 0.2880859375 0.51953125
vn 0 0 -1
vn 1 0 0
vn 0 0 1
vn -1 0 0
vn 0 1 0
vn 0 -1 0
usemtl m_a520c05c-83fc-6d1a-7b60-0c8dd74607e0
f 2876/8620/2155 2879/8619/2155 2877/8618/2155 2874/8617/2155
f 2875/8624/2156 2876/8623/2156 2874/8622/2156 2873/8621/2156
f 2880/8628/2157 2875/8627/2157 2873/8626/2157 2878/8625/2157
f 2879/8632/2158 2880/8631/2158 2878/8630/2158 2877/8629/2158
f 2878/8636/2159 2873/8635/2159 2874/8634/2159 2877/8633/2159
f 2879/8640/2160 2876/8639/2160 2875/8638/2160 2880/8637/2160
o cube
v 6.0819125 2.3324425 4.55263375
v 6.0819125 2.3324425 0.99013375
v 6.0819125 2.2074425 4.55263375
v 6.0819125 2.2074425 0.99013375
v 5.9569125 2.3324425 0.99013375
v 5.9569125 2.3324425 4.55263375
v 5.9569125 2.2074425 0.99013375
v 5.9569125 2.2074425 4.55263375
vt 0.4267578125 0.53125
vt 0.4287109375 0.53125
vt 0.4287109375 0.529296875
vt 0.4267578125 0.529296875
vt 0.37109375 0.53125
vt 0.4267578125 0.53125
vt 0.4267578125 0.529296875
vt 0.37109375 0.529296875
vt 0.484375 0.53125
vt 0.486328125 0.53125
vt 0.486328125 0.529296875
vt 0.484375 0.529296875
vt 0.4287109375 0.53125
vt 0.484375 0.53125
vt 0.484375 0.529296875
vt 0.4287109375 0.529296875
vt 0.4287109375 0.53125
vt 0.4267578125 0.53125
vt 0.4267578125 0.5869140625
vt 0.4287109375 0.5869140625
vt 0.4306640625 0.5869140625
vt 0.4287109375 0.5869140625
vt 0.4287109375 0.53125
vt 0.4306640625 0.53125
vn 0 0 -1
vn 1 0 0
vn 0 0 1
vn -1 0 0
vn 0 1 0
vn 0 -1 0
usemtl m_a520c05c-83fc-6d1a-7b60-0c8dd74607e0
f 2884/8644/2161 2887/8643/2161 2885/8642/2161 2882/8641/2161
f 2883/8648/2162 2884/8647/2162 2882/8646/2162 2881/8645/2162
f 2888/8652/2163 2883/8651/2163 2881/8650/2163 2886/8649/2163
f 2887/8656/2164 2888/8655/2164 2886/8654/2164 2885/8653/2164
f 2886/8660/2165 2881/8659/2165 2882/8658/2165 2885/8657/2165
f 2887/8664/2166 2884/8663/2166 2883/8662/2166 2888/8661/2166
o cube
v 5.8944125 2.3793175 4.67763375
v 5.8944125 2.3793175 2.11513375
v 5.8944125 2.1605675 4.67763375
v 5.8944125 2.1605675 2.11513375
v 5.7069125 2.3793175 2.11513375
v 5.7069125 2.3793175 4.67763375
v 5.7069125 2.1605675 2.11513375
v 5.7069125 2.1605675 4.67763375
vt 0.2822265625 0.4765625
vt 0.28515625 0.4765625
vt 0.28515625 0.4736328125
vt 0.2822265625 0.4736328125
vt 0.2421875 0.4765625
vt 0.2822265625 0.4765625
vt 0.2822265625 0.4736328125
vt 0.2421875 0.4736328125
vt 0.3251953125 0.4765625
vt 0.328125 0.4765625
vt 0.328125 0.4736328125
vt 0.3251953125 0.4736328125
vt 0.28515625 0.4765625
vt 0.3251953125 0.4765625
vt 0.3251953125 0.4736328125
vt 0.28515625 0.4736328125
vt 0.28515625 0.4765625
vt 0.2822265625 0.4765625
vt 0.2822265625 0.5166015625
vt 0.28515625 0.5166015625
vt 0.2880859375 0.5166015625
vt 0.28515625 0.5166015625
vt 0.28515625 0.4765625
vt 0.2880859375 0.4765625
vn 0 0 -1
vn 1 0 0
vn 0 0 1
vn -1 0 0
vn 0 1 0
vn 0 -1 0
usemtl m_a520c05c-83fc-6d1a-7b60-0c8dd74607e0
f 2892/8668/2167 2895/8667/2167 2893/8666/2167 2890/8665/2167
f 2891/8672/2168 2892/8671/2168 2890/8670/2168 2889/8669/2168
f 2896/8676/2169 2891/8675/2169 2889/8674/2169 2894/8673/2169
f 2895/8680/2170 2896/8679/2170 2894/8678/2170 2893/8677/2170
f 2894/8684/2171 2889/8683/2171 2890/8682/2171 2893/8681/2171
f 2895/8688/2172 2892/8687/2172 2891/8686/2172 2896/8685/2172
o cube
v 5.839495124270584 2.3793175 2.247716273358016
v 6.0604659933913805 2.3793175 2.0267454042372197
v 5.839495124270584 2.1605675 2.247716273358016
v 6.0604659933913805 2.1605675 2.0267454042372197
v 5.927883471918903 2.3793175 1.894162882764742
v 5.7069126027981065 2.3793175 2.115133751885538
v 5.927883471918903 2.1605675 1.894162882764742
v 5.7069126027981065 2.1605675 2.115133751885538
vt 0.5048828125 0.38671875
vt 0.5078125 0.38671875
vt 0.5078125 0.3837890625
vt 0.5048828125 0.3837890625
vt 0.5 0.38671875
vt 0.5048828125 0.38671875
vt 0.5048828125 0.3837890625
vt 0.5 0.3837890625
vt 0.5126953125 0.38671875
vt 0.515625 0.38671875
vt 0.515625 0.3837890625
vt 0.5126953125 0.3837890625
vt 0.5078125 0.38671875
vt 0.5126953125 0.38671875
vt 0.5126953125 0.3837890625
vt 0.5078125 0.3837890625
vt 0.5078125 0.38671875
vt 0.5048828125 0.38671875
vt 0.5048828125 0.3916015625
vt 0.5078125 0.3916015625
vt 0.5107421875 0.3916015625
vt 0.5078125 0.3916015625
vt 0.5078125 0.38671875
vt 0.5107421875 0.38671875
vn 0.7071067811865476 0 -0.7071067811865475
vn 0.7071067811865475 0 0.7071067811865476
vn -0.7071067811865476 0 0.7071067811865475
vn -0.7071067811865475 0 -0.7071067811865476
vn 0 1 0
vn 0 -1 0
usemtl m_a520c05c-83fc-6d1a-7b60-0c8dd74607e0
f 2900/8692/2173 2903/8691/2173 2901/8690/2173 2898/8689/2173
f 2899/8696/2174 2900/8695/2174 2898/8694/2174 2897/8693/2174
f 2904/8700/2175 2899/8699/2175 2897/8698/2175 2902/8697/2175
f 2903/8704/2176 2904/8703/2176 2902/8702/2176 2901/8701/2176
f 2902/8708/2177 2897/8707/2177 2898/8706/2177 2901/8705/2177
f 2903/8712/2178 2900/8711/2178 2899/8710/2178 2904/8709/2178
o cube
v 2.12125883776035 2.3477275000000004 2.5959276755989533
v 2.0458009989261843 2.3477275000000004 3.0238703451267988
v 2.12125883776035 2.1918175 2.5959276755989533
v 2.0458009989261843 2.1918175 3.0238703451267988
v 4.491375938495937 2.3477275000000004 3.455091190317421
v 4.566833777330103 2.3477275000000004 3.0271485207895754
v 4.491375938495937 2.1918175 3.455091190317421
v 4.566833777330103 2.1918175 3.0271485207895754
vt 0.568359375 0.6396484375
vt 0.6064453125 0.6396484375
vt 0.6064453125 0.6376953125
vt 0.568359375 0.6376953125
vt 0.5625 0.6396484375
vt 0.568359375 0.6396484375
vt 0.568359375 0.6376953125
vt 0.5625 0.6376953125
vt 0.6123046875 0.6396484375
vt 0.650390625 0.6396484375
vt 0.650390625 0.6376953125
vt 0.6123046875 0.6376953125
vt 0.6064453125 0.6396484375
vt 0.6123046875 0.6396484375
vt 0.6123046875 0.6376953125
vt 0.6064453125 0.6376953125
vt 0.6064453125 0.6396484375
vt 0.568359375 0.6396484375
vt 0.568359375 0.6455078125
vt 0.6064453125 0.6455078125
vt 0.64453125 0.6455078125
vt 0.6064453125 0.6455078125
vt 0.6064453125 0.6396484375
vt 0.64453125 0.6396484375
vn -0.17364817766693072 0 0.9848077530122081
vn -0.9848077530122081 0 -0.17364817766693072
vn 0.17364817766693072 0 -0.9848077530122081
vn 0.9848077530122081 0 0.17364817766693072
vn 0 1 0
vn 0 -1 0
usemtl m_a520c05c-83fc-6d1a-7b60-0c8dd74607e0
f 2908/8716/2179 2911/8715/2179 2909/8714/2179 2906/8713/2179
f 2907/8720/2180 2908/8719/2180 2906/8718/2180 2905/8717/2180
f 2912/8724/2181 2907/8723/2181 2905/8722/2181 2910/8721/2181
f 2911/8728/2182 2912/8727/2182 2910/8726/2182 2909/8725/2182
f 2910/8732/2183 2905/8731/2183 2906/8730/2183 2909/8729/2183
f 2911/8736/2184 2908/8735/2184 2907/8734/2184 2912/8733/2184
o cube
v 5.109307607596565 2.34929 3.9557978345809905
v 5.7162693856307785 2.34929 3.164789845101992
v 5.109307607596565 2.1933799999999994 3.9557978345809905
v 5.7162693856307785 2.1933799999999994 3.164789845101992
v 1.8800807104531367 2.34929 0.22117874365893364
v 1.2731189324189236 2.34929 1.0121867331379324
v 1.8800807104531367 2.1933799999999994 0.22117874365893364
v 1.2731189324189236 2.1933799999999994 1.0121867331379324
vt 0.3896484375 0.5888671875
vt 0.46484375 0.5888671875
vt 0.46484375 0.5869140625
vt 0.3896484375 0.5869140625
vt 0.375 0.5888671875
vt 0.3896484375 0.5888671875
vt 0.3896484375 0.5869140625
vt 0.375 0.5869140625
vt 0.4794921875 0.5888671875
vt 0.5546875 0.5888671875
vt 0.5546875 0.5869140625
vt 0.4794921875 0.5869140625
vt 0.46484375 0.5888671875
vt 0.4794921875 0.5888671875
vt 0.4794921875 0.5869140625
vt 0.46484375 0.5869140625
vt 0.46484375 0.5888671875
vt 0.3896484375 0.5888671875
vt 0.3896484375 0.603515625
vt 0.46484375 0.603515625
vt 0.5400390625 0.603515625
vt 0.46484375 0.603515625
vt 0.46484375 0.5888671875
vt 0.5400390625 0.5888671875
vn 0.6087614290087207 0 -0.7933533402912352
vn 0.7933533402912352 0 0.6087614290087207
vn -0.6087614290087207 0 0.7933533402912352
vn -0.7933533402912352 0 -0.6087614290087207
vn 0 1 0
vn 0 -1 0
usemtl m_a520c05c-83fc-6d1a-7b60-0c8dd74607e0
f 2916/8740/2185 2919/8739/2185 2917/8738/2185 2914/8737/2185
f 2915/8744/2186 2916/8743/2186 2914/8742/2186 2913/8741/2186
f 2920/8748/2187 2915/8747/2187 2913/8746/2187 2918/8745/2187
f 2919/8752/2188 2920/8751/2188 2918/8750/2188 2917/8749/2188
f 2918/8756/2189 2913/8755/2189 2914/8754/2189 2917/8753/2189
f 2919/8760/2190 2916/8759/2190 2915/8758/2190 2920/8757/2190
o cube
v 1.8575812500000013 2.3477275000000004 0.7328387499999991
v 1.857581250000001 2.3477275000000004 3.4303874999999984
v 1.8575812500000013 2.1918175 0.7328387499999991
v 1.857581250000001 2.1918175 3.4303874999999984
v 2.1101906249999995 2.3477275000000004 3.4303874999999984
v 2.110190625 2.3477275000000004 0.7328387499999991
v 2.1101906249999995 2.1918175 3.4303874999999984
v 2.110190625 2.1918175 0.7328387499999991
vt 0.3837890625 0.4873046875
vt 0.3876953125 0.4873046875
vt 0.3876953125 0.4853515625
vt 0.3837890625 0.4853515625
vt 0.341796875 0.4873046875
vt 0.3837890625 0.4873046875
vt 0.3837890625 0.4853515625
vt 0.341796875 0.4853515625
vt 0.4296875 0.4873046875
vt 0.43359375 0.4873046875
vt 0.43359375 0.4853515625
vt 0.4296875 0.4853515625
vt 0.3876953125 0.4873046875
vt 0.4296875 0.4873046875
vt 0.4296875 0.4853515625
vt 0.3876953125 0.4853515625
vt 0.3876953125 0.4873046875
vt 0.3837890625 0.4873046875
vt 0.3837890625 0.529296875
vt 0.3876953125 0.529296875
vt 0.3916015625 0.529296875
vt 0.3876953125 0.529296875
vt 0.3876953125 0.4873046875
vt 0.3916015625 0.4873046875
vn -1.2246467991473532e-16 0 1
vn -1 0 -1.2246467991473532e-16
vn 1.2246467991473532e-16 0 -1
vn 1 0 1.2246467991473532e-16
vn 0 1 0
vn 0 -1 0
usemtl m_a520c05c-83fc-6d1a-7b60-0c8dd74607e0
f 2924/8764/2191 2927/8763/2191 2925/8762/2191 2922/8761/2191
f 2923/8768/2192 2924/8767/2192 2922/8766/2192 2921/8765/2192
f 2928/8772/2193 2923/8771/2193 2921/8770/2193 2926/8769/2193
f 2927/8776/2194 2928/8775/2194 2926/8774/2194 2925/8773/2194
f 2926/8780/2195 2921/8779/2195 2922/8778/2195 2925/8777/2195
f 2927/8784/2196 2924/8783/2196 2923/8782/2196 2928/8781/2196
o cube
v 2.354725 1.7636925 3.43397375
v 2.354725 1.7636925 -0.5954012500000001
v 2.354725 0.9011924999999998 3.43397375
v 2.354725 0.9011924999999998 -0.5954012500000001
v 1.9953500000000002 1.7636925 -0.5954012500000001
v 1.9953500000000002 1.7636925 3.43397375
v 1.9953500000000002 0.9011924999999998 -0.5954012500000001
v 1.9953500000000002 0.9011924999999998 3.43397375
vt 0.2412109375 0.3369140625
vt 0.2470703125 0.3369140625
vt 0.2470703125 0.3232421875
vt 0.2412109375 0.3232421875
vt 0.1484375 0.3505859375
vt 0.2109375 0.3505859375
vt 0.2109375 0.3369140625
vt 0.1484375 0.3369140625
vt 0.2470703125 0.3369140625
vt 0.2529296875 0.3369140625
vt 0.2529296875 0.3232421875
vt 0.2470703125 0.3232421875
vt 0.3515625 0.3505859375
vt 0.4140625 0.3505859375
vt 0.4140625 0.3369140625
vt 0.3515625 0.3369140625
vt 0.1171875 0.2939453125
vt 0.111328125 0.2939453125
vt 0.111328125 0.3564453125
vt 0.1171875 0.3564453125
vt 0.3203125 0.3544921875
vt 0.314453125 0.3544921875
vt 0.314453125 0.2919921875
vt 0.3203125 0.2919921875
vn 0 0 -1
vn 1 0 0
vn 0 0 1
vn -1 0 0
vn 0 1 0
vn 0 -1 0
usemtl m_a520c05c-83fc-6d1a-7b60-0c8dd74607e0
f 2932/8788/2197 2935/8787/2197 2933/8786/2197 2930/8785/2197
f 2931/8792/2198 2932/8791/2198 2930/8790/2198 2929/8789/2198
f 2936/8796/2199 2931/8795/2199 2929/8794/2199 2934/8793/2199
f 2935/8800/2200 2936/8799/2200 2934/8798/2200 2933/8797/2200
f 2934/8804/2201 2929/8803/2201 2930/8802/2201 2933/8801/2201
f 2935/8808/2202 2932/8807/2202 2931/8806/2202 2936/8805/2202
o cube
v 2.6070355491311568 1.510324049642241 3.43397375
v 2.6070355491311568 1.510324049642241 -0.5954012500000001
v 1.9971559503577592 0.9004444508688435 3.43397375
v 1.9971559503577592 0.9004444508688435 -0.5954012500000001
v 2.352919049642241 1.7644405491311566 -0.5954012500000001
v 2.352919049642241 1.7644405491311566 3.43397375
v 1.7430394508688436 1.154560950357759 -0.5954012500000001
v 1.7430394508688436 1.154560950357759 3.43397375
vt 0.4052734375 0.3369140625
vt 0.4111328125 0.3369140625
vt 0.4111328125 0.3232421875
vt 0.4052734375 0.3232421875
vt 0.650390625 0.912109375
vt 0.712890625 0.912109375
vt 0.712890625 0.8984375
vt 0.650390625 0.8984375
vt 0.0986328125 0.3349609375
vt 0.1044921875 0.3349609375
vt 0.1044921875 0.3212890625
vt 0.0986328125 0.3212890625
vt 0.650390625 0.646484375
vt 0.712890625 0.646484375
vt 0.712890625 0.6328125
vt 0.650390625 0.6328125
vt 0.326171875 0.2919921875
vt 0.3203125 0.2919921875
vt 0.3203125 0.3544921875
vt 0.326171875 0.3544921875
vt 0.33203125 0.3525390625
vt 0.326171875 0.3525390625
vt 0.326171875 0.2900390625
vt 0.33203125 0.2900390625
vn 0 0 -1
vn 0.7071067811865475 -0.7071067811865476 0
vn 0 0 1
vn -0.7071067811865475 0.7071067811865476 0
vn 0.7071067811865476 0.7071067811865475 0
vn -0.7071067811865476 -0.7071067811865475 0
usemtl m_a520c05c-83fc-6d1a-7b60-0c8dd74607e0
f 2940/8812/2203 2943/8811/2203 2941/8810/2203 2938/8809/2203
f 2939/8816/2204 2940/8815/2204 2938/8814/2204 2937/8813/2204
f 2944/8820/2205 2939/8819/2205 2937/8818/2205 2942/8817/2205
f 2943/8824/2206 2944/8823/2206 2942/8822/2206 2941/8821/2206
f 2942/8828/2207 2937/8827/2207 2938/8826/2207 2941/8825/2207
f 2943/8832/2208 2940/8831/2208 2939/8830/2208 2944/8829/2208
o cube
v 2.3529190496422414 0.9004444508688435 3.43397375
v 2.3529190496422414 0.9004444508688435 -0.5954012500000001
v 1.7430394508688436 1.5103240496422408 3.43397375
v 1.7430394508688436 1.5103240496422408 -0.5954012500000001
v 2.6070355491311568 1.1545609503577592 -0.5954012500000001
v 2.6070355491311568 1.1545609503577592 3.43397375
v 1.9971559503577592 1.7644405491311566 -0.5954012500000001
v 1.9971559503577592 1.7644405491311566 3.43397375
vt 0.287109375 0.333984375
vt 0.29296875 0.333984375
vt 0.29296875 0.3203125
vt 0.287109375 0.3203125
vt 0.650390625 0.46875
vt 0.712890625 0.46875
vt 0.712890625 0.455078125
vt 0.650390625 0.455078125
vt 0.29296875 0.333984375
vt 0.298828125 0.333984375
vt 0.298828125 0.3203125
vt 0.29296875 0.3203125
vt 0.654296875 0.982421875
vt 0.716796875 0.982421875
vt 0.716796875 0.96875
vt 0.654296875 0.96875
vt 0.337890625 0.2900390625
vt 0.33203125 0.2900390625
vt 0.33203125 0.3525390625
vt 0.337890625 0.3525390625
vt 0.2587890625 0.3505859375
vt 0.2529296875 0.3505859375
vt 0.2529296875 0.2880859375
vt 0.2587890625 0.2880859375
vn 0 0 -1
vn -0.7071067811865475 -0.7071067811865477 0
vn 0 0 1
vn 0.7071067811865475 0.7071067811865477 0
vn 0.7071067811865477 -0.7071067811865475 0
vn -0.7071067811865477 0.7071067811865475 0
usemtl m_a520c05c-83fc-6d1a-7b60-0c8dd74607e0
f 2948/8836/2209 2951/8835/2209 2949/8834/2209 2946/8833/2209
f 2947/8840/2210 2948/8839/2210 2946/8838/2210 2945/8837/2210
f 2952/8844/2211 2947/8843/2211 2945/8842/2211 2950/8841/2211
f 2951/8848/2212 2952/8847/2212 2950/8846/2212 2949/8845/2212
f 2950/8852/2213 2945/8851/2213 2946/8850/2213 2949/8849/2213
f 2951/8856/2214 2948/8855/2214 2947/8854/2214 2952/8853/2214
o cube
v 2.6062875000000005 1.152755 3.43397375
v 2.6062875000000005 1.152755 -0.5954012500000001
v 1.7437875 1.152755 3.43397375
v 1.7437875 1.152755 -0.5954012500000001
v 2.6062875 1.51213 -0.5954012500000001
v 2.6062875 1.51213 3.43397375
v 1.7437875 1.51213 -0.5954012500000001
v 1.7437875 1.51213 3.43397375
vt 0.298828125 0.333984375
vt 0.3046875 0.333984375
vt 0.3046875 0.3203125
vt 0.298828125 0.3203125
vt 0.654296875 0.7197265625
vt 0.716796875 0.7197265625
vt 0.716796875 0.7060546875
vt 0.654296875 0.7060546875
vt 0.3046875 0.333984375
vt 0.310546875 0.333984375
vt 0.310546875 0.3203125
vt 0.3046875 0.3203125
vt 0.654296875 0.5537109375
vt 0.716796875 0.5537109375
vt 0.716796875 0.5400390625
vt 0.654296875 0.5400390625
vt 0.2646484375 0.2880859375
vt 0.2587890625 0.2880859375
vt 0.2587890625 0.3505859375
vt 0.2646484375 0.3505859375
vt 0.2705078125 0.3505859375
vt 0.2646484375 0.3505859375
vt 0.2646484375 0.2880859375
vt 0.2705078125 0.2880859375
vn 0 0 -1
vn 2.220446049250313e-16 -1 0
vn 0 0 1
vn -2.220446049250313e-16 1 0
vn 1 2.220446049250313e-16 0
vn -1 -2.220446049250313e-16 0
usemtl m_a520c05c-83fc-6d1a-7b60-0c8dd74607e0
f 2956/8860/2215 2959/8859/2215 2957/8858/2215 2954/8857/2215
f 2955/8864/2216 2956/8863/2216 2954/8862/2216 2953/8861/2216
f 2960/8868/2217 2955/8867/2217 2953/8866/2217 2958/8865/2217
f 2959/8872/2218 2960/8871/2218 2958/8870/2218 2957/8869/2218
f 2958/8876/2219 2953/8875/2219 2954/8874/2219 2957/8873/2219
f 2959/8880/2220 2956/8879/2220 2955/8878/2220 2960/8877/2220
o cube
v 2.354725 1.152755 3.1277237500000004
v 2.354725 1.152755 -2.4641512499999996
v 1.9953500000000002 1.152755 3.1277237500000004
v 1.9953500000000002 1.152755 -2.4641512499999996
v 2.354725 1.51213 -2.4641512499999996
v 2.354725 1.51213 3.1277237500000004
v 1.9953500000000002 1.51213 -2.4641512499999996
v 1.9953500000000002 1.51213 3.1277237500000004
vt 0.3525390625 0.6484375
vt 0.357421875 0.6484375
vt 0.357421875 0.6435546875
vt 0.3525390625 0.6435546875
vt 0.265625 0.6484375
vt 0.3525390625 0.6484375
vt 0.3525390625 0.6435546875
vt 0.265625 0.6435546875
vt 0.4443359375 0.6484375
vt 0.44921875 0.6484375
vt 0.44921875 0.6435546875
vt 0.4443359375 0.6435546875
vt 0.357421875 0.6484375
vt 0.4443359375 0.6484375
vt 0.4443359375 0.6435546875
vt 0.357421875 0.6435546875
vt 0.357421875 0.6484375
vt 0.3525390625 0.6484375
vt 0.3525390625 0.7353515625
vt 0.357421875 0.7353515625
vt 0.3623046875 0.7353515625
vt 0.357421875 0.7353515625
vt 0.357421875 0.6484375
vt 0.3623046875 0.6484375
vn 0 0 -1
vn 2.220446049250313e-16 -1 0
vn 0 0 1
vn -2.220446049250313e-16 1 0
vn 1 2.220446049250313e-16 0
vn -1 -2.220446049250313e-16 0
usemtl m_a520c05c-83fc-6d1a-7b60-0c8dd74607e0
f 2964/8884/2221 2967/8883/2221 2965/8882/2221 2962/8881/2221
f 2963/8888/2222 2964/8887/2222 2962/8886/2222 2961/8885/2222
f 2968/8892/2223 2963/8891/2223 2961/8890/2223 2966/8889/2223
f 2967/8896/2224 2968/8895/2224 2966/8894/2224 2965/8893/2224
f 2966/8900/2225 2961/8899/2225 2962/8898/2225 2965/8897/2225
f 2967/8904/2226 2964/8903/2226 2963/8902/2226 2968/8901/2226
o cube
v 2.606287422027706 1.1527550000000002 -0.5954015532975587
v 2.3618975218131943 1.1527550000000002 -2.4517271429604293
v 2.321247024382736 1.152755 -0.557875273034294
v 2.0768571241682237 1.152755 -2.4142008626971645
v 2.361897521813194 1.5121300000000002 -2.4517271429604293
v 2.606287422027706 1.5121300000000002 -0.5954015532975587
v 2.0768571241682237 1.51213 -2.4142008626971645
v 2.3212470243827354 1.51213 -0.557875273034294
vt 0.5908203125 0.9541015625
vt 0.595703125 0.9541015625
vt 0.595703125 0.9501953125
vt 0.5908203125 0.9501953125
vt 0.5625 0.9541015625
vt 0.5908203125 0.9541015625
vt 0.5908203125 0.9501953125
vt 0.5625 0.9501953125
vt 0.6240234375 0.9541015625
vt 0.62890625 0.9541015625
vt 0.62890625 0.9501953125
vt 0.6240234375 0.9501953125
vt 0.595703125 0.9541015625
vt 0.6240234375 0.9541015625
vt 0.6240234375 0.9501953125
vt 0.595703125 0.9501953125
vt 0.595703125 0.9541015625
vt 0.5908203125 0.9541015625
vt 0.5908203125 0.982421875
vt 0.595703125 0.982421875
vt 0.6005859375 0.982421875
vt 0.595703125 0.982421875
vt 0.595703125 0.9541015625
vt 0.6005859375 0.9541015625
vn -0.1305261922200516 -5.796527356774012e-17 -0.9914448613738105
vn 4.421013798963923e-16 -1 -4.4206212158446344e-17
vn 0.1305261922200516 5.796527356774012e-17 0.9914448613738105
vn -4.421013798963923e-16 1 4.4206212158446344e-17
vn 0.9914448613738104 4.402899650974004e-16 -0.13052619222005157
vn -0.9914448613738104 -4.402899650974004e-16 0.13052619222005157
usemtl m_a520c05c-83fc-6d1a-7b60-0c8dd74607e0
f 2972/8908/2227 2975/8907/2227 2973/8906/2227 2970/8905/2227
f 2971/8912/2228 2972/8911/2228 2970/8910/2228 2969/8909/2228
f 2976/8916/2229 2971/8915/2229 2969/8914/2229 2974/8913/2229
f 2975/8920/2230 2976/8919/2230 2974/8918/2230 2973/8917/2230
f 2974/8924/2231 2969/8923/2231 2970/8922/2231 2973/8921/2231
f 2975/8928/2232 2972/8927/2232 2971/8926/2232 2976/8925/2232
o cube
v 1.7437875779722938 1.5121300000000002 -0.5954015532975587
v 1.988177478186806 1.5121300000000002 -2.4517271429604293
v 2.0288279756172645 1.51213 -0.557875273034294
v 2.2732178758317767 1.51213 -2.4142008626971645
v 1.988177478186806 1.1527550000000002 -2.4517271429604293
v 1.7437875779722938 1.1527550000000002 -0.5954015532975587
v 2.2732178758317767 1.152755 -2.4142008626971645
v 2.028827975617264 1.152755 -0.557875273034294
vt 0.5908203125 0.921875
vt 0.595703125 0.921875
vt 0.595703125 0.91796875
vt 0.5908203125 0.91796875
vt 0.5625 0.921875
vt 0.5908203125 0.921875
vt 0.5908203125 0.91796875
vt 0.5625 0.91796875
vt 0.6240234375 0.921875
vt 0.62890625 0.921875
vt 0.62890625 0.91796875
vt 0.6240234375 0.91796875
vt 0.595703125 0.921875
vt 0.6240234375 0.921875
vt 0.6240234375 0.91796875
vt 0.595703125 0.91796875
vt 0.595703125 0.921875
vt 0.5908203125 0.921875
vt 0.5908203125 0.9501953125
vt 0.595703125 0.9501953125
vt 0.6005859375 0.9501953125
vt 0.595703125 0.9501953125
vt 0.595703125 0.921875
vt 0.6005859375 0.921875
vn 0.1305261922200516 -5.796527356774012e-17 -0.9914448613738105
vn 4.421013798963923e-16 1 4.4206212158446344e-17
vn -0.1305261922200516 5.796527356774012e-17 0.9914448613738105
vn -4.421013798963923e-16 -1 -4.4206212158446344e-17
vn -0.9914448613738104 4.402899650974004e-16 -0.13052619222005157
vn 0.9914448613738104 -4.402899650974004e-16 0.13052619222005157
usemtl m_a520c05c-83fc-6d1a-7b60-0c8dd74607e0
f 2980/8932/2233 2983/8931/2233 2981/8930/2233 2978/8929/2233
f 2979/8936/2234 2980/8935/2234 2978/8934/2234 2977/8933/2234
f 2984/8940/2235 2979/8939/2235 2977/8938/2235 2982/8937/2235
f 2983/8944/2236 2984/8943/2236 2982/8942/2236 2981/8941/2236
f 2982/8948/2237 2977/8947/2237 2978/8946/2237 2981/8945/2237
f 2983/8952/2238 2980/8951/2238 2979/8950/2238 2984/8949/2238
o cube
v 1.9953500000000002 0.9011925769054453 -0.5954012422235366
v 1.9953500000000002 1.1455824771199574 -2.4517268318864067
v 1.9953500000000002 1.1862329745504159 -0.5578749619602718
v 1.9953500000000002 1.430622874764928 -2.414200551623142
v 2.354725 1.1455824771199574 -2.4517268318864067
v 2.354725 0.9011925769054453 -0.5954012422235366
v 2.354725 1.430622874764928 -2.414200551623142
v 2.354725 1.1862329745504159 -0.5578749619602718
vt 0.5908203125 0.7138671875
vt 0.595703125 0.7138671875
vt 0.595703125 0.7099609375
vt 0.5908203125 0.7099609375
vt 0.5625 0.7138671875
vt 0.5908203125 0.7138671875
vt 0.5908203125 0.7099609375
vt 0.5625 0.7099609375
vt 0.6240234375 0.7138671875
vt 0.62890625 0.7138671875
vt 0.62890625 0.7099609375
vt 0.6240234375 0.7099609375
vt 0.595703125 0.7138671875
vt 0.6240234375 0.7138671875
vt 0.6240234375 0.7099609375
vt 0.595703125 0.7099609375
vt 0.595703125 0.7138671875
vt 0.5908203125 0.7138671875
vt 0.5908203125 0.7421875
vt 0.595703125 0.7421875
vt 0.6005859375 0.7421875
vt 0.595703125 0.7421875
vt 0.595703125 0.7138671875
vt 0.6005859375 0.7138671875
vn -1.5984848350717836e-17 0.1305261922200516 -0.9914448613738105
vn -1 -1.2246467991473535e-16 0
vn 1.5984848350717836e-17 -0.1305261922200516 0.9914448613738105
vn 1 1.2246467991473535e-16 0
vn 1.2141697760125282e-16 -0.9914448613738104 -0.13052619222005157
vn -1.2141697760125282e-16 0.9914448613738104 0.13052619222005157
usemtl m_a520c05c-83fc-6d1a-7b60-0c8dd74607e0
f 2988/8956/2239 2991/8955/2239 2989/8954/2239 2986/8953/2239
f 2987/8960/2240 2988/8959/2240 2986/8958/2240 2985/8957/2240
f 2992/8964/2241 2987/8963/2241 2985/8962/2241 2990/8961/2241
f 2991/8968/2242 2992/8967/2242 2990/8966/2242 2989/8965/2242
f 2990/8972/2243 2985/8971/2243 2986/8970/2243 2989/8969/2243
f 2991/8976/2244 2988/8975/2244 2987/8974/2244 2992/8973/2244
o cube
v 2.354725 1.7636924230945548 -0.5954012422235366
v 2.354725 1.5193025228800425 -2.4517268318864067
v 2.354725 1.478652025449584 -0.5578749619602718
v 2.354725 1.2342621252350718 -2.414200551623142
v 1.9953500000000002 1.5193025228800425 -2.4517268318864067
v 1.9953500000000002 1.7636924230945548 -0.5954012422235366
v 1.9953500000000002 1.2342621252350718 -2.414200551623142
v 1.9953500000000002 1.478652025449584 -0.5578749619602718
vt 0.5908203125 0.681640625
vt 0.595703125 0.681640625
vt 0.595703125 0.677734375
vt 0.5908203125 0.677734375
vt 0.5625 0.681640625
vt 0.5908203125 0.681640625
vt 0.5908203125 0.677734375
vt 0.5625 0.677734375
vt 0.6240234375 0.681640625
vt 0.62890625 0.681640625
vt 0.62890625 0.677734375
vt 0.6240234375 0.677734375
vt 0.595703125 0.681640625
vt 0.6240234375 0.681640625
vt 0.6240234375 0.677734375
vt 0.595703125 0.677734375
vt 0.595703125 0.681640625
vt 0.5908203125 0.681640625
vt 0.5908203125 0.7099609375
vt 0.595703125 0.7099609375
vt 0.6005859375 0.7099609375
vt 0.595703125 0.7099609375
vt 0.595703125 0.681640625
vt 0.6005859375 0.681640625
vn 0 -0.13052619222005157 -0.9914448613738104
vn 1 0 0
vn 0 0.13052619222005157 0.9914448613738104
vn -1 0 0
vn 0 0.9914448613738104 -0.13052619222005157
vn 0 -0.9914448613738104 0.13052619222005157
usemtl m_a520c05c-83fc-6d1a-7b60-0c8dd74607e0
f 2996/8980/2245 2999/8979/2245 2997/8978/2245 2994/8977/2245
f 2995/8984/2246 2996/8983/2246 2994/8982/2246 2993/8981/2246
f 3000/8988/2247 2995/8987/2247 2993/8986/2247 2998/8985/2247
f 2999/8992/2248 3000/8991/2248 2998/8990/2248 2997/8989/2248
f 2998/8996/2249 2993/8995/2249 2994/8994/2249 2997/8993/2249
f 2999/9000/2250 2996/8999/2250 2995/8998/2250 3000/8997/2250
o cube
v 2.292225 2.2011925 3.43397375
v 2.292225 2.2011925 0.6545987499999999
v 2.292225 0.9011925000000001 3.43397375
v 2.292225 0.9011925000000001 0.6545987499999999
v 2.05785 2.2011925 0.6545987499999999
v 2.05785 2.2011925 3.43397375
v 2.05785 0.9011925000000001 0.6545987499999999
v 2.05785 0.9011925000000001 3.43397375
vt 0.310546875 0.333984375
vt 0.314453125 0.333984375
vt 0.314453125 0.3134765625
vt 0.310546875 0.3134765625
vt 0.271484375 0.3544921875
vt 0.314453125 0.3544921875
vt 0.314453125 0.333984375
vt 0.271484375 0.333984375
vt 0.6015625 0.333984375
vt 0.60546875 0.333984375
vt 0.60546875 0.3134765625
vt 0.6015625 0.3134765625
vt 0.603515625 0.3544921875
vt 0.646484375 0.3544921875
vt 0.646484375 0.333984375
vt 0.603515625 0.333984375
vt 0.111328125 0.30859375
vt 0.107421875 0.30859375
vt 0.107421875 0.3515625
vt 0.111328125 0.3515625
vt 0.037109375 0.34765625
vt 0.033203125 0.34765625
vt 0.033203125 0.3046875
vt 0.037109375 0.3046875
vn 0 0 -1
vn 1 0 0
vn 0 0 1
vn -1 0 0
vn 0 1 0
vn 0 -1 0
usemtl m_a520c05c-83fc-6d1a-7b60-0c8dd74607e0
f 3004/9004/2251 3007/9003/2251 3005/9002/2251 3002/9001/2251
f 3003/9008/2252 3004/9007/2252 3002/9006/2252 3001/9005/2252
f 3008/9012/2253 3003/9011/2253 3001/9010/2253 3006/9009/2253
f 3007/9016/2254 3008/9015/2254 3006/9014/2254 3005/9013/2254
f 3006/9020/2255 3001/9019/2255 3002/9018/2255 3005/9017/2255
f 3007/9024/2256 3004/9023/2256 3003/9022/2256 3008/9021/2256
o cube
v 4.521288433673021 2.352723125 3.0900654639004945
v 2.6132234122118687 2.352723125 2.7536221196708164
v 4.521288433673021 2.266003125 3.0900654639004945
v 2.6132234122118687 2.266003125 2.7536221196708164
v 2.4965354183133557 2.352723125 3.4153926180351144
v 4.404600439774509 2.352723125 3.7518359622647925
v 2.4965354183133557 2.266003125 3.4153926180351144
v 4.404600439774509 2.266003125 3.7518359622647925
vt 0.4638671875 0.4345703125
vt 0.4736328125 0.4345703125
vt 0.4736328125 0.43359375
vt 0.4638671875 0.43359375
vt 0.43359375 0.4345703125
vt 0.4638671875 0.4345703125
vt 0.4638671875 0.43359375
vt 0.43359375 0.43359375
vt 0.50390625 0.4345703125
vt 0.513671875 0.4345703125
vt 0.513671875 0.43359375
vt 0.50390625 0.43359375
vt 0.4736328125 0.4345703125
vt 0.50390625 0.4345703125
vt 0.50390625 0.43359375
vt 0.4736328125 0.43359375
vt 0.4736328125 0.4345703125
vt 0.4638671875 0.4345703125
vt 0.4638671875 0.46484375
vt 0.4736328125 0.46484375
vt 0.4833984375 0.46484375
vt 0.4736328125 0.46484375
vt 0.4736328125 0.4345703125
vt 0.4833984375 0.4345703125
vn -0.9848077530122081 0 -0.17364817766693055
vn 0.17364817766693055 0 -0.9848077530122081
vn 0.9848077530122081 0 0.17364817766693055
vn -0.17364817766693055 0 0.9848077530122081
vn 0 1 0
vn 0 -1 0
usemtl m_a520c05c-83fc-6d1a-7b60-0c8dd74607e0
f 3012/9028/2257 3015/9027/2257 3013/9026/2257 3010/9025/2257
f 3011/9032/2258 3012/9031/2258 3010/9030/2258 3009/9029/2258
f 3016/9036/2259 3011/9035/2259 3009/9034/2259 3014/9033/2259
f 3015/9040/2260 3016/9039/2260 3014/9038/2260 3013/9037/2260
f 3014/9044/2261 3009/9043/2261 3010/9042/2261 3013/9041/2261
f 3015/9048/2262 3012/9047/2262 3011/9046/2262 3016/9045/2262
o cube
v 1.857579797192943 2.3477275000000004 4.003890772792466
v 1.857579797192943 2.3477275000000004 4.563434522792466
v 1.857579797192943 2.1918175 4.003890772792466
v 1.857579797192943 2.1918175 4.563434522792465
v 5.281726047192943 2.3477275 4.563434522792466
v 5.281726047192943 2.3477275 4.003890772792466
v 5.281726047192943 2.1918174999999995 4.563434522792466
v 5.281726047192943 2.1918174999999995 4.003890772792466
vt 0.0078125 0.5087890625
vt 0.060546875 0.5087890625
vt 0.060546875 0.5068359375
vt 0.0078125 0.5068359375
vt 0 0.5087890625
vt 0.0078125 0.5087890625
vt 0.0078125 0.5068359375
vt 0 0.5068359375
vt 0.068359375 0.5087890625
vt 0.12109375 0.5087890625
vt 0.12109375 0.5068359375
vt 0.068359375 0.5068359375
vt 0.060546875 0.5087890625
vt 0.068359375 0.5087890625
vt 0.068359375 0.5068359375
vt 0.060546875 0.5068359375
vt 0.060546875 0.5087890625
vt 0.0078125 0.5087890625
vt 0.0078125 0.5166015625
vt 0.060546875 0.5166015625
vt 0.11328125 0.5166015625
vt 0.060546875 0.5166015625
vt 0.060546875 0.5087890625
vt 0.11328125 0.5087890625
vn -2.775557561562893e-17 -1.4373044841049306e-16 1
vn -1 1.2060416625018979e-16 -2.7755575615628895e-17
vn 2.775557561562893e-17 1.4373044841049306e-16 -1
vn 1 -1.2060416625018979e-16 2.7755575615628895e-17
vn 1.206041662501898e-16 1 1.4373044841049306e-16
vn -1.206041662501898e-16 -1 -1.4373044841049306e-16
usemtl m_a520c05c-83fc-6d1a-7b60-0c8dd74607e0
f 3020/9052/2263 3023/9051/2263 3021/9050/2263 3018/9049/2263
f 3019/9056/2264 3020/9055/2264 3018/9054/2264 3017/9053/2264
f 3024/9060/2265 3019/9059/2265 3017/9058/2265 3022/9057/2265
f 3023/9064/2266 3024/9063/2266 3022/9062/2266 3021/9061/2266
f 3022/9068/2267 3017/9067/2267 3018/9066/2267 3021/9065/2267
f 3023/9072/2268 3020/9071/2268 3019/9070/2268 3024/9069/2268
o cube
v 1.857579797192943 2.3477275000000004 3.8022813977924654
v 1.857579797192943 2.3477275000000004 4.102418897792465
v 1.857579797192943 2.1918175 3.8022813977924654
v 1.857579797192943 2.1918175 4.102418897792465
v 3.1312260471929427 2.3477275000000004 4.102418897792465
v 3.1312260471929427 2.3477275000000004 3.8022813977924654
v 3.1312260471929427 2.1918175 4.102418897792465
v 3.1312260471929427 2.1918175 3.8022813977924654
vt 0.05859375 0.3828125
vt 0.078125 0.3828125
vt 0.078125 0.380859375
vt 0.05859375 0.380859375
vt 0.0546875 0.3828125
vt 0.05859375 0.3828125
vt 0.05859375 0.380859375
vt 0.0546875 0.380859375
vt 0.08203125 0.3828125
vt 0.1015625 0.3828125
vt 0.1015625 0.380859375
vt 0.08203125 0.380859375
vt 0.078125 0.3828125
vt 0.08203125 0.3828125
vt 0.08203125 0.380859375
vt 0.078125 0.380859375
vt 0.078125 0.3828125
vt 0.05859375 0.3828125
vt 0.05859375 0.38671875
vt 0.078125 0.38671875
vt 0.09765625 0.38671875
vt 0.078125 0.38671875
vt 0.078125 0.3828125
vt 0.09765625 0.3828125
vn -2.775557561562893e-17 -1.4373044841049306e-16 1
vn -1 1.2060416625018979e-16 -2.7755575615628895e-17
vn 2.775557561562893e-17 1.4373044841049306e-16 -1
vn 1 -1.2060416625018979e-16 2.7755575615628895e-17
vn 1.206041662501898e-16 1 1.4373044841049306e-16
vn -1.206041662501898e-16 -1 -1.4373044841049306e-16
usemtl m_a520c05c-83fc-6d1a-7b60-0c8dd74607e0
f 3028/9076/2269 3031/9075/2269 3029/9074/2269 3026/9073/2269
f 3027/9080/2270 3028/9079/2270 3026/9078/2270 3025/9077/2270
f 3032/9084/2271 3027/9083/2271 3025/9082/2271 3030/9081/2271
f 3031/9088/2272 3032/9087/2272 3030/9086/2272 3029/9085/2272
f 3030/9092/2273 3025/9091/2273 3026/9090/2273 3029/9089/2273
f 3031/9096/2274 3028/9095/2274 3027/9094/2274 3032/9093/2274
o cube
v 1.857579797192943 2.3477275000000004 3.420964522792466
v 1.857579797192943 2.3477275000000004 4.438434522792466
v 1.857579797192943 2.1918175 3.420964522792466
v 1.857579797192943 2.1918175 4.438434522792465
v 1.975782922192943 2.3477275000000004 4.438434522792466
v 1.975782922192943 2.3477275000000004 3.420964522792466
v 1.975782922192943 2.1918175 4.438434522792465
v 1.975782922192943 2.1918175 3.420964522792466
vt 0.322265625 0.3671875
vt 0.3232421875 0.3671875
vt 0.3232421875 0.365234375
vt 0.322265625 0.365234375
vt 0.306640625 0.3671875
vt 0.322265625 0.3671875
vt 0.322265625 0.365234375
vt 0.306640625 0.365234375
vt 0.3388671875 0.3671875
vt 0.33984375 0.3671875
vt 0.33984375 0.365234375
vt 0.3388671875 0.365234375
vt 0.3232421875 0.3671875
vt 0.3388671875 0.3671875
vt 0.3388671875 0.365234375
vt 0.3232421875 0.365234375
vt 0.3232421875 0.3671875
vt 0.322265625 0.3671875
vt 0.322265625 0.3828125
vt 0.3232421875 0.3828125
vt 0.32421875 0.3828125
vt 0.3232421875 0.3828125
vt 0.3232421875 0.3671875
vt 0.32421875 0.3671875
vn -2.775557561562893e-17 -1.4373044841049306e-16 1
vn -1 1.2060416625018979e-16 -2.7755575615628895e-17
vn 2.775557561562893e-17 1.4373044841049306e-16 -1
vn 1 -1.2060416625018979e-16 2.7755575615628895e-17
vn 1.206041662501898e-16 1 1.4373044841049306e-16
vn -1.206041662501898e-16 -1 -1.4373044841049306e-16
usemtl m_a520c05c-83fc-6d1a-7b60-0c8dd74607e0
f 3036/9100/2275 3039/9099/2275 3037/9098/2275 3034/9097/2275
f 3035/9104/2276 3036/9103/2276 3034/9102/2276 3033/9101/2276
f 3040/9108/2277 3035/9107/2277 3033/9106/2277 3038/9105/2277
f 3039/9112/2278 3040/9111/2278 3038/9110/2278 3037/9109/2278
f 3038/9116/2279 3033/9115/2279 3034/9114/2279 3037/9113/2279
f 3039/9120/2280 3036/9119/2280 3035/9118/2280 3040/9117/2280
o cube
v 1.9757827751382977 2.3477275000000004 3.420963692812368
v 1.9003248277740212 2.3477275000000004 3.8489069778450578
v 1.9757827751382977 2.1918175 3.420963692812368
v 1.9003248277740212 2.1918175 3.8489069778450578
v 5.206267828190205 2.3477275 4.431833925502727
v 5.281725775554481 2.3477275 4.003890640470037
v 5.206267828190205 2.1918174999999995 4.431833925502727
v 5.281725775554481 2.1918174999999995 4.003890640470037
vt 0.4921875 0.5546875
vt 0.5439453125 0.5546875
vt 0.5439453125 0.552734375
vt 0.4921875 0.552734375
vt 0.486328125 0.5546875
vt 0.4921875 0.5546875
vt 0.4921875 0.552734375
vt 0.486328125 0.552734375
vt 0.5498046875 0.5546875
vt 0.6015625 0.5546875
vt 0.6015625 0.552734375
vt 0.5498046875 0.552734375
vt 0.5439453125 0.5546875
vt 0.5498046875 0.5546875
vt 0.5498046875 0.552734375
vt 0.5439453125 0.552734375
vt 0.5439453125 0.5546875
vt 0.4921875 0.5546875
vt 0.4921875 0.560546875
vt 0.5439453125 0.560546875
vt 0.595703125 0.560546875
vt 0.5439453125 0.560546875
vt 0.5439453125 0.5546875
vt 0.595703125 0.5546875
vn -0.17364817766693033 -1.224646799147353e-16 0.984807753012208
vn -0.984807753012208 1.224646799147353e-16 -0.17364817766693033
vn 0.17364817766693033 1.224646799147353e-16 -0.984807753012208
vn 0.984807753012208 -1.224646799147353e-16 0.17364817766693033
vn 9.933839775443207e-17 1 1.418699347459475e-16
vn -9.933839775443207e-17 -1 -1.418699347459475e-16
usemtl m_a520c05c-83fc-6d1a-7b60-0c8dd74607e0
f 3044/9124/2281 3047/9123/2281 3045/9122/2281 3042/9121/2281
f 3043/9128/2282 3044/9127/2282 3042/9126/2282 3041/9125/2282
f 3048/9132/2283 3043/9131/2283 3041/9130/2283 3046/9129/2283
f 3047/9136/2284 3048/9135/2284 3046/9134/2284 3045/9133/2284
f 3046/9140/2285 3041/9139/2285 3042/9138/2285 3045/9137/2285
f 3047/9144/2286 3044/9143/2286 3043/9142/2286 3048/9141/2286
o cube
v -5.716270625 2.3477275000000004 4.56639125
v -5.281726875 2.3477275000000004 4.56639125
v -5.716270625 2.1918175 4.56639125
v -5.281726875 2.1918175 4.56639125
v -5.281726875 2.3477275000000004 3.16479
v -5.716270625 2.3477275000000004 3.16479
v -5.281726875 2.1918175 3.16479
v -5.716270625 2.1918175 3.16479
vt 0.451171875 0.3857421875
vt 0.47265625 0.3857421875
vt 0.47265625 0.3837890625
vt 0.451171875 0.3837890625
vt 0.4453125 0.3857421875
vt 0.451171875 0.3857421875
vt 0.451171875 0.3837890625
vt 0.4453125 0.3837890625
vt 0.478515625 0.3857421875
vt 0.5 0.3857421875
vt 0.5 0.3837890625
vt 0.478515625 0.3837890625
vt 0.47265625 0.3857421875
vt 0.478515625 0.3857421875
vt 0.478515625 0.3837890625
vt 0.47265625 0.3837890625
vt 0.47265625 0.3857421875
vt 0.451171875 0.3857421875
vt 0.451171875 0.3916015625
vt 0.47265625 0.3916015625
vt 0.494140625 0.3916015625
vt 0.47265625 0.3916015625
vt 0.47265625 0.3857421875
vt 0.494140625 0.3857421875
vn 1 0 -2.220446049250313e-16
vn 2.220446049250313e-16 0 1
vn -1 0 2.220446049250313e-16
vn -2.220446049250313e-16 0 -1
vn 0 1 0
vn 0 -1 0
usemtl m_a520c05c-83fc-6d1a-7b60-0c8dd74607e0
f 3052/9148/2287 3055/9147/2287 3053/9146/2287 3050/9145/2287
f 3051/9152/2288 3052/9151/2288 3050/9150/2288 3049/9149/2288
f 3056/9156/2289 3051/9155/2289 3049/9154/2289 3054/9153/2289
f 3055/9160/2290 3056/9159/2290 3054/9158/2290 3053/9157/2290
f 3054/9164/2291 3049/9163/2291 3050/9162/2291 3053/9161/2291
f 3055/9168/2292 3052/9167/2292 3051/9166/2292 3056/9165/2292
o cube
v -5.357183637037896 2.3477275000000004 3.5759475744165163
v -5.2817257982037304 2.3477275000000004 4.003890243944362
v -5.357183637037896 2.1918175 3.5759475744165163
v -5.2817257982037304 2.1918175 4.003890243944362
v -1.9757827977875464 2.3477275000000004 3.4209632962866907
v -2.0512406366217117 2.3477275000000004 2.9930206267588453
v -1.9757827977875464 2.1918175 3.4209632962866907
v -2.0512406366217117 2.1918175 2.9930206267588453
vt 0.4921875 0.53125
vt 0.5439453125 0.53125
vt 0.5439453125 0.529296875
vt 0.4921875 0.529296875
vt 0.486328125 0.53125
vt 0.4921875 0.53125
vt 0.4921875 0.529296875
vt 0.486328125 0.529296875
vt 0.5498046875 0.53125
vt 0.6015625 0.53125
vt 0.6015625 0.529296875
vt 0.5498046875 0.529296875
vt 0.5439453125 0.53125
vt 0.5498046875 0.53125
vt 0.5498046875 0.529296875
vt 0.5439453125 0.529296875
vt 0.5439453125 0.53125
vt 0.4921875 0.53125
vt 0.4921875 0.537109375
vt 0.5439453125 0.537109375
vt 0.595703125 0.537109375
vt 0.5439453125 0.537109375
vt 0.5439453125 0.53125
vt 0.595703125 0.53125
vn 0.17364817766693072 0 0.9848077530122081
vn -0.9848077530122081 0 0.17364817766693072
vn -0.17364817766693072 0 -0.9848077530122081
vn 0.9848077530122081 0 -0.17364817766693072
vn 0 1 0
vn 0 -1 0
usemtl m_a520c05c-83fc-6d1a-7b60-0c8dd74607e0
f 3060/9172/2293 3063/9171/2293 3061/9170/2293 3058/9169/2293
f 3059/9176/2294 3060/9175/2294 3058/9174/2294 3057/9173/2294
f 3064/9180/2295 3059/9179/2295 3057/9178/2295 3062/9177/2295
f 3063/9184/2296 3064/9183/2296 3062/9182/2296 3061/9181/2296
f 3062/9188/2297 3057/9187/2297 3058/9186/2297 3061/9185/2297
f 3063/9192/2298 3060/9191/2298 3059/9190/2298 3064/9189/2298
o cube
v -1.2114854392093033 2.3477275000000004 1.9756547023007218
v -1.714834119646767 2.3477275000000004 1.3196779305684796
v -1.2114854392093033 2.1918175 1.9756547023007218
v -1.714834119646767 2.1918175 1.3196779305684796
v -3.7581434149337527 2.3477275000000004 2.8875642976304547
v -3.254794734496289 2.3477275000000004 3.543541069362697
v -3.7581434149337527 2.1918175 2.8875642976304547
v -3.254794734496289 2.1918175 3.543541069362697
vt 0.3408203125 0.4619140625
vt 0.380859375 0.4619140625
vt 0.380859375 0.4599609375
vt 0.3408203125 0.4599609375
vt 0.328125 0.4619140625
vt 0.3408203125 0.4619140625
vt 0.3408203125 0.4599609375
vt 0.328125 0.4599609375
vt 0.3935546875 0.4619140625
vt 0.43359375 0.4619140625
vt 0.43359375 0.4599609375
vt 0.3935546875 0.4599609375
vt 0.380859375 0.4619140625
vt 0.3935546875 0.4619140625
vt 0.3935546875 0.4599609375
vt 0.380859375 0.4599609375
vt 0.380859375 0.4619140625
vt 0.3408203125 0.4619140625
vt 0.3408203125 0.474609375
vt 0.380859375 0.474609375
vt 0.4208984375 0.474609375
vt 0.380859375 0.474609375
vt 0.380859375 0.4619140625
vt 0.4208984375 0.4619140625
vn -0.6087614290087207 0 -0.7933533402912352
vn 0.7933533402912352 0 -0.6087614290087207
vn 0.6087614290087207 0 0.7933533402912352
vn -0.7933533402912352 0 0.6087614290087207
vn 0 1 0
vn 0 -1 0
usemtl m_a520c05c-83fc-6d1a-7b60-0c8dd74607e0
f 3068/9196/2299 3071/9195/2299 3069/9194/2299 3066/9193/2299
f 3067/9200/2300 3068/9199/2300 3066/9198/2300 3065/9197/2300
f 3072/9204/2301 3067/9203/2301 3065/9202/2301 3070/9201/2301
f 3071/9208/2302 3072/9207/2302 3070/9206/2302 3069/9205/2302
f 3070/9212/2303 3065/9211/2303 3066/9210/2303 3069/9209/2303
f 3071/9216/2304 3068/9215/2304 3067/9214/2304 3072/9213/2304
o cube
v -5.8944125 2.3949425 4.74013375
v -5.8944125 2.3949425 1.36513375
v -5.8944125 2.1449425 4.74013375
v -5.8944125 2.1449425 1.36513375
v -6.1444125 2.3949425 1.36513375
v -6.1444125 2.3949425 4.74013375
v -6.1444125 2.1449425 1.36513375
v -6.1444125 2.1449425 4.74013375
vt 0.501953125 0.6826171875
vt 0.505859375 0.6826171875
vt 0.505859375 0.6787109375
vt 0.501953125 0.6787109375
vt 0.44921875 0.6826171875
vt 0.501953125 0.6826171875
vt 0.501953125 0.6787109375
vt 0.44921875 0.6787109375
vt 0.55859375 0.6826171875
vt 0.5625 0.6826171875
vt 0.5625 0.6787109375
vt 0.55859375 0.6787109375
vt 0.505859375 0.6826171875
vt 0.55859375 0.6826171875
vt 0.55859375 0.6787109375
vt 0.505859375 0.6787109375
vt 0.505859375 0.6826171875
vt 0.501953125 0.6826171875
vt 0.501953125 0.7353515625
vt 0.505859375 0.7353515625
vt 0.509765625 0.7353515625
vt 0.505859375 0.7353515625
vt 0.505859375 0.6826171875
vt 0.509765625 0.6826171875
vn 0 0 -1
vn 1 0 0
vn 0 0 1
vn -1 0 0
vn 0 1 0
vn 0 -1 0
usemtl m_a520c05c-83fc-6d1a-7b60-0c8dd74607e0
f 3076/9220/2305 3079/9219/2305 3077/9218/2305 3074/9217/2305
f 3075/9224/2306 3076/9223/2306 3074/9222/2306 3073/9221/2306
f 3080/9228/2307 3075/9227/2307 3073/9226/2307 3078/9225/2307
f 3079/9232/2308 3080/9231/2308 3078/9230/2308 3077/9229/2308
f 3078/9236/2309 3073/9235/2309 3074/9234/2309 3077/9233/2309
f 3079/9240/2310 3076/9239/2310 3075/9238/2310 3080/9237/2310
o cube
v -5.820538717791283 2.513010456032876 4.72450875
v -5.820538717791283 2.513010456032876 4.47450875
v -5.776344543967124 2.4688162822087163 4.72450875
v -5.776344543967124 2.4688162822087163 4.47450875
v -6.2624804560328755 2.0710687177912837 4.47450875
v -6.2624804560328755 2.0710687177912837 4.72450875
v -6.218286282208716 2.026874543967124 4.47450875
v -6.218286282208716 2.026874543967124 4.72450875
vt 0.5625 0.361328125
vt 0.572265625 0.361328125
vt 0.572265625 0.3603515625
vt 0.5625 0.3603515625
vt 0.55859375 0.361328125
vt 0.5625 0.361328125
vt 0.5625 0.3603515625
vt 0.55859375 0.3603515625
vt 0.576171875 0.361328125
vt 0.5859375 0.361328125
vt 0.5859375 0.3603515625
vt 0.576171875 0.3603515625
vt 0.572265625 0.361328125
vt 0.576171875 0.361328125
vt 0.576171875 0.3603515625
vt 0.572265625 0.3603515625
vt 0.572265625 0.361328125
vt 0.5625 0.361328125
vt 0.5625 0.365234375
vt 0.572265625 0.365234375
vt 0.58203125 0.365234375
vt 0.572265625 0.365234375
vt 0.572265625 0.361328125
vt 0.58203125 0.361328125
vn 0 0 -1
vn 0.7071067811865475 0.7071067811865476 0
vn 0 0 1
vn -0.7071067811865475 -0.7071067811865476 0
vn -0.7071067811865476 0.7071067811865475 0
vn 0.7071067811865476 -0.7071067811865475 0
usemtl m_a520c05c-83fc-6d1a-7b60-0c8dd74607e0
f 3084/9244/2311 3087/9243/2311 3085/9242/2311 3082/9241/2311
f 3083/9248/2312 3084/9247/2312 3082/9246/2312 3081/9245/2312
f 3088/9252/2313 3083/9251/2313 3081/9250/2313 3086/9249/2313
f 3087/9256/2314 3088/9255/2314 3086/9254/2314 3085/9253/2314
f 3086/9260/2315 3081/9259/2315 3082/9258/2315 3085/9257/2315
f 3087/9264/2316 3084/9263/2316 3083/9262/2316 3088/9261/2316
o cube
v -6.2624804560328755 2.4688162822087163 4.72450875
v -6.2624804560328755 2.4688162822087163 4.47450875
v -6.218286282208716 2.513010456032876 4.72450875
v -6.218286282208716 2.513010456032876 4.47450875
v -5.820538717791283 2.026874543967124 4.47450875
v -5.820538717791283 2.026874543967124 4.72450875
v -5.776344543967124 2.0710687177912837 4.47450875
v -5.776344543967124 2.0710687177912837 4.72450875
vt 0.58984375 0.361328125
vt 0.599609375 0.361328125
vt 0.599609375 0.3603515625
vt 0.58984375 0.3603515625
vt 0.5859375 0.361328125
vt 0.58984375 0.361328125
vt 0.58984375 0.3603515625
vt 0.5859375 0.3603515625
vt 0.603515625 0.361328125
vt 0.61328125 0.361328125
vt 0.61328125 0.3603515625
vt 0.603515625 0.3603515625
vt 0.599609375 0.361328125
vt 0.603515625 0.361328125
vt 0.603515625 0.3603515625
vt 0.599609375 0.3603515625
vt 0.599609375 0.361328125
vt 0.58984375 0.361328125
vt 0.58984375 0.365234375
vt 0.599609375 0.365234375
vt 0.609375 0.365234375
vt 0.599609375 0.365234375
vt 0.599609375 0.361328125
vt 0.609375 0.361328125
vn 0 0 -1
vn -0.7071067811865475 0.7071067811865477 0
vn 0 0 1
vn 0.7071067811865475 -0.7071067811865477 0
vn -0.7071067811865477 -0.7071067811865475 0
vn 0.7071067811865477 0.7071067811865475 0
usemtl m_a520c05c-83fc-6d1a-7b60-0c8dd74607e0
f 3092/9268/2317 3095/9267/2317 3093/9266/2317 3090/9265/2317
f 3091/9272/2318 3092/9271/2318 3090/9270/2318 3089/9269/2318
f 3096/9276/2319 3091/9275/2319 3089/9274/2319 3094/9273/2319
f 3095/9280/2320 3096/9279/2320 3094/9278/2320 3093/9277/2320
f 3094/9284/2321 3089/9283/2321 3090/9282/2321 3093/9281/2321
f 3095/9288/2322 3092/9287/2322 3091/9286/2322 3096/9285/2322
o cube
v -6.26248021191208 2.4688160380879207 4.474509058538229
v -6.13748021191208 2.3438160380879207 4.297732363241592
v -6.21828603808792 2.51301021191208 4.474509058538229
v -6.09328603808792 2.38801021191208 4.297732363241592
v -6.04373021191208 2.2500660380879207 4.43031488471407
v -6.16873021191208 2.3750660380879207 4.607091580010707
v -5.99953603808792 2.29426021191208 4.43031488471407
v -6.12453603808792 2.41926021191208 4.607091580010707
vt 0.646484375 0.591796875
vt 0.6494140625 0.591796875
vt 0.6494140625 0.5908203125
vt 0.646484375 0.5908203125
vt 0.642578125 0.591796875
vt 0.646484375 0.591796875
vt 0.646484375 0.5908203125
vt 0.642578125 0.5908203125
vt 0.6533203125 0.591796875
vt 0.65625 0.591796875
vt 0.65625 0.5908203125
vt 0.6533203125 0.5908203125
vt 0.6494140625 0.591796875
vt 0.6533203125 0.591796875
vt 0.6533203125 0.5908203125
vt 0.6494140625 0.5908203125
vt 0.6494140625 0.591796875
vt 0.646484375 0.591796875
vt 0.646484375 0.595703125
vt 0.6494140625 0.595703125
vt 0.65234375 0.595703125
vt 0.6494140625 0.595703125
vt 0.6494140625 0.591796875
vt 0.65234375 0.591796875
vn 0.5 -0.5000000000000001 -0.7071067811865476
vn -0.4999999999999999 0.5000000000000001 -0.7071067811865476
vn -0.5 0.5000000000000001 0.7071067811865476
vn 0.4999999999999999 -0.5000000000000001 0.7071067811865476
vn -0.7071067811865476 -0.7071067811865475 1.1102230246251565e-16
vn 0.7071067811865476 0.7071067811865475 -1.1102230246251565e-16
usemtl m_a520c05c-83fc-6d1a-7b60-0c8dd74607e0
f 3100/9292/2323 3103/9291/2323 3101/9290/2323 3098/9289/2323
f 3099/9296/2324 3100/9295/2324 3098/9294/2324 3097/9293/2324
f 3104/9300/2325 3099/9299/2325 3097/9298/2325 3102/9297/2325
f 3103/9304/2326 3104/9303/2326 3102/9302/2326 3101/9301/2326
f 3102/9308/2327 3097/9307/2327 3098/9306/2327 3101/9305/2327
f 3103/9312/2328 3100/9311/2328 3099/9310/2328 3104/9309/2328
o cube
v -5.87009478808792 2.3750660380879207 4.607091580010707
v -5.99509478808792 2.2500660380879207 4.43031488471407
v -5.91428896191208 2.41926021191208 4.607091580010707
v -6.03928896191208 2.29426021191208 4.43031488471407
v -5.90134478808792 2.3438160380879207 4.297732363241592
v -5.77634478808792 2.4688160380879207 4.474509058538229
v -5.94553896191208 2.38801021191208 4.297732363241592
v -5.82053896191208 2.51301021191208 4.474509058538229
vt 0.087890625 0.3525390625
vt 0.0908203125 0.3525390625
vt 0.0908203125 0.3515625
vt 0.087890625 0.3515625
vt 0.083984375 0.3525390625
vt 0.087890625 0.3525390625
vt 0.087890625 0.3515625
vt 0.083984375 0.3515625
vt 0.0947265625 0.3525390625
vt 0.09765625 0.3525390625
vt 0.09765625 0.3515625
vt 0.0947265625 0.3515625
vt 0.0908203125 0.3525390625
vt 0.0947265625 0.3525390625
vt 0.0947265625 0.3515625
vt 0.0908203125 0.3515625
vt 0.0908203125 0.3525390625
vt 0.087890625 0.3525390625
vt 0.087890625 0.3564453125
vt 0.0908203125 0.3564453125
vt 0.09375 0.3564453125
vt 0.0908203125 0.3564453125
vt 0.0908203125 0.3525390625
vt 0.09375 0.3525390625
vn -0.5 -0.5000000000000001 -0.7071067811865476
vn -0.4999999999999999 -0.5000000000000001 0.7071067811865476
vn 0.5 0.5000000000000001 0.7071067811865476
vn 0.4999999999999999 0.5000000000000001 -0.7071067811865476
vn 0.7071067811865476 -0.7071067811865475 1.1102230246251565e-16
vn -0.7071067811865476 0.7071067811865475 -1.1102230246251565e-16
usemtl m_a520c05c-83fc-6d1a-7b60-0c8dd74607e0
f 3108/9316/2329 3111/9315/2329 3109/9314/2329 3106/9313/2329
f 3107/9320/2330 3108/9319/2330 3106/9318/2330 3105/9317/2330
f 3112/9324/2331 3107/9323/2331 3105/9322/2331 3110/9321/2331
f 3111/9328/2332 3112/9327/2332 3110/9326/2332 3109/9325/2332
f 3110/9332/2333 3105/9331/2333 3106/9330/2333 3109/9329/2333
f 3111/9336/2334 3108/9335/2334 3107/9334/2334 3112/9333/2334
o cube
v -5.91428896191208 2.12062478808792 4.607091580010707
v -6.03928896191208 2.24562478808792 4.43031488471407
v -5.87009478808792 2.1648189619120792 4.607091580010707
v -5.99509478808792 2.2898189619120792 4.43031488471407
v -5.94553896191208 2.15187478808792 4.297732363241592
v -5.82053896191208 2.02687478808792 4.474509058538229
v -5.90134478808792 2.1960689619120792 4.297732363241592
v -5.77634478808792 2.0710689619120792 4.474509058538229
vt 0.1015625 0.3525390625
vt 0.1044921875 0.3525390625
vt 0.1044921875 0.3515625
vt 0.1015625 0.3515625
vt 0.09765625 0.3525390625
vt 0.1015625 0.3525390625
vt 0.1015625 0.3515625
vt 0.09765625 0.3515625
vt 0.1083984375 0.3525390625
vt 0.111328125 0.3525390625
vt 0.111328125 0.3515625
vt 0.1083984375 0.3515625
vt 0.1044921875 0.3525390625
vt 0.1083984375 0.3525390625
vt 0.1083984375 0.3515625
vt 0.1044921875 0.3515625
vt 0.1044921875 0.3525390625
vt 0.1015625 0.3525390625
vt 0.1015625 0.3564453125
vt 0.1044921875 0.3564453125
vt 0.107421875 0.3564453125
vt 0.1044921875 0.3564453125
vt 0.1044921875 0.3525390625
vt 0.107421875 0.3525390625
vn -0.5 0.5000000000000001 -0.7071067811865476
vn -0.4999999999999999 0.5000000000000001 0.7071067811865476
vn 0.5 -0.5000000000000001 0.7071067811865476
vn 0.4999999999999999 -0.5000000000000001 -0.7071067811865476
vn -0.7071067811865476 -0.7071067811865475 -1.1102230246251565e-16
vn 0.7071067811865476 0.7071067811865475 1.1102230246251565e-16
usemtl m_a520c05c-83fc-6d1a-7b60-0c8dd74607e0
f 3116/9340/2335 3119/9339/2335 3117/9338/2335 3114/9337/2335
f 3115/9344/2336 3116/9343/2336 3114/9342/2336 3113/9341/2336
f 3120/9348/2337 3115/9347/2337 3113/9346/2337 3118/9345/2337
f 3119/9352/2338 3120/9351/2338 3118/9350/2338 3117/9349/2338
f 3118/9356/2339 3113/9355/2339 3114/9354/2339 3117/9353/2339
f 3119/9360/2340 3116/9359/2340 3115/9358/2340 3120/9357/2340
o cube
v -6.21828603808792 2.02687478808792 4.474509058538229
v -6.09328603808792 2.15187478808792 4.297732363241592
v -6.26248021191208 2.0710689619120792 4.474509058538229
v -6.13748021191208 2.1960689619120792 4.297732363241592
v -5.99953603808792 2.24562478808792 4.43031488471407
v -6.12453603808792 2.12062478808792 4.607091580010707
v -6.04373021191208 2.2898189619120792 4.43031488471407
v -6.16873021191208 2.1648189619120792 4.607091580010707
vt 0.35546875 0.3525390625
vt 0.3583984375 0.3525390625
vt 0.3583984375 0.3515625
vt 0.35546875 0.3515625
vt 0.3515625 0.3525390625
vt 0.35546875 0.3525390625
vt 0.35546875 0.3515625
vt 0.3515625 0.3515625
vt 0.3623046875 0.3525390625
vt 0.365234375 0.3525390625
vt 0.365234375 0.3515625
vt 0.3623046875 0.3515625
vt 0.3583984375 0.3525390625
vt 0.3623046875 0.3525390625
vt 0.3623046875 0.3515625
vt 0.3583984375 0.3515625
vt 0.3583984375 0.3525390625
vt 0.35546875 0.3525390625
vt 0.35546875 0.3564453125
vt 0.3583984375 0.3564453125
vt 0.361328125 0.3564453125
vt 0.3583984375 0.3564453125
vt 0.3583984375 0.3525390625
vt 0.361328125 0.3525390625
vn 0.5 0.5000000000000001 -0.7071067811865476
vn -0.4999999999999999 -0.5000000000000001 -0.7071067811865476
vn -0.5 -0.5000000000000001 0.7071067811865476
vn 0.4999999999999999 0.5000000000000001 0.7071067811865476
vn 0.7071067811865476 -0.7071067811865475 -1.1102230246251565e-16
vn -0.7071067811865476 0.7071067811865475 1.1102230246251565e-16
usemtl m_a520c05c-83fc-6d1a-7b60-0c8dd74607e0
f 3124/9364/2341 3127/9363/2341 3125/9362/2341 3122/9361/2341
f 3123/9368/2342 3124/9367/2342 3122/9366/2342 3121/9365/2342
f 3128/9372/2343 3123/9371/2343 3121/9370/2343 3126/9369/2343
f 3127/9376/2344 3128/9375/2344 3126/9374/2344 3125/9373/2344
f 3126/9380/2345 3121/9379/2345 3122/9378/2345 3125/9377/2345
f 3127/9384/2346 3124/9383/2346 3123/9382/2346 3128/9381/2346
o cube
v -6.26248021191208 2.4688160380879207 3.037009058538229
v -6.13748021191208 2.3438160380879207 2.8602323632415922
v -6.21828603808792 2.51301021191208 3.037009058538229
v -6.09328603808792 2.38801021191208 2.8602323632415922
v -6.04373021191208 2.2500660380879207 2.9928148847140696
v -6.16873021191208 2.3750660380879207 3.1695915800107066
v -5.99953603808792 2.29426021191208 2.9928148847140696
v -6.12453603808792 2.41926021191208 3.1695915800107066
vt 0.408203125 0.3525390625
vt 0.4111328125 0.3525390625
vt 0.4111328125 0.3515625
vt 0.408203125 0.3515625
vt 0.404296875 0.3525390625
vt 0.408203125 0.3525390625
vt 0.408203125 0.3515625
vt 0.404296875 0.3515625
vt 0.4150390625 0.3525390625
vt 0.41796875 0.3525390625
vt 0.41796875 0.3515625
vt 0.4150390625 0.3515625
vt 0.4111328125 0.3525390625
vt 0.4150390625 0.3525390625
vt 0.4150390625 0.3515625
vt 0.4111328125 0.3515625
vt 0.4111328125 0.3525390625
vt 0.408203125 0.3525390625
vt 0.408203125 0.3564453125
vt 0.4111328125 0.3564453125
vt 0.4140625 0.3564453125
vt 0.4111328125 0.3564453125
vt 0.4111328125 0.3525390625
vt 0.4140625 0.3525390625
vn 0.5 -0.5000000000000001 -0.7071067811865476
vn -0.4999999999999999 0.5000000000000001 -0.7071067811865476
vn -0.5 0.5000000000000001 0.7071067811865476
vn 0.4999999999999999 -0.5000000000000001 0.7071067811865476
vn -0.7071067811865476 -0.7071067811865475 1.1102230246251565e-16
vn 0.7071067811865476 0.7071067811865475 -1.1102230246251565e-16
usemtl m_a520c05c-83fc-6d1a-7b60-0c8dd74607e0
f 3132/9388/2347 3135/9387/2347 3133/9386/2347 3130/9385/2347
f 3131/9392/2348 3132/9391/2348 3130/9390/2348 3129/9389/2348
f 3136/9396/2349 3131/9395/2349 3129/9394/2349 3134/9393/2349
f 3135/9400/2350 3136/9399/2350 3134/9398/2350 3133/9397/2350
f 3134/9404/2351 3129/9403/2351 3130/9402/2351 3133/9401/2351
f 3135/9408/2352 3132/9407/2352 3131/9406/2352 3136/9405/2352
o cube
v -5.87009478808792 2.3750660380879207 3.1695915800107066
v -5.99509478808792 2.2500660380879207 2.9928148847140696
v -5.91428896191208 2.41926021191208 3.1695915800107066
v -6.03928896191208 2.29426021191208 2.9928148847140696
v -5.90134478808792 2.3438160380879207 2.8602323632415922
v -5.77634478808792 2.4688160380879207 3.037009058538229
v -5.94553896191208 2.38801021191208 2.8602323632415922
v -5.82053896191208 2.51301021191208 3.037009058538229
vt 0.6484375 0.853515625
vt 0.6513671875 0.853515625
vt 0.6513671875 0.8525390625
vt 0.6484375 0.8525390625
vt 0.64453125 0.853515625
vt 0.6484375 0.853515625
vt 0.6484375 0.8525390625
vt 0.64453125 0.8525390625
vt 0.6552734375 0.853515625
vt 0.658203125 0.853515625
vt 0.658203125 0.8525390625
vt 0.6552734375 0.8525390625
vt 0.6513671875 0.853515625
vt 0.6552734375 0.853515625
vt 0.6552734375 0.8525390625
vt 0.6513671875 0.8525390625
vt 0.6513671875 0.853515625
vt 0.6484375 0.853515625
vt 0.6484375 0.857421875
vt 0.6513671875 0.857421875
vt 0.654296875 0.857421875
vt 0.6513671875 0.857421875
vt 0.6513671875 0.853515625
vt 0.654296875 0.853515625
vn -0.5 -0.5000000000000001 -0.7071067811865476
vn -0.4999999999999999 -0.5000000000000001 0.7071067811865476
vn 0.5 0.5000000000000001 0.7071067811865476
vn 0.4999999999999999 0.5000000000000001 -0.7071067811865476
vn 0.7071067811865476 -0.7071067811865475 1.1102230246251565e-16
vn -0.7071067811865476 0.7071067811865475 -1.1102230246251565e-16
usemtl m_a520c05c-83fc-6d1a-7b60-0c8dd74607e0
f 3140/9412/2353 3143/9411/2353 3141/9410/2353 3138/9409/2353
f 3139/9416/2354 3140/9415/2354 3138/9414/2354 3137/9413/2354
f 3144/9420/2355 3139/9419/2355 3137/9418/2355 3142/9417/2355
f 3143/9424/2356 3144/9423/2356 3142/9422/2356 3141/9421/2356
f 3142/9428/2357 3137/9427/2357 3138/9426/2357 3141/9425/2357
f 3143/9432/2358 3140/9431/2358 3139/9430/2358 3144/9429/2358
o cube
v -6.21828603808792 2.02687478808792 3.037009058538229
v -6.09328603808792 2.15187478808792 2.8602323632415922
v -6.26248021191208 2.0710689619120792 3.037009058538229
v -6.13748021191208 2.1960689619120792 2.8602323632415922
v -5.99953603808792 2.24562478808792 2.9928148847140696
v -6.12453603808792 2.12062478808792 3.1695915800107066
v -6.04373021191208 2.2898189619120792 2.9928148847140696
v -6.16873021191208 2.1648189619120792 3.1695915800107066
vt 0.6484375 0.8486328125
vt 0.6513671875 0.8486328125
vt 0.6513671875 0.84765625
vt 0.6484375 0.84765625
vt 0.64453125 0.8486328125
vt 0.6484375 0.8486328125
vt 0.6484375 0.84765625
vt 0.64453125 0.84765625
vt 0.6552734375 0.8486328125
vt 0.658203125 0.8486328125
vt 0.658203125 0.84765625
vt 0.6552734375 0.84765625
vt 0.6513671875 0.8486328125
vt 0.6552734375 0.8486328125
vt 0.6552734375 0.84765625
vt 0.6513671875 0.84765625
vt 0.6513671875 0.8486328125
vt 0.6484375 0.8486328125
vt 0.6484375 0.8525390625
vt 0.6513671875 0.8525390625
vt 0.654296875 0.8525390625
vt 0.6513671875 0.8525390625
vt 0.6513671875 0.8486328125
vt 0.654296875 0.8486328125
vn 0.5 0.5000000000000001 -0.7071067811865476
vn -0.4999999999999999 -0.5000000000000001 -0.7071067811865476
vn -0.5 -0.5000000000000001 0.7071067811865476
vn 0.4999999999999999 0.5000000000000001 0.7071067811865476
vn 0.7071067811865476 -0.7071067811865475 -1.1102230246251565e-16
vn -0.7071067811865476 0.7071067811865475 1.1102230246251565e-16
usemtl m_a520c05c-83fc-6d1a-7b60-0c8dd74607e0
f 3148/9436/2359 3151/9435/2359 3149/9434/2359 3146/9433/2359
f 3147/9440/2360 3148/9439/2360 3146/9438/2360 3145/9437/2360
f 3152/9444/2361 3147/9443/2361 3145/9442/2361 3150/9441/2361
f 3151/9448/2362 3152/9447/2362 3150/9446/2362 3149/9445/2362
f 3150/9452/2363 3145/9451/2363 3146/9450/2363 3149/9449/2363
f 3151/9456/2364 3148/9455/2364 3147/9454/2364 3152/9453/2364
o cube
v -5.91428896191208 2.12062478808792 3.1695915800107066
v -6.03928896191208 2.24562478808792 2.9928148847140696
v -5.87009478808792 2.1648189619120792 3.1695915800107066
v -5.99509478808792 2.2898189619120792 2.9928148847140696
v -5.94553896191208 2.15187478808792 2.8602323632415922
v -5.82053896191208 2.02687478808792 3.037009058538229
v -5.90134478808792 2.1960689619120792 2.8602323632415922
v -5.77634478808792 2.0710689619120792 3.037009058538229
vt 0.20703125 0.3515625
vt 0.2099609375 0.3515625
vt 0.2099609375 0.3505859375
vt 0.20703125 0.3505859375
vt 0.203125 0.3515625
vt 0.20703125 0.3515625
vt 0.20703125 0.3505859375
vt 0.203125 0.3505859375
vt 0.2138671875 0.3515625
vt 0.216796875 0.3515625
vt 0.216796875 0.3505859375
vt 0.2138671875 0.3505859375
vt 0.2099609375 0.3515625
vt 0.2138671875 0.3515625
vt 0.2138671875 0.3505859375
vt 0.2099609375 0.3505859375
vt 0.2099609375 0.3515625
vt 0.20703125 0.3515625
vt 0.20703125 0.35546875
vt 0.2099609375 0.35546875
vt 0.212890625 0.35546875
vt 0.2099609375 0.35546875
vt 0.2099609375 0.3515625
vt 0.212890625 0.3515625
vn -0.5 0.5000000000000001 -0.7071067811865476
vn -0.4999999999999999 0.5000000000000001 0.7071067811865476
vn 0.5 -0.5000000000000001 0.7071067811865476
vn 0.4999999999999999 -0.5000000000000001 -0.7071067811865476
vn -0.7071067811865476 -0.7071067811865475 -1.1102230246251565e-16
vn 0.7071067811865476 0.7071067811865475 1.1102230246251565e-16
usemtl m_a520c05c-83fc-6d1a-7b60-0c8dd74607e0
f 3156/9460/2365 3159/9459/2365 3157/9458/2365 3154/9457/2365
f 3155/9464/2366 3156/9463/2366 3154/9462/2366 3153/9461/2366
f 3160/9468/2367 3155/9467/2367 3153/9466/2367 3158/9465/2367
f 3159/9472/2368 3160/9471/2368 3158/9470/2368 3157/9469/2368
f 3158/9476/2369 3153/9475/2369 3154/9474/2369 3157/9473/2369
f 3159/9480/2370 3156/9479/2370 3155/9478/2370 3160/9477/2370
o cube
v -6.2624804560328755 2.4688162822087163 3.28700875
v -6.2624804560328755 2.4688162822087163 3.03700875
v -6.218286282208716 2.513010456032876 3.28700875
v -6.218286282208716 2.513010456032876 3.03700875
v -5.820538717791283 2.026874543967124 3.03700875
v -5.820538717791283 2.026874543967124 3.28700875
v -5.776344543967124 2.0710687177912837 3.03700875
v -5.776344543967124 2.0710687177912837 3.28700875
vt 0.6171875 0.361328125
vt 0.626953125 0.361328125
vt 0.626953125 0.3603515625
vt 0.6171875 0.3603515625
vt 0.61328125 0.361328125
vt 0.6171875 0.361328125
vt 0.6171875 0.3603515625
vt 0.61328125 0.3603515625
vt 0.630859375 0.361328125
vt 0.640625 0.361328125
vt 0.640625 0.3603515625
vt 0.630859375 0.3603515625
vt 0.626953125 0.361328125
vt 0.630859375 0.361328125
vt 0.630859375 0.3603515625
vt 0.626953125 0.3603515625
vt 0.626953125 0.361328125
vt 0.6171875 0.361328125
vt 0.6171875 0.365234375
vt 0.626953125 0.365234375
vt 0.63671875 0.365234375
vt 0.626953125 0.365234375
vt 0.626953125 0.361328125
vt 0.63671875 0.361328125
vn 0 0 -1
vn -0.7071067811865475 0.7071067811865477 0
vn 0 0 1
vn 0.7071067811865475 -0.7071067811865477 0
vn -0.7071067811865477 -0.7071067811865475 0
vn 0.7071067811865477 0.7071067811865475 0
usemtl m_a520c05c-83fc-6d1a-7b60-0c8dd74607e0
f 3164/9484/2371 3167/9483/2371 3165/9482/2371 3162/9481/2371
f 3163/9488/2372 3164/9487/2372 3162/9486/2372 3161/9485/2372
f 3168/9492/2373 3163/9491/2373 3161/9490/2373 3166/9489/2373
f 3167/9496/2374 3168/9495/2374 3166/9494/2374 3165/9493/2374
f 3166/9500/2375 3161/9499/2375 3162/9498/2375 3165/9497/2375
f 3167/9504/2376 3164/9503/2376 3163/9502/2376 3168/9501/2376
o cube
v -5.820538717791283 2.513010456032876 3.28700875
v -5.820538717791283 2.513010456032876 3.03700875
v -5.776344543967124 2.4688162822087163 3.28700875
v -5.776344543967124 2.4688162822087163 3.03700875
v -6.2624804560328755 2.0710687177912837 3.03700875
v -6.2624804560328755 2.0710687177912837 3.28700875
v -6.218286282208716 2.026874543967124 3.03700875
v -6.218286282208716 2.026874543967124 3.28700875
vt 0.00390625 0.3603515625
vt 0.013671875 0.3603515625
vt 0.013671875 0.359375
vt 0.00390625 0.359375
vt 0 0.3603515625
vt 0.00390625 0.3603515625
vt 0.00390625 0.359375
vt 0 0.359375
vt 0.017578125 0.3603515625
vt 0.02734375 0.3603515625
vt 0.02734375 0.359375
vt 0.017578125 0.359375
vt 0.013671875 0.3603515625
vt 0.017578125 0.3603515625
vt 0.017578125 0.359375
vt 0.013671875 0.359375
vt 0.013671875 0.3603515625
vt 0.00390625 0.3603515625
vt 0.00390625 0.3642578125
vt 0.013671875 0.3642578125
vt 0.0234375 0.3642578125
vt 0.013671875 0.3642578125
vt 0.013671875 0.3603515625
vt 0.0234375 0.3603515625
vn 0 0 -1
vn 0.7071067811865475 0.7071067811865476 0
vn 0 0 1
vn -0.7071067811865475 -0.7071067811865476 0
vn -0.7071067811865476 0.7071067811865475 0
vn 0.7071067811865476 -0.7071067811865475 0
usemtl m_a520c05c-83fc-6d1a-7b60-0c8dd74607e0
f 3172/9508/2377 3175/9507/2377 3173/9506/2377 3170/9505/2377
f 3171/9512/2378 3172/9511/2378 3170/9510/2378 3169/9509/2378
f 3176/9516/2379 3171/9515/2379 3169/9514/2379 3174/9513/2379
f 3175/9520/2380 3176/9519/2380 3174/9518/2380 3173/9517/2380
f 3174/9524/2381 3169/9523/2381 3170/9522/2381 3173/9521/2381
f 3175/9528/2382 3172/9527/2382 3171/9526/2382 3176/9525/2382
o cube
v -5.9256625 2.3636925 4.55263375
v -5.9256625 2.3636925 1.11513375
v -5.9256625 2.1761925 4.55263375
v -5.9256625 2.1761925 1.11513375
v -6.1131625 2.3636925 1.11513375
v -6.1131625 2.3636925 4.55263375
v -6.1131625 2.1761925 1.11513375
v -6.1131625 2.1761925 4.55263375
vt 0.5029296875 0.625
vt 0.505859375 0.625
vt 0.505859375 0.6220703125
vt 0.5029296875 0.6220703125
vt 0.44921875 0.625
vt 0.5029296875 0.625
vt 0.5029296875 0.6220703125
vt 0.44921875 0.6220703125
vt 0.5595703125 0.625
vt 0.5625 0.625
vt 0.5625 0.6220703125
vt 0.5595703125 0.6220703125
vt 0.505859375 0.625
vt 0.5595703125 0.625
vt 0.5595703125 0.6220703125
vt 0.505859375 0.6220703125
vt 0.505859375 0.625
vt 0.5029296875 0.625
vt 0.5029296875 0.6787109375
vt 0.505859375 0.6787109375
vt 0.5087890625 0.6787109375
vt 0.505859375 0.6787109375
vt 0.505859375 0.625
vt 0.5087890625 0.625
vn 0 0 -1
vn 1 0 0
vn 0 0 1
vn -1 0 0
vn 0 1 0
vn 0 -1 0
usemtl m_a520c05c-83fc-6d1a-7b60-0c8dd74607e0
f 3180/9532/2383 3183/9531/2383 3181/9530/2383 3178/9529/2383
f 3179/9536/2384 3180/9535/2384 3178/9534/2384 3177/9533/2384
f 3184/9540/2385 3179/9539/2385 3177/9538/2385 3182/9537/2385
f 3183/9544/2386 3184/9543/2386 3182/9542/2386 3181/9541/2386
f 3182/9548/2387 3177/9547/2387 3178/9546/2387 3181/9545/2387
f 3183/9552/2388 3180/9551/2388 3179/9550/2388 3184/9549/2388
o cube
v -5.9569125 2.3324425 4.55263375
v -5.9569125 2.3324425 0.99013375
v -5.9569125 2.2074425 4.55263375
v -5.9569125 2.2074425 0.99013375
v -6.0819125 2.3324425 0.99013375
v -6.0819125 2.3324425 4.55263375
v -6.0819125 2.2074425 0.99013375
v -6.0819125 2.2074425 4.55263375
vt 0.0556640625 0.5244140625
vt 0.0576171875 0.5244140625
vt 0.0576171875 0.5224609375
vt 0.0556640625 0.5224609375
vt 0 0.5244140625
vt 0.0556640625 0.5244140625
vt 0.0556640625 0.5224609375
vt 0 0.5224609375
vt 0.11328125 0.5244140625
vt 0.115234375 0.5244140625
vt 0.115234375 0.5224609375
vt 0.11328125 0.5224609375
vt 0.0576171875 0.5244140625
vt 0.11328125 0.5244140625
vt 0.11328125 0.5224609375
vt 0.0576171875 0.5224609375
vt 0.0576171875 0.5244140625
vt 0.0556640625 0.5244140625
vt 0.0556640625 0.580078125
vt 0.0576171875 0.580078125
vt 0.0595703125 0.580078125
vt 0.0576171875 0.580078125
vt 0.0576171875 0.5244140625
vt 0.0595703125 0.5244140625
vn 0 0 -1
vn 1 0 0
vn 0 0 1
vn -1 0 0
vn 0 1 0
vn 0 -1 0
usemtl m_a520c05c-83fc-6d1a-7b60-0c8dd74607e0
f 3188/9556/2389 3191/9555/2389 3189/9554/2389 3186/9553/2389
f 3187/9560/2390 3188/9559/2390 3186/9558/2390 3185/9557/2390
f 3192/9564/2391 3187/9563/2391 3185/9562/2391 3190/9561/2391
f 3191/9568/2392 3192/9567/2392 3190/9566/2392 3189/9565/2392
f 3190/9572/2393 3185/9571/2393 3186/9570/2393 3189/9569/2393
f 3191/9576/2394 3188/9575/2394 3187/9574/2394 3192/9573/2394
o cube
v -5.7069125 2.3793175 4.67763375
v -5.7069125 2.3793175 2.11513375
v -5.7069125 2.1605675 4.67763375
v -5.7069125 2.1605675 2.11513375
v -5.8944125 2.3793175 2.11513375
v -5.8944125 2.3793175 4.67763375
v -5.8944125 2.1605675 2.11513375
v -5.8944125 2.1605675 4.67763375
vt 0.0400390625 0.466796875
vt 0.04296875 0.466796875
vt 0.04296875 0.4638671875
vt 0.0400390625 0.4638671875
vt 0 0.466796875
vt 0.0400390625 0.466796875
vt 0.0400390625 0.4638671875
vt 0 0.4638671875
vt 0.0830078125 0.466796875
vt 0.0859375 0.466796875
vt 0.0859375 0.4638671875
vt 0.0830078125 0.4638671875
vt 0.04296875 0.466796875
vt 0.0830078125 0.466796875
vt 0.0830078125 0.4638671875
vt 0.04296875 0.4638671875
vt 0.04296875 0.466796875
vt 0.0400390625 0.466796875
vt 0.0400390625 0.5068359375
vt 0.04296875 0.5068359375
vt 0.0458984375 0.5068359375
vt 0.04296875 0.5068359375
vt 0.04296875 0.466796875
vt 0.0458984375 0.466796875
vn 0 0 -1
vn 1 0 0
vn 0 0 1
vn -1 0 0
vn 0 1 0
vn 0 -1 0
usemtl m_a520c05c-83fc-6d1a-7b60-0c8dd74607e0
f 3196/9580/2395 3199/9579/2395 3197/9578/2395 3194/9577/2395
f 3195/9584/2396 3196/9583/2396 3194/9582/2396 3193/9581/2396
f 3200/9588/2397 3195/9587/2397 3193/9586/2397 3198/9585/2397
f 3199/9592/2398 3200/9591/2398 3198/9590/2398 3197/9589/2398
f 3198/9596/2399 3193/9595/2399 3194/9594/2399 3197/9593/2399
f 3199/9600/2400 3196/9599/2400 3195/9598/2400 3200/9597/2400
o cube
v -5.7069126027981065 2.3793175 2.115133751885538
v -5.927883471918903 2.3793175 1.894162882764742
v -5.7069126027981065 2.1605675 2.115133751885538
v -5.927883471918903 2.1605675 1.894162882764742
v -6.0604659933913805 2.3793175 2.0267454042372197
v -5.839495124270584 2.3793175 2.247716273358016
v -6.0604659933913805 2.1605675 2.0267454042372197
v -5.839495124270584 2.1605675 2.247716273358016
vt 0.2880859375 0.357421875
vt 0.291015625 0.357421875
vt 0.291015625 0.3544921875
vt 0.2880859375 0.3544921875
vt 0.283203125 0.357421875
vt 0.2880859375 0.357421875
vt 0.2880859375 0.3544921875
vt 0.283203125 0.3544921875
vt 0.2958984375 0.357421875
vt 0.298828125 0.357421875
vt 0.298828125 0.3544921875
vt 0.2958984375 0.3544921875
vt 0.291015625 0.357421875
vt 0.2958984375 0.357421875
vt 0.2958984375 0.3544921875
vt 0.291015625 0.3544921875
vt 0.291015625 0.357421875
vt 0.2880859375 0.357421875
vt 0.2880859375 0.3623046875
vt 0.291015625 0.3623046875
vt 0.2939453125 0.3623046875
vt 0.291015625 0.3623046875
vt 0.291015625 0.357421875
vt 0.2939453125 0.357421875
vn -0.7071067811865476 0 -0.7071067811865475
vn 0.7071067811865475 0 -0.7071067811865476
vn 0.7071067811865476 0 0.7071067811865475
vn -0.7071067811865475 0 0.7071067811865476
vn 0 1 0
vn 0 -1 0
usemtl m_a520c05c-83fc-6d1a-7b60-0c8dd74607e0
f 3204/9604/2401 3207/9603/2401 3205/9602/2401 3202/9601/2401
f 3203/9608/2402 3204/9607/2402 3202/9606/2402 3201/9605/2402
f 3208/9612/2403 3203/9611/2403 3201/9610/2403 3206/9609/2403
f 3207/9616/2404 3208/9615/2404 3206/9614/2404 3205/9613/2404
f 3206/9620/2405 3201/9619/2405 3202/9618/2405 3205/9617/2405
f 3207/9624/2406 3204/9623/2406 3203/9622/2406 3208/9621/2406
o cube
v -4.566833777330103 2.3477275000000004 3.0271485207895754
v -4.491375938495937 2.3477275000000004 3.455091190317421
v -4.566833777330103 2.1918175 3.0271485207895754
v -4.491375938495937 2.1918175 3.455091190317421
v -2.0458009989261843 2.3477275000000004 3.0238703451267988
v -2.12125883776035 2.3477275000000004 2.5959276755989533
v -2.0458009989261843 2.1918175 3.0238703451267988
v -2.12125883776035 2.1918175 2.5959276755989533
vt 0.568359375 0.6318359375
vt 0.6064453125 0.6318359375
vt 0.6064453125 0.6298828125
vt 0.568359375 0.6298828125
vt 0.5625 0.6318359375
vt 0.568359375 0.6318359375
vt 0.568359375 0.6298828125
vt 0.5625 0.6298828125
vt 0.6123046875 0.6318359375
vt 0.650390625 0.6318359375
vt 0.650390625 0.6298828125
vt 0.6123046875 0.6298828125
vt 0.6064453125 0.6318359375
vt 0.6123046875 0.6318359375
vt 0.6123046875 0.6298828125
vt 0.6064453125 0.6298828125
vt 0.6064453125 0.6318359375
vt 0.568359375 0.6318359375
vt 0.568359375 0.6376953125
vt 0.6064453125 0.6376953125
vt 0.64453125 0.6376953125
vt 0.6064453125 0.6376953125
vt 0.6064453125 0.6318359375
vt 0.64453125 0.6318359375
vn 0.17364817766693072 0 0.9848077530122081
vn -0.9848077530122081 0 0.17364817766693072
vn -0.17364817766693072 0 -0.9848077530122081
vn 0.9848077530122081 0 -0.17364817766693072
vn 0 1 0
vn 0 -1 0
usemtl m_a520c05c-83fc-6d1a-7b60-0c8dd74607e0
f 3212/9628/2407 3215/9627/2407 3213/9626/2407 3210/9625/2407
f 3211/9632/2408 3212/9631/2408 3210/9630/2408 3209/9629/2408
f 3216/9636/2409 3211/9635/2409 3209/9634/2409 3214/9633/2409
f 3215/9640/2410 3216/9639/2410 3214/9638/2410 3213/9637/2410
f 3214/9644/2411 3209/9643/2411 3210/9642/2411 3213/9641/2411
f 3215/9648/2412 3212/9647/2412 3211/9646/2412 3216/9645/2412
o cube
v -1.2731189324189236 2.34929 1.0121867331379324
v -1.8800807104531367 2.34929 0.22117874365893364
v -1.2731189324189236 2.1933799999999994 1.0121867331379324
v -1.8800807104531367 2.1933799999999994 0.22117874365893364
v -5.7162693856307785 2.34929 3.164789845101992
v -5.109307607596565 2.34929 3.9557978345809905
v -5.7162693856307785 2.1933799999999994 3.164789845101992
v -5.109307607596565 2.1933799999999994 3.9557978345809905
vt 0.2060546875 0.5751953125
vt 0.28125 0.5751953125
vt 0.28125 0.5732421875
vt 0.2060546875 0.5732421875
vt 0.19140625 0.5751953125
vt 0.2060546875 0.5751953125
vt 0.2060546875 0.5732421875
vt 0.19140625 0.5732421875
vt 0.2958984375 0.5751953125
vt 0.37109375 0.5751953125
vt 0.37109375 0.5732421875
vt 0.2958984375 0.5732421875
vt 0.28125 0.5751953125
vt 0.2958984375 0.5751953125
vt 0.2958984375 0.5732421875
vt 0.28125 0.5732421875
vt 0.28125 0.5751953125
vt 0.2060546875 0.5751953125
vt 0.2060546875 0.58984375
vt 0.28125 0.58984375
vt 0.3564453125 0.58984375
vt 0.28125 0.58984375
vt 0.28125 0.5751953125
vt 0.3564453125 0.5751953125
vn -0.6087614290087207 0 -0.7933533402912352
vn 0.7933533402912352 0 -0.6087614290087207
vn 0.6087614290087207 0 0.7933533402912352
vn -0.7933533402912352 0 0.6087614290087207
vn 0 1 0
vn 0 -1 0
usemtl m_a520c05c-83fc-6d1a-7b60-0c8dd74607e0
f 3220/9652/2413 3223/9651/2413 3221/9650/2413 3218/9649/2413
f 3219/9656/2414 3220/9655/2414 3218/9654/2414 3217/9653/2414
f 3224/9660/2415 3219/9659/2415 3217/9658/2415 3222/9657/2415
f 3223/9664/2416 3224/9663/2416 3222/9662/2416 3221/9661/2416
f 3222/9668/2417 3217/9667/2417 3218/9666/2417 3221/9665/2417
f 3223/9672/2418 3220/9671/2418 3219/9670/2418 3224/9669/2418
o cube
v -2.05785 2.2011925 3.43397375
v -2.05785 2.2011925 0.6545987499999999
v -2.05785 0.9011925000000001 3.43397375
v -2.05785 0.9011925000000001 0.6545987499999999
v -2.292225 2.2011925 0.6545987499999999
v -2.292225 2.2011925 3.43397375
v -2.292225 0.9011925000000001 0.6545987499999999
v -2.292225 0.9011925000000001 3.43397375
vt 0.60546875 0.333984375
vt 0.609375 0.333984375
vt 0.609375 0.3134765625
vt 0.60546875 0.3134765625
vt 0.037109375 0.353515625
vt 0.080078125 0.353515625
vt 0.080078125 0.3330078125
vt 0.037109375 0.3330078125
vt 0.609375 0.333984375
vt 0.61328125 0.333984375
vt 0.61328125 0.3134765625
vt 0.609375 0.3134765625
vt 0.646484375 0.3544921875
vt 0.689453125 0.3544921875
vt 0.689453125 0.333984375
vt 0.646484375 0.333984375
vt 0.00390625 0.2939453125
vt 0 0.2939453125
vt 0 0.3369140625
vt 0.00390625 0.3369140625
vt 0.0078125 0.3369140625
vt 0.00390625 0.3369140625
vt 0.00390625 0.2939453125
vt 0.0078125 0.2939453125
vn 0 0 -1
vn 1 0 0
vn 0 0 1
vn -1 0 0
vn 0 1 0
vn 0 -1 0
usemtl m_a520c05c-83fc-6d1a-7b60-0c8dd74607e0
f 3228/9676/2419 3231/9675/2419 3229/9674/2419 3226/9673/2419
f 3227/9680/2420 3228/9679/2420 3226/9678/2420 3225/9677/2420
f 3232/9684/2421 3227/9683/2421 3225/9682/2421 3230/9681/2421
f 3231/9688/2422 3232/9687/2422 3230/9686/2422 3229/9685/2422
f 3230/9692/2423 3225/9691/2423 3226/9690/2423 3229/9689/2423
f 3231/9696/2424 3228/9695/2424 3227/9694/2424 3232/9693/2424
o cube
v -1.9953500000000002 1.7636924230945548 -0.5954012422235366
v -1.9953500000000002 1.5193025228800425 -2.4517268318864067
v -1.9953500000000002 1.478652025449584 -0.5578749619602718
v -1.9953500000000002 1.2342621252350718 -2.414200551623142
v -2.354725 1.5193025228800425 -2.4517268318864067
v -2.354725 1.7636924230945548 -0.5954012422235366
v -2.354725 1.2342621252350718 -2.414200551623142
v -2.354725 1.478652025449584 -0.5578749619602718
vt 0.5908203125 0.6494140625
vt 0.595703125 0.6494140625
vt 0.595703125 0.6455078125
vt 0.5908203125 0.6455078125
vt 0.5625 0.6494140625
vt 0.5908203125 0.6494140625
vt 0.5908203125 0.6455078125
vt 0.5625 0.6455078125
vt 0.6240234375 0.6494140625
vt 0.62890625 0.6494140625
vt 0.62890625 0.6455078125
vt 0.6240234375 0.6455078125
vt 0.595703125 0.6494140625
vt 0.6240234375 0.6494140625
vt 0.6240234375 0.6455078125
vt 0.595703125 0.6455078125
vt 0.595703125 0.6494140625
vt 0.5908203125 0.6494140625
vt 0.5908203125 0.677734375
vt 0.595703125 0.677734375
vt 0.6005859375 0.677734375
vt 0.595703125 0.677734375
vt 0.595703125 0.6494140625
vt 0.6005859375 0.6494140625
vn 0 -0.13052619222005157 -0.9914448613738104
vn 1 0 0
vn 0 0.13052619222005157 0.9914448613738104
vn -1 0 0
vn 0 0.9914448613738104 -0.13052619222005157
vn 0 -0.9914448613738104 0.13052619222005157
usemtl m_a520c05c-83fc-6d1a-7b60-0c8dd74607e0
f 3236/9700/2425 3239/9699/2425 3237/9698/2425 3234/9697/2425
f 3235/9704/2426 3236/9703/2426 3234/9702/2426 3233/9701/2426
f 3240/9708/2427 3235/9707/2427 3233/9706/2427 3238/9705/2427
f 3239/9712/2428 3240/9711/2428 3238/9710/2428 3237/9709/2428
f 3238/9716/2429 3233/9715/2429 3234/9714/2429 3237/9713/2429
f 3239/9720/2430 3236/9719/2430 3235/9718/2430 3240/9717/2430
o cube
v -2.354725 0.9011925769054453 -0.5954012422235366
v -2.354725 1.1455824771199574 -2.4517268318864067
v -2.354725 1.1862329745504159 -0.5578749619602718
v -2.354725 1.430622874764928 -2.414200551623142
v -1.9953500000000002 1.1455824771199574 -2.4517268318864067
v -1.9953500000000002 0.9011925769054453 -0.5954012422235366
v -1.9953500000000002 1.430622874764928 -2.414200551623142
v -1.9953500000000002 1.1862329745504159 -0.5578749619602718
vt 0.5419921875 0.4091796875
vt 0.546875 0.4091796875
vt 0.546875 0.4052734375
vt 0.5419921875 0.4052734375
vt 0.513671875 0.4091796875
vt 0.5419921875 0.4091796875
vt 0.5419921875 0.4052734375
vt 0.513671875 0.4052734375
vt 0.5751953125 0.4091796875
vt 0.580078125 0.4091796875
vt 0.580078125 0.4052734375
vt 0.5751953125 0.4052734375
vt 0.546875 0.4091796875
vt 0.5751953125 0.4091796875
vt 0.5751953125 0.4052734375
vt 0.546875 0.4052734375
vt 0.546875 0.4091796875
vt 0.5419921875 0.4091796875
vt 0.5419921875 0.4375
vt 0.546875 0.4375
vt 0.5517578125 0.4375
vt 0.546875 0.4375
vt 0.546875 0.4091796875
vt 0.5517578125 0.4091796875
vn 1.5984848350717836e-17 0.1305261922200516 -0.9914448613738105
vn -1 1.2246467991473535e-16 0
vn -1.5984848350717836e-17 -0.1305261922200516 0.9914448613738105
vn 1 -1.2246467991473535e-16 0
vn -1.2141697760125282e-16 -0.9914448613738104 -0.13052619222005157
vn 1.2141697760125282e-16 0.9914448613738104 0.13052619222005157
usemtl m_a520c05c-83fc-6d1a-7b60-0c8dd74607e0
f 3244/9724/2431 3247/9723/2431 3245/9722/2431 3242/9721/2431
f 3243/9728/2432 3244/9727/2432 3242/9726/2432 3241/9725/2432
f 3248/9732/2433 3243/9731/2433 3241/9730/2433 3246/9729/2433
f 3247/9736/2434 3248/9735/2434 3246/9734/2434 3245/9733/2434
f 3246/9740/2435 3241/9739/2435 3242/9738/2435 3245/9737/2435
f 3247/9744/2436 3244/9743/2436 3243/9742/2436 3248/9741/2436
o cube
v -1.7437875779722938 1.1527550000000002 -0.5954015532975587
v -1.988177478186806 1.1527550000000002 -2.4517271429604293
v -2.028827975617264 1.152755 -0.557875273034294
v -2.2732178758317767 1.152755 -2.4142008626971645
v -1.988177478186806 1.5121300000000002 -2.4517271429604293
v -1.7437875779722938 1.5121300000000002 -0.5954015532975587
v -2.2732178758317767 1.51213 -2.4142008626971645
v -2.0288279756172645 1.51213 -0.557875273034294
vt 0.5927734375 0.8603515625
vt 0.59765625 0.8603515625
vt 0.59765625 0.8564453125
vt 0.5927734375 0.8564453125
vt 0.564453125 0.8603515625
vt 0.5927734375 0.8603515625
vt 0.5927734375 0.8564453125
vt 0.564453125 0.8564453125
vt 0.6259765625 0.8603515625
vt 0.630859375 0.8603515625
vt 0.630859375 0.8564453125
vt 0.6259765625 0.8564453125
vt 0.59765625 0.8603515625
vt 0.6259765625 0.8603515625
vt 0.6259765625 0.8564453125
vt 0.59765625 0.8564453125
vt 0.59765625 0.8603515625
vt 0.5927734375 0.8603515625
vt 0.5927734375 0.888671875
vt 0.59765625 0.888671875
vt 0.6025390625 0.888671875
vt 0.59765625 0.888671875
vt 0.59765625 0.8603515625
vt 0.6025390625 0.8603515625
vn -0.1305261922200516 -5.796527356774012e-17 -0.9914448613738105
vn 4.421013798963923e-16 -1 -4.4206212158446344e-17
vn 0.1305261922200516 5.796527356774012e-17 0.9914448613738105
vn -4.421013798963923e-16 1 4.4206212158446344e-17
vn 0.9914448613738104 4.402899650974004e-16 -0.13052619222005157
vn -0.9914448613738104 -4.402899650974004e-16 0.13052619222005157
usemtl m_a520c05c-83fc-6d1a-7b60-0c8dd74607e0
f 3252/9748/2437 3255/9747/2437 3253/9746/2437 3250/9745/2437
f 3251/9752/2438 3252/9751/2438 3250/9750/2438 3249/9749/2438
f 3256/9756/2439 3251/9755/2439 3249/9754/2439 3254/9753/2439
f 3255/9760/2440 3256/9759/2440 3254/9758/2440 3253/9757/2440
f 3254/9764/2441 3249/9763/2441 3250/9762/2441 3253/9761/2441
f 3255/9768/2442 3252/9767/2442 3251/9766/2442 3256/9765/2442
o cube
v -2.606287422027706 1.5121300000000002 -0.5954015532975587
v -2.361897521813194 1.5121300000000002 -2.4517271429604293
v -2.3212470243827354 1.51213 -0.557875273034294
v -2.0768571241682237 1.51213 -2.4142008626971645
v -2.3618975218131943 1.1527550000000002 -2.4517271429604293
v -2.606287422027706 1.1527550000000002 -0.5954015532975587
v -2.0768571241682237 1.152755 -2.4142008626971645
v -2.321247024382736 1.152755 -0.557875273034294
vt 0.0283203125 0.40625
vt 0.033203125 0.40625
vt 0.033203125 0.40234375
vt 0.0283203125 0.40234375
vt 0 0.40625
vt 0.0283203125 0.40625
vt 0.0283203125 0.40234375
vt 0 0.40234375
vt 0.0615234375 0.40625
vt 0.06640625 0.40625
vt 0.06640625 0.40234375
vt 0.0615234375 0.40234375
vt 0.033203125 0.40625
vt 0.0615234375 0.40625
vt 0.0615234375 0.40234375
vt 0.033203125 0.40234375
vt 0.033203125 0.40625
vt 0.0283203125 0.40625
vt 0.0283203125 0.4345703125
vt 0.033203125 0.4345703125
vt 0.0380859375 0.4345703125
vt 0.033203125 0.4345703125
vt 0.033203125 0.40625
vt 0.0380859375 0.40625
vn 0.1305261922200516 -5.796527356774012e-17 -0.9914448613738105
vn 4.421013798963923e-16 1 4.4206212158446344e-17
vn -0.1305261922200516 5.796527356774012e-17 0.9914448613738105
vn -4.421013798963923e-16 -1 -4.4206212158446344e-17
vn -0.9914448613738104 4.402899650974004e-16 -0.13052619222005157
vn 0.9914448613738104 -4.402899650974004e-16 0.13052619222005157
usemtl m_a520c05c-83fc-6d1a-7b60-0c8dd74607e0
f 3260/9772/2443 3263/9771/2443 3261/9770/2443 3258/9769/2443
f 3259/9776/2444 3260/9775/2444 3258/9774/2444 3257/9773/2444
f 3264/9780/2445 3259/9779/2445 3257/9778/2445 3262/9777/2445
f 3263/9784/2446 3264/9783/2446 3262/9782/2446 3261/9781/2446
f 3262/9788/2447 3257/9787/2447 3258/9786/2447 3261/9785/2447
f 3263/9792/2448 3260/9791/2448 3259/9790/2448 3264/9789/2448
o cube
v -2.354725 1.51213 3.1277237500000004
v -2.354725 1.51213 -2.4641512499999996
v -1.9953500000000002 1.51213 3.1277237500000004
v -1.9953500000000002 1.51213 -2.4641512499999996
v -2.354725 1.152755 -2.4641512499999996
v -2.354725 1.152755 3.1277237500000004
v -1.9953500000000002 1.152755 -2.4641512499999996
v -1.9953500000000002 1.152755 3.1277237500000004
vt 0.0869140625 0.6123046875
vt 0.091796875 0.6123046875
vt 0.091796875 0.607421875
vt 0.0869140625 0.607421875
vt 0 0.6123046875
vt 0.0869140625 0.6123046875
vt 0.0869140625 0.607421875
vt 0 0.607421875
vt 0.1787109375 0.6123046875
vt 0.18359375 0.6123046875
vt 0.18359375 0.607421875
vt 0.1787109375 0.607421875
vt 0.091796875 0.6123046875
vt 0.1787109375 0.6123046875
vt 0.1787109375 0.607421875
vt 0.091796875 0.607421875
vt 0.091796875 0.6123046875
vt 0.0869140625 0.6123046875
vt 0.0869140625 0.69921875
vt 0.091796875 0.69921875
vt 0.0966796875 0.69921875
vt 0.091796875 0.69921875
vt 0.091796875 0.6123046875
vt 0.0966796875 0.6123046875
vn 0 0 -1
vn 2.220446049250313e-16 1 0
vn 0 0 1
vn -2.220446049250313e-16 -1 0
vn -1 2.220446049250313e-16 0
vn 1 -2.220446049250313e-16 0
usemtl m_a520c05c-83fc-6d1a-7b60-0c8dd74607e0
f 3268/9796/2449 3271/9795/2449 3269/9794/2449 3266/9793/2449
f 3267/9800/2450 3268/9799/2450 3266/9798/2450 3265/9797/2450
f 3272/9804/2451 3267/9803/2451 3265/9802/2451 3270/9801/2451
f 3271/9808/2452 3272/9807/2452 3270/9806/2452 3269/9805/2452
f 3270/9812/2453 3265/9811/2453 3266/9810/2453 3269/9809/2453
f 3271/9816/2454 3268/9815/2454 3267/9814/2454 3272/9813/2454
o cube
v -2.6062875 1.51213 3.43397375
v -2.6062875 1.51213 -0.5954012500000001
v -1.7437875 1.51213 3.43397375
v -1.7437875 1.51213 -0.5954012500000001
v -2.6062875000000005 1.152755 -0.5954012500000001
v -2.6062875000000005 1.152755 3.43397375
v -1.7437875 1.152755 -0.5954012500000001
v -1.7437875 1.152755 3.43397375
vt 0.61328125 0.333984375
vt 0.619140625 0.333984375
vt 0.619140625 0.3203125
vt 0.61328125 0.3203125
vt 0.65625 0.826171875
vt 0.71875 0.826171875
vt 0.71875 0.8125
vt 0.65625 0.8125
vt 0.619140625 0.333984375
vt 0.625 0.333984375
vt 0.625 0.3203125
vt 0.619140625 0.3203125
vt 0.65625 0.7060546875
vt 0.71875 0.7060546875
vt 0.71875 0.6923828125
vt 0.65625 0.6923828125
vt 0.033203125 0.28515625
vt 0.02734375 0.28515625
vt 0.02734375 0.34765625
vt 0.033203125 0.34765625
vt 0.134765625 0.34765625
vt 0.12890625 0.34765625
vt 0.12890625 0.28515625
vt 0.134765625 0.28515625
vn 0 0 -1
vn 2.220446049250313e-16 1 0
vn 0 0 1
vn -2.220446049250313e-16 -1 0
vn -1 2.220446049250313e-16 0
vn 1 -2.220446049250313e-16 0
usemtl m_a520c05c-83fc-6d1a-7b60-0c8dd74607e0
f 3276/9820/2455 3279/9819/2455 3277/9818/2455 3274/9817/2455
f 3275/9824/2456 3276/9823/2456 3274/9822/2456 3273/9821/2456
f 3280/9828/2457 3275/9827/2457 3273/9826/2457 3278/9825/2457
f 3279/9832/2458 3280/9831/2458 3278/9830/2458 3277/9829/2458
f 3278/9836/2459 3273/9835/2459 3274/9834/2459 3277/9833/2459
f 3279/9840/2460 3276/9839/2460 3275/9838/2460 3280/9837/2460
o cube
v -2.6070355491311568 1.1545609503577592 3.43397375
v -2.6070355491311568 1.1545609503577592 -0.5954012500000001
v -1.9971559503577592 1.7644405491311566 3.43397375
v -1.9971559503577592 1.7644405491311566 -0.5954012500000001
v -2.3529190496422414 0.9004444508688435 -0.5954012500000001
v -2.3529190496422414 0.9004444508688435 3.43397375
v -1.7430394508688436 1.5103240496422408 -0.5954012500000001
v -1.7430394508688436 1.5103240496422408 3.43397375
vt 0.625 0.333984375
vt 0.630859375 0.333984375
vt 0.630859375 0.3203125
vt 0.625 0.3203125
vt 0.65625 0.6103515625
vt 0.71875 0.6103515625
vt 0.71875 0.5966796875
vt 0.65625 0.5966796875
vt 0.630859375 0.333984375
vt 0.63671875 0.333984375
vt 0.63671875 0.3203125
vt 0.630859375 0.3203125
vt 0.4140625 0.34375
vt 0.4765625 0.34375
vt 0.4765625 0.330078125
vt 0.4140625 0.330078125
vt 0.140625 0.28515625
vt 0.134765625 0.28515625
vt 0.134765625 0.34765625
vt 0.140625 0.34765625
vt 0.146484375 0.34765625
vt 0.140625 0.34765625
vt 0.140625 0.28515625
vt 0.146484375 0.28515625
vn 0 0 -1
vn -0.7071067811865475 0.7071067811865477 0
vn 0 0 1
vn 0.7071067811865475 -0.7071067811865477 0
vn -0.7071067811865477 -0.7071067811865475 0
vn 0.7071067811865477 0.7071067811865475 0
usemtl m_a520c05c-83fc-6d1a-7b60-0c8dd74607e0
f 3284/9844/2461 3287/9843/2461 3285/9842/2461 3282/9841/2461
f 3283/9848/2462 3284/9847/2462 3282/9846/2462 3281/9845/2462
f 3288/9852/2463 3283/9851/2463 3281/9850/2463 3286/9849/2463
f 3287/9856/2464 3288/9855/2464 3286/9854/2464 3285/9853/2464
f 3286/9860/2465 3281/9859/2465 3282/9858/2465 3285/9857/2465
f 3287/9864/2466 3284/9863/2466 3283/9862/2466 3288/9861/2466
o cube
v -2.352919049642241 1.7644405491311566 3.43397375
v -2.352919049642241 1.7644405491311566 -0.5954012500000001
v -1.7430394508688436 1.154560950357759 3.43397375
v -1.7430394508688436 1.154560950357759 -0.5954012500000001
v -2.6070355491311568 1.510324049642241 -0.5954012500000001
v -2.6070355491311568 1.510324049642241 3.43397375
v -1.9971559503577592 0.9004444508688435 -0.5954012500000001
v -1.9971559503577592 0.9004444508688435 3.43397375
vt 0.63671875 0.333984375
vt 0.642578125 0.333984375
vt 0.642578125 0.3203125
vt 0.63671875 0.3203125
vt 0.65625 0.5400390625
vt 0.71875 0.5400390625
vt 0.71875 0.5263671875
vt 0.65625 0.5263671875
vt 0.642578125 0.333984375
vt 0.6484375 0.333984375
vt 0.6484375 0.3203125
vt 0.642578125 0.3203125
vt 0.4765625 0.34375
vt 0.5390625 0.34375
vt 0.5390625 0.330078125
vt 0.4765625 0.330078125
vt 0.123046875 0.2783203125
vt 0.1171875 0.2783203125
vt 0.1171875 0.3408203125
vt 0.123046875 0.3408203125
vt 0.12890625 0.3408203125
vt 0.123046875 0.3408203125
vt 0.123046875 0.2783203125
vt 0.12890625 0.2783203125
vn 0 0 -1
vn 0.7071067811865475 0.7071067811865476 0
vn 0 0 1
vn -0.7071067811865475 -0.7071067811865476 0
vn -0.7071067811865476 0.7071067811865475 0
vn 0.7071067811865476 -0.7071067811865475 0
usemtl m_a520c05c-83fc-6d1a-7b60-0c8dd74607e0
f 3292/9868/2467 3295/9867/2467 3293/9866/2467 3290/9865/2467
f 3291/9872/2468 3292/9871/2468 3290/9870/2468 3289/9869/2468
f 3296/9876/2469 3291/9875/2469 3289/9874/2469 3294/9873/2469
f 3295/9880/2470 3296/9879/2470 3294/9878/2470 3293/9877/2470
f 3294/9884/2471 3289/9883/2471 3290/9882/2471 3293/9881/2471
f 3295/9888/2472 3292/9887/2472 3291/9886/2472 3296/9885/2472
o cube
v -1.9953500000000002 1.7636925 3.43397375
v -1.9953500000000002 1.7636925 -0.5954012500000001
v -1.9953500000000002 0.9011924999999998 3.43397375
v -1.9953500000000002 0.9011924999999998 -0.5954012500000001
v -2.354725 1.7636925 -0.5954012500000001
v -2.354725 1.7636925 3.43397375
v -2.354725 0.9011924999999998 -0.5954012500000001
v -2.354725 0.9011924999999998 3.43397375
vt 0.6484375 0.333984375
vt 0.654296875 0.333984375
vt 0.654296875 0.3203125
vt 0.6484375 0.3203125
vt 0.5390625 0.34375
vt 0.6015625 0.34375
vt 0.6015625 0.330078125
vt 0.5390625 0.330078125
vt 0.654296875 0.333984375
vt 0.66015625 0.333984375
vt 0.66015625 0.3203125
vt 0.654296875 0.3203125
vt 0.65625 0.427734375
vt 0.71875 0.427734375
vt 0.71875 0.4140625
vt 0.65625 0.4140625
vt 0.34375 0.27734375
vt 0.337890625 0.27734375
vt 0.337890625 0.33984375
vt 0.34375 0.33984375
vt 0.349609375 0.33984375
vt 0.34375 0.33984375
vt 0.34375 0.27734375
vt 0.349609375 0.27734375
vn 0 0 -1
vn 1 0 0
vn 0 0 1
vn -1 0 0
vn 0 1 0
vn 0 -1 0
usemtl m_a520c05c-83fc-6d1a-7b60-0c8dd74607e0
f 3300/9892/2473 3303/9891/2473 3301/9890/2473 3298/9889/2473
f 3299/9896/2474 3300/9895/2474 3298/9894/2474 3297/9893/2474
f 3304/9900/2475 3299/9899/2475 3297/9898/2475 3302/9897/2475
f 3303/9904/2476 3304/9903/2476 3302/9902/2476 3301/9901/2476
f 3302/9908/2477 3297/9907/2477 3298/9906/2477 3301/9905/2477
f 3303/9912/2478 3300/9911/2478 3299/9910/2478 3304/9909/2478
o cube
v -2.110190625 2.3477275000000004 0.7328387499999991
v -2.1101906249999995 2.3477275000000004 3.4303874999999984
v -2.110190625 2.1918175 0.7328387499999991
v -2.1101906249999995 2.1918175 3.4303874999999984
v -1.857581250000001 2.3477275000000004 3.4303874999999984
v -1.8575812500000013 2.3477275000000004 0.7328387499999991
v -1.857581250000001 2.1918175 3.4303874999999984
v -1.8575812500000013 2.1918175 0.7328387499999991
vt 0.4755859375 0.4873046875
vt 0.4794921875 0.4873046875
vt 0.4794921875 0.4853515625
vt 0.4755859375 0.4853515625
vt 0.43359375 0.4873046875
vt 0.4755859375 0.4873046875
vt 0.4755859375 0.4853515625
vt 0.43359375 0.4853515625
vt 0.521484375 0.4873046875
vt 0.525390625 0.4873046875
vt 0.525390625 0.4853515625
vt 0.521484375 0.4853515625
vt 0.4794921875 0.4873046875
vt 0.521484375 0.4873046875
vt 0.521484375 0.4853515625
vt 0.4794921875 0.4853515625
vt 0.4794921875 0.4873046875
vt 0.4755859375 0.4873046875
vt 0.4755859375 0.529296875
vt 0.4794921875 0.529296875
vt 0.4833984375 0.529296875
vt 0.4794921875 0.529296875
vt 0.4794921875 0.4873046875
vt 0.4833984375 0.4873046875
vn 1.2246467991473532e-16 0 1
vn -1 0 1.2246467991473532e-16
vn -1.2246467991473532e-16 0 -1
vn 1 0 -1.2246467991473532e-16
vn 0 1 0
vn 0 -1 0
usemtl m_a520c05c-83fc-6d1a-7b60-0c8dd74607e0
f 3308/9916/2479 3311/9915/2479 3309/9914/2479 3306/9913/2479
f 3307/9920/2480 3308/9919/2480 3306/9918/2480 3305/9917/2480
f 3312/9924/2481 3307/9923/2481 3305/9922/2481 3310/9921/2481
f 3311/9928/2482 3312/9927/2482 3310/9926/2482 3309/9925/2482
f 3310/9932/2483 3305/9931/2483 3306/9930/2483 3309/9929/2483
f 3311/9936/2484 3308/9935/2484 3307/9934/2484 3312/9933/2484
o cube
v -4.40459992330462 2.352723125 3.751835346759947
v -2.4965349018434666 2.352723125 3.4153920025302686
v -4.40459992330462 2.266003125 3.751835346759947
v -2.4965349018434666 2.266003125 3.4153920025302686
v -2.6132228957419796 2.352723125 2.7536215041659706
v -4.521287917203132 2.352723125 3.0900648483956488
v -2.6132228957419796 2.266003125 2.7536215041659706
v -4.521287917203132 2.266003125 3.0900648483956488
vt 0.2138671875 0.6689453125
vt 0.2236328125 0.6689453125
vt 0.2236328125 0.66796875
vt 0.2138671875 0.66796875
vt 0.18359375 0.6689453125
vt 0.2138671875 0.6689453125
vt 0.2138671875 0.66796875
vt 0.18359375 0.66796875
vt 0.25390625 0.6689453125
vt 0.263671875 0.6689453125
vt 0.263671875 0.66796875
vt 0.25390625 0.66796875
vt 0.2236328125 0.6689453125
vt 0.25390625 0.6689453125
vt 0.25390625 0.66796875
vt 0.2236328125 0.66796875
vt 0.2236328125 0.6689453125
vt 0.2138671875 0.6689453125
vt 0.2138671875 0.69921875
vt 0.2236328125 0.69921875
vt 0.2333984375 0.69921875
vt 0.2236328125 0.69921875
vt 0.2236328125 0.6689453125
vt 0.2333984375 0.6689453125
vn 0.9848077530122081 0 -0.17364817766693055
vn 0.17364817766693055 0 0.9848077530122081
vn -0.9848077530122081 0 0.17364817766693055
vn -0.17364817766693055 0 -0.9848077530122081
vn 0 1 0
vn 0 -1 0
usemtl m_a520c05c-83fc-6d1a-7b60-0c8dd74607e0
f 3316/9940/2485 3319/9939/2485 3317/9938/2485 3314/9937/2485
f 3315/9944/2486 3316/9943/2486 3314/9942/2486 3313/9941/2486
f 3320/9948/2487 3315/9947/2487 3313/9946/2487 3318/9945/2487
f 3319/9952/2488 3320/9951/2488 3318/9950/2488 3317/9949/2488
f 3318/9956/2489 3313/9955/2489 3314/9954/2489 3317/9953/2489
f 3319/9960/2490 3316/9959/2490 3315/9958/2490 3320/9957/2490
o cube
v -5.281726047192943 2.3477275 4.003890772792466
v -5.281726047192943 2.3477275 4.563434522792466
v -5.281726047192943 2.1918174999999995 4.003890772792466
v -5.281726047192943 2.1918174999999995 4.563434522792466
v -1.857579797192943 2.3477275000000004 4.563434522792466
v -1.857579797192943 2.3477275000000004 4.003890772792466
v -1.857579797192943 2.1918175 4.563434522792465
v -1.857579797192943 2.1918175 4.003890772792466
vt 0.12890625 0.5087890625
vt 0.181640625 0.5087890625
vt 0.181640625 0.5068359375
vt 0.12890625 0.5068359375
vt 0.12109375 0.5087890625
vt 0.12890625 0.5087890625
vt 0.12890625 0.5068359375
vt 0.12109375 0.5068359375
vt 0.189453125 0.5087890625
vt 0.2421875 0.5087890625
vt 0.2421875 0.5068359375
vt 0.189453125 0.5068359375
vt 0.181640625 0.5087890625
vt 0.189453125 0.5087890625
vt 0.189453125 0.5068359375
vt 0.181640625 0.5068359375
vt 0.181640625 0.5087890625
vt 0.12890625 0.5087890625
vt 0.12890625 0.5166015625
vt 0.181640625 0.5166015625
vt 0.234375 0.5166015625
vt 0.181640625 0.5166015625
vt 0.181640625 0.5087890625
vt 0.234375 0.5087890625
vn 2.775557561562893e-17 -1.4373044841049306e-16 1
vn -1 -1.2060416625018979e-16 2.7755575615628895e-17
vn -2.775557561562893e-17 1.4373044841049306e-16 -1
vn 1 1.2060416625018979e-16 -2.7755575615628895e-17
vn -1.206041662501898e-16 1 1.4373044841049306e-16
vn 1.206041662501898e-16 -1 -1.4373044841049306e-16
usemtl m_a520c05c-83fc-6d1a-7b60-0c8dd74607e0
f 3324/9964/2491 3327/9963/2491 3325/9962/2491 3322/9961/2491
f 3323/9968/2492 3324/9967/2492 3322/9966/2492 3321/9965/2492
f 3328/9972/2493 3323/9971/2493 3321/9970/2493 3326/9969/2493
f 3327/9976/2494 3328/9975/2494 3326/9974/2494 3325/9973/2494
f 3326/9980/2495 3321/9979/2495 3322/9978/2495 3325/9977/2495
f 3327/9984/2496 3324/9983/2496 3323/9982/2496 3328/9981/2496
o cube
v -3.1312260471929427 2.3477275000000004 3.8022813977924654
v -3.1312260471929427 2.3477275000000004 4.102418897792465
v -3.1312260471929427 2.1918175 3.8022813977924654
v -3.1312260471929427 2.1918175 4.102418897792465
v -1.857579797192943 2.3477275000000004 4.102418897792465
v -1.857579797192943 2.3477275000000004 3.8022813977924654
v -1.857579797192943 2.1918175 4.102418897792465
v -1.857579797192943 2.1918175 3.8022813977924654
vt 0.619140625 0.9140625
vt 0.638671875 0.9140625
vt 0.638671875 0.912109375
vt 0.619140625 0.912109375
vt 0.615234375 0.9140625
vt 0.619140625 0.9140625
vt 0.619140625 0.912109375
vt 0.615234375 0.912109375
vt 0.642578125 0.9140625
vt 0.662109375 0.9140625
vt 0.662109375 0.912109375
vt 0.642578125 0.912109375
vt 0.638671875 0.9140625
vt 0.642578125 0.9140625
vt 0.642578125 0.912109375
vt 0.638671875 0.912109375
vt 0.638671875 0.9140625
vt 0.619140625 0.9140625
vt 0.619140625 0.91796875
vt 0.638671875 0.91796875
vt 0.658203125 0.91796875
vt 0.638671875 0.91796875
vt 0.638671875 0.9140625
vt 0.658203125 0.9140625
vn 2.775557561562893e-17 -1.4373044841049306e-16 1
vn -1 -1.2060416625018979e-16 2.7755575615628895e-17
vn -2.775557561562893e-17 1.4373044841049306e-16 -1
vn 1 1.2060416625018979e-16 -2.7755575615628895e-17
vn -1.206041662501898e-16 1 1.4373044841049306e-16
vn 1.206041662501898e-16 -1 -1.4373044841049306e-16
usemtl m_a520c05c-83fc-6d1a-7b60-0c8dd74607e0
f 3332/9988/2497 3335/9987/2497 3333/9986/2497 3330/9985/2497
f 3331/9992/2498 3332/9991/2498 3330/9990/2498 3329/9989/2498
f 3336/9996/2499 3331/9995/2499 3329/9994/2499 3334/9993/2499
f 3335/10000/2500 3336/9999/2500 3334/9998/2500 3333/9997/2500
f 3334/10004/2501 3329/10003/2501 3330/10002/2501 3333/10001/2501
f 3335/10008/2502 3332/10007/2502 3331/10006/2502 3336/10005/2502
o cube
v -1.975782922192943 2.3477275000000004 3.420964522792466
v -1.975782922192943 2.3477275000000004 4.438434522792466
v -1.975782922192943 2.1918175 3.420964522792466
v -1.975782922192943 2.1918175 4.438434522792465
v -1.857579797192943 2.3477275000000004 4.438434522792466
v -1.857579797192943 2.3477275000000004 3.420964522792466
v -1.857579797192943 2.1918175 4.438434522792465
v -1.857579797192943 2.1918175 3.420964522792466
vt 0.0703125 0.365234375
vt 0.0712890625 0.365234375
vt 0.0712890625 0.36328125
vt 0.0703125 0.36328125
vt 0.0546875 0.365234375
vt 0.0703125 0.365234375
vt 0.0703125 0.36328125
vt 0.0546875 0.36328125
vt 0.0869140625 0.365234375
vt 0.087890625 0.365234375
vt 0.087890625 0.36328125
vt 0.0869140625 0.36328125
vt 0.0712890625 0.365234375
vt 0.0869140625 0.365234375
vt 0.0869140625 0.36328125
vt 0.0712890625 0.36328125
vt 0.0712890625 0.365234375
vt 0.0703125 0.365234375
vt 0.0703125 0.380859375
vt 0.0712890625 0.380859375
vt 0.072265625 0.380859375
vt 0.0712890625 0.380859375
vt 0.0712890625 0.365234375
vt 0.072265625 0.365234375
vn 2.775557561562893e-17 -1.4373044841049306e-16 1
vn -1 -1.2060416625018979e-16 2.7755575615628895e-17
vn -2.775557561562893e-17 1.4373044841049306e-16 -1
vn 1 1.2060416625018979e-16 -2.7755575615628895e-17
vn -1.206041662501898e-16 1 1.4373044841049306e-16
vn 1.206041662501898e-16 -1 -1.4373044841049306e-16
usemtl m_a520c05c-83fc-6d1a-7b60-0c8dd74607e0
f 3340/10012/2503 3343/10011/2503 3341/10010/2503 3338/10009/2503
f 3339/10016/2504 3340/10015/2504 3338/10014/2504 3337/10013/2504
f 3344/10020/2505 3339/10019/2505 3337/10018/2505 3342/10017/2505
f 3343/10024/2506 3344/10023/2506 3342/10022/2506 3341/10021/2506
f 3342/10028/2507 3337/10027/2507 3338/10026/2507 3341/10025/2507
f 3343/10032/2508 3340/10031/2508 3339/10030/2508 3344/10029/2508
o cube
v -5.281725775554481 2.3477275 4.003890640470037
v -5.206267828190205 2.3477275 4.431833925502727
v -5.281725775554481 2.1918174999999995 4.003890640470037
v -5.206267828190205 2.1918174999999995 4.431833925502727
v -1.9003248277740212 2.3477275000000004 3.8489069778450578
v -1.9757827751382977 2.3477275000000004 3.420963692812368
v -1.9003248277740212 2.1918175 3.8489069778450578
v -1.9757827751382977 2.1918175 3.420963692812368
vt 0.4921875 0.5390625
vt 0.5439453125 0.5390625
vt 0.5439453125 0.537109375
vt 0.4921875 0.537109375
vt 0.486328125 0.5390625
vt 0.4921875 0.5390625
vt 0.4921875 0.537109375
vt 0.486328125 0.537109375
vt 0.5498046875 0.5390625
vt 0.6015625 0.5390625
vt 0.6015625 0.537109375
vt 0.5498046875 0.537109375
vt 0.5439453125 0.5390625
vt 0.5498046875 0.5390625
vt 0.5498046875 0.537109375
vt 0.5439453125 0.537109375
vt 0.5439453125 0.5390625
vt 0.4921875 0.5390625
vt 0.4921875 0.544921875
vt 0.5439453125 0.544921875
vt 0.595703125 0.544921875
vt 0.5439453125 0.544921875
vt 0.5439453125 0.5390625
vt 0.595703125 0.5390625
vn 0.17364817766693033 -1.224646799147353e-16 0.984807753012208
vn -0.984807753012208 -1.224646799147353e-16 0.17364817766693033
vn -0.17364817766693033 1.224646799147353e-16 -0.984807753012208
vn 0.984807753012208 1.224646799147353e-16 -0.17364817766693033
vn -9.933839775443207e-17 1 1.418699347459475e-16
vn 9.933839775443207e-17 -1 -1.418699347459475e-16
usemtl m_a520c05c-83fc-6d1a-7b60-0c8dd74607e0
f 3348/10036/2509 3351/10035/2509 3349/10034/2509 3346/10033/2509
f 3347/10040/2510 3348/10039/2510 3346/10038/2510 3345/10037/2510
f 3352/10044/2511 3347/10043/2511 3345/10042/2511 3350/10041/2511
f 3351/10048/2512 3352/10047/2512 3350/10046/2512 3349/10045/2512
f 3350/10052/2513 3345/10051/2513 3346/10050/2513 3349/10049/2513
f 3351/10056/2514 3348/10055/2514 3347/10054/2514 3352/10053/2514
o cube
v 1.429361222274855 2.551472748837045 8.112204374999997
v 1.429361222274855 2.5514727488370452 8.753060625
v 1.4131407459989869 2.459481856628174 8.112204375
v 1.4131407459989869 2.4594818566281744 8.753060625
v 3.3871639593018896 2.2062593033942988 8.753060625
v 3.3871639593018896 2.2062593033942988 8.112204374999997
v 3.3709434830260214 2.114268411185428 8.753060625
v 3.3709434830260214 2.114268411185428 8.112204375
vt 0.169921875 0.4169921875
vt 0.2001953125 0.4169921875
vt 0.2001953125 0.416015625
vt 0.169921875 0.416015625
vt 0.16015625 0.4169921875
vt 0.169921875 0.4169921875
vt 0.169921875 0.416015625
vt 0.16015625 0.416015625
vt 0.2099609375 0.4169921875
vt 0.240234375 0.4169921875
vt 0.240234375 0.416015625
vt 0.2099609375 0.416015625
vt 0.2001953125 0.4169921875
vt 0.2099609375 0.4169921875
vt 0.2099609375 0.416015625
vt 0.2001953125 0.416015625
vt 0.2001953125 0.4169921875
vt 0.169921875 0.4169921875
vt 0.169921875 0.4267578125
vt 0.2001953125 0.4267578125
vt 0.23046875 0.4267578125
vt 0.2001953125 0.4267578125
vt 0.2001953125 0.4169921875
vt 0.23046875 0.4169921875
vn 2.1265768495757728e-17 1.2060416625018976e-16 1
vn -0.984807753012208 0.17364817766693044 3.0814879110195774e-33
vn -2.1265768495757728e-17 -1.2060416625018976e-16 -1
vn 0.984807753012208 -0.17364817766693044 -3.0814879110195774e-33
vn 0.17364817766693044 0.984807753012208 -1.2246467991473532e-16
vn -0.17364817766693044 -0.984807753012208 1.2246467991473532e-16
usemtl m_a520c05c-83fc-6d1a-7b60-0c8dd74607e0
f 3356/10060/2515 3359/10059/2515 3357/10058/2515 3354/10057/2515
f 3355/10064/2516 3356/10063/2516 3354/10062/2516 3353/10061/2516
f 3360/10068/2517 3355/10067/2517 3353/10066/2517 3358/10065/2517
f 3359/10072/2518 3360/10071/2518 3358/10070/2518 3357/10069/2518
f 3358/10076/2519 3353/10075/2519 3354/10074/2519 3357/10073/2519
f 3359/10080/2520 3356/10079/2520 3355/10078/2520 3360/10077/2520
o cube
v 1.432074475050901 2.5668603699778605 7.549704375
v 1.432074475050901 2.566860369977861 8.128060625
v 1.4104274932229413 2.4440942354873583 7.549704375
v 1.4104274932229413 2.4440942354873583 8.128060625
v 3.3898772120779355 2.2216469245351145 8.128060625
v 3.3898772120779355 2.2216469245351145 7.549704375
v 3.368230230249976 2.0988807900446123 8.128060625
v 3.368230230249976 2.0988807900446123 7.549704375
vt 0.5888671875 0.4287109375
vt 0.619140625 0.4287109375
vt 0.619140625 0.427734375
vt 0.5888671875 0.427734375
vt 0.580078125 0.4287109375
vt 0.5888671875 0.4287109375
vt 0.5888671875 0.427734375
vt 0.580078125 0.427734375
vt 0.6279296875 0.4287109375
vt 0.658203125 0.4287109375
vt 0.658203125 0.427734375
vt 0.6279296875 0.427734375
vt 0.619140625 0.4287109375
vt 0.6279296875 0.4287109375
vt 0.6279296875 0.427734375
vt 0.619140625 0.427734375
vt 0.619140625 0.4287109375
vt 0.5888671875 0.4287109375
vt 0.5888671875 0.4375
vt 0.619140625 0.4375
vt 0.6494140625 0.4375
vt 0.619140625 0.4375
vt 0.619140625 0.4287109375
vt 0.6494140625 0.4287109375
vn 2.1265768495757728e-17 1.2060416625018976e-16 1
vn -0.984807753012208 0.17364817766693044 3.0814879110195774e-33
vn -2.1265768495757728e-17 -1.2060416625018976e-16 -1
vn 0.984807753012208 -0.17364817766693044 -3.0814879110195774e-33
vn 0.17364817766693044 0.984807753012208 -1.2246467991473532e-16
vn -0.17364817766693044 -0.984807753012208 1.2246467991473532e-16
usemtl m_a520c05c-83fc-6d1a-7b60-0c8dd74607e0
f 3364/10084/2521 3367/10083/2521 3365/10082/2521 3362/10081/2521
f 3363/10088/2522 3364/10087/2522 3362/10086/2522 3361/10085/2522
f 3368/10092/2523 3363/10091/2523 3361/10090/2523 3366/10089/2523
f 3367/10096/2524 3368/10095/2524 3366/10094/2524 3365/10093/2524
f 3366/10100/2525 3361/10099/2525 3362/10098/2525 3365/10097/2525
f 3367/10104/2526 3364/10103/2526 3363/10102/2526 3368/10101/2526
o cube
v 1.5546842937054661 2.545240950849289 6.119787589977575
v 1.4327688338873126 2.566737935780708 6.281121941875849
v 1.5330373118775067 2.4224748163587866 6.119787589977575
v 1.411121852059353 2.4439718012902056 6.281121941875849
v 3.26796123143226 2.243144001302478 7.711038238191394
v 3.3898766912504135 2.221647016371059 7.54970388629312
v 3.2463142496043007 2.120377866811976 7.711038238191394
v 3.3682297094224545 2.098880881880557 7.54970388629312
vt 0.0029296875 0.6044921875
vt 0.0390625 0.6044921875
vt 0.0390625 0.603515625
vt 0.0029296875 0.603515625
vt 0 0.6044921875
vt 0.0029296875 0.6044921875
vt 0.0029296875 0.603515625
vt 0 0.603515625
vt 0.0419921875 0.6044921875
vt 0.078125 0.6044921875
vt 0.078125 0.603515625
vt 0.0419921875 0.603515625
vt 0.0390625 0.6044921875
vt 0.0419921875 0.6044921875
vt 0.0419921875 0.603515625
vt 0.0390625 0.603515625
vt 0.0390625 0.6044921875
vt 0.0029296875 0.6044921875
vt 0.0029296875 0.607421875
vt 0.0390625 0.607421875
vt 0.0751953125 0.607421875
vt 0.0390625 0.607421875
vt 0.0390625 0.6044921875
vt 0.0751953125 0.6044921875
vn -0.5995129750225789 0.10571031278128068 0.7933533402912352
vn -0.7813005203969412 0.13776436178754517 -0.6087614290087207
vn 0.5995129750225789 -0.10571031278128068 -0.7933533402912352
vn 0.7813005203969412 -0.13776436178754517 0.6087614290087207
vn 0.1736481776669304 0.9848077530122082 6.93889390390723e-17
vn -0.1736481776669304 -0.9848077530122082 -6.93889390390723e-17
usemtl m_a520c05c-83fc-6d1a-7b60-0c8dd74607e0
f 3372/10108/2527 3375/10107/2527 3373/10106/2527 3370/10105/2527
f 3371/10112/2528 3372/10111/2528 3370/10110/2528 3369/10109/2528
f 3376/10116/2529 3371/10115/2529 3369/10114/2529 3374/10113/2529
f 3375/10120/2530 3376/10119/2530 3374/10118/2530 3373/10117/2530
f 3374/10124/2531 3369/10123/2531 3370/10122/2531 3373/10121/2531
f 3375/10128/2532 3372/10127/2532 3371/10126/2532 3376/10125/2532
o cube
v 1.7352633060375855 2.5133999988254496 6.496826877160451
v 1.4260000415248761 2.567931456501019 6.906084147899737
v 1.7136163242096258 2.3906338643349474 6.496826877160451
v 1.4043530596969163 2.4451653220105167 6.906084147899737
v 2.9682047439209707 2.2959991576931187 8.107714908337012
v 3.2774680084336802 2.2414677000175494 7.698457637597727
v 2.9465577620930112 2.1732330232026165 8.107714908337012
v 3.2558210266057204 2.118701565527047 7.698457637597727
vt 0.587890625 0.4111328125
vt 0.6181640625 0.4111328125
vt 0.6181640625 0.41015625
vt 0.587890625 0.41015625
vt 0.580078125 0.4111328125
vt 0.587890625 0.4111328125
vt 0.587890625 0.41015625
vt 0.580078125 0.41015625
vt 0.6259765625 0.4111328125
vt 0.65625 0.4111328125
vt 0.65625 0.41015625
vt 0.6259765625 0.41015625
vt 0.6181640625 0.4111328125
vt 0.6259765625 0.4111328125
vt 0.6259765625 0.41015625
vt 0.6181640625 0.41015625
vt 0.6181640625 0.4111328125
vt 0.587890625 0.4111328125
vt 0.587890625 0.4189453125
vt 0.6181640625 0.4189453125
vt 0.6484375 0.4189453125
vt 0.6181640625 0.4189453125
vt 0.6181640625 0.4111328125
vt 0.6484375 0.4111328125
vn -0.5995129750225789 0.10571031278128068 0.7933533402912352
vn -0.7813005203969412 0.13776436178754517 -0.6087614290087207
vn 0.5995129750225789 -0.10571031278128068 -0.7933533402912352
vn 0.7813005203969412 -0.13776436178754517 0.6087614290087207
vn 0.1736481776669304 0.9848077530122082 6.93889390390723e-17
vn -0.1736481776669304 -0.9848077530122082 -6.93889390390723e-17
usemtl m_a520c05c-83fc-6d1a-7b60-0c8dd74607e0
f 3380/10132/2533 3383/10131/2533 3381/10130/2533 3378/10129/2533
f 3379/10136/2534 3380/10135/2534 3378/10134/2534 3377/10133/2534
f 3384/10140/2535 3379/10139/2535 3377/10138/2535 3382/10137/2535
f 3383/10144/2536 3384/10143/2536 3382/10142/2536 3381/10141/2536
f 3382/10148/2537 3377/10147/2537 3378/10146/2537 3381/10145/2537
f 3383/10152/2538 3380/10151/2538 3379/10150/2538 3384/10149/2538
o cube
v 1.7701091207674957 2.5072557415237977 6.3072875
v 1.5490185492065645 2.5462399744702457 6.3072875
v 1.748462138939536 2.3844896070332955 6.3072875
v 1.5273715673786048 2.4234738399797435 6.3072875
v 1.549018549206564 2.5462399744702457 7.549704375
v 1.7701091207674955 2.5072557415237977 7.549704375
v 1.5273715673786046 2.4234738399797435 7.549704375
v 1.7484621389395358 2.3844896070332955 7.549704375
vt 0.14453125 0.6044921875
vt 0.1259765625 0.6044921875
vt 0.1259765625 0.603515625
vt 0.14453125 0.603515625
vt 0.1474609375 0.6044921875
vt 0.14453125 0.6044921875
vt 0.14453125 0.603515625
vt 0.1474609375 0.603515625
vt 0.166015625 0.6044921875
vt 0.1474609375 0.6044921875
vt 0.1474609375 0.603515625
vt 0.166015625 0.603515625
vt 0.1259765625 0.6044921875
vt 0.123046875 0.6044921875
vt 0.123046875 0.603515625
vt 0.1259765625 0.603515625
vt 0.1259765625 0.6044921875
vt 0.14453125 0.6044921875
vt 0.14453125 0.607421875
vt 0.1259765625 0.607421875
vt 0.14453125 0.607421875
vt 0.1630859375 0.607421875
vt 0.1630859375 0.6044921875
vt 0.14453125 0.6044921875
vn -0.984807753012208 0.17364817766693033 -2.2204460492503126e-16
vn 2.186712484447036e-16 -3.8557641006005196e-17 -1
vn 0.984807753012208 -0.17364817766693033 2.2204460492503126e-16
vn -2.186712484447036e-16 3.8557641006005196e-17 1
vn 0.17364817766693033 0.984807753012208 0
vn -0.17364817766693033 -0.984807753012208 0
usemtl m_a520c05c-83fc-6d1a-7b60-0c8dd74607e0
f 3388/10156/2539 3391/10155/2539 3389/10154/2539 3386/10153/2539
f 3387/10160/2540 3388/10159/2540 3386/10158/2540 3385/10157/2540
f 3392/10164/2541 3387/10163/2541 3385/10162/2541 3390/10161/2541
f 3391/10168/2542 3392/10167/2542 3390/10166/2542 3389/10165/2542
f 3390/10172/2543 3385/10171/2543 3386/10170/2543 3389/10169/2543
f 3391/10176/2544 3388/10175/2544 3387/10174/2544 3392/10173/2544
o cube
v 1.5546824247960753 2.545241280388439 6.1197875
v 1.4320726285363643 2.566860695568194 6.119787499999999
v 1.5330354429681157 2.4224751458979363 6.1197875
v 1.4104256467084046 2.444094561077691 6.119787499999999
v 1.432072628536364 2.566860695568194 7.549704375
v 1.5546824247960749 2.545241280388439 7.549704375
v 1.4104256467084044 2.4440945610776916 7.549704375
v 1.5330354429681154 2.4224751458979368 7.549704375
vt 0.1005859375 0.6064453125
vt 0.0791015625 0.6064453125
vt 0.0791015625 0.60546875
vt 0.1005859375 0.60546875
vt 0.1015625 0.6064453125
vt 0.1005859375 0.6064453125
vt 0.1005859375 0.60546875
vt 0.1015625 0.60546875
vt 0.123046875 0.6064453125
vt 0.1015625 0.6064453125
vt 0.1015625 0.60546875
vt 0.123046875 0.60546875
vt 0.0791015625 0.6064453125
vt 0.078125 0.6064453125
vt 0.078125 0.60546875
vt 0.0791015625 0.60546875
vt 0.0791015625 0.6064453125
vt 0.1005859375 0.6064453125
vt 0.1005859375 0.607421875
vt 0.0791015625 0.607421875
vt 0.1005859375 0.607421875
vt 0.1220703125 0.607421875
vt 0.1220703125 0.6064453125
vt 0.1005859375 0.6064453125
vn -0.984807753012208 0.17364817766693033 -2.2204460492503126e-16
vn 2.186712484447036e-16 -3.8557641006005196e-17 -1
vn 0.984807753012208 -0.17364817766693033 2.2204460492503126e-16
vn -2.186712484447036e-16 3.8557641006005196e-17 1
vn 0.17364817766693033 0.984807753012208 0
vn -0.17364817766693033 -0.984807753012208 0
usemtl m_a520c05c-83fc-6d1a-7b60-0c8dd74607e0
f 3396/10180/2545 3399/10179/2545 3397/10178/2545 3394/10177/2545
f 3395/10184/2546 3396/10183/2546 3394/10182/2546 3393/10181/2546
f 3400/10188/2547 3395/10187/2547 3393/10186/2547 3398/10185/2547
f 3399/10192/2548 3400/10191/2548 3398/10190/2548 3397/10189/2548
f 3398/10196/2549 3393/10195/2549 3394/10194/2549 3397/10193/2549
f 3399/10200/2550 3396/10199/2550 3395/10198/2550 3400/10197/2550
o cube
v 2.4035132998520177 2.3955694950577002 7.657743243088157
v 1.7617471926440678 2.508730175062703 7.157702039589676
v 2.3818663180240582 2.272803360567198 7.657743243088157
v 1.740100210816108 2.3859640405722007 7.157702039589676
v 1.5378414614282443 2.5482107966113103 7.454003149275809
v 2.179607568636194 2.4350501166063077 7.9540443527742895
v 1.5161944796002849 2.425444662120808 7.454003149275809
v 2.1579605868082345 2.3122839821158054 7.9540443527742895
vt 0.638671875 0.3662109375
vt 0.6337890625 0.3662109375
vt 0.6337890625 0.365234375
vt 0.638671875 0.365234375
vt 0.6513671875 0.3662109375
vt 0.638671875 0.3662109375
vt 0.638671875 0.365234375
vt 0.6513671875 0.365234375
vt 0.65625 0.3662109375
vt 0.6513671875 0.3662109375
vt 0.6513671875 0.365234375
vt 0.65625 0.365234375
vt 0.6337890625 0.3662109375
vt 0.62109375 0.3662109375
vt 0.62109375 0.365234375
vt 0.6337890625 0.365234375
vt 0.6337890625 0.3662109375
vt 0.638671875 0.3662109375
vt 0.638671875 0.37890625
vt 0.6337890625 0.37890625
vt 0.638671875 0.37890625
vt 0.6435546875 0.37890625
vt 0.6435546875 0.3662109375
vt 0.638671875 0.3662109375
vn -0.7813005203969412 0.13776436178754506 -0.6087614290087207
vn 0.5995129750225789 -0.10571031278128072 -0.7933533402912352
vn 0.7813005203969412 -0.13776436178754506 0.6087614290087207
vn -0.5995129750225789 0.10571031278128072 0.7933533402912352
vn 0.17364817766693036 0.9848077530122082 -1.387778780781446e-17
vn -0.17364817766693036 -0.9848077530122082 1.387778780781446e-17
usemtl m_a520c05c-83fc-6d1a-7b60-0c8dd74607e0
f 3404/10204/2551 3407/10203/2551 3405/10202/2551 3402/10201/2551
f 3403/10208/2552 3404/10207/2552 3402/10206/2552 3401/10205/2552
f 3408/10212/2553 3403/10211/2553 3401/10210/2553 3406/10209/2553
f 3407/10216/2554 3408/10215/2554 3406/10214/2554 3405/10213/2554
f 3406/10220/2555 3401/10219/2555 3402/10218/2555 3405/10217/2555
f 3407/10224/2556 3404/10223/2556 3403/10222/2556 3408/10221/2556
o cube
v -3.3871639593018896 2.2062593033942988 8.112204374999997
v -3.3871639593018896 2.2062593033942988 8.753060625
v -3.3709434830260214 2.114268411185428 8.112204375
v -3.3709434830260214 2.114268411185428 8.753060625
v -1.429361222274855 2.5514727488370452 8.753060625
v -1.429361222274855 2.551472748837045 8.112204374999997
v -1.4131407459989869 2.4594818566281744 8.753060625
v -1.4131407459989869 2.459481856628174 8.112204375
vt 0.57421875 0.8466796875
vt 0.6044921875 0.8466796875
vt 0.6044921875 0.845703125
vt 0.57421875 0.845703125
vt 0.564453125 0.8466796875
vt 0.57421875 0.8466796875
vt 0.57421875 0.845703125
vt 0.564453125 0.845703125
vt 0.6142578125 0.8466796875
vt 0.64453125 0.8466796875
vt 0.64453125 0.845703125
vt 0.6142578125 0.845703125
vt 0.6044921875 0.8466796875
vt 0.6142578125 0.8466796875
vt 0.6142578125 0.845703125
vt 0.6044921875 0.845703125
vt 0.6044921875 0.8466796875
vt 0.57421875 0.8466796875
vt 0.57421875 0.8564453125
vt 0.6044921875 0.8564453125
vt 0.634765625 0.8564453125
vt 0.6044921875 0.8564453125
vt 0.6044921875 0.8466796875
vt 0.634765625 0.8466796875
vn -2.1265768495757728e-17 1.2060416625018976e-16 1
vn -0.984807753012208 -0.17364817766693044 -3.0814879110195774e-33
vn 2.1265768495757728e-17 -1.2060416625018976e-16 -1
vn 0.984807753012208 0.17364817766693044 3.0814879110195774e-33
vn -0.17364817766693044 0.984807753012208 -1.2246467991473532e-16
vn 0.17364817766693044 -0.984807753012208 1.2246467991473532e-16
usemtl m_a520c05c-83fc-6d1a-7b60-0c8dd74607e0
f 3412/10228/2557 3415/10227/2557 3413/10226/2557 3410/10225/2557
f 3411/10232/2558 3412/10231/2558 3410/10230/2558 3409/10229/2558
f 3416/10236/2559 3411/10235/2559 3409/10234/2559 3414/10233/2559
f 3415/10240/2560 3416/10239/2560 3414/10238/2560 3413/10237/2560
f 3414/10244/2561 3409/10243/2561 3410/10242/2561 3413/10241/2561
f 3415/10248/2562 3412/10247/2562 3411/10246/2562 3416/10245/2562
o cube
v -3.3898772120779355 2.2216469245351145 7.549704375
v -3.3898772120779355 2.2216469245351145 8.128060625
v -3.368230230249976 2.0988807900446123 7.549704375
v -3.368230230249976 2.0988807900446123 8.128060625
v -1.432074475050901 2.566860369977861 8.128060625
v -1.432074475050901 2.5668603699778605 7.549704375
v -1.4104274932229413 2.4440942354873583 8.128060625
v -1.4104274932229413 2.4440942354873583 7.549704375
vt 0.5869140625 0.8173828125
vt 0.6171875 0.8173828125
vt 0.6171875 0.81640625
vt 0.5869140625 0.81640625
vt 0.578125 0.8173828125
vt 0.5869140625 0.8173828125
vt 0.5869140625 0.81640625
vt 0.578125 0.81640625
vt 0.6259765625 0.8173828125
vt 0.65625 0.8173828125
vt 0.65625 0.81640625
vt 0.6259765625 0.81640625
vt 0.6171875 0.8173828125
vt 0.6259765625 0.8173828125
vt 0.6259765625 0.81640625
vt 0.6171875 0.81640625
vt 0.6171875 0.8173828125
vt 0.5869140625 0.8173828125
vt 0.5869140625 0.826171875
vt 0.6171875 0.826171875
vt 0.6474609375 0.826171875
vt 0.6171875 0.826171875
vt 0.6171875 0.8173828125
vt 0.6474609375 0.8173828125
vn -2.1265768495757728e-17 1.2060416625018976e-16 1
vn -0.984807753012208 -0.17364817766693044 -3.0814879110195774e-33
vn 2.1265768495757728e-17 -1.2060416625018976e-16 -1
vn 0.984807753012208 0.17364817766693044 3.0814879110195774e-33
vn -0.17364817766693044 0.984807753012208 -1.2246467991473532e-16
vn 0.17364817766693044 -0.984807753012208 1.2246467991473532e-16
usemtl m_a520c05c-83fc-6d1a-7b60-0c8dd74607e0
f 3420/10252/2563 3423/10251/2563 3421/10250/2563 3418/10249/2563
f 3419/10256/2564 3420/10255/2564 3418/10254/2564 3417/10253/2564
f 3424/10260/2565 3419/10259/2565 3417/10258/2565 3422/10257/2565
f 3423/10264/2566 3424/10263/2566 3422/10262/2566 3421/10261/2566
f 3422/10268/2567 3417/10267/2567 3418/10266/2567 3421/10265/2567
f 3423/10272/2568 3420/10271/2568 3419/10270/2568 3424/10269/2568
o cube
v -3.3898766912504144 2.221647016371059 7.54970388629312
v -3.2679612314322606 2.243144001302478 7.711038238191395
v -3.3682297094224545 2.098880881880557 7.54970388629312
v -3.2463142496043007 2.120377866811976 7.711038238191395
v -1.4327688338873126 2.566737935780708 6.281121941875849
v -1.5546842937054661 2.545240950849289 6.119787589977575
v -1.411121852059353 2.4439718012902056 6.281121941875849
v -1.5330373118775067 2.4224748163587866 6.119787589977575
vt 0.3896484375 0.810546875
vt 0.42578125 0.810546875
vt 0.42578125 0.8095703125
vt 0.3896484375 0.8095703125
vt 0.38671875 0.810546875
vt 0.3896484375 0.810546875
vt 0.3896484375 0.8095703125
vt 0.38671875 0.8095703125
vt 0.4287109375 0.810546875
vt 0.46484375 0.810546875
vt 0.46484375 0.8095703125
vt 0.4287109375 0.8095703125
vt 0.42578125 0.810546875
vt 0.4287109375 0.810546875
vt 0.4287109375 0.8095703125
vt 0.42578125 0.8095703125
vt 0.42578125 0.810546875
vt 0.3896484375 0.810546875
vt 0.3896484375 0.8134765625
vt 0.42578125 0.8134765625
vt 0.4619140625 0.8134765625
vt 0.42578125 0.8134765625
vt 0.42578125 0.810546875
vt 0.4619140625 0.810546875
vn 0.5995129750225789 0.10571031278128068 0.7933533402912352
vn -0.7813005203969412 -0.13776436178754517 0.6087614290087207
vn -0.5995129750225789 -0.10571031278128068 -0.7933533402912352
vn 0.7813005203969412 0.13776436178754517 -0.6087614290087207
vn -0.1736481776669304 0.9848077530122082 6.93889390390723e-17
vn 0.1736481776669304 -0.9848077530122082 -6.93889390390723e-17
usemtl m_a520c05c-83fc-6d1a-7b60-0c8dd74607e0
f 3428/10276/2569 3431/10275/2569 3429/10274/2569 3426/10273/2569
f 3427/10280/2570 3428/10279/2570 3426/10278/2570 3425/10277/2570
f 3432/10284/2571 3427/10283/2571 3425/10282/2571 3430/10281/2571
f 3431/10288/2572 3432/10287/2572 3430/10286/2572 3429/10285/2572
f 3430/10292/2573 3425/10291/2573 3426/10290/2573 3429/10289/2573
f 3431/10296/2574 3428/10295/2574 3427/10294/2574 3432/10293/2574
o cube
v -3.2774680084336802 2.2414677000175494 7.698457637597727
v -2.9682047439209707 2.2959991576931187 8.107714908337012
v -3.2558210266057204 2.118701565527047 7.698457637597727
v -2.9465577620930112 2.1732330232026165 8.107714908337012
v -1.4260000415248761 2.567931456501019 6.906084147899737
v -1.7352633060375855 2.5133999988254496 6.496826877160451
v -1.4043530596969163 2.4451653220105167 6.906084147899737
v -1.7136163242096258 2.3906338643349474 6.496826877160451
vt 0.587890625 0.419921875
vt 0.6181640625 0.419921875
vt 0.6181640625 0.4189453125
vt 0.587890625 0.4189453125
vt 0.580078125 0.419921875
vt 0.587890625 0.419921875
vt 0.587890625 0.4189453125
vt 0.580078125 0.4189453125
vt 0.6259765625 0.419921875
vt 0.65625 0.419921875
vt 0.65625 0.4189453125
vt 0.6259765625 0.4189453125
vt 0.6181640625 0.419921875
vt 0.6259765625 0.419921875
vt 0.6259765625 0.4189453125
vt 0.6181640625 0.4189453125
vt 0.6181640625 0.419921875
vt 0.587890625 0.419921875
vt 0.587890625 0.427734375
vt 0.6181640625 0.427734375
vt 0.6484375 0.427734375
vt 0.6181640625 0.427734375
vt 0.6181640625 0.419921875
vt 0.6484375 0.419921875
vn 0.5995129750225789 0.10571031278128068 0.7933533402912352
vn -0.7813005203969412 -0.13776436178754517 0.6087614290087207
vn -0.5995129750225789 -0.10571031278128068 -0.7933533402912352
vn 0.7813005203969412 0.13776436178754517 -0.6087614290087207
vn -0.1736481776669304 0.9848077530122082 6.93889390390723e-17
vn 0.1736481776669304 -0.9848077530122082 -6.93889390390723e-17
usemtl m_a520c05c-83fc-6d1a-7b60-0c8dd74607e0
f 3436/10300/2575 3439/10299/2575 3437/10298/2575 3434/10297/2575
f 3435/10304/2576 3436/10303/2576 3434/10302/2576 3433/10301/2576
f 3440/10308/2577 3435/10307/2577 3433/10306/2577 3438/10305/2577
f 3439/10312/2578 3440/10311/2578 3438/10310/2578 3437/10309/2578
f 3438/10316/2579 3433/10315/2579 3434/10314/2579 3437/10313/2579
f 3439/10320/2580 3436/10319/2580 3435/10318/2580 3440/10317/2580
o cube
v -1.5546824247960749 2.545241280388439 7.549704375
v -1.432072628536364 2.566860695568194 7.549704375
v -1.5330354429681154 2.4224751458979368 7.549704375
v -1.4104256467084044 2.4440945610776916 7.549704375
v -1.4320726285363643 2.566860695568194 6.119787499999999
v -1.5546824247960753 2.545241280388439 6.1197875
v -1.4104256467084046 2.444094561077691 6.119787499999999
v -1.5330354429681157 2.4224751458979363 6.1197875
vt 0.0791015625 0.6064453125
vt 0.1005859375 0.6064453125
vt 0.1005859375 0.60546875
vt 0.0791015625 0.60546875
vt 0.078125 0.6064453125
vt 0.0791015625 0.6064453125
vt 0.0791015625 0.60546875
vt 0.078125 0.60546875
vt 0.1015625 0.6064453125
vt 0.123046875 0.6064453125
vt 0.123046875 0.60546875
vt 0.1015625 0.60546875
vt 0.1005859375 0.6064453125
vt 0.1015625 0.6064453125
vt 0.1015625 0.60546875
vt 0.1005859375 0.60546875
vt 0.1005859375 0.6064453125
vt 0.0791015625 0.6064453125
vt 0.0791015625 0.607421875
vt 0.1005859375 0.607421875
vt 0.1220703125 0.607421875
vt 0.1005859375 0.607421875
vt 0.1005859375 0.6064453125
vt 0.1220703125 0.6064453125
vn 0.984807753012208 0.17364817766693033 -2.2204460492503126e-16
vn 2.186712484447036e-16 3.8557641006005196e-17 1
vn -0.984807753012208 -0.17364817766693033 2.2204460492503126e-16
vn -2.186712484447036e-16 -3.8557641006005196e-17 -1
vn -0.17364817766693033 0.984807753012208 0
vn 0.17364817766693033 -0.984807753012208 0
usemtl m_a520c05c-83fc-6d1a-7b60-0c8dd74607e0
f 3444/10324/2581 3447/10323/2581 3445/10322/2581 3442/10321/2581
f 3443/10328/2582 3444/10327/2582 3442/10326/2582 3441/10325/2582
f 3448/10332/2583 3443/10331/2583 3441/10330/2583 3446/10329/2583
f 3447/10336/2584 3448/10335/2584 3446/10334/2584 3445/10333/2584
f 3446/10340/2585 3441/10339/2585 3442/10338/2585 3445/10337/2585
f 3447/10344/2586 3444/10343/2586 3443/10342/2586 3448/10341/2586
o cube
v -1.7701091207674955 2.5072557415237977 7.549704375
v -1.549018549206564 2.5462399744702457 7.549704375
v -1.7484621389395358 2.3844896070332955 7.549704375
v -1.5273715673786046 2.4234738399797435 7.549704375
v -1.5490185492065645 2.5462399744702457 6.3072875
v -1.7701091207674957 2.5072557415237977 6.3072875
v -1.5273715673786048 2.4234738399797435 6.3072875
v -1.748462138939536 2.3844896070332955 6.3072875
vt 0.1259765625 0.6044921875
vt 0.14453125 0.6044921875
vt 0.14453125 0.603515625
vt 0.1259765625 0.603515625
vt 0.123046875 0.6044921875
vt 0.1259765625 0.6044921875
vt 0.1259765625 0.603515625
vt 0.123046875 0.603515625
vt 0.1474609375 0.6044921875
vt 0.166015625 0.6044921875
vt 0.166015625 0.603515625
vt 0.1474609375 0.603515625
vt 0.14453125 0.6044921875
vt 0.1474609375 0.6044921875
vt 0.1474609375 0.603515625
vt 0.14453125 0.603515625
vt 0.14453125 0.6044921875
vt 0.1259765625 0.6044921875
vt 0.1259765625 0.607421875
vt 0.14453125 0.607421875
vt 0.1630859375 0.607421875
vt 0.14453125 0.607421875
vt 0.14453125 0.6044921875
vt 0.1630859375 0.6044921875
vn 0.984807753012208 0.17364817766693033 -2.2204460492503126e-16
vn 2.186712484447036e-16 3.8557641006005196e-17 1
vn -0.984807753012208 -0.17364817766693033 2.2204460492503126e-16
vn -2.186712484447036e-16 -3.8557641006005196e-17 -1
vn -0.17364817766693033 0.984807753012208 0
vn 0.17364817766693033 -0.984807753012208 0
usemtl m_a520c05c-83fc-6d1a-7b60-0c8dd74607e0
f 3452/10348/2587 3455/10347/2587 3453/10346/2587 3450/10345/2587
f 3451/10352/2588 3452/10351/2588 3450/10350/2588 3449/10349/2588
f 3456/10356/2589 3451/10355/2589 3449/10354/2589 3454/10353/2589
f 3455/10360/2590 3456/10359/2590 3454/10358/2590 3453/10357/2590
f 3454/10364/2591 3449/10363/2591 3450/10362/2591 3453/10361/2591
f 3455/10368/2592 3452/10367/2592 3451/10366/2592 3456/10365/2592
o cube
v -2.179607568636194 2.4350501166063077 7.9540443527742895
v -1.5378414614282443 2.5482107966113103 7.454003149275809
v -2.1579605868082345 2.3122839821158054 7.9540443527742895
v -1.5161944796002849 2.425444662120808 7.454003149275809
v -1.7617471926440678 2.508730175062703 7.157702039589676
v -2.4035132998520177 2.3955694950577002 7.657743243088157
v -1.740100210816108 2.3859640405722007 7.157702039589676
v -2.3818663180240582 2.272803360567198 7.657743243088157
vt 0.6337890625 0.3662109375
vt 0.638671875 0.3662109375
vt 0.638671875 0.365234375
vt 0.6337890625 0.365234375
vt 0.62109375 0.3662109375
vt 0.6337890625 0.3662109375
vt 0.6337890625 0.365234375
vt 0.62109375 0.365234375
vt 0.6513671875 0.3662109375
vt 0.65625 0.3662109375
vt 0.65625 0.365234375
vt 0.6513671875 0.365234375
vt 0.638671875 0.3662109375
vt 0.6513671875 0.3662109375
vt 0.6513671875 0.365234375
vt 0.638671875 0.365234375
vt 0.638671875 0.3662109375
vt 0.6337890625 0.3662109375
vt 0.6337890625 0.37890625
vt 0.638671875 0.37890625
vt 0.6435546875 0.37890625
vt 0.638671875 0.37890625
vt 0.638671875 0.3662109375
vt 0.6435546875 0.3662109375
vn 0.7813005203969412 0.13776436178754506 -0.6087614290087207
vn 0.5995129750225789 0.10571031278128072 0.7933533402912352
vn -0.7813005203969412 -0.13776436178754506 0.6087614290087207
vn -0.5995129750225789 -0.10571031278128072 -0.7933533402912352
vn -0.17364817766693036 0.9848077530122082 -1.387778780781446e-17
vn 0.17364817766693036 -0.9848077530122082 1.387778780781446e-17
usemtl m_a520c05c-83fc-6d1a-7b60-0c8dd74607e0
f 3460/10372/2593 3463/10371/2593 3461/10370/2593 3458/10369/2593
f 3459/10376/2594 3460/10375/2594 3458/10374/2594 3457/10373/2594
f 3464/10380/2595 3459/10379/2595 3457/10378/2595 3462/10377/2595
f 3463/10384/2596 3464/10383/2596 3462/10382/2596 3461/10381/2596
f 3462/10388/2597 3457/10387/2597 3458/10386/2597 3461/10385/2597
f 3463/10392/2598 3460/10391/2598 3459/10390/2598 3464/10389/2598